Solid Edge,AREA,KeyW,ELEMENT,Eng_Name,L_EFF,APER,ANGLE,K1,K2,TILT,E1,E2,H1,H2,ENERGY,SUML,X Coor,Y Coor,Z Coor,X Angle,Y Angle,Z Angle,RF_Frequency,RF_Amplitude,RF_Phase,RF_Gradient,RF_Power_Fraction,Z_Length,Fringe_Field_Integral,Integrated_Field_BL,Field_B,Integrated_Field_Gradient_GL,Field_Gradient_G,XAL_Scale_Name,XAL_Scale_Value,XAL_Polarity,Magnet_X_Coor,Magnet_Y_Coor,Magnet_Z_Coor,Magnet_X_Angle,Magnet_Y_Angle,Magnet_Z_Angle,Solenoid_Strength_KS,Undulator_Period_Length,Undulator_Strength_K,X_Size,Y_Size,Section,Distance_From_Section_Start,XAL_Keyword,S_Display
,,,,,m,m,deg,1/m^2,1/m^3,deg,deg,deg,1/m,1/m,GeV,m,m,m,m,rad,rad,rad,MHz,MeV,deg,MeV/m,1,m,1,kG-m,T,kG,T/m,,,,m,m,m,rad,rad,rad,1/m,m,1,m,m,,m,,m
2,GUNB,INST,BEGGUNB,,,,,,,,,,,,0.126099906E-2,0.0,-10.044667,0.28,-0.99,0.0,0.0,0.0,,,,,,,,,,,,,,,,,,,,,,,,,,,,,-10.044667
4,GUNB,SOLE,SOL1BKB,Bucking Coil,0.0,0.0,,,,,,,,,0.126099906E-2,-0.071705,-10.116372,0.28,-0.99,0.0,0.0,0.0,,,,,,,,0.0,0.0,,,,,,,,,,,,0.0,,,,,,,,-10.116372
6,GUNB,INST,CATHODEB,,0.0,,,,,,,,,,0.126099906E-2,0.0,-10.044667,0.28,-0.99,0.0,0.0,0.0,,,,,,,,,,,,,,,,,,,,,,,,,,,,,-10.044667
9,GUNB,SOLE,SOL1B,LBNL,0.0861,0.0475,,,,,,,,,0.126099906E-2,0.24653,-9.798137,0.28,-0.99,0.0,0.0,0.0,,,,,,,,0.0,0.0,,,,,,,,,,,,0.0,,,,,,,,-9.798137
10,GUNB,QUAD,CQ01B,solenoid trim,0.0,0.0475,,,,0.0,,,,,0.126099906E-2,0.24653,-9.798137,0.28,-0.99,0.0,0.0,0.0,,,,,,,,,,0.0,,,,,,,,,,,,,,,,,,,-9.798137
11,GUNB,QUAD,SQ01B,solenoid trim,0.0,0.0475,,,,45.000000000146,,,,,0.126099906E-2,0.24653,-9.798137,0.28,-0.99,0.0,0.0,0.0,,,,,,,,,,0.0,,,,,,,,,,,,,,,,,,,-9.798137
14,GUNB,INST,VV01B,,0.0,,,,,,,,,,0.126099906E-2,0.38748,-9.657187,0.28,-0.99,0.0,0.0,0.0,,,,,,,,,,,,,,,,,,,,,,,,,,,,,-9.657187
16,GUNB,XCOR,XC01B,LBNL-xy,0.0,,,,,,,,,,0.126099906E-2,0.4845,-9.560167,0.28,-0.99,0.0,0.0,0.0,,,,,,,,,,,,,,,,,,,,,,,,,,,,,-9.560167
17,GUNB,YCOR,YC01B,LBNL-xy,0.0,,,,,,,,,,0.126099906E-2,0.4845,-9.560167,0.28,-0.99,0.0,0.0,0.0,,,,,,,,,,,,,,,,,,,,,,,,,,,,,-9.560167
19,GUNB,BPM,BPM1B,Stripline-4,0.0,,,,,,,,,,0.126099906E-2,0.48965,-9.555017,0.28,-0.99,0.0,0.0,0.0,,,,,,,,,,,,,,,,,,,,,,,,,,,,,-9.555017
21,GUNB,IMON,IM01B,ICT,0.0,,,,,,,,,,0.126099906E-2,0.594692,-9.449975,0.28,-0.99,0.0,0.0,0.0,,,,,,,,,,,,,,,,,,,,,,,,,,,,,-9.449975
23,GUNB,XCOR,XC02B,LBNL-xy,0.0,,,,,,,,,,0.126099906E-2,0.6701,-9.374567,0.28,-0.99,0.0,0.0,0.0,,,,,,,,,,,,,,,,,,,,,,,,,,,,,-9.374567
24,GUNB,YCOR,YC02B,LBNL-xy,0.0,,,,,,,,,,0.126099906E-2,0.6701,-9.374567,0.28,-0.99,0.0,0.0,0.0,,,,,,,,,,,,,,,,,,,,,,,,,,,,,-9.374567
26,GUNB,LCAV,BUN1B,LBNL,0.21876,,,,,,,,,,0.12781586315E-2,0.809116,-9.235551,0.28,-0.99,0.0,0.0,0.0,1.3E3,0.393768,-84.999999996,1.8,1.0,,,,,,,,,,,,,,,,,,,,,,,,-9.235551
29,GUNB,XCOR,XC03B,LBNL-xy,0.0,,,,,,,,,,0.1295318203E-2,0.9642,-9.080467,0.28,-0.99,0.0,0.0,0.0,,,,,,,,,,,,,,,,,,,,,,,,,,,,,-9.080467
30,GUNB,YCOR,YC03B,LBNL-xy,0.0,,,,,,,,,,0.1295318203E-2,0.9642,-9.080467,0.28,-0.99,0.0,0.0,0.0,,,,,,,,,,,,,,,,,,,,,,,,,,,,,-9.080467
32,GUNB,MARK,AM00B,,,,,,,,,,,,0.1295318203E-2,1.146001,-8.898666,0.28,-0.99,0.0,0.0,0.0,,,,,,,,,,,,,,,,,,,,,,,,,,,,,-8.898666
34,GUNB,XCOR,XC04B,LBNL-xy,0.0,,,,,,,,,,0.1295318203E-2,1.369,-8.675667,0.28,-0.99,0.0,0.0,0.0,,,,,,,,,,,,,,,,,,,,,,,,,,,,,-8.675667
35,GUNB,YCOR,YC04B,LBNL-xy,0.0,,,,,,,,,,0.1295318203E-2,1.369,-8.675667,0.28,-0.99,0.0,0.0,0.0,,,,,,,,,,,,,,,,,,,,,,,,,,,,,-8.675667
37,GUNB,PROF,YAG01B,YAG,0.0,,,,,,,,,,0.1295318203E-2,1.490314,-8.554353,0.28,-0.99,0.0,0.0,0.0,,,,,,,,,,,,,,,,,,,,,,,,,,,,,-8.554353
38,GUNB,PC,YAG01B_COLL,collimator,0.0,,,,,,,,,,0.1295318203E-2,1.490314,-8.554353,0.28,-0.99,0.0,0.0,0.0,,,,,,,,,,,,,,,,,,,,,,,,0.0,0.0,,,,-8.554353
39,GUNB,FARC,YAG01B_FCUP,Faraday Cup,0.0,,,,,,,,,,0.1295318203E-2,1.490314,-8.554353,0.28,-0.99,0.0,0.0,0.0,,,,,,,,,,,,,,,,,,,,,,,,,,,,,-8.554353
41,GUNB,QUAD,CQ02B,3.37Q1.2,0.0453,0.085598,,0.0,,0.0,,,,,0.1295318203E-2,1.570314,-8.474353,0.28,-0.99,0.0,0.0,0.0,,,,,,,,,,0.0,0.0,,,,,,,,,,,,,,,,,,-8.474353
44,GUNB,SOLE,SOL2B,LBNL,0.0869,0.0475,,,,,,,,,0.1295318203E-2,1.64581,-8.398857,0.28,-0.99,0.0,0.0,0.0,,,,,,,,0.0,0.0,,,,,,,,,,,,0.0,,,,,,,,-8.398857
45,GUNB,QUAD,SQ02B,solenoid trim,0.0,0.0475,,,,45.000000000146,,,,,0.1295318203E-2,1.64581,-8.398857,0.28,-0.99,0.0,0.0,0.0,,,,,,,,,,0.0,,,,,,,,,,,,,,,,,,,-8.398857
48,GUNB,INST,VV02B,,0.0,,,,,,,,,,0.1295318203E-2,1.78278,-8.261887,0.28,-0.99,0.0,0.0,0.0,,,,,,,,,,,,,,,,,,,,,,,,,,,,,-8.261887
50,GUNB,BPM,BPM2B,Stripline-4,0.0,,,,,,,,,,0.1295318203E-2,1.884224,-8.160443,0.28,-0.99,0.0,0.0,0.0,,,,,,,,,,,,,,,,,,,,,,,,,,,,,-8.160443
52,GUNB,XCOR,XC05B,LBNL-xy,0.0,,,,,,,,,,0.1295318203E-2,1.888764,-8.155903,0.28,-0.99,0.0,0.0,0.0,,,,,,,,,,,,,,,,,,,,,,,,,,,,,-8.155903
53,GUNB,YCOR,YC05B,LBNL-xy,0.0,,,,,,,,,,0.1295318203E-2,1.888764,-8.155903,0.28,-0.99,0.0,0.0,0.0,,,,,,,,,,,,,,,,,,,,,,,,,,,,,-8.155903
55,GUNB,MARK,BLFU,,,,,,,,,,,,0.1295318203E-2,1.969609,-8.075058,0.28,-0.99,0.0,0.0,0.0,,,,,,,,,,,,,,,,,,,,,,,,,,,,,-8.075058
57,GUNB,INST,ENDGUNB,,,,,,,,,,,,0.1295318203E-2,2.052577,-7.99209,0.28,-0.99,0.0,0.0,0.0,,,,,,,,,,,,,,,,,,,,,,,,,,,,,-7.99209
58,L0B,INST,BEGL0B,,,,,,,,,,,,0.1295318203E-2,2.052577,-7.99209,0.28,-0.99,0.0,0.0,0.0,,,,,,,,,,,,,,,,,,,,,,,,,,,,,-7.99209
59,L0B,MARK,EC1,,,,,,,,,,,,0.1295318203E-2,2.052577,-7.99209,0.28,-0.99,0.0,0.0,0.0,,,,,,,,,,,,,,,,,,,,,,,,,,,,,-7.99209
61,L0B,MARK,CM01BEG,,,,,,,,,,,,0.1295318203E-2,2.545517,-7.49915,0.28,-0.99,0.0,0.0,0.0,,,,,,,,,,,,,,,,,,,,,,,,,,,,,-7.49915
64,L0B,LCAV,CAVL011,F1.3-19,1.037743,,,,,,,,,,0.4545318203E-2,3.342827,-6.70184,0.28,-0.99,0.0,0.0,0.0,1.3E3,6.5,0.0,6.263593201785,1.0,,,,,,,,,,,,,,,,,,,,,,,,-6.70184
68,L0B,LCAV,CAVL012,F1.3-19,1.037743,,,,,,,,,,0.7795318203E-2,4.726427,-5.31824,0.28,-0.99,0.0,0.0,0.0,1.3E3,0.0,0.0,0.0,1.0,,,,,,,,,,,,,,,,,,,,,,,,-5.31824
72,L0B,LCAV,CAVL013,F1.3-19,1.037743,,,,,,,,,,0.012645318201,6.110027,-3.93464,0.28,-0.99,0.0,0.0,0.0,1.3E3,9.7,0.0,9.34720831651,1.0,,,,,,,,,,,,,,,,,,,,,,,,-3.93464
76,L0B,LCAV,CAVL014,F1.3-19,1.037743,,,,,,,,,,0.0199953182,7.493627,-2.55104,0.28,-0.99,0.0,0.0,0.0,1.3E3,5.0,0.0,4.818148616758,1.0,,,,,,,,,,,,,,,,,,,,,,,,-2.55104
80,L0B,LCAV,CAVL015,F1.3-19,1.037744,,,,,,,,,,0.02792971998,8.877227,-1.16744,0.28,-0.99,0.0,0.0,0.0,1.3E3,10.868803557,0.0,10.473492072226,1.0,,,,,,,,,,,,,,,,,,,,,,,,-1.16744000005
81,L0B,INST,CSP01,,0.0,,,,,,,,,,0.02939967583,9.017577,-1.02709,0.28,-0.99,0.0,0.0,0.0,,,,,,,,,,,,,,,,,,,,,,,,,,,,,-1.02709
86,L0B,LCAV,CAVL016,F1.3-19,1.037743,,,,,,,,,,0.0403034348,10.260826999,0.21616,0.28,-0.99,0.0,0.0,0.0,1.3E3,13.87862608,0.0,13.37385660997,1.0,,,,,,,,,,,,,,,,,,,,,,,,0.21616
90,L0B,LCAV,CAVL017,F1.3-19,1.037743,,,,,,,,,,0.05418206088,11.644427,1.59976,0.28,-0.99,0.0,0.0,0.0,1.3E3,13.87862608,0.0,13.37385660997,1.0,,,,,,,,,,,,,,,,,,,,,,,,1.59976
94,L0B,LCAV,CAVL018,F1.3-19,1.037743,,,,,,,,,,0.06806068696,13.028027,2.98336,0.28,-0.99,0.0,0.0,0.0,1.3E3,13.87862608,0.0,13.37385660997,1.0,,,,,,,,,,,,,,,,,,,,,,,,2.98336
97,L0B,BPM,CMB01,cryo F1.3-19,0.0,,,,,,,,,,0.075,13.839417,3.79475,0.28,-0.99,0.0,0.0,0.0,,,,,,,,,,,,,,,,,,,,,,,,,,,,,3.79475
99,L0B,MARK,BEAM0,,,,,,,,,,,,0.075,13.958857,3.91419,0.28,-0.99,0.0,0.0,0.0,,,,,,,,,,,,,,,,,,,,,,,,,,,,,3.91419
101,L0B,QUAD,QCM01,cryo SPQA127,0.23,0.0762,,0.0,,0.0,,,,,0.075,14.103857,4.05919,0.28,-0.99,0.0,0.0,0.0,,,,,,,,,,0.0,0.0,,,,,,,,,,,,,,,,,,4.05919
102,L0B,XCOR,XCM01,cryo F1.3-19,0.0,,,,,,,,,,0.075,14.103857,4.05919,0.28,-0.99,0.0,0.0,0.0,,,,,,,,,,,,,,,,,,,,,,,,,,,,,4.05919
103,L0B,YCOR,YCM01,cryo F1.3-19,0.0,,,,,,,,,,0.075,14.103857,4.05919,0.28,-0.99,0.0,0.0,0.0,,,,,,,,,,,,,,,,,,,,,,,,,,,,,4.05919
106,L0B,MARK,CM01END,,,,,,,,,,,,0.075,14.455717,4.41105,0.28,-0.99,0.0,0.0,0.0,,,,,,,,,,,,,,,,,,,,,,,,,,,,,4.41105
108,L0B,MARK,HOMCM01,,,,,,,,,,,,0.075,14.621487,4.57682,0.28,-0.99,0.0,0.0,0.0,,,,,,,,,,,,,,,,,,,,,,,,,,,,,4.57682
110,L0B,MARK,ASTRA,,,,,,,,,,,,0.075,15.0,4.955333,0.28,-0.99,0.0,0.0,0.0,,,,,,,,,,,,,,,,,,,,,,,,,,,,,4.955333
112,L0B,MARK,FC1,,,,,,,,,,,,0.075,16.345867,6.3012,0.28,-0.99,0.0,0.0,0.0,,,,,,,,,,,,,,,,,,,,,,,,,,,,,6.3012
114,L0B,MARK,BLF1,,,,,,,,,,,,0.075,16.434767,6.3901,0.28,-0.99,0.0,0.0,0.0,,,,,,,,,,,,,,,,,,,,,,,,,,,,,6.3901
116,L0B,MARK,VGL0BD,gauges,,,,,,,,,,,0.075,17.66666,7.621993,0.28,-0.99,0.0,0.0,0.0,,,,,,,,,,,,,,,,,,,,,,,,,,,,,7.621993
118,L0B,MARK,VPL0BD,differential,,,,,,,,,,,0.075,17.76826,7.723593,0.28,-0.99,0.0,0.0,0.0,,,,,,,,,,,,,,,,,,,,,,,,,,,,,7.723593
120,L0B,MARK,MSC0D,,,,,,,,,,,,0.075,17.924667,7.88,0.28,-0.99,0.0,0.0,0.0,,,,,,,,,,,,,,,,,,,,,,,,,,,,,7.88
121,L0B,INST,VVL0BD,gate valve,0.0,,,,,,,,,,0.075,17.924667,7.88,0.28,-0.99,0.0,0.0,0.0,,,,,,,,,,,,,,,,,,,,,,,,,,,,,7.88
122,L0B,INST,ENDL0B,,,,,,,,,,,,0.075,17.924667,7.88,0.28,-0.99,0.0,0.0,0.0,,,,,,,,,,,,,,,,,,,,,,,,,,,,,7.88
123,HTR,INST,BEGHTR,,,,,,,,,,,,0.075,17.924667,7.88,0.28,-0.99,0.0,0.0,0.0,,,,,,,,,,,,,,,,,,,,,,,,,,,,,7.88
125,*HTR,BPM,RFB0H00,CavityS-1,0.0,,,,,,,,,,0.075,18.174867,8.1302,0.28,-0.99,0.0,0.0,0.0,,,,,,,,,,,,,,,,,,,,,,,,,,,,,8.1302
127,HTR,PC,PC0H00,tungsten,0.06,,,,,,,,,,0.075,18.260867,8.2162,0.28,-0.99,0.0,0.0,0.0,,,,,,,,,,,,,,,,,,,,,,,,0.012,0.012,,,,8.2162
129,HTR,QUAD,Q0H01,2Q4,0.1244,0.0538,,-6.537777565,,0.0,,,,,0.075,18.645042,8.600375,0.28,-0.99,0.0,0.0,0.0,,,,,,,,,,-2.034609185324,1.635537930325,,,,,,,,,,,,,,,,,,8.600375
130,HTR,BPM,BPM0H01,Stripline-12,0.0,,,,,,,,,,0.075,18.645042,8.600375,0.28,-0.99,0.0,0.0,0.0,,,,,,,,,,,,,,,,,,,,,,,,,,,,,8.600375
133,HTR,YCOR,YC0H01,class-6,0.0,,,,,,,,,,0.075,18.921191,8.876524,0.28,-0.99,0.0,0.0,0.0,,,,,,,,,,,,,,,,,,,,,,,,,,,,,8.876524
135,HTR,QUAD,Q0H02,2Q4,0.1244,0.0538,,6.177527134,,0.0,,,,,0.075,19.19734,9.152673,0.28,-0.99,0.0,0.0,0.0,,,,,,,,,,1.922496341373,-1.545415065413,,,,,,,,,,,,,,,,,,9.152673
138,HTR,XCOR,XC0H01,class-6,0.0,,,,,,,,,,0.075,19.464446,9.419779,0.28,-0.99,0.0,0.0,0.0,,,,,,,,,,,,,,,,,,,,,,,,,,,,,9.419779
140,HTR,MARK,DP0H01,,,,,,,,,,,,0.075,20.375907,10.33124,0.28,-0.99,0.0,0.0,0.0,,,,,,,,,,,,,,,,,,,,,,,,,,,,,10.33124
142,HTR,MARK,DP0H02,,,,,,,,,,,,0.075,20.861555,10.816888,0.28,-0.99,0.0,0.0,0.0,,,,,,,,,,,,,,,,,,,,,,,,,,,,,10.816888
144,HTR,MARK,DP0H03,,,,,,,,,,,,0.075,22.938755,12.894088,0.28,-0.99,0.0,0.0,0.0,,,,,,,,,,,,,,,,,,,,,,,,,,,,,12.894088
146,HTR,XCOR,XC0H03,class-6,0.0,,,,,,,,,,0.075,23.233849,13.189182,0.28,-0.99,0.0,0.0,0.0,,,,,,,,,,,,,,,,,,,,,,,,,,,,,13.189182
148,HTR,QUAD,Q0H03,2Q4,0.1244,0.0538,,0.483905172,,0.0,,,,,0.075,23.500955,13.456288,0.28,-0.99,0.0,0.0,0.0,,,,,,,,,,0.150595198137,-0.121057233229,,,,,,,,,,,,,,,,,,13.456288
151,HTR,YCOR,YC0H03,class-6,0.0,,,,,,,,,,0.075,23.768061,13.723394,0.28,-0.99,0.0,0.0,0.0,,,,,,,,,,,,,,,,,,,,,,,,,,,,,13.723394
153,HTR,QUAD,Q0H04,2Q4,0.1244,0.0538,,-3.971575402,,0.0,,,,,0.075,24.035167,13.9905,0.28,-0.99,0.0,0.0,0.0,,,,,,,,,,-1.235986344408,0.993558154669,,,,,,,,,,,,,,,,,,13.9905
154,HTR,BPM,BPM0H04,Stripline-12,0.0,,,,,,,,,,0.075,24.035167,13.9905,0.28,-0.99,0.0,0.0,0.0,,,,,,,,,,,,,,,,,,,,,,,,,,,,,13.9905
157,*HTR,BPM,RFB0H04,CavityS-1,0.0,,,,,,,,,,0.075,24.312167,14.2675,0.28,-0.99,0.0,0.0,0.0,,,,,,,,,,,,,,,,,,,,,,,,,,,,,14.2675
159,HTR,PROF,OTR0H04,OTR,0.0,,,,,,,,,,0.075,24.345467,14.3008,0.28,-0.99,0.0,0.0,0.0,,,,,,,,,,,,,,,,,,,,,,,,,,,,,14.3008
160,HTR,PROF,OTR0H04_YAG,YAG,0.0,,,,,,,,,,0.075,24.345467,14.3008,0.28,-0.99,0.0,0.0,0.0,,,,,,,,,,,,,,,,,,,,,,,,,,,,,14.3008
162,HTR,WIRE,WS0H04,fast,0.0,,,,,,,,,,0.075,24.589167,14.5445,0.28,-0.99,0.0,0.0,0.0,,,,,,,,,,,,,,,,,,,,,,,,,,,,,14.5445
164,HTR,BLMO,BZ0H04,gap/diode,0.0,,,,,,,,,,0.075,24.838367,14.7937,0.28,-0.99,0.0,0.0,0.0,,,,,,,,,,,,,,,,,,,,,,,,,,,,,14.7937
166,HTR,QUAD,Q0H05,2Q4,0.1244,0.0538,,-2.322669796,,0.0,,,,,0.075,25.257467,15.2128,0.28,-0.99,0.0,0.0,0.0,,,,,,,,,,-0.72283360124,0.58105594955,,,,,,,,,,,,,,,,,,15.2128
167,HTR,BPM,BPM0H05,Stripline-12,0.0,,,,,,,,,,0.075,25.257467,15.2128,0.28,-0.99,0.0,0.0,0.0,,,,,,,,,,,,,,,,,,,,,,,,,,,,,15.2128
170,HTR,YCOR,YC0H05,class-6,0.0,,,,,,,,,,0.075,25.524573,15.479906,0.28,-0.99,0.0,0.0,0.0,,,,,,,,,,,,,,,,,,,,,,,,,,,,,15.479906
172,HTR,QUAD,Q0H06,2Q4,0.1244,0.0538,,0.0,,0.0,,,,,0.075,25.791679,15.747012,0.28,-0.99,0.0,0.0,0.0,,,,,,,,,,0.0,0.0,,,,,,,,,,,,,,,,,,15.747012
175,HTR,XCOR,XC0H05,class-6,0.0,,,,,,,,,,0.075,26.058785,16.014118,0.28,-0.99,0.0,0.0,0.0,,,,,,,,,,,,,,,,,,,,,,,,,,,,,16.014118
177,HTR,XCOR,XC0H07,class-6,0.0,,,,,,,,,,0.075,27.015049,16.970382,0.28,-0.99,0.0,0.0,0.0,,,,,,,,,,,,,,,,,,,,,,,,,,,,,16.970382
179,HTR,QUAD,Q0H07,2Q4,0.1244,0.0538,,5.843024898,,0.0,,,,,0.075,27.282155,17.237488,0.28,-0.99,0.0,0.0,0.0,,,,,,,,,,1.818396543681,-1.461733556013,,,,,,,,,,,,,,,,,,17.237488
182,HTR,YCOR,YC0H07,class-6,0.0,,,,,,,,,,0.075,27.549261,17.504594,0.28,-0.99,0.0,0.0,0.0,,,,,,,,,,,,,,,,,,,,,,,,,,,,,17.504594
184,HTR,QUAD,Q0H08,2Q4,0.1244,0.0538,,-5.210258455,,0.0,,,,,0.075,27.816367,17.7717,0.28,-0.99,0.0,0.0,0.0,,,,,,,,,,-1.621474515623,1.303436105806,,,,,,,,,,,,,,,,,,17.7717
185,HTR,BPM,BPM0H08,Stripline-12,0.0,,,,,,,,,,0.075,27.816367,17.7717,0.28,-0.99,0.0,0.0,0.0,,,,,,,,,,,,,,,,,,,,,,,,,,,,,17.7717
188,*HTR,BPM,RFB0H08,CavityS-1,0.0,,,,,,,,,,0.075,28.071967,18.0273,0.28,-0.99,0.0,0.0,0.0,,,,,,,,,,,,,,,,,,,,,,,,,,,,,18.0273
190,HTR,MARK,LHBEGB,,,,,,,,,,,,0.075,28.247267,18.2026,0.28,-0.99,0.0,0.0,0.0,,,,,,,,,,,,,,,,,,,,,,,,,,,,,18.2026
191,HTR,BEND,BCXH1,5D3.9,0.12441,0.03,1.267016082767,0.0,,0.0,0.0,1.267016082767,,,0.075,28.30946827,18.2648,0.279656,-0.99,0.0,0.0,-0.011056,,,,,,0.124399860596,0.3887,0.055320994039,-0.044466677952,0.0,0.0,,,,18.2648,0.279312,-0.99,0.0,0.0,0.0,,,,,,,,,18.2648
194,HTR,BPM,BPMH1,Stripline-8,0.0,,,,,,,,,,0.075,29.90947641,19.864423,0.244621,-0.99,0.0,0.0,-0.022114,,,,,,,,,,,,,,,,,,,,,,,,,,,,,19.86442329
196,HTR,MARK,MIRLHU,laser inj/ext,,,,,,,,,,,0.075,30.28518498,20.24004,0.236313,-0.99,0.0,0.0,-0.022114,,,,,,,,,,,,,,,,,,,,,,,,,,,,,20.24004
198,HTR,BEND,BCXH2,5D3.9,0.12441,0.03,-1.267016082767,0.0,,0.0,-1.267016082767,0.0,,,0.075,31.69961826,21.654134,0.205382,-0.99,0.0,0.0,-0.011056,,,,,,0.124399860596,0.3887,-0.055320994039,0.044466677952,0.0,0.0,,,,21.654134,0.205725,-0.99,0.0,0.0,0.0,,,,,,,,,21.65413379
201,HTR,COLL,CEHTR,HCOLL,0.06,,,,,,,,,,0.075,31.95443353,21.908948,0.205038,-0.99,0.0,0.0,0.0,,,,,,,,,,,,,,,,,,,,,,,,0.6E-2,0.0,,,,21.90894779
203,HTR,PROF,YAGH1,YAG INJ,0.0,,,,,,,,,,0.075,32.25288353,22.207398,0.205038,-0.99,0.0,0.0,0.0,,,,,,,,,,,,,,,,,,,,,,,,,,,,,22.20739779
205,HTR,USEG,UMHTR,UMLHB,0.486,,,,,,,,,,0.075,32.78552153,22.740036,0.205038,-0.99,0.0,0.0,0.0,,,,,,,,,,,,,,,,,,,,,,0.054,1.711923616373,,,,,,22.74003579
206,HTR,MARK,HTRUNDB,SCATTER,,,,,,,,,,,0.075,32.78552153,22.740036,0.205038,-0.99,0.0,0.0,0.0,,,,,,,,,,,,,,,,,,,,,,,,,,,,,22.74003579
209,HTR,PROF,YAGH2,YAG INJ,0.0,,,,,,,,,,0.075,33.31112373,23.265638,0.205038,-0.99,0.0,0.0,0.0,,,,,,,,,,,,,,,,,,,,,,,,,,,,,23.26563799
211,HTR,BEND,BCXH3,5D3.9,0.12441,0.03,-1.267016082767,0.0,,0.0,0.0,-1.267016082767,,,0.075,33.83332479,23.787838,0.205382,-0.99,0.0,0.0,0.011056,,,,,,0.124399860596,0.3887,-0.055320994039,0.044466677952,0.0,0.0,,,,23.787838,0.205725,-0.99,0.0,0.0,0.0,,,,,,,,,23.78783779
214,HTR,MARK,MIRLHD,laser inj/ext,,,,,,,,,,,0.075,35.28586781,25.240032,0.237156,-0.99,0.0,0.0,0.022114,,,,,,,,,,,,,,,,,,,,,,,,,,,,,25.240032
216,HTR,BPM,BPMH2,Stripline-8,0.0,,,,,,,,,,0.075,35.62346664,25.577548,0.244621,-0.99,0.0,0.0,0.022114,,,,,,,,,,,,,,,,,,,,,,,,,,,,,25.57754829
218,HTR,BEND,BCXH4,5D3.9,0.12441,0.03,1.267016082767,0.0,,0.0,1.267016082767,0.0,,,0.075,37.22347479,27.177172,0.279656,-0.99,0.0,0.0,0.011056,,,,,,0.124399860596,0.3887,0.055320994039,-0.044466677952,0.0,0.0,,,,27.177172,0.279312,-0.99,0.0,0.0,0.0,,,,,,,,,27.17717158
220,HTR,MARK,CNTHTR,CENTER,,,,,,,,,,,0.075,37.28567606,27.239372,0.28,-0.99,0.0,0.0,0.0,,,,,,,,,,,,,,,,,,,,,,,,,,,,,27.23937158
221,HTR,MARK,LHENDB,,,,,,,,,,,,0.075,37.28567606,27.239372,0.28,-0.99,0.0,0.0,0.0,,,,,,,,,,,,,,,,,,,,,,,,,,,,,27.23937158
223,*HTR,BPM,RFBHD00,CavityS-1,0.0,,,,,,,,,,0.075,37.56707487,27.52077,0.28,-0.99,0.0,0.0,0.0,,,,,,,,,,,,,,,,,,,,,,,,,,,,,27.5207704
225,HTR,QUAD,QHD01,2Q4,0.1244,0.0538,,-13.17859858,,0.0,,,,,0.075,37.72927487,27.68297,0.28,-0.99,0.0,0.0,0.0,,,,,,,,,,-4.101286324593,3.296853958676,,,,,,,,,,,,,,,,,,27.6829704
226,HTR,BPM,BPMHD01,Stripline-12,0.0,,,,,,,,,,0.075,37.72927487,27.68297,0.28,-0.99,0.0,0.0,0.0,,,,,,,,,,,,,,,,,,,,,,,,,,,,,27.6829704
229,HTR,YCOR,YCHD01,class-6,0.0,,,,,,,,,,0.075,37.99638087,27.950076,0.28,-0.99,0.0,0.0,0.0,,,,,,,,,,,,,,,,,,,,,,,,,,,,,27.9500764
231,HTR,XCOR,XCHD01,class-6,0.0,,,,,,,,,,0.075,38.24316887,28.196864,0.28,-0.99,0.0,0.0,0.0,,,,,,,,,,,,,,,,,,,,,,,,,,,,,28.1968644
233,HTR,QUAD,QHD02,2Q4,0.1244,0.0538,,7.650668411,,0.0,,,,,0.075,38.51027487,28.46397,0.28,-0.99,0.0,0.0,0.0,,,,,,,,,,2.380949805668,-1.913946789123,,,,,,,,,,,,,,,,,,28.4639704
234,HTR,BPM,BPMHD02,Stripline-12,0.0,,,,,,,,,,0.075,38.51027487,28.46397,0.28,-0.99,0.0,0.0,0.0,,,,,,,,,,,,,,,,,,,,,,,,,,,,,28.4639704
237,HTR,ACM,IMBCSI1,BCS ACM,0.0,,,,,,,,,,0.075,39.86525287,29.818948,0.28,-0.99,0.0,0.0,0.0,,,,,,,,,,,,,,,,,,,,,,,,,,,,,29.8189484
239,HTR,ACM,IMBCSI2,BCS ACM,0.0,,,,,,,,,,0.075,40.17066287,30.124358,0.28,-0.99,0.0,0.0,0.0,,,,,,,,,,,,,,,,,,,,,,,,,,,,,30.1243584
241,HTR,YCOR,YCHD03,class-6,0.0,,,,,,,,,,0.075,40.94795687,30.901652,0.28,-0.99,0.0,0.0,0.0,,,,,,,,,,,,,,,,,,,,,,,,,,,,,30.9016524
243,HTR,QUAD,QHD03,2Q4,0.1244,0.0538,,-7.978934972,,0.0,,,,,0.075,41.21506287,31.168758,0.28,-0.99,0.0,0.0,0.0,,,,,,,,,,-2.483109010934,1.996068336764,,,,,,,,,,,,,,,,,,31.1687584
244,HTR,BPM,BPMHD03,Stripline-12,0.0,,,,,,,,,,0.075,41.21506287,31.168758,0.28,-0.99,0.0,0.0,0.0,,,,,,,,,,,,,,,,,,,,,,,,,,,,,31.1687584
247,HTR,XCOR,XCHD03,class-6,0.0,,,,,,,,,,0.075,41.53216887,31.485864,0.28,-0.99,0.0,0.0,0.0,,,,,,,,,,,,,,,,,,,,,,,,,,,,,31.4858644
249,HTR,QUAD,QHD04,2Q4,0.1244,0.0538,,6.23868209,,0.0,,,,,0.075,41.79927487,31.75297,0.28,-0.99,0.0,0.0,0.0,,,,,,,,,,1.941528257643,-1.560714033475,,,,,,,,,,,,,,,,,,31.7529704
250,HTR,BPM,BPMHD04,Stripline-12,0.0,,,,,,,,,,0.075,41.79927487,31.75297,0.28,-0.99,0.0,0.0,0.0,,,,,,,,,,,,,,,,,,,,,,,,,,,,,31.7529704
253,*HTR,BPM,RFBHD04,CavityS-1,0.0,,,,,,,,,,0.075,41.98237467,31.93607,0.28,-0.99,0.0,0.0,0.0,,,,,,,,,,,,,,,,,,,,,,,,,,,,,31.9360702
255,HTR,INST,ENDHTR,,,,,,,,,,,,0.075,42.23027447,32.18397,0.28,-0.99,0.0,0.0,0.0,,,,,,,,,,,,,,,,,,,,,,,,,,,,,32.18397
256,COL0,INST,BEGCOL0,,,,,,,,,,,,0.075,42.23027447,32.18397,0.28,-0.99,0.0,0.0,0.0,,,,,,,,,,,,,,,,,,,,,,,,,,,,,32.18397
260,COL0,BPM,BPMDG000,Stripline-4,0.0,,,,,,,,,,0.075,43.87917945,33.832875,0.28,-0.99,0.0,0.0,0.0,,,,,,,,,,,,,,,,,,,,,,,,,,,,,33.83287497
265,COL0,XCOR,XCC000,class-1a,0.0,,,,,,,,,,0.075,47.52347487,37.47717,0.28,-0.99,0.0,0.0,0.0,,,,,,,,,,,,,,,,,,,,,,,,,,,,,37.4771704
266,COL0,YCOR,YCC000,class-1a,0.0,,,,,,,,,,0.075,47.52347487,37.47717,0.28,-0.99,0.0,0.0,0.0,,,,,,,,,,,,,,,,,,,,,,,,,,,,,37.4771704
268,COL0,QUAD,QC001,1.26Q3.5,0.108,0.032,,5.135316217,,0.0,,,,,0.075,47.76747487,37.72117,0.28,-0.99,0.0,0.0,0.0,,,,,,,,,,1.387463052008,-1.284688011119,,,,,,,,,,,,,,,,,,37.7211704
269,COL0,BPM,BPMC001,Stripline-1,0.0,,,,,,,,,,0.075,47.76747487,37.72117,0.28,-0.99,0.0,0.0,0.0,,,,,,,,,,,,,,,,,,,,,,,,,,,,,37.7211704
272,COL0,QUAD,QC002,1.26Q3.5,0.108,0.032,,0.0,,0.0,,,,,0.075,48.54847487,38.50217,0.28,-0.99,0.0,0.0,0.0,,,,,,,,,,0.0,0.0,,,,,,,,,,,,,,,,,,38.5021704
273,COL0,BPM,BPMC002,Stripline-1,0.0,,,,,,,,,,0.075,48.54847487,38.50217,0.28,-0.99,0.0,0.0,0.0,,,,,,,,,,,,,,,,,,,,,,,,,,,,,38.5021704
276,COL0,QUAD,QC003,1.26Q3.5,0.108,0.032,,-5.295950232,,0.0,,,,,0.075,49.48027487,39.43397,0.28,-0.99,0.0,0.0,0.0,,,,,,,,,,-1.430863253922,1.324873383261,,,,,,,,,,,,,,,,,,39.4339704
277,COL0,BPM,BPMC003,Stripline-1,0.0,,,,,,,,,,0.075,49.48027487,39.43397,0.28,-0.99,0.0,0.0,0.0,,,,,,,,,,,,,,,,,,,,,,,,,,,,,39.4339704
280,COL0,YCOR,YCC003,class-6,0.0,,,,,,,,,,0.075,49.78507487,39.73877,0.28,-0.99,0.0,0.0,0.0,,,,,,,,,,,,,,,,,,,,,,,,,,,,,39.7387704
282,COL0,QUAD,QC004,1.26Q3.5,0.108,0.032,,2.772436085,,0.0,,,,,0.075,51.12194447,41.07564,0.28,-0.99,0.0,0.0,0.0,,,,,,,,,,0.749058571945,-0.693572751801,,,,,,,,,,,,,,,,,,41.07564
283,COL0,BPM,BPMC004,Stripline-1,0.0,,,,,,,,,,0.075,51.12194447,41.07564,0.28,-0.99,0.0,0.0,0.0,,,,,,,,,,,,,,,,,,,,,,,,,,,,,41.07564
286,COL0,XCOR,XCC004,class-6,0.0,,,,,,,,,,0.075,51.42674447,41.38044,0.28,-0.99,0.0,0.0,0.0,,,,,,,,,,,,,,,,,,,,,,,,,,,,,41.38044
288,COL0,COLL,CYC01,VCOLL,0.06,,,,,,,,,,0.075,56.06374447,46.01744,0.28,-0.99,0.0,0.0,0.0,,,,,,,,,,,,,,,,,,,,,,,,0.0,0.88E-2,,,,46.01744
290,COL0,QUAD,QC005,1.26Q3.5,0.108,0.032,,-1.79608215,,0.0,,,,,0.075,56.44274447,46.39644,0.28,-0.99,0.0,0.0,0.0,,,,,,,,,,-0.485266635236,0.449320958552,,,,,,,,,,,,,,,,,,46.39644
291,COL0,BPM,BPMC005,Stripline-1,0.0,,,,,,,,,,0.075,56.44274447,46.39644,0.28,-0.99,0.0,0.0,0.0,,,,,,,,,,,,,,,,,,,,,,,,,,,,,46.39644
294,COL0,YCOR,YCC005,class-6,0.0,,,,,,,,,,0.075,56.74754447,46.70124,0.28,-0.99,0.0,0.0,0.0,,,,,,,,,,,,,,,,,,,,,,,,,,,,,46.70124
296,COL0,COLL,CXC01,HCOLL,0.06,,,,,,,,,,0.075,60.06374447,50.01744,0.28,-0.99,0.0,0.0,0.0,,,,,,,,,,,,,,,,,,,,,,,,0.88E-2,0.0,,,,50.01744
298,COL0,QUAD,QC006,1.26Q3.5,0.108,0.032,,1.787850471,,0.0,,,,,0.075,60.44274447,50.39644,0.28,-0.99,0.0,0.0,0.0,,,,,,,,,,0.483042594888,-0.447261661933,,,,,,,,,,,,,,,,,,50.39644
299,COL0,BPM,BPMC006,Stripline-1,0.0,,,,,,,,,,0.075,60.44274447,50.39644,0.28,-0.99,0.0,0.0,0.0,,,,,,,,,,,,,,,,,,,,,,,,,,,,,50.39644
302,COL0,XCOR,XCC006,class-6,0.0,,,,,,,,,,0.075,60.74754447,50.70124,0.28,-0.99,0.0,0.0,0.0,,,,,,,,,,,,,,,,,,,,,,,,,,,,,50.70124
304,COL0,PROF,OTRC006,OTR,0.0,,,,,,,,,,0.075,63.19864447,53.15234,0.28,-0.99,0.0,0.0,0.0,,,,,,,,,,,,,,,,,,,,,,,,,,,,,53.15234
305,COL0,PROF,OTRC006_YAG,YAG,0.0,,,,,,,,,,0.075,63.19864447,53.15234,0.28,-0.99,0.0,0.0,0.0,,,,,,,,,,,,,,,,,,,,,,,,,,,,,53.15234
307,*COL0,WIRE,WSC006,fast,0.0,,,,,,,,,,0.075,63.49864447,53.45234,0.28,-0.99,0.0,0.0,0.0,,,,,,,,,,,,,,,,,,,,,,,,,,,,,53.45234
309,*COL0,BPM,RFBC006,CavityS-1,0.0,,,,,,,,,,0.075,63.81374447,53.76744,0.28,-0.99,0.0,0.0,0.0,,,,,,,,,,,,,,,,,,,,,,,,,,,,,53.76744
311,*COL0,COLL,CYC02,VCOLL,0.06,,,,,,,,,,0.075,64.06374447,54.01744,0.28,-0.99,0.0,0.0,0.0,,,,,,,,,,,,,,,,,,,,,,,,0.0,0.88E-2,,,,54.01744
313,COL0,QUAD,QC007,1.26Q3.5,0.108,0.032,,-1.787850471,,0.0,,,,,0.075,64.44274447,54.39644,0.28,-0.99,0.0,0.0,0.0,,,,,,,,,,-0.483042594888,0.447261661933,,,,,,,,,,,,,,,,,,54.39644
314,COL0,BPM,BPMC007,Stripline-1,0.0,,,,,,,,,,0.075,64.44274447,54.39644,0.28,-0.99,0.0,0.0,0.0,,,,,,,,,,,,,,,,,,,,,,,,,,,,,54.39644
317,COL0,YCOR,YCC007,class-6,0.0,,,,,,,,,,0.075,64.74754447,54.70124,0.28,-0.99,0.0,0.0,0.0,,,,,,,,,,,,,,,,,,,,,,,,,,,,,54.70124
319,*COL0,COLL,CXC02,HCOLL,0.06,,,,,,,,,,0.075,68.06374447,58.01744,0.28,-0.99,0.0,0.0,0.0,,,,,,,,,,,,,,,,,,,,,,,,0.88E-2,0.0,,,,58.01744
321,COL0,QUAD,QC008,1.26Q3.5,0.108,0.032,,1.787850471,,0.0,,,,,0.075,68.44274447,58.39644,0.28,-0.99,0.0,0.0,0.0,,,,,,,,,,0.483042594888,-0.447261661933,,,,,,,,,,,,,,,,,,58.39644
322,COL0,BPM,BPMC008,Stripline-1,0.0,,,,,,,,,,0.075,68.44274447,58.39644,0.28,-0.99,0.0,0.0,0.0,,,,,,,,,,,,,,,,,,,,,,,,,,,,,58.39644
325,COL0,XCOR,XCC008,class-6,0.0,,,,,,,,,,0.075,68.74754447,58.70124,0.28,-0.99,0.0,0.0,0.0,,,,,,,,,,,,,,,,,,,,,,,,,,,,,58.70124
327,COL0,COLL,CYC03,VCOLL,0.06,,,,,,,,,,0.075,72.06374447,62.01744,0.28,-0.99,0.0,0.0,0.0,,,,,,,,,,,,,,,,,,,,,,,,0.0,0.88E-2,,,,62.01744
329,COL0,QUAD,QC009,1.26Q3.5,0.108,0.032,,-1.787850471,,0.0,,,,,0.075,72.44274447,62.39644,0.28,-0.99,0.0,0.0,0.0,,,,,,,,,,-0.483042594888,0.447261661933,,,,,,,,,,,,,,,,,,62.39644
330,COL0,BPM,BPMC009,Stripline-1,0.0,,,,,,,,,,0.075,72.44274447,62.39644,0.28,-0.99,0.0,0.0,0.0,,,,,,,,,,,,,,,,,,,,,,,,,,,,,62.39644
333,COL0,YCOR,YCC009,class-6,0.0,,,,,,,,,,0.075,72.74754447,62.70124,0.28,-0.99,0.0,0.0,0.0,,,,,,,,,,,,,,,,,,,,,,,,,,,,,62.70124
335,COL0,COLL,CXC03,HCOLL,0.06,,,,,,,,,,0.075,76.06374447,66.01744,0.28,-0.99,0.0,0.0,0.0,,,,,,,,,,,,,,,,,,,,,,,,0.88E-2,0.0,,,,66.01744
337,COL0,QUAD,QC010,1.26Q3.5,0.108,0.032,,0.3464941394,,0.0,,,,,0.075,76.44274447,66.39644,0.28,-0.99,0.0,0.0,0.0,,,,,,,,,,0.093616010357,-0.086681491071,,,,,,,,,,,,,,,,,,66.39644
338,COL0,BPM,BPMC010,Stripline-1,0.0,,,,,,,,,,0.075,76.44274447,66.39644,0.28,-0.99,0.0,0.0,0.0,,,,,,,,,,,,,,,,,,,,,,,,,,,,,66.39644
341,COL0,XCOR,XCC010,class-6,0.0,,,,,,,,,,0.075,76.74754447,66.70124,0.28,-0.99,0.0,0.0,0.0,,,,,,,,,,,,,,,,,,,,,,,,,,,,,66.70124
343,*COL0,BPM,RFBC011,CavityS-1,0.0,,,,,,,,,,0.075,80.08874447,70.04244,0.28,-0.99,0.0,0.0,0.0,,,,,,,,,,,,,,,,,,,,,,,,,,,,,70.04244
345,COL0,QUAD,QC011,1.26Q3.5,0.108,0.032,,-1.054136563,,0.0,,,,,0.075,80.44274447,70.39644,0.28,-0.99,0.0,0.0,0.0,,,,,,,,,,-0.284807297376,0.263710460533,,,,,,,,,,,,,,,,,,70.39644
346,COL0,BPM,BPMC011,Stripline-1,0.0,,,,,,,,,,0.075,80.44274447,70.39644,0.28,-0.99,0.0,0.0,0.0,,,,,,,,,,,,,,,,,,,,,,,,,,,,,70.39644
349,COL0,YCOR,YCC011,class-6,0.0,,,,,,,,,,0.075,80.74754447,70.70124,0.28,-0.99,0.0,0.0,0.0,,,,,,,,,,,,,,,,,,,,,,,,,,,,,70.70124
351,COL0,XCOR,XCC012,class-6,0.0,,,,,,,,,,0.075,82.99494447,72.94864,0.28,-0.99,0.0,0.0,0.0,,,,,,,,,,,,,,,,,,,,,,,,,,,,,72.94864
353,COL0,QUAD,QC012,1.26Q3.5,0.108,0.032,,0.9421536623,,0.0,,,,,0.075,83.37594447,73.32964,0.28,-0.99,0.0,0.0,0.0,,,,,,,,,,0.254551684944,-0.235696004577,,,,,,,,,,,,,,,,,,73.32964
354,COL0,BPM,BPMC012,Stripline-1,0.0,,,,,,,,,,0.075,83.37594447,73.32964,0.28,-0.99,0.0,0.0,0.0,,,,,,,,,,,,,,,,,,,,,,,,,,,,,73.32964
357,COL0,INST,ENDCOL0,,,,,,,,,,,,0.075,85.95230447,75.906,0.28,-0.99,0.0,0.0,0.0,,,,,,,,,,,,,,,,,,,,,,,,,,,,,75.906
358,L1B,INST,BEGL1B,,,,,,,,,,,,0.075,85.95230447,75.906,0.28,-0.99,0.0,0.0,0.0,,,,,,,,,,,,,,,,,,,,,,,,,,,,,75.906
359,L1B,INST,VVL1BU,gate valve,0.0,,,,,,,,,,0.075,85.95230447,75.906,0.28,-0.99,0.0,0.0,0.0,,,,,,,,,,,,,,,,,,,,,,,,,,,,,75.906
360,L1B,MARK,MSC1U,,,,,,,,,,,,0.075,85.95230447,75.906,0.28,-0.99,0.0,0.0,0.0,,,,,,,,,,,,,,,,,,,,,,,,,,,,,75.906
362,L1B,MARK,BLF2,,,,,,,,,,,,0.075,87.69299447,77.64669,0.28,-0.99,0.0,0.0,0.0,,,,,,,,,,,,,,,,,,,,,,,,,,,,,77.64669
364,L1B,MARK,FC2,,,,,,,,,,,,0.075,87.78189447,77.73559,0.28,-0.99,0.0,0.0,0.0,,,,,,,,,,,,,,,,,,,,,,,,,,,,,77.73559
366,L1B,MARK,CM02BEG,,,,,,,,,,,,0.075,88.65483447,78.60853,0.28,-0.99,0.0,0.0,0.0,,,,,,,,,,,,,,,,,,,,,,,,,,,,,78.60853
369,L1B,LCAV,CAVL021,J1.3-21,1.037743,,,,,,,,,,0.081858959115,89.45214447,79.40584,0.28,-0.99,0.0,0.0,0.0,1.3E3,15.12376248,-24.9000000012,14.573707054637,1.0,,,,,,,,,,,,,,,,,,,,,,,,79.40584
373,L1B,LCAV,CAVL022,J1.3-21,1.037743,,,,,,,,,,0.095576877365,90.83574447,80.78944,0.28,-0.99,0.0,0.0,0.0,1.3E3,15.12376248,-24.9000000012,14.573707054637,1.0,,,,,,,,,,,,,,,,,,,,,,,,80.78944
377,L1B,LCAV,CAVL023,J1.3-21,1.037743,,,,,,,,,,0.1092947956,92.21934447,82.17304,0.28,-0.99,0.0,0.0,0.0,1.3E3,15.12376248,-24.9000000012,14.573707054637,1.0,,,,,,,,,,,,,,,,,,,,,,,,82.17304
381,L1B,LCAV,CAVL024,J1.3-21,1.037743,,,,,,,,,,0.1230127138,93.60294447,83.55664,0.28,-0.99,0.0,0.0,0.0,1.3E3,15.12376248,-24.9000000012,14.573707054637,1.0,,,,,,,,,,,,,,,,,,,,,,,,83.55664
385,L1B,LCAV,CAVL025,J1.3-21,1.037744,,,,,,,,,,0.13673063205,94.98654447,84.94024,0.28,-0.99,0.0,0.0,0.0,1.3E3,15.123762479,-24.9000000012,14.573693010029,1.0,,,,,,,,,,,,,,,,,,,,,,,,84.94024
386,L1B,INST,CSP02,,0.0,,,,,,,,,,0.1385859176,95.12689447,85.08059,0.28,-0.99,0.0,0.0,0.0,,,,,,,,,,,,,,,,,,,,,,,,,,,,,85.08059
391,L1B,LCAV,CAVL026,J1.3-21,1.037743,,,,,,,,,,0.1504485503,96.37014447,86.32384,0.28,-0.99,0.0,0.0,0.0,1.3E3,15.12376248,-24.9000000012,14.573707054637,1.0,,,,,,,,,,,,,,,,,,,,,,,,86.32384
395,L1B,LCAV,CAVL027,J1.3-21,1.037743,,,,,,,,,,0.1641664685,97.75374447,87.70744,0.28,-0.99,0.0,0.0,0.0,1.3E3,15.12376248,-24.9000000012,14.573707054637,1.0,,,,,,,,,,,,,,,,,,,,,,,,87.70744
399,L1B,LCAV,CAVL028,J1.3-21,1.037743,,,,,,,,,,0.1778843867,99.13734447,89.09104,0.28,-0.99,0.0,0.0,0.0,1.3E3,15.12376248,-24.9000000012,14.573707054637,1.0,,,,,,,,,,,,,,,,,,,,,,,,89.09104
402,L1B,BPM,CMB02,cryo J1.3-21,0.0,,,,,,,,,,0.1847433458,99.94873447,89.90243,0.28,-0.99,0.0,0.0,0.0,,,,,,,,,,,,,,,,,,,,,,,,,,,,,89.90243
404,L1B,QUAD,QCM02,cryo SPQA135,0.23,0.0762,,-0.2179446499,,0.0,,,,,0.1847433458,1.002131745E2,90.16687,0.28,-0.99,0.0,0.0,0.0,,,,,,,,,,-0.308901835466,0.134305145855,,,,,,,,,,,,,,,,,,90.16687
405,L1B,XCOR,XCM02,cryo J1.3-21,0.0,,,,,,,,,,0.1847433458,1.002131745E2,90.16687,0.28,-0.99,0.0,0.0,0.0,,,,,,,,,,,,,,,,,,,,,,,,,,,,,90.16687
406,L1B,YCOR,YCM02,cryo J1.3-21,0.0,,,,,,,,,,0.1847433458,1.002131745E2,90.16687,0.28,-0.99,0.0,0.0,0.0,,,,,,,,,,,,,,,,,,,,,,,,,,,,,90.16687
409,L1B,MARK,CM02END,,,,,,,,,,,,0.1847433458,1.005650345E2,90.51873,0.28,-0.99,0.0,0.0,0.0,,,,,,,,,,,,,,,,,,,,,,,,,,,,,90.51873
411,L1B,MARK,HOMCM02,,,,,,,,,,,,0.1847433458,1.007308045E2,90.6845,0.28,-0.99,0.0,0.0,0.0,,,,,,,,,,,,,,,,,,,,,,,,,,,,,90.6845
413,L1B,MARK,CM03BEG,,,,,,,,,,,,0.1847433458,1.008752245E2,90.82892,0.28,-0.99,0.0,0.0,0.0,,,,,,,,,,,,,,,,,,,,,,,,,,,,,90.82892
416,L1B,LCAV,CAVL031,J1.3-20,1.037743,,,,,,,,,,0.19160230495,1.0167253445E2,91.62623,0.28,-0.99,0.0,0.0,0.0,1.3E3,15.12376248,-24.9000000012,14.573707054637,1.0,,,,,,,,,,,,,,,,,,,,,,,,91.62623
420,L1B,LCAV,CAVL032,J1.3-20,1.037743,,,,,,,,,,0.2053202232,1.0305613445E2,93.00983,0.28,-0.99,0.0,0.0,0.0,1.3E3,15.12376248,-24.9000000012,14.573707054637,1.0,,,,,,,,,,,,,,,,,,,,,,,,93.00983
424,L1B,LCAV,CAVL033,J1.3-20,1.037743,,,,,,,,,,0.2190381414,1.0443973445E2,94.39343,0.28,-0.99,0.0,0.0,0.0,1.3E3,15.12376248,-24.9000000012,14.573707054637,1.0,,,,,,,,,,,,,,,,,,,,,,,,94.39343
428,L1B,LCAV,CAVL034,J1.3-20,1.037743,,,,,,,,,,0.23275605965,1.0582333445E2,95.77703,0.28,-0.99,0.0,0.0,0.0,1.3E3,15.12376248,-24.9000000012,14.573707054637,1.0,,,,,,,,,,,,,,,,,,,,,,,,95.77703
432,L1B,LCAV,CAVL035,J1.3-20,1.037744,,,,,,,,,,0.2464739779,1.0720693445E2,97.16063,0.28,-0.99,0.0,0.0,0.0,1.3E3,15.123762479,-24.9000000012,14.573693010029,1.0,,,,,,,,,,,,,,,,,,,,,,,,97.16063
433,L1B,INST,CSP03,,0.0,,,,,,,,,,0.2483292634,1.073472845E2,97.30098,0.28,-0.99,0.0,0.0,0.0,,,,,,,,,,,,,,,,,,,,,,,,,,,,,97.30098
438,L1B,LCAV,CAVL036,J1.3-20,1.037743,,,,,,,,,,0.2601918961,1.0859053445E2,98.54423,0.28,-0.99,0.0,0.0,0.0,1.3E3,15.12376248,-24.9000000012,14.573707054637,1.0,,,,,,,,,,,,,,,,,,,,,,,,98.54423
442,L1B,LCAV,CAVL037,J1.3-20,1.037743,,,,,,,,,,0.27390981435,1.0997413445E2,99.92783,0.28,-0.99,0.0,0.0,0.0,1.3E3,15.12376248,-24.9000000012,14.573707054637,1.0,,,,,,,,,,,,,,,,,,,,,,,,99.92783002
446,L1B,LCAV,CAVL038,J1.3-20,1.037743,,,,,,,,,,0.2876277326,1.1135773445E2,1.0131143E2,0.28,-0.99,0.0,0.0,0.0,1.3E3,15.12376248,-24.9000000012,14.573707054637,1.0,,,,,,,,,,,,,,,,,,,,,,,,1.0131143E2
449,L1B,BPM,CMB03,cryo J1.3-20,0.0,,,,,,,,,,0.2944866917,1.121691245E2,1.0212282E2,0.28,-0.99,0.0,0.0,0.0,,,,,,,,,,,,,,,,,,,,,,,,,,,,,1.0212282E2
451,L1B,QUAD,QCM03,cryo SPQA136,0.23,0.0762,,0.1109426937,,0.0,,,,,0.2944866917,1.124335645E2,1.0238726E2,0.28,-0.99,0.0,0.0,0.0,,,,,,,,,,0.250651817914,-0.108979051267,,,,,,,,,,,,,,,,,,1.0238726E2
452,L1B,XCOR,XCM03,cryo J1.3-20,0.0,,,,,,,,,,0.2944866917,1.124335645E2,1.0238726E2,0.28,-0.99,0.0,0.0,0.0,,,,,,,,,,,,,,,,,,,,,,,,,,,,,1.0238726E2
453,L1B,YCOR,YCM03,cryo J1.3-20,0.0,,,,,,,,,,0.2944866917,1.124335645E2,1.0238726E2,0.28,-0.99,0.0,0.0,0.0,,,,,,,,,,,,,,,,,,,,,,,,,,,,,1.0238726E2
456,L1B,MARK,CM03END,,,,,,,,,,,,0.2944866917,1.127854245E2,1.0273912E2,0.28,-0.99,0.0,0.0,0.0,,,,,,,,,,,,,,,,,,,,,,,,,,,,,1.0273912E2
458,L1B,MARK,HOMCM03,,,,,,,,,,,,0.2944866917,1.129511945E2,1.0290489E2,0.28,-0.99,0.0,0.0,0.0,,,,,,,,,,,,,,,,,,,,,,,,,,,,,1.0290489E2
460,L1B,MARK,CMH1BEG,,,,,,,,,,,,0.2944866917,1.130940145E2,1.0304771E2,0.28,-0.99,0.0,0.0,0.0,,,,,,,,,,,,,,,,,,,,,,,,,,,,,1.0304771E2
463,L1B,LCAV,CAVC011,F3.9-01,0.345914,,,,,,,,,,0.2926277326,1.142406345E2,1.0419433E2,0.28,-0.99,0.0,0.0,0.0,3.9E3,3.75,-1.72500000012E2,10.840844834265,1.0,,,,,,,,,,,,,,,,,,,,,,,,1.0419433E2
467,L1B,LCAV,CAVC012,F3.9-01,0.345914,,,,,,,,,,0.28890981435,1.148747945E2,1.0482849E2,0.28,-0.99,0.0,0.0,0.0,3.9E3,3.75,-1.72500000012E2,10.840844834265,1.0,,,,,,,,,,,,,,,,,,,,,,,,1.0482849E2
468,L1B,INST,CSPH1,,0.0,,,,,,,,,,0.290120264,1.147621745E2,1.0471587E2,0.28,-0.99,0.0,0.0,0.0,,,,,,,,,,,,,,,,,,,,,,,,,,,,,1.0471587E2
473,L1B,LCAV,CAVC013,F3.9-01,0.345914,,,,,,,,,,0.2851918961,1.155089545E2,1.0546265E2,0.28,-0.99,0.0,0.0,0.0,3.9E3,3.75,-1.72500000012E2,10.840844834265,1.0,,,,,,,,,,,,,,,,,,,,,,,,1.0546265E2
477,L1B,LCAV,CAVC014,F3.9-01,0.345914,,,,,,,,,,0.2814739779,1.161431145E2,1.0609681E2,0.28,-0.99,0.0,0.0,0.0,3.9E3,3.75,-1.72500000012E2,10.840844834265,1.0,,,,,,,,,,,,,,,,,,,,,,,,1.0609681E2
481,L1B,LCAV,CAVC015,F3.9-01,0.345914,,,,,,,,,,0.27775605965,1.167772745E2,1.0673097E2,0.28,-0.99,0.0,0.0,0.0,3.9E3,3.75,-1.72500000012E2,10.840844834265,1.0,,,,,,,,,,,,,,,,,,,,,,,,1.0673097E2
485,L1B,LCAV,CAVC016,F3.9-01,0.345914,,,,,,,,,,0.2740381414,1.174114345E2,1.0736513E2,0.28,-0.99,0.0,0.0,0.0,3.9E3,3.75,-1.72500000012E2,10.840844834265,1.0,,,,,,,,,,,,,,,,,,,,,,,,1.0736513E2
489,L1B,LCAV,CAVC017,F3.9-01,0.345914,,,,,,,,,,0.2703202232,1.180455945E2,1.0799929E2,0.28,-0.99,0.0,0.0,0.0,3.9E3,3.75,-1.72500000012E2,10.840844834265,1.0,,,,,,,,,,,,,,,,,,,,,,,,1.0799929E2
493,L1B,LCAV,CAVC018,F3.9-01,0.345914,,,,,,,,,,0.26660230495,1.186797545E2,1.0863345E2,0.28,-0.99,0.0,0.0,0.0,3.9E3,3.75,-1.72500000012E2,10.840844834265,1.0,,,,,,,,,,,,,,,,,,,,,,,,1.0863345E2
496,L1B,BPM,CMBH1,cryo F3.9-01,0.0,,,,,,,,,,0.2647433458,1.191765945E2,1.0913029E2,0.28,-0.99,0.0,0.0,0.0,,,,,,,,,,,,,,,,,,,,,,,,,,,,,1.0913029E2
498,L1B,MARK,CMH1END,,,,,,,,,,,,0.2647433458,1.193410845E2,1.0929478E2,0.28,-0.99,0.0,0.0,0.0,,,,,,,,,,,,,,,,,,,,,,,,,,,,,1.0929478E2
500,L1B,MARK,HOMCMH1,,,,,,,,,,,,0.2647433458,1.195099645E2,1.0946366E2,0.28,-0.99,0.0,0.0,0.0,,,,,,,,,,,,,,,,,,,,,,,,,,,,,1.0946366E2
502,L1B,MARK,CMH2BEG,,,,,,,,,,,,0.2647433458,1.196485345E2,1.0960223E2,0.28,-0.99,0.0,0.0,0.0,,,,,,,,,,,,,,,,,,,,,,,,,,,,,1.0960223E2
505,L1B,LCAV,CAVC021,F3.9-02,0.345914,,,,,,,,,,0.2628843867,1.207951345E2,1.1074883E2,0.28,-0.99,0.0,0.0,0.0,3.9E3,3.75,-1.72500000012E2,10.840844834265,1.0,,,,,,,,,,,,,,,,,,,,,,,,1.1074883E2
509,L1B,LCAV,CAVC022,F3.9-02,0.345914,,,,,,,,,,0.2591664685,1.214292945E2,1.1138299E2,0.28,-0.99,0.0,0.0,0.0,3.9E3,3.75,-1.72500000012E2,10.840844834265,1.0,,,,,,,,,,,,,,,,,,,,,,,,1.1138299E2
510,L1B,INST,CSPH2,,0.0,,,,,,,,,,0.2603769182,1.213166745E2,1.1127037E2,0.28,-0.99,0.0,0.0,0.0,,,,,,,,,,,,,,,,,,,,,,,,,,,,,1.1127037E2
515,L1B,LCAV,CAVC023,F3.9-02,0.345914,,,,,,,,,,0.2554485503,1.220634545E2,1.1201715E2,0.28,-0.99,0.0,0.0,0.0,3.9E3,3.75,-1.72500000012E2,10.840844834265,1.0,,,,,,,,,,,,,,,,,,,,,,,,1.1201715E2
519,L1B,LCAV,CAVC024,F3.9-02,0.345914,,,,,,,,,,0.25173063205,1.226976145E2,1.1265131E2,0.28,-0.99,0.0,0.0,0.0,3.9E3,3.75,-1.72500000012E2,10.840844834265,1.0,,,,,,,,,,,,,,,,,,,,,,,,1.1265131E2
523,L1B,LCAV,CAVC025,F3.9-02,0.345914,,,,,,,,,,0.2480127138,1.233317745E2,1.1328547E2,0.28,-0.99,0.0,0.0,0.0,3.9E3,3.75,-1.72500000012E2,10.840844834265,1.0,,,,,,,,,,,,,,,,,,,,,,,,1.1328547E2
527,L1B,LCAV,CAVC026,F3.9-02,0.345914,,,,,,,,,,0.2442947956,1.239659345E2,1.1391963E2,0.28,-0.99,0.0,0.0,0.0,3.9E3,3.75,-1.72500000012E2,10.840844834265,1.0,,,,,,,,,,,,,,,,,,,,,,,,1.1391963E2
531,L1B,LCAV,CAVC027,F3.9-02,0.345914,,,,,,,,,,0.24057687735,1.246000945E2,1.1455379E2,0.28,-0.99,0.0,0.0,0.0,3.9E3,3.75,-1.72500000012E2,10.840844834265,1.0,,,,,,,,,,,,,,,,,,,,,,,,1.1455379E2
535,L1B,LCAV,CAVC028,F3.9-02,0.345914,,,,,,,,,,0.2368589591,1.252342545E2,1.1518795E2,0.28,-0.99,0.0,0.0,0.0,3.9E3,3.75,-1.72500000012E2,10.840844834265,1.0,,,,,,,,,,,,,,,,,,,,,,,,1.1518795E2
538,L1B,BPM,CMBH2,cryo F3.9-02,0.0,,,,,,,,,,0.235,1.257310945E2,1.1568479E2,0.28,-0.99,0.0,0.0,0.0,,,,,,,,,,,,,,,,,,,,,,,,,,,,,1.1568479E2
540,L1B,MARK,CMH2END,,,,,,,,,,,,0.235,1.258955845E2,1.1584928E2,0.28,-0.99,0.0,0.0,0.0,,,,,,,,,,,,,,,,,,,,,,,,,,,,,1.1584928E2
542,L1B,MARK,FC3,,,,,,,,,,,,0.235,1.276498745E2,1.1760357E2,0.28,-0.99,0.0,0.0,0.0,,,,,,,,,,,,,,,,,,,,,,,,,,,,,1.1760357E2
544,L1B,MARK,BLF3,,,,,,,,,,,,0.235,1.277387745E2,1.1769247E2,0.28,-0.99,0.0,0.0,0.0,,,,,,,,,,,,,,,,,,,,,,,,,,,,,1.1769247E2
546,L1B,MARK,MSC1D,,,,,,,,,,,,0.235,1.294653045E2,1.19419E2,0.28,-0.99,0.0,0.0,0.0,,,,,,,,,,,,,,,,,,,,,,,,,,,,,1.19419E2
547,L1B,INST,VVL1BD,gate valve,0.0,,,,,,,,,,0.235,1.294653045E2,1.19419E2,0.28,-0.99,0.0,0.0,0.0,,,,,,,,,,,,,,,,,,,,,,,,,,,,,1.19419E2
548,L1B,INST,ENDL1B,,,,,,,,,,,,0.235,1.294653045E2,1.19419E2,0.28,-0.99,0.0,0.0,0.0,,,,,,,,,,,,,,,,,,,,,,,,,,,,,1.19419E2
549,BC1B,INST,BEGBC1B,,,,,,,,,,,,0.235,1.294653045E2,1.19419E2,0.28,-0.99,0.0,0.0,0.0,,,,,,,,,,,,,,,,,,,,,,,,,,,,,1.19419E2
551,BC1B,XCOR,XC1C00,class-1a,0.0,,,,,,,,,,0.235,1.313909245E2,1.2134462E2,0.28,-0.99,0.0,0.0,0.0,,,,,,,,,,,,,,,,,,,,,,,,,,,,,1.2134462E2
552,BC1B,YCOR,YC1C00,class-1a,0.0,,,,,,,,,,0.235,1.313909245E2,1.2134462E2,0.28,-0.99,0.0,0.0,0.0,,,,,,,,,,,,,,,,,,,,,,,,,,,,,1.2134462E2
554,BC1B,QUAD,Q1C01,1.26Q3.5,0.108,0.032,,0.964583578,,0.0,,,,,0.235,1.315889245E2,1.2154262E2,0.28,-0.99,0.0,0.0,0.0,,,,,,,,,,0.816600707567,-0.756111766266,,,,,,,,,,,,,,,,,,1.2154262E2
555,BC1B,BPM,BPM1C01,Stripline-1,0.0,,,,,,,,,,0.235,1.315889245E2,1.2154262E2,0.28,-0.99,0.0,0.0,0.0,,,,,,,,,,,,,,,,,,,,,,,,,,,,,1.2154262E2
558,*BC1B,BPM,RFB1C01,CavityS-1,0.0,,,,,,,,,,0.235,1.317929245E2,1.2174662E2,0.28,-0.99,0.0,0.0,0.0,,,,,,,,,,,,,,,,,,,,,,,,,,,,,1.2174662E2
560,BC1B,MARK,BC1BCBEG,,,,,,,,,,,,0.235,1.321209245E2,1.2207462E2,0.28,-0.99,0.0,0.0,0.0,,,,,,,,,,,,,,,,,,,,,,,,,,,,,1.2207462E2
561,BC1B,BEND,BCX11,1.69D6.28T,0.203545,0.04328,-5.782117478103,0.0,,0.0,0.0,-5.782117476384,,,0.235,1.322225675E2,1.2217622E2,0.282561,-0.99,0.0,0.0,0.050394,,,,,,0.203199684085,0.3893,-0.791061796812,0.388642215142,0.0,0.0,,,,1.2217622E2,0.285131,-0.99,0.0,0.0,0.0,,,,,,,,,1.2217622E2
564,BC1B,QUAD,CQ11B,1.69Q3.4,0.108,0.043,,0.0,,0.0,,,,,0.235,1.326245385E2,1.22576362E2,0.320493,-0.99,0.0,0.0,0.100917,,,,,,,,,,0.0,0.0,,,,,,,,,,,,,,,,,,1.22576362E2
567,BC1B,YCOR,YCM12B,class-6,0.0,,,,,,,,,,0.235,1.332385203E2,1.2318722E2,0.382349,-0.99,0.0,0.0,0.100917,,,,,,,,,,,,,,,,,,,,,,,,,,,,,1.2318722E2
569,BC1B,BEND,BCX12,1.69D6.28T,0.203545,0.04328,5.782117478103,0.0,,0.0,5.782117476384,0.0,,,0.235,1.348737237E2,1.2481432E2,0.544524,-0.99,0.0,0.0,0.050394,,,,,,0.203199684085,0.3893,0.791061796812,-0.388642215142,0.0,0.0,,,,1.2481432E2,0.541953,-0.99,0.0,0.0,0.0,,,,,,,,,1.2481432E2
572,BC1B,BPM,BPM11B,Stripline-8,0.0,,,,,,,,,,0.235,1.352240367E2,1.2516459E2,0.547084,-0.99,0.0,0.0,0.0,,,,,,,,,,,,,,,,,,,,,,,,,,,,,1.2516459E2
574,BC1B,COLL,CE11B,HCOLL,0.06,,,,,,,,,,0.235,1.353884967E2,1.2532905E2,0.547084,-0.99,0.0,0.0,0.0,,,,,,,,,,,,,,,,,,,,,,,,0.0384,0.04,,,,1.2532905E2
576,BC1B,PROF,OTR11B,OTR BC,0.0,,,,,,,,,,0.235,1.355710967E2,1.2551165E2,0.547084,-0.99,0.0,0.0,0.0,,,,,,,,,,,,,,,,,,,,,,,,,,,,,1.2551165E2
578,*BC1B,WIRE,WS11B,fast,0.0,,,,,,,,,,0.235,1.359860967E2,1.2592665E2,0.547084,-0.99,0.0,0.0,0.0,,,,,,,,,,,,,,,,,,,,,,,,,,,,,1.2592665E2
580,BC1B,BEND,BCX13,1.69D6.28T,0.203545,0.04328,5.782117478103,0.0,,0.0,0.0,5.782117476384,,,0.235,1.368270098E2,1.2676752E2,0.544524,-0.99,0.0,0.0,-0.050394,,,,,,0.203199684085,0.3893,0.791061796812,-0.388642215142,0.0,0.0,,,,1.2676752E2,0.541953,-0.99,0.0,0.0,0.0,,,,,,,,,1.2676752E2
583,*BC1B,QUAD,SQ13B,Bertsche,0.16,0.12,,0.0,,45.000000000146,,,,,0.235,1.372716026E2,1.27210067E2,0.502298,-0.99,0.0,0.0,-0.100917,,,,,,,,,,0.0,0.0,,,,,,,,,,,,,,,,,,1.27210067E2
586,BC1B,XCOR,XCM12B,class-6,0.0,,,,,,,,,,0.235,1.384626152E2,1.2839502E2,0.382308,-0.99,0.0,0.0,-0.100917,,,,,,,,,,,,,,,,,,,,,,,,,,,,,1.2839502E2
588,BC1B,QUAD,CQ12B,1.69Q3.4,0.108,0.043,,0.0,,0.0,,,,,0.235,1.39076195E2,1.29005478E2,0.320493,-0.99,0.0,0.0,-0.100917,,,,,,,,,,0.0,0.0,,,,,,,,,,,,,,,,,,1.29005478E2
591,BC1B,BEND,BCX14,1.69D6.28T,0.203545,0.04328,-5.782117478103,0.0,,0.0,-5.782117476384,0.0,,,0.235,1.39478166E2,1.2940562E2,0.282561,-0.99,0.0,0.0,-0.050394,,,,,,0.203199684085,0.3893,-0.791061796812,0.388642215142,0.0,0.0,,,,1.2940562E2,0.285131,-0.99,0.0,0.0,0.0,,,,,,,,,1.2940562E2
593,BC1B,MARK,CNTBC1,CENTER,,,,,,,,,,,0.235,1.39579809E2,1.2950722E2,0.28,-0.99,0.0,0.0,0.0,,,,,,,,,,,,,,,,,,,,,,,,,,,,,1.2950722E2
594,BC1B,MARK,BC1BCEND,,,,,,,,,,,,0.235,1.39579809E2,1.2950722E2,0.28,-0.99,0.0,0.0,0.0,,,,,,,,,,,,,,,,,,,,,,,,,,,,,1.2950722E2
596,BC1B,BLMO,BZ11B,CSR,0.0,,,,,,,,,,0.235,1.39879809E2,1.2980722E2,0.28,-0.99,0.0,0.0,0.0,,,,,,,,,,,,,,,,,,,,,,,,,,,,,1.2980722E2
598,*BC1B,BLMO,BZC1,gap/diode,0.0,,,,,,,,,,0.235,1.39979809E2,1.2990722E2,0.28,-0.99,0.0,0.0,0.0,,,,,,,,,,,,,,,,,,,,,,,,,,,,,1.2990722E2
600,BC1B,INST,ENDBC1B,,,,,,,,,,,,0.235,1.40216809E2,1.3014422E2,0.28,-0.99,0.0,0.0,0.0,,,,,,,,,,,,,,,,,,,,,,,,,,,,,1.3014422E2
601,COL1,INST,BEGCOL1,,,,,,,,,,,,0.235,1.40216809E2,1.3014422E2,0.28,-0.99,0.0,0.0,0.0,,,,,,,,,,,,,,,,,,,,,,,,,,,,,1.3014422E2
602,COL1,QUAD,QC101,1.26Q3.5,0.108,0.032,,-0.253291436,,0.0,,,,,0.235,1.40270809E2,1.3019822E2,0.28,-0.99,0.0,0.0,0.0,,,,,,,,,,-0.214432394015,0.198548512977,,,,,,,,,,,,,,,,,,1.3019822E2
603,COL1,BPM,BPMC101,Stripline-1,0.0,,,,,,,,,,0.235,1.40270809E2,1.3019822E2,0.28,-0.99,0.0,0.0,0.0,,,,,,,,,,,,,,,,,,,,,,,,,,,,,1.3019822E2
606,COL1,IMON,IM11B,ICT,0.0,,,,,,,,,,0.235,1.40539097E2,1.30466508E2,0.28,-0.99,0.0,0.0,0.0,,,,,,,,,,,,,,,,,,,,,,,,,,,,,1.30466508E2
608,COL1,XCOR,XCC101,class-6,0.0,,,,,,,,,,0.235,1.40708959E2,1.3063637E2,0.28,-0.99,0.0,0.0,0.0,,,,,,,,,,,,,,,,,,,,,,,,,,,,,1.3063637E2
610,COL1,YCOR,YCC101,class-6,0.0,,,,,,,,,,0.235,1.40958959E2,1.3088637E2,0.28,-0.99,0.0,0.0,0.0,,,,,,,,,,,,,,,,,,,,,,,,,,,,,1.3088637E2
612,COL1,QUAD,QC102,1.26Q3.5,0.108,0.032,,2.152128604,,0.0,,,,,0.235,1.48328809E2,1.3825622E2,0.28,-0.99,0.0,0.0,0.0,,,,,,,,,,1.821956936532,-1.686997163456,,,,,,,,,,,,,,,,,,1.3825622E2
613,COL1,BPM,BPMC102,Stripline-1,0.0,,,,,,,,,,0.235,1.48328809E2,1.3825622E2,0.28,-0.99,0.0,0.0,0.0,,,,,,,,,,,,,,,,,,,,,,,,,,,,,1.3825622E2
616,COL1,QUAD,QC103,1.26Q3.5,0.108,0.032,,0.0,,0.0,,,,,0.235,1.49236809E2,1.3916422E2,0.28,-0.99,0.0,0.0,0.0,,,,,,,,,,0.0,0.0,,,,,,,,,,,,,,,,,,1.3916422E2
617,COL1,BPM,BPMC103,Stripline-1,0.0,,,,,,,,,,0.235,1.49236809E2,1.3916422E2,0.28,-0.99,0.0,0.0,0.0,,,,,,,,,,,,,,,,,,,,,,,,,,,,,1.3916422E2
620,COL1,QUAD,QC104,1.26Q3.5,0.108,0.032,,-1.217269486,,0.0,,,,,0.235,1.52094809E2,1.4202222E2,0.28,-0.99,0.0,0.0,0.0,,,,,,,,,,-1.030520471465,0.954185621726,,,,,,,,,,,,,,,,,,1.4202222E2
621,COL1,BPM,BPMC104,Stripline-1,0.0,,,,,,,,,,0.235,1.52094809E2,1.4202222E2,0.28,-0.99,0.0,0.0,0.0,,,,,,,,,,,,,,,,,,,,,,,,,,,,,1.4202222E2
624,COL1,XCOR,XCC104,class-6,0.0,,,,,,,,,,0.235,1.52532959E2,1.4246037E2,0.28,-0.99,0.0,0.0,0.0,,,,,,,,,,,,,,,,,,,,,,,,,,,,,1.4246037E2
626,*COL1,BPM,RFBC104,CavityS-1,0.0,,,,,,,,,,0.235,1.544196409E2,1.44347052E2,0.28,-0.99,0.0,0.0,0.0,,,,,,,,,,,,,,,,,,,,,,,,,,,,,1.443470519E2
628,COL1,WIRE,WSC104,fast,0.0,,,,,,,,,,0.235,1.545196409E2,1.44447052E2,0.28,-0.99,0.0,0.0,0.0,,,,,,,,,,,,,,,,,,,,,,,,,,,,,1.444470519E2
630,COL1,COLL,CYC11,VCOLL,0.06,,,,,,,,,,0.235,1.558226409E2,1.45750052E2,0.28,-0.99,0.0,0.0,0.0,,,,,,,,,,,,,,,,,,,,,,,,0.04,0.54E-2,,,,1.457500519E2
632,COL1,QUAD,QC105,1.26Q3.5,0.108,0.032,,-1.490253944,,0.0,,,,,0.235,1.565196409E2,1.46447052E2,0.28,-0.99,0.0,0.0,0.0,,,,,,,,,,-1.26162465636,1.168170978112,,,,,,,,,,,,,,,,,,1.464470519E2
633,COL1,BPM,BPMC105,Stripline-1,0.0,,,,,,,,,,0.235,1.565196409E2,1.46447052E2,0.28,-0.99,0.0,0.0,0.0,,,,,,,,,,,,,,,,,,,,,,,,,,,,,1.464470519E2
636,COL1,YCOR,YCC105,class-6,0.0,,,,,,,,,,0.235,1.569577909E2,1.46885202E2,0.28,-0.99,0.0,0.0,0.0,,,,,,,,,,,,,,,,,,,,,,,,,,,,,1.468852019E2
638,COL1,COLL,CXC11,HCOLL,0.06,,,,,,,,,,0.235,1.598226409E2,1.49750052E2,0.28,-0.99,0.0,0.0,0.0,,,,,,,,,,,,,,,,,,,,,,,,0.54E-2,0.04,,,,1.497500519E2
640,COL1,QUAD,QC106,1.26Q3.5,0.108,0.032,,1.787850471,,0.0,,,,,0.235,1.605196409E2,1.50447052E2,0.28,-0.99,0.0,0.0,0.0,,,,,,,,,,1.51356501701,-1.401449089824,,,,,,,,,,,,,,,,,,1.504470519E2
641,COL1,BPM,BPMC106,Stripline-1,0.0,,,,,,,,,,0.235,1.605196409E2,1.50447052E2,0.28,-0.99,0.0,0.0,0.0,,,,,,,,,,,,,,,,,,,,,,,,,,,,,1.504470519E2
644,COL1,XCOR,XCC106,class-6,0.0,,,,,,,,,,0.235,1.609577909E2,1.50885202E2,0.28,-0.99,0.0,0.0,0.0,,,,,,,,,,,,,,,,,,,,,,,,,,,,,1.508852019E2
646,*COL1,BPM,RFBC106,CavityS-1,0.0,,,,,,,,,,0.235,1.624196409E2,1.52347052E2,0.28,-0.99,0.0,0.0,0.0,,,,,,,,,,,,,,,,,,,,,,,,,,,,,1.523470519E2
648,COL1,WIRE,WSC106,fast,0.0,,,,,,,,,,0.235,1.625196409E2,1.52447052E2,0.28,-0.99,0.0,0.0,0.0,,,,,,,,,,,,,,,,,,,,,,,,,,,,,1.524470519E2
650,*COL1,COLL,CYC12,VCOLL,0.06,,,,,,,,,,0.235,1.638226409E2,1.53750052E2,0.28,-0.99,0.0,0.0,0.0,,,,,,,,,,,,,,,,,,,,,,,,0.04,0.54E-2,,,,1.537500519E2
652,COL1,QUAD,QC107,1.26Q3.5,0.108,0.032,,-1.787850471,,0.0,,,,,0.235,1.645196409E2,1.54447052E2,0.28,-0.99,0.0,0.0,0.0,,,,,,,,,,-1.51356501701,1.401449089824,,,,,,,,,,,,,,,,,,1.544470519E2
653,COL1,BPM,BPMC107,Stripline-1,0.0,,,,,,,,,,0.235,1.645196409E2,1.54447052E2,0.28,-0.99,0.0,0.0,0.0,,,,,,,,,,,,,,,,,,,,,,,,,,,,,1.544470519E2
656,COL1,YCOR,YCC107,class-6,0.0,,,,,,,,,,0.235,1.649577909E2,1.54885202E2,0.28,-0.99,0.0,0.0,0.0,,,,,,,,,,,,,,,,,,,,,,,,,,,,,1.548852019E2
658,*COL1,COLL,CXC12,HCOLL,0.06,,,,,,,,,,0.235,1.678226409E2,1.57750052E2,0.28,-0.99,0.0,0.0,0.0,,,,,,,,,,,,,,,,,,,,,,,,0.54E-2,0.04,,,,1.577500519E2
660,COL1,QUAD,QC108,1.26Q3.5,0.108,0.032,,1.787850471,,0.0,,,,,0.235,1.685196409E2,1.58447052E2,0.28,-0.99,0.0,0.0,0.0,,,,,,,,,,1.51356501701,-1.401449089824,,,,,,,,,,,,,,,,,,1.584470519E2
661,COL1,BPM,BPMC108,Stripline-1,0.0,,,,,,,,,,0.235,1.685196409E2,1.58447052E2,0.28,-0.99,0.0,0.0,0.0,,,,,,,,,,,,,,,,,,,,,,,,,,,,,1.584470519E2
664,COL1,XCOR,XCC108,class-6,0.0,,,,,,,,,,0.235,1.689577909E2,1.58885202E2,0.28,-0.99,0.0,0.0,0.0,,,,,,,,,,,,,,,,,,,,,,,,,,,,,1.588852019E2
666,*COL1,BPM,RFBC108,CavityS-1,0.0,,,,,,,,,,0.235,1.704196409E2,1.60347052E2,0.28,-0.99,0.0,0.0,0.0,,,,,,,,,,,,,,,,,,,,,,,,,,,,,1.603470519E2
668,COL1,WIRE,WSC108,fast,0.0,,,,,,,,,,0.235,1.705196409E2,1.60447052E2,0.28,-0.99,0.0,0.0,0.0,,,,,,,,,,,,,,,,,,,,,,,,,,,,,1.604470519E2
670,COL1,COLL,CYC13,VCOLL,0.06,,,,,,,,,,0.235,1.718226409E2,1.61750052E2,0.28,-0.99,0.0,0.0,0.0,,,,,,,,,,,,,,,,,,,,,,,,0.04,0.54E-2,,,,1.617500519E2
672,COL1,QUAD,QC109,1.26Q3.5,0.108,0.032,,-1.787850471,,0.0,,,,,0.235,1.725196409E2,1.62447052E2,0.28,-0.99,0.0,0.0,0.0,,,,,,,,,,-1.51356501701,1.401449089824,,,,,,,,,,,,,,,,,,1.624470519E2
673,COL1,BPM,BPMC109,Stripline-1,0.0,,,,,,,,,,0.235,1.725196409E2,1.62447052E2,0.28,-0.99,0.0,0.0,0.0,,,,,,,,,,,,,,,,,,,,,,,,,,,,,1.624470519E2
676,COL1,YCOR,YCC109,class-6,0.0,,,,,,,,,,0.235,1.729577909E2,1.62885202E2,0.28,-0.99,0.0,0.0,0.0,,,,,,,,,,,,,,,,,,,,,,,,,,,,,1.628852019E2
678,COL1,COLL,CXC13,HCOLL,0.06,,,,,,,,,,0.235,1.758226409E2,1.65750052E2,0.28,-0.99,0.0,0.0,0.0,,,,,,,,,,,,,,,,,,,,,,,,0.54E-2,0.04,,,,1.657500519E2
680,COL1,QUAD,QC110,1.26Q3.5,0.108,0.032,,1.391771238,,0.0,,,,,0.235,1.765196409E2,1.66447052E2,0.28,-0.99,0.0,0.0,0.0,,,,,,,,,,1.178250805471,-1.090972968029,,,,,,,,,,,,,,,,,,1.664470519E2
681,COL1,BPM,BPMC110,Stripline-1,0.0,,,,,,,,,,0.235,1.765196409E2,1.66447052E2,0.28,-0.99,0.0,0.0,0.0,,,,,,,,,,,,,,,,,,,,,,,,,,,,,1.664470519E2
684,COL1,XCOR,XCC110,class-6,0.0,,,,,,,,,,0.235,1.769577909E2,1.66885202E2,0.28,-0.99,0.0,0.0,0.0,,,,,,,,,,,,,,,,,,,,,,,,,,,,,1.668852019E2
686,*COL1,BPM,RFBC110,CavityS-1,0.0,,,,,,,,,,0.235,1.784196409E2,1.68347052E2,0.28,-0.99,0.0,0.0,0.0,,,,,,,,,,,,,,,,,,,,,,,,,,,,,1.683470519E2
688,COL1,WIRE,WSC110,fast,0.0,,,,,,,,,,0.235,1.785196409E2,1.68447052E2,0.28,-0.99,0.0,0.0,0.0,,,,,,,,,,,,,,,,,,,,,,,,,,,,,1.684470519E2
690,COL1,QUAD,QC111,1.26Q3.5,0.108,0.032,,-1.792321988,,0.0,,,,,0.235,1.805196409E2,1.70447052E2,0.28,-0.99,0.0,0.0,0.0,,,,,,,,,,-1.517350530292,1.404954194715,,,,,,,,,,,,,,,,,,1.704470519E2
691,COL1,BPM,BPMC111,Stripline-1,0.0,,,,,,,,,,0.235,1.805196409E2,1.70447052E2,0.28,-0.99,0.0,0.0,0.0,,,,,,,,,,,,,,,,,,,,,,,,,,,,,1.704470519E2
694,COL1,YCOR,YCC111,class-6,0.0,,,,,,,,,,0.235,1.809577909E2,1.70885202E2,0.28,-0.99,0.0,0.0,0.0,,,,,,,,,,,,,,,,,,,,,,,,,,,,,1.708852019E2
696,COL1,QUAD,QC112,1.26Q3.5,0.108,0.032,,1.304521651,,0.0,,,,,0.235,1.845196409E2,1.74447052E2,0.28,-0.99,0.0,0.0,0.0,,,,,,,,,,1.104386729714,-1.022580305291,,,,,,,,,,,,,,,,,,1.744470519E2
697,COL1,BPM,BPMC112,Stripline-1,0.0,,,,,,,,,,0.235,1.845196409E2,1.74447052E2,0.28,-0.99,0.0,0.0,0.0,,,,,,,,,,,,,,,,,,,,,,,,,,,,,1.744470519E2
700,COL1,XCOR,XCC112,class-6,0.0,,,,,,,,,,0.235,1.849577909E2,1.74885202E2,0.28,-0.99,0.0,0.0,0.0,,,,,,,,,,,,,,,,,,,,,,,,,,,,,1.748852019E2
702,COL1,INST,ENDCOL1,,,,,,,,,,,,0.235,1.871195889E2,1.77047E2,0.28,-0.99,0.0,0.0,0.0,,,,,,,,,,,,,,,,,,,,,,,,,,,,,1.770469999E2
703,L2B,INST,BEGL2B,,,,,,,,,,,,0.235,1.871195889E2,1.77047E2,0.28,-0.99,0.0,0.0,0.0,,,,,,,,,,,,,,,,,,,,,,,,,,,,,1.770469999E2
704,L2B,INST,VVL2BU,gate valve,0.0,,,,,,,,,,0.235,1.871195889E2,1.77047E2,0.28,-0.99,0.0,0.0,0.0,,,,,,,,,,,,,,,,,,,,,,,,,,,,,1.770469999E2
705,L2B,MARK,MSC2U,,,,,,,,,,,,0.235,1.871195889E2,1.77047E2,0.28,-0.99,0.0,0.0,0.0,,,,,,,,,,,,,,,,,,,,,,,,,,,,,1.770469999E2
707,L2B,MARK,BLF4,,,,,,,,,,,,0.235,1.888366909E2,1.78764102E2,0.28,-0.99,0.0,0.0,0.0,,,,,,,,,,,,,,,,,,,,,,,,,,,,,1.787641019E2
709,L2B,MARK,FC4,,,,,,,,,,,,0.235,1.889255909E2,1.78853002E2,0.28,-0.99,0.0,0.0,0.0,,,,,,,,,,,,,,,,,,,,,,,,,,,,,1.788530019E2
711,L2B,MARK,CM04BEG,,,,,,,,,,,,0.235,1.897985309E2,1.79725942E2,0.28,-0.99,0.0,0.0,0.0,,,,,,,,,,,,,,,,,,,,,,,,,,,,,1.797259419E2
714,L2B,LCAV,CAVL041,F1.3-07,1.037743,,,,,,,,,,0.24158854165,1.905958409E2,1.80523252E2,0.28,-0.99,0.0,0.0,0.0,1.3E3,15.58935092,-32.2999999992,15.02236191427,1.0,,,,,,,,,,,,,,,,,,,,,,,,1.8052325185E2
718,L2B,LCAV,CAVL042,F1.3-07,1.037743,,,,,,,,,,0.254765625,1.919794409E2,1.81906852E2,0.28,-0.99,0.0,0.0,0.0,1.3E3,15.58935092,-32.2999999992,15.02236191427,1.0,,,,,,,,,,,,,,,,,,,,,,,,1.8190685185E2
722,L2B,LCAV,CAVL043,F1.3-07,1.037743,,,,,,,,,,0.26794270835,1.933630409E2,1.83290452E2,0.28,-0.99,0.0,0.0,0.0,1.3E3,15.58935092,-32.2999999992,15.02236191427,1.0,,,,,,,,,,,,,,,,,,,,,,,,1.8329045185E2
726,L2B,LCAV,CAVL044,F1.3-07,1.037743,,,,,,,,,,0.28111979165,1.947466409E2,1.84674052E2,0.28,-0.99,0.0,0.0,0.0,1.3E3,15.58935092,-32.2999999992,15.02236191427,1.0,,,,,,,,,,,,,,,,,,,,,,,,1.8467405185E2
730,L2B,LCAV,CAVL045,F1.3-07,1.037744,,,,,,,,,,0.294296875,1.961302409E2,1.86057652E2,0.28,-0.99,0.0,0.0,0.0,1.3E3,15.589350915,-32.2999999992,15.022347433471,1.0,,,,,,,,,,,,,,,,,,,,,,,,1.8605765185E2
731,L2B,INST,CSP04,,0.0,,,,,,,,,,0.2960790151,1.962705909E2,1.86198002E2,0.28,-0.99,0.0,0.0,0.0,,,,,,,,,,,,,,,,,,,,,,,,,,,,,1.861980019E2
736,L2B,LCAV,CAVL046,F1.3-07,1.037743,,,,,,,,,,0.30747395835,1.975138409E2,1.87441252E2,0.28,-0.99,0.0,0.0,0.0,1.3E3,15.58935092,-32.2999999992,15.02236191427,1.0,,,,,,,,,,,,,,,,,,,,,,,,1.8744125185E2
740,L2B,LCAV,CAVL047,F1.3-07,1.037743,,,,,,,,,,0.32065104165,1.988974409E2,1.88824852E2,0.28,-0.99,0.0,0.0,0.0,1.3E3,15.58935092,-32.2999999992,15.02236191427,1.0,,,,,,,,,,,,,,,,,,,,,,,,1.8882485185E2
744,L2B,LCAV,CAVL048,F1.3-07,1.037743,,,,,,,,,,0.333828125,2.002810409E2,1.90208452E2,0.28,-0.99,0.0,0.0,0.0,1.3E3,15.58935092,-32.2999999992,15.02236191427,1.0,,,,,,,,,,,,,,,,,,,,,,,,1.9020845185E2
747,L2B,BPM,CMB04,cryo F1.3-07,0.0,,,,,,,,,,0.3404166667,2.010924309E2,1.91019842E2,0.28,-0.99,0.0,0.0,0.0,,,,,,,,,,,,,,,,,,,,,,,,,,,,,1.910198419E2
749,L2B,QUAD,QCM04,cryo SPQA109,0.23,0.0762,,-0.3269942759,,0.0,,,,,0.3404166667,2.013568709E2,1.91284282E2,0.28,-0.99,0.0,0.0,0.0,,,,,,,,,,-0.853999485355,0.371304124067,,,,,,,,,,,,,,,,,,1.912842819E2
750,L2B,XCOR,XCM04,cryo F1.3-07,0.0,,,,,,,,,,0.3404166667,2.013568709E2,1.91284282E2,0.28,-0.99,0.0,0.0,0.0,,,,,,,,,,,,,,,,,,,,,,,,,,,,,1.912842819E2
751,L2B,YCOR,YCM04,cryo F1.3-07,0.0,,,,,,,,,,0.3404166667,2.013568709E2,1.91284282E2,0.28,-0.99,0.0,0.0,0.0,,,,,,,,,,,,,,,,,,,,,,,,,,,,,1.912842819E2
754,L2B,MARK,CM04END,,,,,,,,,,,,0.3404166667,2.017087309E2,1.91636142E2,0.28,-0.99,0.0,0.0,0.0,,,,,,,,,,,,,,,,,,,,,,,,,,,,,1.916361419E2
756,L2B,MARK,HOMCM04,,,,,,,,,,,,0.3404166667,2.018745009E2,1.91801912E2,0.28,-0.99,0.0,0.0,0.0,,,,,,,,,,,,,,,,,,,,,,,,,,,,,1.918019119E2
758,L2B,MARK,CM05BEG,,,,,,,,,,,,0.3404166667,2.020189209E2,1.91946332E2,0.28,-0.99,0.0,0.0,0.0,,,,,,,,,,,,,,,,,,,,,,,,,,,,,1.919463319E2
761,L2B,LCAV,CAVL051,J1.3-04,1.037743,,,,,,,,,,0.34700520835,2.028162309E2,1.92743642E2,0.28,-0.99,0.0,0.0,0.0,1.3E3,15.58935092,-32.2999999992,15.02236191427,1.0,,,,,,,,,,,,,,,,,,,,,,,,1.9274364185E2
765,L2B,LCAV,CAVL052,J1.3-04,1.037743,,,,,,,,,,0.36018229165,2.041998309E2,1.94127242E2,0.28,-0.99,0.0,0.0,0.0,1.3E3,15.58935092,-32.2999999992,15.02236191427,1.0,,,,,,,,,,,,,,,,,,,,,,,,1.9412724185E2
769,L2B,LCAV,CAVL053,J1.3-04,1.037743,,,,,,,,,,0.373359375,2.055834309E2,1.95510842E2,0.28,-0.99,0.0,0.0,0.0,1.3E3,15.58935092,-32.2999999992,15.02236191427,1.0,,,,,,,,,,,,,,,,,,,,,,,,1.9551084185E2
773,L2B,LCAV,CAVL054,J1.3-04,1.037743,,,,,,,,,,0.38653645835,2.069670309E2,1.96894442E2,0.28,-0.99,0.0,0.0,0.0,1.3E3,15.58935092,-32.2999999992,15.02236191427,1.0,,,,,,,,,,,,,,,,,,,,,,,,1.9689444185E2
777,L2B,LCAV,CAVL055,J1.3-04,1.037744,,,,,,,,,,0.39971354165,2.083506309E2,1.98278042E2,0.28,-0.99,0.0,0.0,0.0,1.3E3,15.589350915,-32.2999999992,15.022347433471,1.0,,,,,,,,,,,,,,,,,,,,,,,,1.9827804185E2
778,L2B,INST,CSP05,,0.0,,,,,,,,,,0.4014956818,2.084909809E2,1.98418392E2,0.28,-0.99,0.0,0.0,0.0,,,,,,,,,,,,,,,,,,,,,,,,,,,,,1.984183919E2
783,L2B,LCAV,CAVL056,J1.3-04,1.037743,,,,,,,,,,0.412890625,2.097342309E2,1.99661642E2,0.28,-0.99,0.0,0.0,0.0,1.3E3,15.58935092,-32.2999999992,15.02236191427,1.0,,,,,,,,,,,,,,,,,,,,,,,,1.9966164185E2
787,L2B,LCAV,CAVL057,J1.3-04,1.037743,,,,,,,,,,0.42606770835,2.111178309E2,2.01045242E2,0.28,-0.99,0.0,0.0,0.0,1.3E3,15.58935092,-32.2999999992,15.02236191427,1.0,,,,,,,,,,,,,,,,,,,,,,,,2.0104524185E2
791,L2B,LCAV,CAVL058,J1.3-04,1.037743,,,,,,,,,,0.43924479165,2.125014309E2,2.02428842E2,0.28,-0.99,0.0,0.0,0.0,1.3E3,15.58935092,-32.2999999992,15.02236191427,1.0,,,,,,,,,,,,,,,,,,,,,,,,2.0242884185E2
794,L2B,BPM,CMB05,cryo J1.3-04,0.0,,,,,,,,,,0.4458333333,2.133128209E2,2.03240232E2,0.28,-0.99,0.0,0.0,0.0,,,,,,,,,,,,,,,,,,,,,,,,,,,,,2.032402319E2
796,L2B,QUAD,QCM05,cryo SPQA104,0.23,0.0762,,0.2894282199,,0.0,,,,,0.4458333333,2.135772609E2,2.03504672E2,0.28,-0.99,0.0,0.0,0.0,,,,,,,,,,0.989965950126,-0.430419978316,,,,,,,,,,,,,,,,,,2.035046719E2
797,L2B,XCOR,XCM05,cryo J1.3-04,0.0,,,,,,,,,,0.4458333333,2.135772609E2,2.03504672E2,0.28,-0.99,0.0,0.0,0.0,,,,,,,,,,,,,,,,,,,,,,,,,,,,,2.035046719E2
798,L2B,YCOR,YCM05,cryo J1.3-04,0.0,,,,,,,,,,0.4458333333,2.135772609E2,2.03504672E2,0.28,-0.99,0.0,0.0,0.0,,,,,,,,,,,,,,,,,,,,,,,,,,,,,2.035046719E2
801,L2B,MARK,CM05END,,,,,,,,,,,,0.4458333333,2.139291209E2,2.03856532E2,0.28,-0.99,0.0,0.0,0.0,,,,,,,,,,,,,,,,,,,,,,,,,,,,,2.038565319E2
803,L2B,MARK,HOMCM05,,,,,,,,,,,,0.4458333333,2.140948909E2,2.04022302E2,0.28,-0.99,0.0,0.0,0.0,,,,,,,,,,,,,,,,,,,,,,,,,,,,,2.040223019E2
805,L2B,MARK,CM06BEG,,,,,,,,,,,,0.4458333333,2.142393109E2,2.04166722E2,0.28,-0.99,0.0,0.0,0.0,,,,,,,,,,,,,,,,,,,,,,,,,,,,,2.041667219E2
808,L2B,LCAV,CAVL061,F1.3-08,1.037743,,,,,,,,,,0.452421875,2.150366209E2,2.04964032E2,0.28,-0.99,0.0,0.0,0.0,1.3E3,15.58935092,-32.2999999992,15.02236191427,1.0,,,,,,,,,,,,,,,,,,,,,,,,2.0496403185E2
812,L2B,LCAV,CAVL062,F1.3-08,1.037743,,,,,,,,,,0.46559895835,2.164202209E2,2.06347632E2,0.28,-0.99,0.0,0.0,0.0,1.3E3,15.58935092,-32.2999999992,15.02236191427,1.0,,,,,,,,,,,,,,,,,,,,,,,,2.0634763185E2
816,L2B,LCAV,CAVL063,F1.3-08,1.037743,,,,,,,,,,0.47877604165,2.178038209E2,2.07731232E2,0.28,-0.99,0.0,0.0,0.0,1.3E3,15.58935092,-32.2999999992,15.02236191427,1.0,,,,,,,,,,,,,,,,,,,,,,,,2.0773123185E2
820,L2B,LCAV,CAVL064,F1.3-08,1.037743,,,,,,,,,,0.491953125,2.191874209E2,2.09114832E2,0.28,-0.99,0.0,0.0,0.0,1.3E3,15.58935092,-32.2999999992,15.02236191427,1.0,,,,,,,,,,,,,,,,,,,,,,,,2.0911483185E2
824,L2B,LCAV,CAVL065,F1.3-08,1.037744,,,,,,,,,,0.50513020835,2.205710209E2,2.10498432E2,0.28,-0.99,0.0,0.0,0.0,1.3E3,15.589350915,-32.2999999992,15.022347433471,1.0,,,,,,,,,,,,,,,,,,,,,,,,2.1049843185E2
825,L2B,INST,CSP06,,0.0,,,,,,,,,,0.5069123484,2.207113709E2,2.10638782E2,0.28,-0.99,0.0,0.0,0.0,,,,,,,,,,,,,,,,,,,,,,,,,,,,,2.106387819E2
830,L2B,LCAV,CAVL066,F1.3-08,1.037743,,,,,,,,,,0.51830729165,2.219546209E2,2.11882032E2,0.28,-0.99,0.0,0.0,0.0,1.3E3,15.58935092,-32.2999999992,15.02236191427,1.0,,,,,,,,,,,,,,,,,,,,,,,,2.1188203185E2
834,L2B,LCAV,CAVL067,F1.3-08,1.037743,,,,,,,,,,0.531484375,2.233382209E2,2.13265632E2,0.28,-0.99,0.0,0.0,0.0,1.3E3,15.58935092,-32.2999999992,15.02236191427,1.0,,,,,,,,,,,,,,,,,,,,,,,,2.1326563185E2
838,L2B,LCAV,CAVL068,F1.3-08,1.037743,,,,,,,,,,0.54466145835,2.247218209E2,2.14649232E2,0.28,-0.99,0.0,0.0,0.0,1.3E3,15.58935092,-32.2999999992,15.02236191427,1.0,,,,,,,,,,,,,,,,,,,,,,,,2.1464923185E2
841,L2B,BPM,CMB06,cryo F1.3-08,0.0,,,,,,,,,,0.55125,2.255332109E2,2.15460622E2,0.28,-0.99,0.0,0.0,0.0,,,,,,,,,,,,,,,,,,,,,,,,,,,,,2.154606219E2
843,L2B,QUAD,QCM06,cryo SPQA111,0.23,0.0762,,-0.1891553544,,0.0,,,,,0.55125,2.257976509E2,2.15725062E2,0.28,-0.99,0.0,0.0,0.0,,,,,,,,,,-0.799970898265,0.347813434028,,,,,,,,,,,,,,,,,,2.157250619E2
844,L2B,XCOR,XCM06,cryo F1.3-08,0.0,,,,,,,,,,0.55125,2.257976509E2,2.15725062E2,0.28,-0.99,0.0,0.0,0.0,,,,,,,,,,,,,,,,,,,,,,,,,,,,,2.157250619E2
845,L2B,YCOR,YCM06,cryo F1.3-08,0.0,,,,,,,,,,0.55125,2.257976509E2,2.15725062E2,0.28,-0.99,0.0,0.0,0.0,,,,,,,,,,,,,,,,,,,,,,,,,,,,,2.157250619E2
848,L2B,MARK,CM06END,,,,,,,,,,,,0.55125,2.261495109E2,2.16076922E2,0.28,-0.99,0.0,0.0,0.0,,,,,,,,,,,,,,,,,,,,,,,,,,,,,2.160769219E2
850,L2B,MARK,HOMCM06,,,,,,,,,,,,0.55125,2.263152809E2,2.16242692E2,0.28,-0.99,0.0,0.0,0.0,,,,,,,,,,,,,,,,,,,,,,,,,,,,,2.162426919E2
852,L2B,MARK,CM07BEG,,,,,,,,,,,,0.55125,2.264597009E2,2.16387112E2,0.28,-0.99,0.0,0.0,0.0,,,,,,,,,,,,,,,,,,,,,,,,,,,,,2.163871119E2
855,L2B,LCAV,CAVL071,J1.3-10,1.037743,,,,,,,,,,0.55783854165,2.272570109E2,2.17184422E2,0.28,-0.99,0.0,0.0,0.0,1.3E3,15.58935092,-32.2999999992,15.02236191427,1.0,,,,,,,,,,,,,,,,,,,,,,,,2.1718442185E2
859,L2B,LCAV,CAVL072,J1.3-10,1.037743,,,,,,,,,,0.571015625,2.286406109E2,2.18568022E2,0.28,-0.99,0.0,0.0,0.0,1.3E3,15.58935092,-32.2999999992,15.02236191427,1.0,,,,,,,,,,,,,,,,,,,,,,,,2.1856802185E2
863,L2B,LCAV,CAVL073,J1.3-10,1.037743,,,,,,,,,,0.58419270835,2.300242109E2,2.19951622E2,0.28,-0.99,0.0,0.0,0.0,1.3E3,15.58935092,-32.2999999992,15.02236191427,1.0,,,,,,,,,,,,,,,,,,,,,,,,2.1995162185E2
867,L2B,LCAV,CAVL074,J1.3-10,1.037743,,,,,,,,,,0.59736979165,2.314078109E2,2.21335222E2,0.28,-0.99,0.0,0.0,0.0,1.3E3,15.58935092,-32.2999999992,15.02236191427,1.0,,,,,,,,,,,,,,,,,,,,,,,,2.2133522185E2
871,L2B,LCAV,CAVL075,J1.3-10,1.037744,,,,,,,,,,0.610546875,2.327914109E2,2.22718822E2,0.28,-0.99,0.0,0.0,0.0,1.3E3,15.589350915,-32.2999999992,15.022347433471,1.0,,,,,,,,,,,,,,,,,,,,,,,,2.2271882185E2
872,L2B,INST,CSP07,,0.0,,,,,,,,,,0.6123290151,2.329317609E2,2.22859172E2,0.28,-0.99,0.0,0.0,0.0,,,,,,,,,,,,,,,,,,,,,,,,,,,,,2.228591719E2
877,L2B,LCAV,CAVL076,J1.3-10,1.037743,,,,,,,,,,0.62372395835,2.341750109E2,2.24102422E2,0.28,-0.99,0.0,0.0,0.0,1.3E3,15.58935092,-32.2999999992,15.02236191427,1.0,,,,,,,,,,,,,,,,,,,,,,,,2.2410242185E2
881,L2B,LCAV,CAVL077,J1.3-10,1.037743,,,,,,,,,,0.63690104165,2.355586109E2,2.25486022E2,0.28,-0.99,0.0,0.0,0.0,1.3E3,15.58935092,-32.2999999992,15.02236191427,1.0,,,,,,,,,,,,,,,,,,,,,,,,2.2548602185E2
885,L2B,LCAV,CAVL078,J1.3-10,1.037743,,,,,,,,,,0.650078125,2.369422109E2,2.26869622E2,0.28,-0.99,0.0,0.0,0.0,1.3E3,15.58935092,-32.2999999992,15.02236191427,1.0,,,,,,,,,,,,,,,,,,,,,,,,2.2686962185E2
888,L2B,BPM,CMB07,cryo J1.3-10,0.0,,,,,,,,,,0.6566666667,2.377536009E2,2.27681012E2,0.28,-0.99,0.0,0.0,0.0,,,,,,,,,,,,,,,,,,,,,,,,,,,,,2.276810119E2
890,L2B,QUAD,QCM07,cryo SPQA116,0.23,0.0762,,0.1711822976,,0.0,,,,,0.6566666667,2.380180409E2,2.27945452E2,0.28,-0.99,0.0,0.0,0.0,,,,,,,,,,0.862404123171,-0.374958314422,,,,,,,,,,,,,,,,,,2.279454519E2
891,L2B,XCOR,XCM07,cryo J1.3-10,0.0,,,,,,,,,,0.6566666667,2.380180409E2,2.27945452E2,0.28,-0.99,0.0,0.0,0.0,,,,,,,,,,,,,,,,,,,,,,,,,,,,,2.279454519E2
892,L2B,YCOR,YCM07,cryo J1.3-10,0.0,,,,,,,,,,0.6566666667,2.380180409E2,2.27945452E2,0.28,-0.99,0.0,0.0,0.0,,,,,,,,,,,,,,,,,,,,,,,,,,,,,2.279454519E2
895,L2B,MARK,CM07END,,,,,,,,,,,,0.6566666667,2.383699009E2,2.28297312E2,0.28,-0.99,0.0,0.0,0.0,,,,,,,,,,,,,,,,,,,,,,,,,,,,,2.282973119E2
897,L2B,MARK,HOMCM07,,,,,,,,,,,,0.6566666667,2.385356709E2,2.28463082E2,0.28,-0.99,0.0,0.0,0.0,,,,,,,,,,,,,,,,,,,,,,,,,,,,,2.284630819E2
899,L2B,MARK,CM08BEG,,,,,,,,,,,,0.6566666667,2.386800909E2,2.28607502E2,0.28,-0.99,0.0,0.0,0.0,,,,,,,,,,,,,,,,,,,,,,,,,,,,,2.286075019E2
902,L2B,LCAV,CAVL081,F1.3-04,1.037743,,,,,,,,,,0.66325520835,2.394774009E2,2.29404812E2,0.28,-0.99,0.0,0.0,0.0,1.3E3,15.58935092,-32.2999999992,15.02236191427,1.0,,,,,,,,,,,,,,,,,,,,,,,,2.2940481185E2
906,L2B,LCAV,CAVL082,F1.3-04,1.037743,,,,,,,,,,0.67643229165,2.408610009E2,2.30788412E2,0.28,-0.99,0.0,0.0,0.0,1.3E3,15.58935092,-32.2999999992,15.02236191427,1.0,,,,,,,,,,,,,,,,,,,,,,,,2.3078841185E2
910,L2B,LCAV,CAVL083,F1.3-04,1.037743,,,,,,,,,,0.689609375,2.422446009E2,2.32172012E2,0.28,-0.99,0.0,0.0,0.0,1.3E3,15.58935092,-32.2999999992,15.02236191427,1.0,,,,,,,,,,,,,,,,,,,,,,,,2.3217201185E2
914,L2B,LCAV,CAVL084,F1.3-04,1.037743,,,,,,,,,,0.70278645835,2.436282009E2,2.33555612E2,0.28,-0.99,0.0,0.0,0.0,1.3E3,15.58935092,-32.2999999992,15.02236191427,1.0,,,,,,,,,,,,,,,,,,,,,,,,2.3355561185E2
918,L2B,LCAV,CAVL085,F1.3-04,1.037744,,,,,,,,,,0.71596354165,2.450118009E2,2.34939212E2,0.28,-0.99,0.0,0.0,0.0,1.3E3,15.589350915,-32.2999999992,15.022347433471,1.0,,,,,,,,,,,,,,,,,,,,,,,,2.3493921185E2
919,L2B,INST,CSP08,,0.0,,,,,,,,,,0.7177456818,2.451521509E2,2.35079562E2,0.28,-0.99,0.0,0.0,0.0,,,,,,,,,,,,,,,,,,,,,,,,,,,,,2.350795619E2
924,L2B,LCAV,CAVL086,F1.3-04,1.037743,,,,,,,,,,0.729140625,2.463954009E2,2.36322812E2,0.28,-0.99,0.0,0.0,0.0,1.3E3,15.58935092,-32.2999999992,15.02236191427,1.0,,,,,,,,,,,,,,,,,,,,,,,,2.3632281185E2
928,L2B,LCAV,CAVL087,F1.3-04,1.037743,,,,,,,,,,0.74231770835,2.477790009E2,2.37706412E2,0.28,-0.99,0.0,0.0,0.0,1.3E3,15.58935092,-32.2999999992,15.02236191427,1.0,,,,,,,,,,,,,,,,,,,,,,,,2.3770641185E2
932,L2B,LCAV,CAVL088,F1.3-04,1.037743,,,,,,,,,,0.75549479165,2.491626009E2,2.39090012E2,0.28,-0.99,0.0,0.0,0.0,1.3E3,15.58935092,-32.2999999992,15.02236191427,1.0,,,,,,,,,,,,,,,,,,,,,,,,2.3909001185E2
935,L2B,BPM,CMB08,cryo F1.3-04,0.0,,,,,,,,,,0.7620833333,2.499739909E2,2.39901402E2,0.28,-0.99,0.0,0.0,0.0,,,,,,,,,,,,,,,,,,,,,,,,,,,,,2.399014019E2
937,L2B,QUAD,QCM08,cryo SPQA103,0.23,0.0762,,-0.1676244983,,0.0,,,,,0.7620833333,2.502384309E2,2.40165842E2,0.28,-0.99,0.0,0.0,0.0,,,,,,,,,,-0.980047195472,0.426107476292,,,,,,,,,,,,,,,,,,2.401658419E2
938,L2B,XCOR,XCM08,cryo F1.3-04,0.0,,,,,,,,,,0.7620833333,2.502384309E2,2.40165842E2,0.28,-0.99,0.0,0.0,0.0,,,,,,,,,,,,,,,,,,,,,,,,,,,,,2.401658419E2
939,L2B,YCOR,YCM08,cryo F1.3-04,0.0,,,,,,,,,,0.7620833333,2.502384309E2,2.40165842E2,0.28,-0.99,0.0,0.0,0.0,,,,,,,,,,,,,,,,,,,,,,,,,,,,,2.401658419E2
942,L2B,MARK,CM08END,,,,,,,,,,,,0.7620833333,2.505902909E2,2.40517702E2,0.28,-0.99,0.0,0.0,0.0,,,,,,,,,,,,,,,,,,,,,,,,,,,,,2.405177019E2
944,L2B,MARK,HOMCM08,,,,,,,,,,,,0.7620833333,2.507560609E2,2.40683472E2,0.28,-0.99,0.0,0.0,0.0,,,,,,,,,,,,,,,,,,,,,,,,,,,,,2.406834719E2
946,L2B,MARK,CM09BEG,,,,,,,,,,,,0.7620833333,2.509004809E2,2.40827892E2,0.28,-0.99,0.0,0.0,0.0,,,,,,,,,,,,,,,,,,,,,,,,,,,,,2.408278919E2
949,L2B,LCAV,CAVL091,J1.3-08,1.037743,,,,,,,,,,0.768671875,2.516977909E2,2.41625202E2,0.28,-0.99,0.0,0.0,0.0,1.3E3,15.58935092,-32.2999999992,15.02236191427,1.0,,,,,,,,,,,,,,,,,,,,,,,,2.4162520185E2
953,L2B,LCAV,CAVL092,J1.3-08,1.037743,,,,,,,,,,0.78184895835,2.530813909E2,2.43008802E2,0.28,-0.99,0.0,0.0,0.0,1.3E3,15.58935092,-32.2999999992,15.02236191427,1.0,,,,,,,,,,,,,,,,,,,,,,,,2.4300880185E2
957,L2B,LCAV,CAVL093,J1.3-08,1.037743,,,,,,,,,,0.79502604165,2.544649909E2,2.44392402E2,0.28,-0.99,0.0,0.0,0.0,1.3E3,15.58935092,-32.2999999992,15.02236191427,1.0,,,,,,,,,,,,,,,,,,,,,,,,2.4439240185E2
961,L2B,LCAV,CAVL094,J1.3-08,1.037743,,,,,,,,,,0.808203125,2.558485909E2,2.45776002E2,0.28,-0.99,0.0,0.0,0.0,1.3E3,15.58935092,-32.2999999992,15.02236191427,1.0,,,,,,,,,,,,,,,,,,,,,,,,2.4577600185E2
965,L2B,LCAV,CAVL095,J1.3-08,1.037744,,,,,,,,,,0.82138020835,2.572321909E2,2.47159602E2,0.28,-0.99,0.0,0.0,0.0,1.3E3,15.589350915,-32.2999999992,15.022347433471,1.0,,,,,,,,,,,,,,,,,,,,,,,,2.4715960185E2
966,L2B,INST,CSP09,,0.0,,,,,,,,,,0.8231623484,2.573725409E2,2.47299952E2,0.28,-0.99,0.0,0.0,0.0,,,,,,,,,,,,,,,,,,,,,,,,,,,,,2.472999519E2
971,L2B,LCAV,CAVL096,J1.3-08,1.037743,,,,,,,,,,0.83455729165,2.586157909E2,2.48543202E2,0.28,-0.99,0.0,0.0,0.0,1.3E3,15.58935092,-32.2999999992,15.02236191427,1.0,,,,,,,,,,,,,,,,,,,,,,,,2.4854320185E2
975,L2B,LCAV,CAVL097,J1.3-08,1.037743,,,,,,,,,,0.847734375,2.599993909E2,2.49926802E2,0.28,-0.99,0.0,0.0,0.0,1.3E3,15.58935092,-32.2999999992,15.02236191427,1.0,,,,,,,,,,,,,,,,,,,,,,,,2.4992680185E2
979,L2B,LCAV,CAVL098,J1.3-08,1.037743,,,,,,,,,,0.86091145835,2.613829909E2,2.51310402E2,0.28,-0.99,0.0,0.0,0.0,1.3E3,15.58935092,-32.2999999992,15.02236191427,1.0,,,,,,,,,,,,,,,,,,,,,,,,2.5131040185E2
982,L2B,BPM,CMB09,cryo J1.3-08,0.0,,,,,,,,,,0.8675,2.621943809E2,2.52121792E2,0.28,-0.99,0.0,0.0,0.0,,,,,,,,,,,,,,,,,,,,,,,,,,,,,2.521217919E2
984,L2B,QUAD,QCM09,cryo SPQA108,0.23,0.0762,,0.1689837279,,0.0,,,,,0.8675,2.624588209E2,2.52386232E2,0.28,-0.99,0.0,0.0,0.0,,,,,,,,,,1.124660462933,-0.488982809971,,,,,,,,,,,,,,,,,,2.523862319E2
985,L2B,XCOR,XCM09,cryo J1.3-08,0.0,,,,,,,,,,0.8675,2.624588209E2,2.52386232E2,0.28,-0.99,0.0,0.0,0.0,,,,,,,,,,,,,,,,,,,,,,,,,,,,,2.523862319E2
986,L2B,YCOR,YCM09,cryo J1.3-08,0.0,,,,,,,,,,0.8675,2.624588209E2,2.52386232E2,0.28,-0.99,0.0,0.0,0.0,,,,,,,,,,,,,,,,,,,,,,,,,,,,,2.523862319E2
989,L2B,MARK,CM09END,,,,,,,,,,,,0.8675,2.628106809E2,2.52738092E2,0.28,-0.99,0.0,0.0,0.0,,,,,,,,,,,,,,,,,,,,,,,,,,,,,2.527380919E2
991,L2B,MARK,HOMCM09,,,,,,,,,,,,0.8675,2.629764509E2,2.52903862E2,0.28,-0.99,0.0,0.0,0.0,,,,,,,,,,,,,,,,,,,,,,,,,,,,,2.529038619E2
993,L2B,MARK,CM10BEG,,,,,,,,,,,,0.8675,2.631208709E2,2.53048282E2,0.28,-0.99,0.0,0.0,0.0,,,,,,,,,,,,,,,,,,,,,,,,,,,,,2.530482819E2
996,L2B,LCAV,CAVL101,F1.3-10,1.037743,,,,,,,,,,0.87408854165,2.639181809E2,2.53845592E2,0.28,-0.99,0.0,0.0,0.0,1.3E3,15.58935092,-32.2999999992,15.02236191427,1.0,,,,,,,,,,,,,,,,,,,,,,,,2.5384559185E2
1000,L2B,LCAV,CAVL102,F1.3-10,1.037743,,,,,,,,,,0.887265625,2.653017809E2,2.55229192E2,0.28,-0.99,0.0,0.0,0.0,1.3E3,15.58935092,-32.2999999992,15.02236191427,1.0,,,,,,,,,,,,,,,,,,,,,,,,2.5522919185E2
1004,L2B,LCAV,CAVL103,F1.3-10,1.037743,,,,,,,,,,0.90044270835,2.666853809E2,2.56612792E2,0.28,-0.99,0.0,0.0,0.0,1.3E3,15.58935092,-32.2999999992,15.02236191427,1.0,,,,,,,,,,,,,,,,,,,,,,,,2.5661279185E2
1008,L2B,LCAV,CAVL104,F1.3-10,1.037743,,,,,,,,,,0.91361979165,2.680689809E2,2.57996392E2,0.28,-0.99,0.0,0.0,0.0,1.3E3,15.58935092,-32.2999999992,15.02236191427,1.0,,,,,,,,,,,,,,,,,,,,,,,,2.5799639185E2
1012,L2B,LCAV,CAVL105,F1.3-10,1.037744,,,,,,,,,,0.926796875,2.694525809E2,2.59379992E2,0.28,-0.99,0.0,0.0,0.0,1.3E3,15.589350915,-32.2999999992,15.022347433471,1.0,,,,,,,,,,,,,,,,,,,,,,,,2.5937999185E2
1013,L2B,INST,CSP10,,0.0,,,,,,,,,,0.9285790151,2.695929309E2,2.59520342E2,0.28,-0.99,0.0,0.0,0.0,,,,,,,,,,,,,,,,,,,,,,,,,,,,,2.595203419E2
1018,L2B,LCAV,CAVL106,F1.3-10,1.037743,,,,,,,,,,0.93997395835,2.708361809E2,2.60763592E2,0.28,-0.99,0.0,0.0,0.0,1.3E3,15.58935092,-32.2999999992,15.02236191427,1.0,,,,,,,,,,,,,,,,,,,,,,,,2.6076359185E2
1022,L2B,LCAV,CAVL107,F1.3-10,1.037743,,,,,,,,,,0.95315104165,2.722197809E2,2.62147192E2,0.28,-0.99,0.0,0.0,0.0,1.3E3,15.58935092,-32.2999999992,15.02236191427,1.0,,,,,,,,,,,,,,,,,,,,,,,,2.6214719185E2
1026,L2B,LCAV,CAVL108,F1.3-10,1.037743,,,,,,,,,,0.966328125,2.736033809E2,2.63530792E2,0.28,-0.99,0.0,0.0,0.0,1.3E3,15.58935092,-32.2999999992,15.02236191427,1.0,,,,,,,,,,,,,,,,,,,,,,,,2.6353079185E2
1029,L2B,BPM,CMB10,cryo F1.3-10,0.0,,,,,,,,,,0.9729166667,2.744147709E2,2.64342182E2,0.28,-0.99,0.0,0.0,0.0,,,,,,,,,,,,,,,,,,,,,,,,,,,,,2.643421819E2
1031,L2B,QUAD,QCM10,cryo SPQA113,0.23,0.0762,,-0.1690200181,,0.0,,,,,0.9729166667,2.746792109E2,2.64606622E2,0.28,-0.99,0.0,0.0,0.0,,,,,,,,,,-1.261597617802,0.548520703392,,,,,,,,,,,,,,,,,,2.646066219E2
1032,L2B,XCOR,XCM10,cryo F1.3-10,0.0,,,,,,,,,,0.9729166667,2.746792109E2,2.64606622E2,0.28,-0.99,0.0,0.0,0.0,,,,,,,,,,,,,,,,,,,,,,,,,,,,,2.646066219E2
1033,L2B,YCOR,YCM10,cryo F1.3-10,0.0,,,,,,,,,,0.9729166667,2.746792109E2,2.64606622E2,0.28,-0.99,0.0,0.0,0.0,,,,,,,,,,,,,,,,,,,,,,,,,,,,,2.646066219E2
1036,L2B,MARK,CM10END,,,,,,,,,,,,0.9729166667,2.750310709E2,2.64958482E2,0.28,-0.99,0.0,0.0,0.0,,,,,,,,,,,,,,,,,,,,,,,,,,,,,2.649584819E2
1038,L2B,MARK,HOMCM10,,,,,,,,,,,,0.9729166667,2.751968409E2,2.65124252E2,0.28,-0.99,0.0,0.0,0.0,,,,,,,,,,,,,,,,,,,,,,,,,,,,,2.651242519E2
1040,L2B,MARK,CM11BEG,,,,,,,,,,,,0.9729166667,2.753412609E2,2.65268672E2,0.28,-0.99,0.0,0.0,0.0,,,,,,,,,,,,,,,,,,,,,,,,,,,,,2.652686719E2
1043,L2B,LCAV,CAVL111,F1.3-09,1.037743,,,,,,,,,,0.97950520835,2.761385709E2,2.66065982E2,0.28,-0.99,0.0,0.0,0.0,1.3E3,15.58935092,-32.2999999992,15.02236191427,1.0,,,,,,,,,,,,,,,,,,,,,,,,2.6606598185E2
1047,L2B,LCAV,CAVL112,F1.3-09,1.037743,,,,,,,,,,0.99268229165,2.775221709E2,2.67449582E2,0.28,-0.99,0.0,0.0,0.0,1.3E3,15.58935092,-32.2999999992,15.02236191427,1.0,,,,,,,,,,,,,,,,,,,,,,,,2.6744958185E2
1051,L2B,LCAV,CAVL113,F1.3-09,1.037743,,,,,,,,,,1.00585937515,2.789057709E2,2.68833182E2,0.28,-0.99,0.0,0.0,0.0,1.3E3,15.58935092,-32.2999999992,15.02236191427,1.0,,,,,,,,,,,,,,,,,,,,,,,,2.6883318185E2
1055,L2B,LCAV,CAVL114,F1.3-09,1.037743,,,,,,,,,,1.0190364585,2.802893709E2,2.70216782E2,0.28,-0.99,0.0,0.0,0.0,1.3E3,15.58935092,-32.2999999992,15.02236191427,1.0,,,,,,,,,,,,,,,,,,,,,,,,2.7021678185E2
1059,L2B,LCAV,CAVL115,F1.3-09,1.037744,,,,,,,,,,1.0322135415,2.816729709E2,2.71600382E2,0.28,-0.99,0.0,0.0,0.0,1.3E3,15.589350915,-32.2999999992,15.022347433471,1.0,,,,,,,,,,,,,,,,,,,,,,,,2.7160038185E2
1060,L2B,INST,CSP11,,0.0,,,,,,,,,,1.033995682,2.818133209E2,2.71740732E2,0.28,-0.99,0.0,0.0,0.0,,,,,,,,,,,,,,,,,,,,,,,,,,,,,2.717407319E2
1065,L2B,LCAV,CAVL116,F1.3-09,1.037743,,,,,,,,,,1.045390625,2.830565709E2,2.72983982E2,0.28,-0.99,0.0,0.0,0.0,1.3E3,15.58935092,-32.2999999992,15.02236191427,1.0,,,,,,,,,,,,,,,,,,,,,,,,2.7298398185E2
1069,L2B,LCAV,CAVL117,F1.3-09,1.037743,,,,,,,,,,1.0585677085,2.844401709E2,2.74367582E2,0.28,-0.99,0.0,0.0,0.0,1.3E3,15.58935092,-32.2999999992,15.02236191427,1.0,,,,,,,,,,,,,,,,,,,,,,,,2.7436758185E2
1073,L2B,LCAV,CAVL118,F1.3-09,1.037743,,,,,,,,,,1.0717447915,2.858237709E2,2.75751182E2,0.28,-0.99,0.0,0.0,0.0,1.3E3,15.58935092,-32.2999999992,15.02236191427,1.0,,,,,,,,,,,,,,,,,,,,,,,,2.7575118185E2
1076,L2B,BPM,CMB11,cryo F1.3-09,0.0,,,,,,,,,,1.078333333,2.866351609E2,2.76562572E2,0.28,-0.99,0.0,0.0,0.0,,,,,,,,,,,,,,,,,,,,,,,,,,,,,2.765625719E2
1078,L2B,QUAD,QCM11,cryo SPQA101,0.23,0.0762,,0.1711354366,,0.0,,,,,1.078333333,2.868996009E2,2.76827012E2,0.28,-0.99,0.0,0.0,0.0,,,,,,,,,,1.415793980891,-0.615562600387,,,,,,,,,,,,,,,,,,2.768270119E2
1079,L2B,XCOR,XCM11,cryo F1.3-09,0.0,,,,,,,,,,1.078333333,2.868996009E2,2.76827012E2,0.28,-0.99,0.0,0.0,0.0,,,,,,,,,,,,,,,,,,,,,,,,,,,,,2.768270119E2
1080,L2B,YCOR,YCM11,cryo F1.3-09,0.0,,,,,,,,,,1.078333333,2.868996009E2,2.76827012E2,0.28,-0.99,0.0,0.0,0.0,,,,,,,,,,,,,,,,,,,,,,,,,,,,,2.768270119E2
1083,L2B,MARK,CM11END,,,,,,,,,,,,1.078333333,2.872514609E2,2.77178872E2,0.28,-0.99,0.0,0.0,0.0,,,,,,,,,,,,,,,,,,,,,,,,,,,,,2.771788719E2
1085,L2B,MARK,HOMCM11,,,,,,,,,,,,1.078333333,2.874172309E2,2.77344642E2,0.28,-0.99,0.0,0.0,0.0,,,,,,,,,,,,,,,,,,,,,,,,,,,,,2.773446419E2
1087,L2B,MARK,CM12BEG,,,,,,,,,,,,1.078333333,2.875616509E2,2.77489062E2,0.28,-0.99,0.0,0.0,0.0,,,,,,,,,,,,,,,,,,,,,,,,,,,,,2.774890619E2
1090,L2B,LCAV,CAVL121,J1.3-13,1.037743,,,,,,,,,,1.084921875,2.883589609E2,2.78286372E2,0.28,-0.99,0.0,0.0,0.0,1.3E3,15.58935092,-32.2999999992,15.02236191427,1.0,,,,,,,,,,,,,,,,,,,,,,,,2.7828637185E2
1094,L2B,LCAV,CAVL122,J1.3-13,1.037743,,,,,,,,,,1.0980989585,2.897425609E2,2.79669972E2,0.28,-0.99,0.0,0.0,0.0,1.3E3,15.58935092,-32.2999999992,15.02236191427,1.0,,,,,,,,,,,,,,,,,,,,,,,,2.7966997185E2
1098,L2B,LCAV,CAVL123,J1.3-13,1.037743,,,,,,,,,,1.1112760415,2.911261609E2,2.81053572E2,0.28,-0.99,0.0,0.0,0.0,1.3E3,15.58935092,-32.2999999992,15.02236191427,1.0,,,,,,,,,,,,,,,,,,,,,,,,2.8105357185E2
1102,L2B,LCAV,CAVL124,J1.3-13,1.037743,,,,,,,,,,1.124453125,2.925097609E2,2.82437172E2,0.28,-0.99,0.0,0.0,0.0,1.3E3,15.58935092,-32.2999999992,15.02236191427,1.0,,,,,,,,,,,,,,,,,,,,,,,,2.8243717185E2
1106,L2B,LCAV,CAVL125,J1.3-13,1.037744,,,,,,,,,,1.1376302085,2.938933609E2,2.83820772E2,0.28,-0.99,0.0,0.0,0.0,1.3E3,15.589350915,-32.2999999992,15.022347433471,1.0,,,,,,,,,,,,,,,,,,,,,,,,2.8382077185E2
1107,L2B,INST,CSP12,,0.0,,,,,,,,,,1.139412348,2.940337109E2,2.83961122E2,0.28,-0.99,0.0,0.0,0.0,,,,,,,,,,,,,,,,,,,,,,,,,,,,,2.839611219E2
1112,L2B,LCAV,CAVL126,J1.3-13,1.037743,,,,,,,,,,1.1508072915,2.952769609E2,2.85204372E2,0.28,-0.99,0.0,0.0,0.0,1.3E3,15.58935092,-32.2999999992,15.02236191427,1.0,,,,,,,,,,,,,,,,,,,,,,,,2.8520437185E2
1116,L2B,LCAV,CAVL127,J1.3-13,1.037743,,,,,,,,,,1.163984375,2.966605609E2,2.86587972E2,0.28,-0.99,0.0,0.0,0.0,1.3E3,15.58935092,-32.2999999992,15.02236191427,1.0,,,,,,,,,,,,,,,,,,,,,,,,2.8658797185E2
1120,L2B,LCAV,CAVL128,J1.3-13,1.037743,,,,,,,,,,1.1771614585,2.980441609E2,2.87971572E2,0.28,-0.99,0.0,0.0,0.0,1.3E3,15.58935092,-32.2999999992,15.02236191427,1.0,,,,,,,,,,,,,,,,,,,,,,,,2.8797157185E2
1123,L2B,BPM,CMB12,cryo J1.3-13,0.0,,,,,,,,,,1.18375,2.988555509E2,2.88782962E2,0.28,-0.99,0.0,0.0,0.0,,,,,,,,,,,,,,,,,,,,,,,,,,,,,2.887829619E2
1125,L2B,QUAD,QCM12,cryo SPQA122,0.23,0.0762,,-0.1792589803,,0.0,,,,,1.18375,2.991199909E2,2.89047402E2,0.28,-0.99,0.0,0.0,0.0,,,,,,,,,,-1.627976030557,0.70781566546,,,,,,,,,,,,,,,,,,2.890474019E2
1126,L2B,XCOR,XCM12,cryo J1.3-13,0.0,,,,,,,,,,1.18375,2.991199909E2,2.89047402E2,0.28,-0.99,0.0,0.0,0.0,,,,,,,,,,,,,,,,,,,,,,,,,,,,,2.890474019E2
1127,L2B,YCOR,YCM12,cryo J1.3-13,0.0,,,,,,,,,,1.18375,2.991199909E2,2.89047402E2,0.28,-0.99,0.0,0.0,0.0,,,,,,,,,,,,,,,,,,,,,,,,,,,,,2.890474019E2
1130,L2B,MARK,CM12END,,,,,,,,,,,,1.18375,2.994718509E2,2.89399262E2,0.28,-0.99,0.0,0.0,0.0,,,,,,,,,,,,,,,,,,,,,,,,,,,,,2.893992619E2
1132,L2B,MARK,HOMCM12,,,,,,,,,,,,1.18375,2.996376209E2,2.89565032E2,0.28,-0.99,0.0,0.0,0.0,,,,,,,,,,,,,,,,,,,,,,,,,,,,,2.895650319E2
1134,L2B,MARK,CM13BEG,,,,,,,,,,,,1.18375,2.997820409E2,2.89709452E2,0.28,-0.99,0.0,0.0,0.0,,,,,,,,,,,,,,,,,,,,,,,,,,,,,2.897094519E2
1137,L2B,LCAV,CAVL131,F1.3-11,1.037743,,,,,,,,,,1.1903385415,3.005793509E2,2.90506762E2,0.28,-0.99,0.0,0.0,0.0,1.3E3,15.58935092,-32.2999999992,15.02236191427,1.0,,,,,,,,,,,,,,,,,,,,,,,,2.9050676185E2
1141,L2B,LCAV,CAVL132,F1.3-11,1.037743,,,,,,,,,,1.203515625,3.019629509E2,2.91890362E2,0.28,-0.99,0.0,0.0,0.0,1.3E3,15.58935092,-32.2999999992,15.02236191427,1.0,,,,,,,,,,,,,,,,,,,,,,,,2.9189036185E2
1145,L2B,LCAV,CAVL133,F1.3-11,1.037743,,,,,,,,,,1.2166927085,3.033465509E2,2.93273962E2,0.28,-0.99,0.0,0.0,0.0,1.3E3,15.58935092,-32.2999999992,15.02236191427,1.0,,,,,,,,,,,,,,,,,,,,,,,,2.9327396185E2
1149,L2B,LCAV,CAVL134,F1.3-11,1.037743,,,,,,,,,,1.2298697915,3.047301509E2,2.94657562E2,0.28,-0.99,0.0,0.0,0.0,1.3E3,15.58935092,-32.2999999992,15.02236191427,1.0,,,,,,,,,,,,,,,,,,,,,,,,2.9465756185E2
1153,L2B,LCAV,CAVL135,F1.3-11,1.037744,,,,,,,,,,1.243046875,3.061137509E2,2.96041162E2,0.28,-0.99,0.0,0.0,0.0,1.3E3,15.589350915,-32.2999999992,15.022347433471,1.0,,,,,,,,,,,,,,,,,,,,,,,,2.9604116185E2
1154,L2B,INST,CSP13,,0.0,,,,,,,,,,1.244829015,3.062541009E2,2.96181512E2,0.28,-0.99,0.0,0.0,0.0,,,,,,,,,,,,,,,,,,,,,,,,,,,,,2.961815119E2
1159,L2B,LCAV,CAVL136,F1.3-11,1.037743,,,,,,,,,,1.2562239585,3.074973509E2,2.97424762E2,0.28,-0.99,0.0,0.0,0.0,1.3E3,15.58935092,-32.2999999992,15.02236191427,1.0,,,,,,,,,,,,,,,,,,,,,,,,2.9742476185E2
1163,L2B,LCAV,CAVL137,F1.3-11,1.037743,,,,,,,,,,1.2694010415,3.088809509E2,2.98808362E2,0.28,-0.99,0.0,0.0,0.0,1.3E3,15.58935092,-32.2999999992,15.02236191427,1.0,,,,,,,,,,,,,,,,,,,,,,,,2.9880836185E2
1167,L2B,LCAV,CAVL138,F1.3-11,1.037743,,,,,,,,,,1.282578125,3.102645509E2,3.00191962E2,0.28,-0.99,0.0,0.0,0.0,1.3E3,15.58935092,-32.2999999992,15.02236191427,1.0,,,,,,,,,,,,,,,,,,,,,,,,3.0019196185E2
1170,L2B,BPM,CMB13,cryo F1.3-11,0.0,,,,,,,,,,1.289166667,3.110759409E2,3.01003352E2,0.28,-0.99,0.0,0.0,0.0,,,,,,,,,,,,,,,,,,,,,,,,,,,,,3.010033519E2
1172,L2B,QUAD,QCM13,cryo SPQA115,0.23,0.0762,,0.06295574358,,0.0,,,,,1.289166667,3.113403809E2,3.01267792E2,0.28,-0.99,0.0,0.0,0.0,,,,,,,,,,0.622660798927,-0.27072208649,,,,,,,,,,,,,,,,,,3.012677919E2
1173,L2B,XCOR,XCM13,cryo F1.3-11,0.0,,,,,,,,,,1.289166667,3.113403809E2,3.01267792E2,0.28,-0.99,0.0,0.0,0.0,,,,,,,,,,,,,,,,,,,,,,,,,,,,,3.012677919E2
1174,L2B,YCOR,YCM13,cryo F1.3-11,0.0,,,,,,,,,,1.289166667,3.113403809E2,3.01267792E2,0.28,-0.99,0.0,0.0,0.0,,,,,,,,,,,,,,,,,,,,,,,,,,,,,3.012677919E2
1177,L2B,MARK,CM13END,,,,,,,,,,,,1.289166667,3.116922409E2,3.01619652E2,0.28,-0.99,0.0,0.0,0.0,,,,,,,,,,,,,,,,,,,,,,,,,,,,,3.016196519E2
1179,L2B,MARK,HOMCM13,,,,,,,,,,,,1.289166667,3.118580109E2,3.01785422E2,0.28,-0.99,0.0,0.0,0.0,,,,,,,,,,,,,,,,,,,,,,,,,,,,,3.017854219E2
1181,L2B,MARK,CM14BEG,,,,,,,,,,,,1.289166667,3.120024309E2,3.01929842E2,0.28,-0.99,0.0,0.0,0.0,,,,,,,,,,,,,,,,,,,,,,,,,,,,,3.019298419E2
1184,L2B,LCAV,CAVL141,J1.3-14,1.037743,,,,,,,,,,1.2957552085,3.127997409E2,3.02727152E2,0.28,-0.99,0.0,0.0,0.0,1.3E3,15.58935092,-32.2999999992,15.02236191427,1.0,,,,,,,,,,,,,,,,,,,,,,,,3.0272715185E2
1188,L2B,LCAV,CAVL142,J1.3-14,1.037743,,,,,,,,,,1.3089322915,3.141833409E2,3.04110752E2,0.28,-0.99,0.0,0.0,0.0,1.3E3,15.58935092,-32.2999999992,15.02236191427,1.0,,,,,,,,,,,,,,,,,,,,,,,,3.0411075185E2
1192,L2B,LCAV,CAVL143,J1.3-14,1.037743,,,,,,,,,,1.322109375,3.155669409E2,3.05494352E2,0.28,-0.99,0.0,0.0,0.0,1.3E3,15.58935092,-32.2999999992,15.02236191427,1.0,,,,,,,,,,,,,,,,,,,,,,,,3.0549435185E2
1196,L2B,LCAV,CAVL144,J1.3-14,1.037743,,,,,,,,,,1.3352864585,3.169505409E2,3.06877952E2,0.28,-0.99,0.0,0.0,0.0,1.3E3,15.58935092,-32.2999999992,15.02236191427,1.0,,,,,,,,,,,,,,,,,,,,,,,,3.0687795185E2
1200,L2B,LCAV,CAVL145,J1.3-14,1.037744,,,,,,,,,,1.3484635415,3.183341409E2,3.08261552E2,0.28,-0.99,0.0,0.0,0.0,1.3E3,15.589350915,-32.2999999992,15.022347433471,1.0,,,,,,,,,,,,,,,,,,,,,,,,3.0826155185E2
1201,L2B,INST,CSP14,,0.0,,,,,,,,,,1.350245682,3.184744909E2,3.08401902E2,0.28,-0.99,0.0,0.0,0.0,,,,,,,,,,,,,,,,,,,,,,,,,,,,,3.084019019E2
1206,L2B,LCAV,CAVL146,J1.3-14,1.037743,,,,,,,,,,1.361640625,3.197177409E2,3.09645152E2,0.28,-0.99,0.0,0.0,0.0,1.3E3,15.58935092,-32.2999999992,15.02236191427,1.0,,,,,,,,,,,,,,,,,,,,,,,,3.0964515185E2
1210,L2B,LCAV,CAVL147,J1.3-14,1.037743,,,,,,,,,,1.3748177085,3.211013409E2,3.11028752E2,0.28,-0.99,0.0,0.0,0.0,1.3E3,15.58935092,-32.2999999992,15.02236191427,1.0,,,,,,,,,,,,,,,,,,,,,,,,3.1102875185E2
1214,L2B,LCAV,CAVL148,J1.3-14,1.037743,,,,,,,,,,1.3879947915,3.224849409E2,3.12412352E2,0.28,-0.99,0.0,0.0,0.0,1.3E3,15.58935092,-32.2999999992,15.02236191427,1.0,,,,,,,,,,,,,,,,,,,,,,,,3.1241235185E2
1217,L2B,BPM,CMB14,cryo J1.3-14,0.0,,,,,,,,,,1.394583333,3.232963309E2,3.13223742E2,0.28,-0.99,0.0,0.0,0.0,,,,,,,,,,,,,,,,,,,,,,,,,,,,,3.132237419E2
1219,L2B,QUAD,QCM14,cryo SPQA126,0.23,0.0762,,-0.1760704842,,0.0,,,,,1.394583333,3.235607709E2,3.13488182E2,0.28,-0.99,0.0,0.0,0.0,,,,,,,,,,-1.883814489737,0.819049778147,,,,,,,,,,,,,,,,,,3.134881819E2
1220,L2B,XCOR,XCM14,cryo J1.3-14,0.0,,,,,,,,,,1.394583333,3.235607709E2,3.13488182E2,0.28,-0.99,0.0,0.0,0.0,,,,,,,,,,,,,,,,,,,,,,,,,,,,,3.134881819E2
1221,L2B,YCOR,YCM14,cryo J1.3-14,0.0,,,,,,,,,,1.394583333,3.235607709E2,3.13488182E2,0.28,-0.99,0.0,0.0,0.0,,,,,,,,,,,,,,,,,,,,,,,,,,,,,3.134881819E2
1224,L2B,MARK,CM14END,,,,,,,,,,,,1.394583333,3.239126309E2,3.13840042E2,0.28,-0.99,0.0,0.0,0.0,,,,,,,,,,,,,,,,,,,,,,,,,,,,,3.138400419E2
1226,L2B,MARK,HOMCM14,,,,,,,,,,,,1.394583333,3.240784009E2,3.14005812E2,0.28,-0.99,0.0,0.0,0.0,,,,,,,,,,,,,,,,,,,,,,,,,,,,,3.140058119E2
1228,L2B,MARK,CM15BEG,,,,,,,,,,,,1.394583333,3.242228209E2,3.14150232E2,0.28,-0.99,0.0,0.0,0.0,,,,,,,,,,,,,,,,,,,,,,,,,,,,,3.141502319E2
1231,L2B,LCAV,CAVL151,F1.3-01,1.037743,,,,,,,,,,1.401171875,3.250201309E2,3.14947542E2,0.28,-0.99,0.0,0.0,0.0,1.3E3,15.58935092,-32.2999999992,15.02236191427,1.0,,,,,,,,,,,,,,,,,,,,,,,,3.1494754185E2
1235,L2B,LCAV,CAVL152,F1.3-01,1.037743,,,,,,,,,,1.4143489585,3.264037309E2,3.16331142E2,0.28,-0.99,0.0,0.0,0.0,1.3E3,15.58935092,-32.2999999992,15.02236191427,1.0,,,,,,,,,,,,,,,,,,,,,,,,3.1633114185E2
1239,L2B,LCAV,CAVL153,F1.3-01,1.037743,,,,,,,,,,1.4275260415,3.277873309E2,3.17714742E2,0.28,-0.99,0.0,0.0,0.0,1.3E3,15.58935092,-32.2999999992,15.02236191427,1.0,,,,,,,,,,,,,,,,,,,,,,,,3.1771474185E2
1243,L2B,LCAV,CAVL154,F1.3-01,1.037743,,,,,,,,,,1.440703125,3.291709309E2,3.19098342E2,0.28,-0.99,0.0,0.0,0.0,1.3E3,15.58935092,-32.2999999992,15.02236191427,1.0,,,,,,,,,,,,,,,,,,,,,,,,3.1909834185E2
1247,L2B,LCAV,CAVL155,F1.3-01,1.037744,,,,,,,,,,1.4538802085,3.305545309E2,3.20481942E2,0.28,-0.99,0.0,0.0,0.0,1.3E3,15.589350915,-32.2999999992,15.022347433471,1.0,,,,,,,,,,,,,,,,,,,,,,,,3.2048194185E2
1248,L2B,INST,CSP15,,0.0,,,,,,,,,,1.455662348,3.306948809E2,3.20622292E2,0.28,-0.99,0.0,0.0,0.0,,,,,,,,,,,,,,,,,,,,,,,,,,,,,3.206222919E2
1253,L2B,LCAV,CAVL156,F1.3-01,1.037743,,,,,,,,,,1.4670572915,3.319381309E2,3.21865542E2,0.28,-0.99,0.0,0.0,0.0,1.3E3,15.58935092,-32.2999999992,15.02236191427,1.0,,,,,,,,,,,,,,,,,,,,,,,,3.2186554185E2
1257,L2B,LCAV,CAVL157,F1.3-01,1.037743,,,,,,,,,,1.480234375,3.333217309E2,3.23249142E2,0.28,-0.99,0.0,0.0,0.0,1.3E3,15.58935092,-32.2999999992,15.02236191427,1.0,,,,,,,,,,,,,,,,,,,,,,,,3.2324914185E2
1261,L2B,LCAV,CAVL158,F1.3-01,1.037743,,,,,,,,,,1.4934114585,3.347053309E2,3.24632742E2,0.28,-0.99,0.0,0.0,0.0,1.3E3,15.58935092,-32.2999999992,15.02236191427,1.0,,,,,,,,,,,,,,,,,,,,,,,,3.2463274185E2
1264,L2B,BPM,CMB15,cryo F1.3-01,0.0,,,,,,,,,,1.5,3.355167209E2,3.25444132E2,0.28,-0.99,0.0,0.0,0.0,,,,,,,,,,,,,,,,,,,,,,,,,,,,,3.254441319E2
1266,L2B,QUAD,QCM15,cryo SPQA001,0.23,0.0762,,0.06551901988,,0.0,,,,,1.5,3.357811609E2,3.25708572E2,0.28,-0.99,0.0,0.0,0.0,,,,,,,,,,0.753990300415,-0.327821869746,,,,,,,,,,,,,,,,,,3.257085719E2
1267,L2B,XCOR,XCM15,cryo F1.3-01,0.0,,,,,,,,,,1.5,3.357811609E2,3.25708572E2,0.28,-0.99,0.0,0.0,0.0,,,,,,,,,,,,,,,,,,,,,,,,,,,,,3.257085719E2
1268,L2B,YCOR,YCM15,cryo F1.3-01,0.0,,,,,,,,,,1.5,3.357811609E2,3.25708572E2,0.28,-0.99,0.0,0.0,0.0,,,,,,,,,,,,,,,,,,,,,,,,,,,,,3.257085719E2
1271,L2B,MARK,CM15END,,,,,,,,,,,,1.5,3.361330209E2,3.26060432E2,0.28,-0.99,0.0,0.0,0.0,,,,,,,,,,,,,,,,,,,,,,,,,,,,,3.260604319E2
1273,L2B,MARK,HOMCM15,,,,,,,,,,,,1.5,3.362987909E2,3.26226202E2,0.28,-0.99,0.0,0.0,0.0,,,,,,,,,,,,,,,,,,,,,,,,,,,,,3.262262019E2
1275,L2B,MARK,FC5,,,,,,,,,,,,1.5,3.378884709E2,3.27815882E2,0.28,-0.99,0.0,0.0,0.0,,,,,,,,,,,,,,,,,,,,,,,,,,,,,3.278158819E2
1277,L2B,MARK,BLF5,,,,,,,,,,,,1.5,3.379773709E2,3.27904782E2,0.28,-0.99,0.0,0.0,0.0,,,,,,,,,,,,,,,,,,,,,,,,,,,,,3.279047819E2
1279,L2B,INST,VTL1,,0.0,,,,,,,,,,1.5,3.387415889E2,3.28669E2,0.28,-0.99,0.0,0.0,0.0,,,,,,,,,,,,,,,,,,,,,,,,,,,,,3.286689999E2
1281,L2B,MARK,MSC2D,,,,,,,,,,,,1.5,3.396775889E2,3.29605E2,0.28,-0.99,0.0,0.0,0.0,,,,,,,,,,,,,,,,,,,,,,,,,,,,,3.296049999E2
1282,L2B,INST,VVL2BD,gate valve,0.0,,,,,,,,,,1.5,3.396775889E2,3.29605E2,0.28,-0.99,0.0,0.0,0.0,,,,,,,,,,,,,,,,,,,,,,,,,,,,,3.296049999E2
1283,L2B,INST,ENDL2B,,,,,,,,,,,,1.5,3.396775889E2,3.29605E2,0.28,-0.99,0.0,0.0,0.0,,,,,,,,,,,,,,,,,,,,,,,,,,,,,3.296049999E2
1284,BC2B,INST,BEGBC2B,,,,,,,,,,,,1.5,3.396775889E2,3.29605E2,0.28,-0.99,0.0,0.0,0.0,,,,,,,,,,,,,,,,,,,,,,,,,,,,,3.296049999E2
1286,*BC2B,BPM,RFB2C00,CavityS-1,0.0,,,,,,,,,,1.5,3.397174709E2,3.29644882E2,0.28,-0.99,0.0,0.0,0.0,,,,,,,,,,,,,,,,,,,,,,,,,,,,,3.296448819E2
1288,BC2B,XCOR,XC2C00,class-4,0.0,,,,,,,,,,1.5,3.421258409E2,3.32053252E2,0.28,-0.99,0.0,0.0,0.0,,,,,,,,,,,,,,,,,,,,,,,,,,,,,3.320532519E2
1290,BC2B,YCOR,YC2C00,class-4,0.0,,,,,,,,,,1.5,3.424647919E2,3.32392203E2,0.28,-0.99,0.0,0.0,0.0,,,,,,,,,,,,,,,,,,,,,,,,,,,,,3.323922029E2
1292,BC2B,QUAD,Q2C01,1.26Q3.5,0.108,0.032,,0.5107426267,,0.0,,,,,1.5,3.428398409E2,3.32767252E2,0.28,-0.99,0.0,0.0,0.0,,,,,,,,,,2.759919354751,-2.555480884029,,,,,,,,,,,,,,,,,,3.327672519E2
1293,BC2B,BPM,BPM2C01,Stripline-1,0.0,,,,,,,,,,1.5,3.428398409E2,3.32767252E2,0.28,-0.99,0.0,0.0,0.0,,,,,,,,,,,,,,,,,,,,,,,,,,,,,3.327672519E2
1296,*BC2B,BPM,RFB2C01,CavityS-1,0.0,,,,,,,,,,1.5,3.430268409E2,3.32954252E2,0.28,-0.99,0.0,0.0,0.0,,,,,,,,,,,,,,,,,,,,,,,,,,,,,3.329542519E2
1298,BC2B,MARK,BC2BCBEG,,,,,,,,,,,,1.5,3.433938409E2,3.33321252E2,0.28,-0.99,0.0,0.0,0.0,,,,,,,,,,,,,,,,,,,,,,,,,,,,,3.333212519E2
1299,BC2B,BEND,BCX21,1D19.7,0.549201,0.03335,2.684092459716,0.0,,0.0,0.0,2.684092459716,,,1.5,3.43668366E2,3.33595752E2,0.276786,-0.99,0.0,0.0,-0.023417,,,,,,0.549000145256,0.6287,2.34393395572,-0.426789819341,0.0,0.0,,,,3.33595752E2,0.273569,-0.99,0.0,0.0,0.0,,,,,,,,,3.335957519E2
1302,BC2B,QUAD,CQ21B,1.69Q3.4,0.108,0.043,,0.0,,0.0,,,,,1.5,3.459547107E2,3.35879714E2,0.172934,-0.99,0.0,0.0,-0.046846,,,,,,,,,,0.0,0.0,,,,,,,,,,,,,,,,,,3.358797139E2
1305,BC2B,BEND,BCX22,1D19.7,0.549201,0.03335,-2.684092459716,0.0,,0.0,-2.684092459716,0.0,,,1.5,3.540887469E2,3.44004952E2,-0.204761,-0.99,0.0,0.0,-0.023417,,,,,,0.549000145256,0.6287,-2.34393395572,0.426789819341,0.0,0.0,,,,3.44004952E2,-0.201544,-0.99,0.0,0.0,0.0,,,,,,,,,3.440049519E2
1308,BC2B,BPM,BPM21B,Stripline-8,0.0,,,,,,,,,,1.5,3.54742772E2,3.44658952E2,-0.207975,-0.99,0.0,0.0,0.0,,,,,,,,,,,,,,,,,,,,,,,,,,,,,3.446589519E2
1310,BC2B,COLL,CE21B,HCOLL,0.06,,,,,,,,,,1.5,3.54907772E2,3.44823952E2,-0.207975,-0.99,0.0,0.0,0.0,,,,,,,,,,,,,,,,,,,,,,,,0.0266,0.0,,,,3.448239519E2
1312,BC2B,PROF,OTR21B,OTR BC,0.0,,,,,,,,,,1.5,3.55090772E2,3.45006952E2,-0.207975,-0.99,0.0,0.0,0.0,,,,,,,,,,,,,,,,,,,,,,,,,,,,,3.450069519E2
1314,*BC2B,WIRE,WS21B,fast,0.0,,,,,,,,,,1.5,3.55688772E2,3.45604952E2,-0.207975,-0.99,0.0,0.0,0.0,,,,,,,,,,,,,,,,,,,,,,,,,,,,,3.456049519E2
1316,BC2B,BEND,BCX23,1D19.7,0.549201,0.03335,-2.684092459716,0.0,,0.0,0.0,-2.684092459716,,,1.5,3.563877971E2,3.46303952E2,-0.204761,-0.99,0.0,0.0,0.023417,,,,,,0.549000145256,0.6287,-2.34393395572,0.426789819341,0.0,0.0,,,,3.46303952E2,-0.201544,-0.99,0.0,0.0,0.0,,,,,,,,,3.463039519E2
1319,BC2B,QUAD,CQ22B,1.69Q3.4,0.108,0.043,,0.0,,0.0,,,,,1.5,3.645218332E2,3.5442919E2,0.172934,-0.99,0.0,0.0,0.046846,,,,,,,,,,0.0,0.0,,,,,,,,,,,,,,,,,,3.544291899E2
1322,BC2B,BEND,BCX24,1D19.7,0.549201,0.03335,2.684092459716,0.0,,0.0,2.684092459716,0.0,,,1.5,3.668081779E2,3.56713152E2,0.276786,-0.99,0.0,0.0,0.023417,,,,,,0.549000145256,0.6287,2.34393395572,-0.426789819341,0.0,0.0,,,,3.56713152E2,0.273569,-0.99,0.0,0.0,0.0,,,,,,,,,3.567131519E2
1324,BC2B,MARK,CNTBC2,CENTER,,,,,,,,,,,1.5,3.67082703E2,3.56987652E2,0.28,-0.99,0.0,0.0,0.0,,,,,,,,,,,,,,,,,,,,,,,,,,,,,3.569876519E2
1325,BC2B,MARK,BC2BCEND,,,,,,,,,,,,1.5,3.67082703E2,3.56987652E2,0.28,-0.99,0.0,0.0,0.0,,,,,,,,,,,,,,,,,,,,,,,,,,,,,3.569876519E2
1327,BC2B,BLMO,BZ21B,CSR,0.0,,,,,,,,,,1.5,3.67770075E2,3.57675024E2,0.28,-0.99,0.0,0.0,0.0,,,,,,,,,,,,,,,,,,,,,,,,,,,,,3.576750239E2
1329,BC2B,INST,ENDBC2B,,,,,,,,,,,,1.5,3.68133041E2,3.5803799E2,0.28,-0.99,0.0,0.0,0.0,,,,,,,,,,,,,,,,,,,,,,,,,,,,,3.580379899E2
1330,EMIT2,INST,BEGEMIT2,,,,,,,,,,,,1.5,3.68133041E2,3.5803799E2,0.28,-0.99,0.0,0.0,0.0,,,,,,,,,,,,,,,,,,,,,,,,,,,,,3.580379899E2
1331,EMIT2,QUAD,QE201,1.26Q3.5,0.108,0.032,,-1.302578005,,0.0,,,,,1.5,3.68187041E2,3.5809199E2,0.28,-0.99,0.0,0.0,0.0,,,,,,,,,,-7.038790300901,6.51739842676,,,,,,,,,,,,,,,,,,3.580919899E2
1332,EMIT2,BPM,BPME201,Stripline-1,0.0,,,,,,,,,,1.5,3.68187041E2,3.5809199E2,0.28,-0.99,0.0,0.0,0.0,,,,,,,,,,,,,,,,,,,,,,,,,,,,,3.580919899E2
1335,EMIT2,YCOR,YCE201,class-4,0.0,,,,,,,,,,1.5,3.68562085E2,3.58467034E2,0.28,-0.99,0.0,0.0,0.0,,,,,,,,,,,,,,,,,,,,,,,,,,,,,3.584670339E2
1337,EMIT2,IMON,IM21B,ICT,0.0,,,,,,,,,,1.5,3.68890703E2,3.58795652E2,0.28,-0.99,0.0,0.0,0.0,,,,,,,,,,,,,,,,,,,,,,,,,,,,,3.587956519E2
1339,EMIT2,QUAD,QE202,1.26Q3.5,0.108,0.032,,1.990185769,,0.0,,,,,1.5,3.732013844E2,3.63106333E2,0.28,-0.99,0.0,0.0,0.0,,,,,,,,,,10.754442524022,-9.957817151872,,,,,,,,,,,,,,,,,,3.631063333E2
1340,EMIT2,BPM,BPME202,Stripline-1,0.0,,,,,,,,,,1.5,3.732013844E2,3.63106333E2,0.28,-0.99,0.0,0.0,0.0,,,,,,,,,,,,,,,,,,,,,,,,,,,,,3.631063333E2
1343,EMIT2,XCOR,XCE202,class-4,0.0,,,,,,,,,,1.5,3.735772484E2,3.63482197E2,0.28,-0.99,0.0,0.0,0.0,,,,,,,,,,,,,,,,,,,,,,,,,,,,,3.634821973E2
1345,EMIT2,WIRE,WSEMIT2,fast,0.0,,,,,,,,,,1.5,3.842294049E2,3.74134354E2,0.28,-0.99,0.0,0.0,0.0,,,,,,,,,,,,,,,,,,,,,,,,,,,,,3.741343537E2
1347,EMIT2,QUAD,QE203,1.26Q3.5,0.108,0.032,,-2.035694934,,0.0,,,,,1.5,3.921098345E2,3.82014783E2,0.28,-0.99,0.0,0.0,0.0,,,,,,,,,,-11.000362129584,10.185520490356,,,,,,,,,,,,,,,,,,3.820147833E2
1348,EMIT2,BPM,BPME203,Stripline-1,0.0,,,,,,,,,,1.5,3.921098345E2,3.82014783E2,0.28,-0.99,0.0,0.0,0.0,,,,,,,,,,,,,,,,,,,,,,,,,,,,,3.820147833E2
1351,EMIT2,YCOR,YCE203,class-4,0.0,,,,,,,,,,1.5,3.924848785E2,3.82389827E2,0.28,-0.99,0.0,0.0,0.0,,,,,,,,,,,,,,,,,,,,,,,,,,,,,3.823898273E2
1353,EMIT2,QUAD,QE204,1.26Q3.5,0.108,0.032,,1.984107437,,0.0,,,,,1.5,3.952178345E2,3.85122783E2,0.28,-0.99,0.0,0.0,0.0,,,,,,,,,,10.721596810243,-9.927404453928,,,,,,,,,,,,,,,,,,3.851227833E2
1354,EMIT2,BPM,BPME204,Stripline-1,0.0,,,,,,,,,,1.5,3.952178345E2,3.85122783E2,0.28,-0.99,0.0,0.0,0.0,,,,,,,,,,,,,,,,,,,,,,,,,,,,,3.851227833E2
1357,EMIT2,XCOR,XCE204,class-4,0.0,,,,,,,,,,1.5,3.955936985E2,3.85498647E2,0.28,-0.99,0.0,0.0,0.0,,,,,,,,,,,,,,,,,,,,,,,,,,,,,3.854986473E2
1359,EMIT2,INST,ENDEMIT2,,,,,,,,,,,,1.5,3.98307051E2,3.88212E2,0.28,-0.99,0.0,0.0,0.0,,,,,,,,,,,,,,,,,,,,,,,,,,,,,3.882119999E2
1360,L3B,INST,BEGL3B,,,,,,,,,,,,1.5,3.98307051E2,3.88212E2,0.28,-0.99,0.0,0.0,0.0,,,,,,,,,,,,,,,,,,,,,,,,,,,,,3.882119999E2
1361,L3B,INST,VVL3BU,gate valve,0.0,,,,,,,,,,1.5,3.98307051E2,3.88212E2,0.28,-0.99,0.0,0.0,0.0,,,,,,,,,,,,,,,,,,,,,,,,,,,,,3.882119999E2
1362,L3B,MARK,MSC3U,,,,,,,,,,,,1.5,3.98307051E2,3.88212E2,0.28,-0.99,0.0,0.0,0.0,,,,,,,,,,,,,,,,,,,,,,,,,,,,,3.882119999E2
1364,L3B,INST,VTL2,,0.0,,,,,,,,,,1.5,3.99236051E2,3.89141E2,0.28,-0.99,0.0,0.0,0.0,,,,,,,,,,,,,,,,,,,,,,,,,,,,,3.891409999E2
1366,L3B,MARK,BLF6,,,,,,,,,,,,1.5,4.00005401E2,3.8991035E2,0.28,-0.99,0.0,0.0,0.0,,,,,,,,,,,,,,,,,,,,,,,,,,,,,3.899103499E2
1368,L3B,MARK,FC6,,,,,,,,,,,,1.5,4.00094301E2,3.8999925E2,0.28,-0.99,0.0,0.0,0.0,,,,,,,,,,,,,,,,,,,,,,,,,,,,,3.899992499E2
1370,L3B,MARK,CM16BEG,,,,,,,,,,,,1.5,4.00967241E2,3.9087219E2,0.28,-0.99,0.0,0.0,0.0,,,,,,,,,,,,,,,,,,,,,,,,,,,,,3.908721899E2
1373,L3B,LCAV,CAVL161,F1.3-13,1.037743,,,,,,,,,,1.5078125,4.0176455105E2,3.916695E2,0.28,-0.99,0.0,0.0,0.0,1.3E3,15.625,0.0,15.056714427368,1.0,,,,,,,,,,,,,,,,,,,,,,,,3.916694999E2
1377,L3B,LCAV,CAVL162,F1.3-13,1.037743,,,,,,,,,,1.5234375,4.0314815105E2,3.930531E2,0.28,-0.99,0.0,0.0,0.0,1.3E3,15.625,0.0,15.056714427368,1.0,,,,,,,,,,,,,,,,,,,,,,,,3.930530999E2
1381,L3B,LCAV,CAVL163,F1.3-13,1.037743,,,,,,,,,,1.5390625,4.0453175105E2,3.944367E2,0.28,-0.99,0.0,0.0,0.0,1.3E3,15.625,0.0,15.056714427368,1.0,,,,,,,,,,,,,,,,,,,,,,,,3.944366999E2
1385,L3B,LCAV,CAVL164,F1.3-13,1.037743,,,,,,,,,,1.5546875,4.0591535105E2,3.958203E2,0.28,-0.99,0.0,0.0,0.0,1.3E3,15.625,0.0,15.056714427368,1.0,,,,,,,,,,,,,,,,,,,,,,,,3.958202999E2
1389,L3B,LCAV,CAVL165,F1.3-13,1.037744,,,,,,,,,,1.5703125,4.0729895105E2,3.972039E2,0.28,-0.99,0.0,0.0,0.0,1.3E3,15.625,0.0,15.056699918284,1.0,,,,,,,,,,,,,,,,,,,,,,,,3.972038999E2
1390,L3B,INST,CSP16,,0.0,,,,,,,,,,1.57242571,4.07439301E2,3.9734425E2,0.28,-0.99,0.0,0.0,0.0,,,,,,,,,,,,,,,,,,,,,,,,,,,,,3.973442499E2
1395,L3B,LCAV,CAVL166,F1.3-13,1.037743,,,,,,,,,,1.5859375,4.0868255105E2,3.985875E2,0.28,-0.99,0.0,0.0,0.0,1.3E3,15.625,0.0,15.056714427368,1.0,,,,,,,,,,,,,,,,,,,,,,,,3.985874999E2
1399,L3B,LCAV,CAVL167,F1.3-13,1.037743,,,,,,,,,,1.6015625,4.1006615105E2,3.999711E2,0.28,-0.99,0.0,0.0,0.0,1.3E3,15.625,0.0,15.056714427368,1.0,,,,,,,,,,,,,,,,,,,,,,,,3.999710999E2
1403,L3B,LCAV,CAVL168,F1.3-13,1.037743,,,,,,,,,,1.6171875,4.1144975105E2,4.013547E2,0.28,-0.99,0.0,0.0,0.0,1.3E3,15.625,0.0,15.056714427368,1.0,,,,,,,,,,,,,,,,,,,,,,,,4.013546999E2
1406,L3B,BPM,CMB16,cryo F1.3-13,0.0,,,,,,,,,,1.625,4.12261141E2,4.0216609E2,0.28,-0.99,0.0,0.0,0.0,,,,,,,,,,,,,,,,,,,,,,,,,,,,,4.021660899E2
1408,L3B,QUAD,QCM16,cryo SPQA117,0.23,0.0762,,-0.3717247224,,0.0,,,,,1.625,4.12525581E2,4.0243053E2,0.28,-0.99,0.0,0.0,0.0,,,,,,,,,,-4.634276294162,2.014902736592,,,,,,,,,,,,,,,,,,4.024305299E2
1409,L3B,XCOR,XCM16,cryo F1.3-13,0.0,,,,,,,,,,1.625,4.12525581E2,4.0243053E2,0.28,-0.99,0.0,0.0,0.0,,,,,,,,,,,,,,,,,,,,,,,,,,,,,4.024305299E2
1410,L3B,YCOR,YCM16,cryo F1.3-13,0.0,,,,,,,,,,1.625,4.12525581E2,4.0243053E2,0.28,-0.99,0.0,0.0,0.0,,,,,,,,,,,,,,,,,,,,,,,,,,,,,4.024305299E2
1413,L3B,MARK,CM16END,,,,,,,,,,,,1.625,4.12877441E2,4.0278239E2,0.28,-0.99,0.0,0.0,0.0,,,,,,,,,,,,,,,,,,,,,,,,,,,,,4.027823899E2
1415,L3B,MARK,HOMCM16,,,,,,,,,,,,1.625,4.13043211E2,4.0294816E2,0.28,-0.99,0.0,0.0,0.0,,,,,,,,,,,,,,,,,,,,,,,,,,,,,4.029481599E2
1417,L3B,MARK,CM17BEG,,,,,,,,,,,,1.625,4.13187631E2,4.0309258E2,0.28,-0.99,0.0,0.0,0.0,,,,,,,,,,,,,,,,,,,,,,,,,,,,,4.030925799E2
1420,L3B,LCAV,CAVL171,J1.3-12,1.037743,,,,,,,,,,1.6328125,4.1398494105E2,4.0388989E2,0.28,-0.99,0.0,0.0,0.0,1.3E3,15.625,0.0,15.056714427368,1.0,,,,,,,,,,,,,,,,,,,,,,,,4.038898899E2
1424,L3B,LCAV,CAVL172,J1.3-12,1.037743,,,,,,,,,,1.6484375,4.1536854105E2,4.0527349E2,0.28,-0.99,0.0,0.0,0.0,1.3E3,15.625,0.0,15.056714427368,1.0,,,,,,,,,,,,,,,,,,,,,,,,4.052734899E2
1428,L3B,LCAV,CAVL173,J1.3-12,1.037743,,,,,,,,,,1.6640625,4.1675214105E2,4.0665709E2,0.28,-0.99,0.0,0.0,0.0,1.3E3,15.625,0.0,15.056714427368,1.0,,,,,,,,,,,,,,,,,,,,,,,,4.066570899E2
1432,L3B,LCAV,CAVL174,J1.3-12,1.037743,,,,,,,,,,1.6796875,4.1813574105E2,4.0804069E2,0.28,-0.99,0.0,0.0,0.0,1.3E3,15.625,0.0,15.056714427368,1.0,,,,,,,,,,,,,,,,,,,,,,,,4.080406899E2
1436,L3B,LCAV,CAVL175,J1.3-12,1.037744,,,,,,,,,,1.6953125,4.1951934105E2,4.0942429E2,0.28,-0.99,0.0,0.0,0.0,1.3E3,15.625,0.0,15.056699918284,1.0,,,,,,,,,,,,,,,,,,,,,,,,4.094242899E2
1437,L3B,INST,CSP17,,0.0,,,,,,,,,,1.69742571,4.19659691E2,4.0956464E2,0.28,-0.99,0.0,0.0,0.0,,,,,,,,,,,,,,,,,,,,,,,,,,,,,4.095646399E2
1442,L3B,LCAV,CAVL176,J1.3-12,1.037743,,,,,,,,,,1.7109375,4.2090294105E2,4.1080789E2,0.28,-0.99,0.0,0.0,0.0,1.3E3,15.625,0.0,15.056714427368,1.0,,,,,,,,,,,,,,,,,,,,,,,,4.108078899E2
1446,L3B,LCAV,CAVL177,J1.3-12,1.037743,,,,,,,,,,1.7265625,4.2228654105E2,4.1219149E2,0.28,-0.99,0.0,0.0,0.0,1.3E3,15.625,0.0,15.056714427368,1.0,,,,,,,,,,,,,,,,,,,,,,,,4.121914899E2
1450,L3B,LCAV,CAVL178,J1.3-12,1.037743,,,,,,,,,,1.7421875,4.2367014105E2,4.1357509E2,0.28,-0.99,0.0,0.0,0.0,1.3E3,15.625,0.0,15.056714427368,1.0,,,,,,,,,,,,,,,,,,,,,,,,4.135750899E2
1453,L3B,BPM,CMB17,cryo J1.3-12,0.0,,,,,,,,,,1.75,4.24481531E2,4.1438648E2,0.28,-0.99,0.0,0.0,0.0,,,,,,,,,,,,,,,,,,,,,,,,,,,,,4.143864799E2
1455,L3B,QUAD,QCM17,cryo SPQA120,0.23,0.0762,,0.398004485,,0.0,,,,,1.75,4.24745971E2,4.1465092E2,0.28,-0.99,0.0,0.0,0.0,,,,,,,,,,5.343590010627,-2.323300004621,,,,,,,,,,,,,,,,,,4.146509199E2
1456,L3B,XCOR,XCM17,cryo J1.3-12,0.0,,,,,,,,,,1.75,4.24745971E2,4.1465092E2,0.28,-0.99,0.0,0.0,0.0,,,,,,,,,,,,,,,,,,,,,,,,,,,,,4.146509199E2
1457,L3B,YCOR,YCM17,cryo J1.3-12,0.0,,,,,,,,,,1.75,4.24745971E2,4.1465092E2,0.28,-0.99,0.0,0.0,0.0,,,,,,,,,,,,,,,,,,,,,,,,,,,,,4.146509199E2
1460,L3B,MARK,CM17END,,,,,,,,,,,,1.75,4.25097831E2,4.1500278E2,0.28,-0.99,0.0,0.0,0.0,,,,,,,,,,,,,,,,,,,,,,,,,,,,,4.150027799E2
1462,L3B,MARK,HOMCM17,,,,,,,,,,,,1.75,4.25263601E2,4.1516855E2,0.28,-0.99,0.0,0.0,0.0,,,,,,,,,,,,,,,,,,,,,,,,,,,,,4.151685499E2
1464,L3B,MARK,CM18BEG,,,,,,,,,,,,1.75,4.25408021E2,4.1531297E2,0.28,-0.99,0.0,0.0,0.0,,,,,,,,,,,,,,,,,,,,,,,,,,,,,4.153129699E2
1467,L3B,LCAV,CAVL181,J1.3-06,1.037743,,,,,,,,,,1.7578125,4.2620533105E2,4.1611028E2,0.28,-0.99,0.0,0.0,0.0,1.3E3,15.625,0.0,15.056714427368,1.0,,,,,,,,,,,,,,,,,,,,,,,,4.161102799E2
1471,L3B,LCAV,CAVL182,J1.3-06,1.037743,,,,,,,,,,1.7734375,4.2758893105E2,4.1749388E2,0.28,-0.99,0.0,0.0,0.0,1.3E3,15.625,0.0,15.056714427368,1.0,,,,,,,,,,,,,,,,,,,,,,,,4.174938799E2
1475,L3B,LCAV,CAVL183,J1.3-06,1.037743,,,,,,,,,,1.7890625,4.2897253105E2,4.1887748E2,0.28,-0.99,0.0,0.0,0.0,1.3E3,15.625,0.0,15.056714427368,1.0,,,,,,,,,,,,,,,,,,,,,,,,4.188774799E2
1479,L3B,LCAV,CAVL184,J1.3-06,1.037743,,,,,,,,,,1.8046875,4.3035613105E2,4.2026108E2,0.28,-0.99,0.0,0.0,0.0,1.3E3,15.625,0.0,15.056714427368,1.0,,,,,,,,,,,,,,,,,,,,,,,,4.202610799E2
1483,L3B,LCAV,CAVL185,J1.3-06,1.037744,,,,,,,,,,1.8203125,4.3173973105E2,4.2164468E2,0.28,-0.99,0.0,0.0,0.0,1.3E3,15.625,0.0,15.056699918284,1.0,,,,,,,,,,,,,,,,,,,,,,,,4.216446799E2
1484,L3B,INST,CSP18,,0.0,,,,,,,,,,1.82242571,4.31880081E2,4.2178503E2,0.28,-0.99,0.0,0.0,0.0,,,,,,,,,,,,,,,,,,,,,,,,,,,,,4.217850299E2
1489,L3B,LCAV,CAVL186,J1.3-06,1.037743,,,,,,,,,,1.8359375,4.3312333105E2,4.2302828E2,0.28,-0.99,0.0,0.0,0.0,1.3E3,15.625,0.0,15.056714427368,1.0,,,,,,,,,,,,,,,,,,,,,,,,4.230282799E2
1493,L3B,LCAV,CAVL187,J1.3-06,1.037743,,,,,,,,,,1.8515625,4.3450693105E2,4.2441188E2,0.28,-0.99,0.0,0.0,0.0,1.3E3,15.625,0.0,15.056714427368,1.0,,,,,,,,,,,,,,,,,,,,,,,,4.244118799E2
1497,L3B,LCAV,CAVL188,J1.3-06,1.037743,,,,,,,,,,1.8671875,4.3589053105E2,4.2579548E2,0.28,-0.99,0.0,0.0,0.0,1.3E3,15.625,0.0,15.056714427368,1.0,,,,,,,,,,,,,,,,,,,,,,,,4.257954799E2
1500,L3B,BPM,CMB18,cryo J1.3-06,0.0,,,,,,,,,,1.875,4.36701921E2,4.2660687E2,0.28,-0.99,0.0,0.0,0.0,,,,,,,,,,,,,,,,,,,,,,,,,,,,,4.266068699E2
1502,L3B,QUAD,QCM18,cryo SPQA132,0.23,0.0762,,-0.2490346031,,0.0,,,,,1.875,4.36966361E2,4.2687131E2,0.28,-0.99,0.0,0.0,0.0,,,,,,,,,,-3.582350580631,1.557543730709,,,,,,,,,,,,,,,,,,4.268713099E2
1503,L3B,XCOR,XCM18,cryo J1.3-06,0.0,,,,,,,,,,1.875,4.36966361E2,4.2687131E2,0.28,-0.99,0.0,0.0,0.0,,,,,,,,,,,,,,,,,,,,,,,,,,,,,4.268713099E2
1504,L3B,YCOR,YCM18,cryo J1.3-06,0.0,,,,,,,,,,1.875,4.36966361E2,4.2687131E2,0.28,-0.99,0.0,0.0,0.0,,,,,,,,,,,,,,,,,,,,,,,,,,,,,4.268713099E2
1507,L3B,MARK,CM18END,,,,,,,,,,,,1.875,4.37318221E2,4.2722317E2,0.28,-0.99,0.0,0.0,0.0,,,,,,,,,,,,,,,,,,,,,,,,,,,,,4.272231699E2
1509,L3B,MARK,HOMCM18,,,,,,,,,,,,1.875,4.37483991E2,4.2738894E2,0.28,-0.99,0.0,0.0,0.0,,,,,,,,,,,,,,,,,,,,,,,,,,,,,4.273889399E2
1511,L3B,MARK,CM19BEG,,,,,,,,,,,,1.875,4.37628411E2,4.2753336E2,0.28,-0.99,0.0,0.0,0.0,,,,,,,,,,,,,,,,,,,,,,,,,,,,,4.275333599E2
1514,L3B,LCAV,CAVL191,F1.3-17,1.037743,,,,,,,,,,1.8828125,4.3842572105E2,4.2833067E2,0.28,-0.99,0.0,0.0,0.0,1.3E3,15.625,0.0,15.056714427368,1.0,,,,,,,,,,,,,,,,,,,,,,,,4.283306699E2
1518,L3B,LCAV,CAVL192,F1.3-17,1.037743,,,,,,,,,,1.8984375,4.3980932105E2,4.2971427E2,0.28,-0.99,0.0,0.0,0.0,1.3E3,15.625,0.0,15.056714427368,1.0,,,,,,,,,,,,,,,,,,,,,,,,4.297142699E2
1522,L3B,LCAV,CAVL193,F1.3-17,1.037743,,,,,,,,,,1.9140625,4.4119292105E2,4.3109787E2,0.28,-0.99,0.0,0.0,0.0,1.3E3,15.625,0.0,15.056714427368,1.0,,,,,,,,,,,,,,,,,,,,,,,,4.310978699E2
1526,L3B,LCAV,CAVL194,F1.3-17,1.037743,,,,,,,,,,1.9296875,4.4257652105E2,4.3248147E2,0.28,-0.99,0.0,0.0,0.0,1.3E3,15.625,0.0,15.056714427368,1.0,,,,,,,,,,,,,,,,,,,,,,,,4.324814699E2
1530,L3B,LCAV,CAVL195,F1.3-17,1.037744,,,,,,,,,,1.9453125,4.4396012105E2,4.3386507E2,0.28,-0.99,0.0,0.0,0.0,1.3E3,15.625,0.0,15.056699918284,1.0,,,,,,,,,,,,,,,,,,,,,,,,4.338650699E2
1531,L3B,INST,CSP19,,0.0,,,,,,,,,,1.94742571,4.44100471E2,4.3400542E2,0.28,-0.99,0.0,0.0,0.0,,,,,,,,,,,,,,,,,,,,,,,,,,,,,4.340054199E2
1536,L3B,LCAV,CAVL196,F1.3-17,1.037743,,,,,,,,,,1.9609375,4.4534372105E2,4.3524867E2,0.28,-0.99,0.0,0.0,0.0,1.3E3,15.625,0.0,15.056714427368,1.0,,,,,,,,,,,,,,,,,,,,,,,,4.352486699E2
1540,L3B,LCAV,CAVL197,F1.3-17,1.037743,,,,,,,,,,1.9765625,4.4672732105E2,4.3663227E2,0.28,-0.99,0.0,0.0,0.0,1.3E3,15.625,0.0,15.056714427368,1.0,,,,,,,,,,,,,,,,,,,,,,,,4.366322699E2
1544,L3B,LCAV,CAVL198,F1.3-17,1.037743,,,,,,,,,,1.9921875,4.4811092105E2,4.3801587E2,0.28,-0.99,0.0,0.0,0.0,1.3E3,15.625,0.0,15.056714427368,1.0,,,,,,,,,,,,,,,,,,,,,,,,4.380158699E2
1547,L3B,BPM,CMB19,cryo F1.3-17,0.0,,,,,,,,,,2.0,4.48922311E2,4.3882726E2,0.28,-0.99,0.0,0.0,0.0,,,,,,,,,,,,,,,,,,,,,,,,,,,,,4.388272599E2
1549,L3B,QUAD,QCM19,cryo SPQA130,0.23,0.0762,,0.206631598,,0.0,,,,,2.0,4.49186751E2,4.390917E2,0.28,-0.99,0.0,0.0,0.0,,,,,,,,,,3.17054446972,-1.37849759553,,,,,,,,,,,,,,,,,,4.390916999E2
1550,L3B,XCOR,XCM19,cryo F1.3-17,0.0,,,,,,,,,,2.0,4.49186751E2,4.390917E2,0.28,-0.99,0.0,0.0,0.0,,,,,,,,,,,,,,,,,,,,,,,,,,,,,4.390916999E2
1551,L3B,YCOR,YCM19,cryo F1.3-17,0.0,,,,,,,,,,2.0,4.49186751E2,4.390917E2,0.28,-0.99,0.0,0.0,0.0,,,,,,,,,,,,,,,,,,,,,,,,,,,,,4.390916999E2
1554,L3B,MARK,CM19END,,,,,,,,,,,,2.0,4.49538611E2,4.3944356E2,0.28,-0.99,0.0,0.0,0.0,,,,,,,,,,,,,,,,,,,,,,,,,,,,,4.394435599E2
1556,L3B,MARK,HOMCM19,,,,,,,,,,,,2.0,4.49704381E2,4.3960933E2,0.28,-0.99,0.0,0.0,0.0,,,,,,,,,,,,,,,,,,,,,,,,,,,,,4.396093299E2
1558,L3B,MARK,CM20BEG,,,,,,,,,,,,2.0,4.49848801E2,4.3975375E2,0.28,-0.99,0.0,0.0,0.0,,,,,,,,,,,,,,,,,,,,,,,,,,,,,4.397537499E2
1561,L3B,LCAV,CAVL201,F1.3-18,1.037743,,,,,,,,,,2.0078125,4.5064611105E2,4.4055106E2,0.28,-0.99,0.0,0.0,0.0,1.3E3,15.625,0.0,15.056714427368,1.0,,,,,,,,,,,,,,,,,,,,,,,,4.405510599E2
1565,L3B,LCAV,CAVL202,F1.3-18,1.037743,,,,,,,,,,2.0234375,4.5202971105E2,4.4193466E2,0.28,-0.99,0.0,0.0,0.0,1.3E3,15.625,0.0,15.056714427368,1.0,,,,,,,,,,,,,,,,,,,,,,,,4.419346599E2
1569,L3B,LCAV,CAVL203,F1.3-18,1.037743,,,,,,,,,,2.0390625,4.5341331105E2,4.4331826E2,0.28,-0.99,0.0,0.0,0.0,1.3E3,15.625,0.0,15.056714427368,1.0,,,,,,,,,,,,,,,,,,,,,,,,4.433182599E2
1573,L3B,LCAV,CAVL204,F1.3-18,1.037743,,,,,,,,,,2.0546875,4.5479691105E2,4.4470186E2,0.28,-0.99,0.0,0.0,0.0,1.3E3,15.625,0.0,15.056714427368,1.0,,,,,,,,,,,,,,,,,,,,,,,,4.447018599E2
1577,L3B,LCAV,CAVL205,F1.3-18,1.037744,,,,,,,,,,2.0703125,4.5618051105E2,4.4608546E2,0.28,-0.99,0.0,0.0,0.0,1.3E3,15.625,0.0,15.056699918284,1.0,,,,,,,,,,,,,,,,,,,,,,,,4.460854599E2
1578,L3B,INST,CSP20,,0.0,,,,,,,,,,2.07242571,4.56320861E2,4.4622581E2,0.28,-0.99,0.0,0.0,0.0,,,,,,,,,,,,,,,,,,,,,,,,,,,,,4.462258099E2
1583,L3B,LCAV,CAVL206,F1.3-18,1.037743,,,,,,,,,,2.0859375,4.5756411105E2,4.4746906E2,0.28,-0.99,0.0,0.0,0.0,1.3E3,15.625,0.0,15.056714427368,1.0,,,,,,,,,,,,,,,,,,,,,,,,4.474690599E2
1587,L3B,LCAV,CAVL207,F1.3-18,1.037743,,,,,,,,,,2.1015625,4.5894771105E2,4.4885266E2,0.28,-0.99,0.0,0.0,0.0,1.3E3,15.625,0.0,15.056714427368,1.0,,,,,,,,,,,,,,,,,,,,,,,,4.488526599E2
1591,L3B,LCAV,CAVL208,F1.3-18,1.037743,,,,,,,,,,2.1171875,4.6033131105E2,4.5023626E2,0.28,-0.99,0.0,0.0,0.0,1.3E3,15.625,0.0,15.056714427368,1.0,,,,,,,,,,,,,,,,,,,,,,,,4.502362599E2
1594,L3B,BPM,CMB20,cryo F1.3-18,0.0,,,,,,,,,,2.125,4.61142701E2,4.5104765E2,0.28,-0.99,0.0,0.0,0.0,,,,,,,,,,,,,,,,,,,,,,,,,,,,,4.510476499E2
1596,L3B,QUAD,QCM20,cryo SPQA125,0.23,0.0762,,-0.1905693227,,0.0,,,,,2.125,4.61407141E2,4.5131209E2,0.28,-0.99,0.0,0.0,0.0,,,,,,,,,,-3.106841125958,1.350800489547,,,,,,,,,,,,,,,,,,4.513120899E2
1597,L3B,XCOR,XCM20,cryo F1.3-18,0.0,,,,,,,,,,2.125,4.61407141E2,4.5131209E2,0.28,-0.99,0.0,0.0,0.0,,,,,,,,,,,,,,,,,,,,,,,,,,,,,4.513120899E2
1598,L3B,YCOR,YCM20,cryo F1.3-18,0.0,,,,,,,,,,2.125,4.61407141E2,4.5131209E2,0.28,-0.99,0.0,0.0,0.0,,,,,,,,,,,,,,,,,,,,,,,,,,,,,4.513120899E2
1601,L3B,MARK,CM20END,,,,,,,,,,,,2.125,4.61759001E2,4.5166395E2,0.28,-0.99,0.0,0.0,0.0,,,,,,,,,,,,,,,,,,,,,,,,,,,,,4.516639499E2
1603,L3B,MARK,HOMCM20,,,,,,,,,,,,2.125,4.61924771E2,4.5182972E2,0.28,-0.99,0.0,0.0,0.0,,,,,,,,,,,,,,,,,,,,,,,,,,,,,4.518297199E2
1605,L3B,MARK,CM21BEG,,,,,,,,,,,,2.125,4.62069191E2,4.5197414E2,0.28,-0.99,0.0,0.0,0.0,,,,,,,,,,,,,,,,,,,,,,,,,,,,,4.519741399E2
1608,L3B,LCAV,CAVL211,J1.3-15,1.037743,,,,,,,,,,2.1328125,4.6286650105E2,4.5277145E2,0.28,-0.99,0.0,0.0,0.0,1.3E3,15.625,0.0,15.056714427368,1.0,,,,,,,,,,,,,,,,,,,,,,,,4.527714499E2
1612,L3B,LCAV,CAVL212,J1.3-15,1.037743,,,,,,,,,,2.1484375,4.6425010105E2,4.5415505E2,0.28,-0.99,0.0,0.0,0.0,1.3E3,15.625,0.0,15.056714427368,1.0,,,,,,,,,,,,,,,,,,,,,,,,4.541550499E2
1616,L3B,LCAV,CAVL213,J1.3-15,1.037743,,,,,,,,,,2.1640625,4.6563370105E2,4.5553865E2,0.28,-0.99,0.0,0.0,0.0,1.3E3,15.625,0.0,15.056714427368,1.0,,,,,,,,,,,,,,,,,,,,,,,,4.555386499E2
1620,L3B,LCAV,CAVL214,J1.3-15,1.037743,,,,,,,,,,2.1796875,4.6701730105E2,4.5692225E2,0.28,-0.99,0.0,0.0,0.0,1.3E3,15.625,0.0,15.056714427368,1.0,,,,,,,,,,,,,,,,,,,,,,,,4.569222499E2
1624,L3B,LCAV,CAVL215,J1.3-15,1.037744,,,,,,,,,,2.1953125,4.6840090105E2,4.5830585E2,0.28,-0.99,0.0,0.0,0.0,1.3E3,15.625,0.0,15.056699918284,1.0,,,,,,,,,,,,,,,,,,,,,,,,4.583058499E2
1625,L3B,INST,CSP21,,0.0,,,,,,,,,,2.19742571,4.68541251E2,4.584462E2,0.28,-0.99,0.0,0.0,0.0,,,,,,,,,,,,,,,,,,,,,,,,,,,,,4.584461999E2
1630,L3B,LCAV,CAVL216,J1.3-15,1.037743,,,,,,,,,,2.2109375,4.6978450105E2,4.5968945E2,0.28,-0.99,0.0,0.0,0.0,1.3E3,15.625,0.0,15.056714427368,1.0,,,,,,,,,,,,,,,,,,,,,,,,4.596894499E2
1634,L3B,LCAV,CAVL217,J1.3-15,1.037743,,,,,,,,,,2.2265625,4.7116810105E2,4.6107305E2,0.28,-0.99,0.0,0.0,0.0,1.3E3,15.625,0.0,15.056714427368,1.0,,,,,,,,,,,,,,,,,,,,,,,,4.610730499E2
1638,L3B,LCAV,CAVL218,J1.3-15,1.037743,,,,,,,,,,2.2421875,4.7255170105E2,4.6245665E2,0.28,-0.99,0.0,0.0,0.0,1.3E3,15.625,0.0,15.056714427368,1.0,,,,,,,,,,,,,,,,,,,,,,,,4.624566499E2
1641,L3B,BPM,CMB21,cryo J1.3-15,0.0,,,,,,,,,,2.25,4.73363091E2,4.6326804E2,0.28,-0.99,0.0,0.0,0.0,,,,,,,,,,,,,,,,,,,,,,,,,,,,,4.632680399E2
1643,L3B,QUAD,QCM21,cryo SPQA124,0.23,0.0762,,0.1853341325,,0.0,,,,,2.25,4.73627531E2,4.6353248E2,0.28,-0.99,0.0,0.0,0.0,,,,,,,,,,3.199226949707,-1.390968239003,,,,,,,,,,,,,,,,,,4.635324799E2
1644,L3B,XCOR,XCM21,cryo J1.3-15,0.0,,,,,,,,,,2.25,4.73627531E2,4.6353248E2,0.28,-0.99,0.0,0.0,0.0,,,,,,,,,,,,,,,,,,,,,,,,,,,,,4.635324799E2
1645,L3B,YCOR,YCM21,cryo J1.3-15,0.0,,,,,,,,,,2.25,4.73627531E2,4.6353248E2,0.28,-0.99,0.0,0.0,0.0,,,,,,,,,,,,,,,,,,,,,,,,,,,,,4.635324799E2
1648,L3B,MARK,CM21END,,,,,,,,,,,,2.25,4.73979391E2,4.6388434E2,0.28,-0.99,0.0,0.0,0.0,,,,,,,,,,,,,,,,,,,,,,,,,,,,,4.638843399E2
1650,L3B,MARK,HOMCM21,,,,,,,,,,,,2.25,4.74145161E2,4.6405011E2,0.28,-0.99,0.0,0.0,0.0,,,,,,,,,,,,,,,,,,,,,,,,,,,,,4.640501099E2
1652,L3B,MARK,CM22BEG,,,,,,,,,,,,2.25,4.74289581E2,4.6419453E2,0.28,-0.99,0.0,0.0,0.0,,,,,,,,,,,,,,,,,,,,,,,,,,,,,4.641945299E2
1655,L3B,LCAV,CAVL221,F1.3-14,1.037743,,,,,,,,,,2.2578125,4.7508689105E2,4.6499184E2,0.28,-0.99,0.0,0.0,0.0,1.3E3,15.625,0.0,15.056714427368,1.0,,,,,,,,,,,,,,,,,,,,,,,,4.649918399E2
1659,L3B,LCAV,CAVL222,F1.3-14,1.037743,,,,,,,,,,2.2734375,4.7647049105E2,4.6637544E2,0.28,-0.99,0.0,0.0,0.0,1.3E3,15.625,0.0,15.056714427368,1.0,,,,,,,,,,,,,,,,,,,,,,,,4.663754399E2
1663,L3B,LCAV,CAVL223,F1.3-14,1.037743,,,,,,,,,,2.2890625,4.7785409105E2,4.6775904E2,0.28,-0.99,0.0,0.0,0.0,1.3E3,15.625,0.0,15.056714427368,1.0,,,,,,,,,,,,,,,,,,,,,,,,4.677590399E2
1667,L3B,LCAV,CAVL224,F1.3-14,1.037743,,,,,,,,,,2.3046875,4.7923769105E2,4.6914264E2,0.28,-0.99,0.0,0.0,0.0,1.3E3,15.625,0.0,15.056714427368,1.0,,,,,,,,,,,,,,,,,,,,,,,,4.691426399E2
1671,L3B,LCAV,CAVL225,F1.3-14,1.037744,,,,,,,,,,2.3203125,4.8062129105E2,4.7052624E2,0.28,-0.99,0.0,0.0,0.0,1.3E3,15.625,0.0,15.056699918284,1.0,,,,,,,,,,,,,,,,,,,,,,,,4.705262399E2
1672,L3B,INST,CSP22,,0.0,,,,,,,,,,2.32242571,4.80761641E2,4.7066659E2,0.28,-0.99,0.0,0.0,0.0,,,,,,,,,,,,,,,,,,,,,,,,,,,,,4.706665899E2
1677,L3B,LCAV,CAVL226,F1.3-14,1.037743,,,,,,,,,,2.3359375,4.8200489105E2,4.7190984E2,0.28,-0.99,0.0,0.0,0.0,1.3E3,15.625,0.0,15.056714427368,1.0,,,,,,,,,,,,,,,,,,,,,,,,4.719098399E2
1681,L3B,LCAV,CAVL227,F1.3-14,1.037743,,,,,,,,,,2.3515625,4.8338849105E2,4.7329344E2,0.28,-0.99,0.0,0.0,0.0,1.3E3,15.625,0.0,15.056714427368,1.0,,,,,,,,,,,,,,,,,,,,,,,,4.732934399E2
1685,L3B,LCAV,CAVL228,F1.3-14,1.037743,,,,,,,,,,2.3671875,4.8477209105E2,4.7467704E2,0.28,-0.99,0.0,0.0,0.0,1.3E3,15.625,0.0,15.056714427368,1.0,,,,,,,,,,,,,,,,,,,,,,,,4.746770399E2
1688,L3B,BPM,CMB22,cryo F1.3-14,0.0,,,,,,,,,,2.375,4.85583481E2,4.7548843E2,0.28,-0.99,0.0,0.0,0.0,,,,,,,,,,,,,,,,,,,,,,,,,,,,,4.754884299E2
1690,L3B,QUAD,QCM22,cryo SPQA119,0.23,0.0762,,-0.1853341325,,0.0,,,,,2.375,4.85847921E2,4.7575287E2,0.28,-0.99,0.0,0.0,0.0,,,,,,,,,,-3.376961789173,1.468244256162,,,,,,,,,,,,,,,,,,4.757528699E2
1691,L3B,XCOR,XCM22,cryo F1.3-14,0.0,,,,,,,,,,2.375,4.85847921E2,4.7575287E2,0.28,-0.99,0.0,0.0,0.0,,,,,,,,,,,,,,,,,,,,,,,,,,,,,4.757528699E2
1692,L3B,YCOR,YCM22,cryo F1.3-14,0.0,,,,,,,,,,2.375,4.85847921E2,4.7575287E2,0.28,-0.99,0.0,0.0,0.0,,,,,,,,,,,,,,,,,,,,,,,,,,,,,4.757528699E2
1695,L3B,MARK,CM22END,,,,,,,,,,,,2.375,4.86199781E2,4.7610473E2,0.28,-0.99,0.0,0.0,0.0,,,,,,,,,,,,,,,,,,,,,,,,,,,,,4.761047299E2
1697,L3B,MARK,HOMCM22,,,,,,,,,,,,2.375,4.86365551E2,4.762705E2,0.28,-0.99,0.0,0.0,0.0,,,,,,,,,,,,,,,,,,,,,,,,,,,,,4.762704999E2
1699,L3B,MARK,CM23BEG,,,,,,,,,,,,2.375,4.86509971E2,4.7641492E2,0.28,-0.99,0.0,0.0,0.0,,,,,,,,,,,,,,,,,,,,,,,,,,,,,4.764149199E2
1702,L3B,LCAV,CAVL231,F1.3-15,1.037743,,,,,,,,,,2.3828125,4.8730728105E2,4.7721223E2,0.28,-0.99,0.0,0.0,0.0,1.3E3,15.625,0.0,15.056714427368,1.0,,,,,,,,,,,,,,,,,,,,,,,,4.772122299E2
1706,L3B,LCAV,CAVL232,F1.3-15,1.037743,,,,,,,,,,2.3984375,4.8869088105E2,4.7859583E2,0.28,-0.99,0.0,0.0,0.0,1.3E3,15.625,0.0,15.056714427368,1.0,,,,,,,,,,,,,,,,,,,,,,,,4.785958299E2
1710,L3B,LCAV,CAVL233,F1.3-15,1.037743,,,,,,,,,,2.4140625,4.9007448105E2,4.7997943E2,0.28,-0.99,0.0,0.0,0.0,1.3E3,15.625,0.0,15.056714427368,1.0,,,,,,,,,,,,,,,,,,,,,,,,4.799794299E2
1714,L3B,LCAV,CAVL234,F1.3-15,1.037743,,,,,,,,,,2.4296875,4.9145808105E2,4.8136303E2,0.28,-0.99,0.0,0.0,0.0,1.3E3,15.625,0.0,15.056714427368,1.0,,,,,,,,,,,,,,,,,,,,,,,,4.813630299E2
1718,L3B,LCAV,CAVL235,F1.3-15,1.037744,,,,,,,,,,2.4453125,4.9284168105E2,4.8274663E2,0.28,-0.99,0.0,0.0,0.0,1.3E3,15.625,0.0,15.056699918284,1.0,,,,,,,,,,,,,,,,,,,,,,,,4.827466299E2
1719,L3B,INST,CSP23,,0.0,,,,,,,,,,2.44742571,4.92982031E2,4.8288698E2,0.28,-0.99,0.0,0.0,0.0,,,,,,,,,,,,,,,,,,,,,,,,,,,,,4.828869799E2
1724,L3B,LCAV,CAVL236,F1.3-15,1.037743,,,,,,,,,,2.4609375,4.9422528105E2,4.8413023E2,0.28,-0.99,0.0,0.0,0.0,1.3E3,15.625,0.0,15.056714427368,1.0,,,,,,,,,,,,,,,,,,,,,,,,4.841302299E2
1728,L3B,LCAV,CAVL237,F1.3-15,1.037743,,,,,,,,,,2.4765625,4.9560888105E2,4.8551383E2,0.28,-0.99,0.0,0.0,0.0,1.3E3,15.625,0.0,15.056714427368,1.0,,,,,,,,,,,,,,,,,,,,,,,,4.855138299E2
1732,L3B,LCAV,CAVL238,F1.3-15,1.037743,,,,,,,,,,2.4921875,4.9699248105E2,4.8689743E2,0.28,-0.99,0.0,0.0,0.0,1.3E3,15.625,0.0,15.056714427368,1.0,,,,,,,,,,,,,,,,,,,,,,,,4.868974299E2
1735,L3B,BPM,CMB23,cryo F1.3-15,0.0,,,,,,,,,,2.5,4.97803871E2,4.8770882E2,0.28,-0.99,0.0,0.0,0.0,,,,,,,,,,,,,,,,,,,,,,,,,,,,,4.877088199E2
1737,L3B,QUAD,QCM23,cryo SPQA121,0.23,0.0762,,0.1853341325,,0.0,,,,,2.5,4.98068311E2,4.8797326E2,0.28,-0.99,0.0,0.0,0.0,,,,,,,,,,3.554696628204,-1.545520273132,,,,,,,,,,,,,,,,,,4.879732599E2
1738,L3B,XCOR,XCM23,cryo F1.3-15,0.0,,,,,,,,,,2.5,4.98068311E2,4.8797326E2,0.28,-0.99,0.0,0.0,0.0,,,,,,,,,,,,,,,,,,,,,,,,,,,,,4.879732599E2
1739,L3B,YCOR,YCM23,cryo F1.3-15,0.0,,,,,,,,,,2.5,4.98068311E2,4.8797326E2,0.28,-0.99,0.0,0.0,0.0,,,,,,,,,,,,,,,,,,,,,,,,,,,,,4.879732599E2
1742,L3B,MARK,CM23END,,,,,,,,,,,,2.5,4.98420171E2,4.8832512E2,0.28,-0.99,0.0,0.0,0.0,,,,,,,,,,,,,,,,,,,,,,,,,,,,,4.883251199E2
1744,L3B,MARK,HOMCM23,,,,,,,,,,,,2.5,4.98585941E2,4.8849089E2,0.28,-0.99,0.0,0.0,0.0,,,,,,,,,,,,,,,,,,,,,,,,,,,,,4.884908899E2
1746,L3B,MARK,CM24BEG,,,,,,,,,,,,2.5,4.98730361E2,4.8863531E2,0.28,-0.99,0.0,0.0,0.0,,,,,,,,,,,,,,,,,,,,,,,,,,,,,4.886353099E2
1749,L3B,LCAV,CAVL241,F1.3-16,1.037743,,,,,,,,,,2.5078125,4.9952767105E2,4.8943262E2,0.28,-0.99,0.0,0.0,0.0,1.3E3,15.625,0.0,15.056714427368,1.0,,,,,,,,,,,,,,,,,,,,,,,,4.894326199E2
1753,L3B,LCAV,CAVL242,F1.3-16,1.037743,,,,,,,,,,2.5234375,5.0091127105E2,4.9081622E2,0.28,-0.99,0.0,0.0,0.0,1.3E3,15.625,0.0,15.056714427368,1.0,,,,,,,,,,,,,,,,,,,,,,,,4.908162199E2
1757,L3B,LCAV,CAVL243,F1.3-16,1.037743,,,,,,,,,,2.5390625,5.0229487105E2,4.9219982E2,0.28,-0.99,0.0,0.0,0.0,1.3E3,15.625,0.0,15.056714427368,1.0,,,,,,,,,,,,,,,,,,,,,,,,4.921998199E2
1761,L3B,LCAV,CAVL244,F1.3-16,1.037743,,,,,,,,,,2.5546875,5.0367847105E2,4.9358342E2,0.28,-0.99,0.0,0.0,0.0,1.3E3,15.625,0.0,15.056714427368,1.0,,,,,,,,,,,,,,,,,,,,,,,,4.935834199E2
1765,L3B,LCAV,CAVL245,F1.3-16,1.037744,,,,,,,,,,2.5703125,5.0506207105E2,4.9496702E2,0.28,-0.99,0.0,0.0,0.0,1.3E3,15.625,0.0,15.056699918284,1.0,,,,,,,,,,,,,,,,,,,,,,,,4.949670199E2
1766,L3B,INST,CSP24,,0.0,,,,,,,,,,2.57242571,5.05202421E2,4.9510737E2,0.28,-0.99,0.0,0.0,0.0,,,,,,,,,,,,,,,,,,,,,,,,,,,,,4.951073699E2
1771,L3B,LCAV,CAVL246,F1.3-16,1.037743,,,,,,,,,,2.5859375,5.0644567105E2,4.9635062E2,0.28,-0.99,0.0,0.0,0.0,1.3E3,15.625,0.0,15.056714427368,1.0,,,,,,,,,,,,,,,,,,,,,,,,4.963506199E2
1775,L3B,LCAV,CAVL247,F1.3-16,1.037743,,,,,,,,,,2.6015625,5.0782927105E2,4.9773422E2,0.28,-0.99,0.0,0.0,0.0,1.3E3,15.625,0.0,15.056714427368,1.0,,,,,,,,,,,,,,,,,,,,,,,,4.977342199E2
1779,L3B,LCAV,CAVL248,F1.3-16,1.037743,,,,,,,,,,2.6171875,5.0921287105E2,4.9911782E2,0.28,-0.99,0.0,0.0,0.0,1.3E3,15.625,0.0,15.056714427368,1.0,,,,,,,,,,,,,,,,,,,,,,,,4.991178199E2
1782,L3B,BPM,CMB24,cryo F1.3-16,0.0,,,,,,,,,,2.625,5.10024261E2,4.9992921E2,0.28,-0.99,0.0,0.0,0.0,,,,,,,,,,,,,,,,,,,,,,,,,,,,,4.999292099E2
1784,L3B,QUAD,QCM24,cryo SPQA123,0.23,0.0762,,-0.1899770013,,0.0,,,,,2.625,5.10288701E2,5.0019365E2,0.28,-0.99,0.0,0.0,0.0,,,,,,,,,,-3.825933885289,1.663449515343,,,,,,,,,,,,,,,,,,5.001936499E2
1785,L3B,XCOR,XCM24,cryo F1.3-16,0.0,,,,,,,,,,2.625,5.10288701E2,5.0019365E2,0.28,-0.99,0.0,0.0,0.0,,,,,,,,,,,,,,,,,,,,,,,,,,,,,5.001936499E2
1786,L3B,YCOR,YCM24,cryo F1.3-16,0.0,,,,,,,,,,2.625,5.10288701E2,5.0019365E2,0.28,-0.99,0.0,0.0,0.0,,,,,,,,,,,,,,,,,,,,,,,,,,,,,5.001936499E2
1789,L3B,MARK,CM24END,,,,,,,,,,,,2.625,5.10640561E2,5.0054551E2,0.28,-0.99,0.0,0.0,0.0,,,,,,,,,,,,,,,,,,,,,,,,,,,,,5.005455099E2
1791,L3B,MARK,HOMCM24,,,,,,,,,,,,2.625,5.10806331E2,5.0071128E2,0.28,-0.99,0.0,0.0,0.0,,,,,,,,,,,,,,,,,,,,,,,,,,,,,5.007112799E2
1793,L3B,MARK,CM25BEG,,,,,,,,,,,,2.625,5.10950751E2,5.008557E2,0.28,-0.99,0.0,0.0,0.0,,,,,,,,,,,,,,,,,,,,,,,,,,,,,5.008556999E2
1796,L3B,LCAV,CAVL251,J1.3-17,1.037743,,,,,,,,,,2.6328125,5.1174806105E2,5.0165301E2,0.28,-0.99,0.0,0.0,0.0,1.3E3,15.625,0.0,15.056714427368,1.0,,,,,,,,,,,,,,,,,,,,,,,,5.016530099E2
1800,L3B,LCAV,CAVL252,J1.3-17,1.037743,,,,,,,,,,2.6484375,5.1313166105E2,5.0303661E2,0.28,-0.99,0.0,0.0,0.0,1.3E3,15.625,0.0,15.056714427368,1.0,,,,,,,,,,,,,,,,,,,,,,,,5.030366099E2
1804,L3B,LCAV,CAVL253,J1.3-17,1.037743,,,,,,,,,,2.6640625,5.1451526105E2,5.0442021E2,0.28,-0.99,0.0,0.0,0.0,1.3E3,15.625,0.0,15.056714427368,1.0,,,,,,,,,,,,,,,,,,,,,,,,5.044202099E2
1808,L3B,LCAV,CAVL254,J1.3-17,1.037743,,,,,,,,,,2.6796875,5.1589886105E2,5.0580381E2,0.28,-0.99,0.0,0.0,0.0,1.3E3,15.625,0.0,15.056714427368,1.0,,,,,,,,,,,,,,,,,,,,,,,,5.058038099E2
1812,L3B,LCAV,CAVL255,J1.3-17,1.037744,,,,,,,,,,2.6953125,5.1728246105E2,5.0718741E2,0.28,-0.99,0.0,0.0,0.0,1.3E3,15.625,0.0,15.056699918284,1.0,,,,,,,,,,,,,,,,,,,,,,,,5.071874099E2
1813,L3B,INST,CSP25,,0.0,,,,,,,,,,2.69742571,5.17422811E2,5.0732776E2,0.28,-0.99,0.0,0.0,0.0,,,,,,,,,,,,,,,,,,,,,,,,,,,,,5.073277599E2
1818,L3B,LCAV,CAVL256,J1.3-17,1.037743,,,,,,,,,,2.7109375,5.1866606105E2,5.0857101E2,0.28,-0.99,0.0,0.0,0.0,1.3E3,15.625,0.0,15.056714427368,1.0,,,,,,,,,,,,,,,,,,,,,,,,5.085710099E2
1822,L3B,LCAV,CAVL257,J1.3-17,1.037743,,,,,,,,,,2.7265625,5.2004966105E2,5.0995461E2,0.28,-0.99,0.0,0.0,0.0,1.3E3,15.625,0.0,15.056714427368,1.0,,,,,,,,,,,,,,,,,,,,,,,,5.099546099E2
1826,L3B,LCAV,CAVL258,J1.3-17,1.037743,,,,,,,,,,2.7421875,5.2143326105E2,5.1133821E2,0.28,-0.99,0.0,0.0,0.0,1.3E3,15.625,0.0,15.056714427368,1.0,,,,,,,,,,,,,,,,,,,,,,,,5.113382099E2
1829,L3B,BPM,CMB25,cryo J1.3-17,0.0,,,,,,,,,,2.75,5.22244651E2,5.121496E2,0.28,-0.99,0.0,0.0,0.0,,,,,,,,,,,,,,,,,,,,,,,,,,,,,5.121495999E2
1831,L3B,QUAD,QCM25,cryo SPQA114,0.23,0.0762,,0.1811344564,,0.0,,,,,2.75,5.22509091E2,5.1241404E2,0.28,-0.99,0.0,0.0,0.0,,,,,,,,,,3.82156183846,-1.661548625417,,,,,,,,,,,,,,,,,,5.124140399E2
1832,L3B,XCOR,XCM25,cryo J1.3-17,0.0,,,,,,,,,,2.75,5.22509091E2,5.1241404E2,0.28,-0.99,0.0,0.0,0.0,,,,,,,,,,,,,,,,,,,,,,,,,,,,,5.124140399E2
1833,L3B,YCOR,YCM25,cryo J1.3-17,0.0,,,,,,,,,,2.75,5.22509091E2,5.1241404E2,0.28,-0.99,0.0,0.0,0.0,,,,,,,,,,,,,,,,,,,,,,,,,,,,,5.124140399E2
1836,L3B,MARK,CM25END,,,,,,,,,,,,2.75,5.22860951E2,5.127659E2,0.28,-0.99,0.0,0.0,0.0,,,,,,,,,,,,,,,,,,,,,,,,,,,,,5.127658999E2
1838,L3B,MARK,HOMCM25,,,,,,,,,,,,2.75,5.23026721E2,5.1293167E2,0.28,-0.99,0.0,0.0,0.0,,,,,,,,,,,,,,,,,,,,,,,,,,,,,5.129316699E2
1841,L3B,MARK,CM26BEG,,,,,,,,,,,,2.75,5.25720451E2,5.156254E2,0.28,-0.99,0.0,0.0,0.0,,,,,,,,,,,,,,,,,,,,,,,,,,,,,5.156253999E2
1844,L3B,LCAV,CAVL261,J1.3-01,1.037743,,,,,,,,,,2.7578125,5.2651776105E2,5.1642271E2,0.28,-0.99,0.0,0.0,0.0,1.3E3,15.625,0.0,15.056714427368,1.0,,,,,,,,,,,,,,,,,,,,,,,,5.164227099E2
1848,L3B,LCAV,CAVL262,J1.3-01,1.037743,,,,,,,,,,2.7734375,5.2790136105E2,5.1780631E2,0.28,-0.99,0.0,0.0,0.0,1.3E3,15.625,0.0,15.056714427368,1.0,,,,,,,,,,,,,,,,,,,,,,,,5.178063099E2
1852,L3B,LCAV,CAVL263,J1.3-01,1.037743,,,,,,,,,,2.7890625,5.2928496105E2,5.1918991E2,0.28,-0.99,0.0,0.0,0.0,1.3E3,15.625,0.0,15.056714427368,1.0,,,,,,,,,,,,,,,,,,,,,,,,5.191899099E2
1856,L3B,LCAV,CAVL264,J1.3-01,1.037743,,,,,,,,,,2.8046875,5.3066856105E2,5.2057351E2,0.28,-0.99,0.0,0.0,0.0,1.3E3,15.625,0.0,15.056714427368,1.0,,,,,,,,,,,,,,,,,,,,,,,,5.205735099E2
1860,L3B,LCAV,CAVL265,J1.3-01,1.037744,,,,,,,,,,2.8203125,5.3205216105E2,5.2195711E2,0.28,-0.99,0.0,0.0,0.0,1.3E3,15.625,0.0,15.056699918284,1.0,,,,,,,,,,,,,,,,,,,,,,,,5.219571099E2
1861,L3B,INST,CSP26,,0.0,,,,,,,,,,2.82242571,5.32192511E2,5.2209746E2,0.28,-0.99,0.0,0.0,0.0,,,,,,,,,,,,,,,,,,,,,,,,,,,,,5.220974599E2
1866,L3B,LCAV,CAVL266,J1.3-01,1.037743,,,,,,,,,,2.8359375,5.3343576105E2,5.2334071E2,0.28,-0.99,0.0,0.0,0.0,1.3E3,15.625,0.0,15.056714427368,1.0,,,,,,,,,,,,,,,,,,,,,,,,5.233407099E2
1870,L3B,LCAV,CAVL267,J1.3-01,1.037743,,,,,,,,,,2.8515625,5.3481936105E2,5.2472431E2,0.28,-0.99,0.0,0.0,0.0,1.3E3,15.625,0.0,15.056714427368,1.0,,,,,,,,,,,,,,,,,,,,,,,,5.247243099E2
1874,L3B,LCAV,CAVL268,J1.3-01,1.037743,,,,,,,,,,2.8671875,5.3620296105E2,5.2610791E2,0.28,-0.99,0.0,0.0,0.0,1.3E3,15.625,0.0,15.056714427368,1.0,,,,,,,,,,,,,,,,,,,,,,,,5.261079099E2
1877,L3B,BPM,CMB26,cryo J1.3-01,0.0,,,,,,,,,,2.875,5.37014351E2,5.269193E2,0.28,-0.99,0.0,0.0,0.0,,,,,,,,,,,,,,,,,,,,,,,,,,,,,5.269192999E2
1879,L3B,QUAD,QCM26,cryo SPQA002,0.23,0.0762,,-0.1812739312,,0.0,,,,,2.875,5.37278791E2,5.2718374E2,0.28,-0.99,0.0,0.0,0.0,,,,,,,,,,-3.998345585886,1.738411124298,,,,,,,,,,,,,,,,,,5.271837399E2
1880,L3B,XCOR,XCM26,cryo J1.3-01,0.0,,,,,,,,,,2.875,5.37278791E2,5.2718374E2,0.28,-0.99,0.0,0.0,0.0,,,,,,,,,,,,,,,,,,,,,,,,,,,,,5.271837399E2
1881,L3B,YCOR,YCM26,cryo J1.3-01,0.0,,,,,,,,,,2.875,5.37278791E2,5.2718374E2,0.28,-0.99,0.0,0.0,0.0,,,,,,,,,,,,,,,,,,,,,,,,,,,,,5.271837399E2
1884,L3B,MARK,CM26END,,,,,,,,,,,,2.875,5.37630651E2,5.275356E2,0.28,-0.99,0.0,0.0,0.0,,,,,,,,,,,,,,,,,,,,,,,,,,,,,5.275355999E2
1886,L3B,MARK,HOMCM26,,,,,,,,,,,,2.875,5.37796421E2,5.2770137E2,0.28,-0.99,0.0,0.0,0.0,,,,,,,,,,,,,,,,,,,,,,,,,,,,,5.277013699E2
1888,L3B,MARK,CM27BEG,,,,,,,,,,,,2.875,5.37940841E2,5.2784579E2,0.28,-0.99,0.0,0.0,0.0,,,,,,,,,,,,,,,,,,,,,,,,,,,,,5.278457899E2
1891,L3B,LCAV,CAVL271,F1.3-02,1.037743,,,,,,,,,,2.8828125,5.3873815105E2,5.286431E2,0.28,-0.99,0.0,0.0,0.0,1.3E3,15.625,0.0,15.056714427368,1.0,,,,,,,,,,,,,,,,,,,,,,,,5.286430999E2
1895,L3B,LCAV,CAVL272,F1.3-02,1.037743,,,,,,,,,,2.8984375,5.4012175105E2,5.300267E2,0.28,-0.99,0.0,0.0,0.0,1.3E3,15.625,0.0,15.056714427368,1.0,,,,,,,,,,,,,,,,,,,,,,,,5.300266999E2
1899,L3B,LCAV,CAVL273,F1.3-02,1.037743,,,,,,,,,,2.9140625,5.4150535105E2,5.314103E2,0.28,-0.99,0.0,0.0,0.0,1.3E3,15.625,0.0,15.056714427368,1.0,,,,,,,,,,,,,,,,,,,,,,,,5.314102999E2
1903,L3B,LCAV,CAVL274,F1.3-02,1.037743,,,,,,,,,,2.9296875,5.4288895105E2,5.327939E2,0.28,-0.99,0.0,0.0,0.0,1.3E3,15.625,0.0,15.056714427368,1.0,,,,,,,,,,,,,,,,,,,,,,,,5.327938999E2
1907,L3B,LCAV,CAVL275,F1.3-02,1.037744,,,,,,,,,,2.9453125,5.4427255105E2,5.341775E2,0.28,-0.99,0.0,0.0,0.0,1.3E3,15.625,0.0,15.056699918284,1.0,,,,,,,,,,,,,,,,,,,,,,,,5.341774999E2
1908,L3B,INST,CSP27,,0.0,,,,,,,,,,2.94742571,5.44412901E2,5.3431785E2,0.28,-0.99,0.0,0.0,0.0,,,,,,,,,,,,,,,,,,,,,,,,,,,,,5.343178499E2
1913,L3B,LCAV,CAVL276,F1.3-02,1.037743,,,,,,,,,,2.9609375,5.4565615105E2,5.355611E2,0.28,-0.99,0.0,0.0,0.0,1.3E3,15.625,0.0,15.056714427368,1.0,,,,,,,,,,,,,,,,,,,,,,,,5.355610999E2
1917,L3B,LCAV,CAVL277,F1.3-02,1.037743,,,,,,,,,,2.9765625,5.4703975105E2,5.369447E2,0.28,-0.99,0.0,0.0,0.0,1.3E3,15.625,0.0,15.056714427368,1.0,,,,,,,,,,,,,,,,,,,,,,,,5.369446999E2
1921,L3B,LCAV,CAVL278,F1.3-02,1.037743,,,,,,,,,,2.9921875,5.4842335105E2,5.383283E2,0.28,-0.99,0.0,0.0,0.0,1.3E3,15.625,0.0,15.056714427368,1.0,,,,,,,,,,,,,,,,,,,,,,,,5.383282999E2
1924,L3B,BPM,CMB27,cryo F1.3-02,0.0,,,,,,,,,,3.0,5.49234741E2,5.3913969E2,0.28,-0.99,0.0,0.0,0.0,,,,,,,,,,,,,,,,,,,,,,,,,,,,,5.391396899E2
1926,L3B,QUAD,QCM27,cryo SPQA003,0.23,0.0762,,0.1904421176,,0.0,,,,,3.0,5.49499181E2,5.3940413E2,0.28,-0.99,0.0,0.0,0.0,,,,,,,,,,4.38320096891,-1.9057395517,,,,,,,,,,,,,,,,,,5.394041299E2
1927,L3B,XCOR,XCM27,cryo F1.3-02,0.0,,,,,,,,,,3.0,5.49499181E2,5.3940413E2,0.28,-0.99,0.0,0.0,0.0,,,,,,,,,,,,,,,,,,,,,,,,,,,,,5.394041299E2
1928,L3B,YCOR,YCM27,cryo F1.3-02,0.0,,,,,,,,,,3.0,5.49499181E2,5.3940413E2,0.28,-0.99,0.0,0.0,0.0,,,,,,,,,,,,,,,,,,,,,,,,,,,,,5.394041299E2
1931,L3B,MARK,CM27END,,,,,,,,,,,,3.0,5.49851041E2,5.3975599E2,0.28,-0.99,0.0,0.0,0.0,,,,,,,,,,,,,,,,,,,,,,,,,,,,,5.397559899E2
1933,L3B,MARK,HOMCM27,,,,,,,,,,,,3.0,5.50016811E2,5.3992176E2,0.28,-0.99,0.0,0.0,0.0,,,,,,,,,,,,,,,,,,,,,,,,,,,,,5.399217599E2
1935,L3B,MARK,CM28BEG,,,,,,,,,,,,3.0,5.50161231E2,5.4006618E2,0.28,-0.99,0.0,0.0,0.0,,,,,,,,,,,,,,,,,,,,,,,,,,,,,5.400661799E2
1938,L3B,LCAV,CAVL281,J1.3-03,1.037743,,,,,,,,,,3.0078125,5.5095854105E2,5.4086349E2,0.28,-0.99,0.0,0.0,0.0,1.3E3,15.625,0.0,15.056714427368,1.0,,,,,,,,,,,,,,,,,,,,,,,,5.408634899E2
1942,L3B,LCAV,CAVL282,J1.3-03,1.037743,,,,,,,,,,3.0234375,5.5234214105E2,5.4224709E2,0.28,-0.99,0.0,0.0,0.0,1.3E3,15.625,0.0,15.056714427368,1.0,,,,,,,,,,,,,,,,,,,,,,,,5.422470899E2
1946,L3B,LCAV,CAVL283,J1.3-03,1.037743,,,,,,,,,,3.0390625,5.5372574105E2,5.4363069E2,0.28,-0.99,0.0,0.0,0.0,1.3E3,15.625,0.0,15.056714427368,1.0,,,,,,,,,,,,,,,,,,,,,,,,5.436306899E2
1950,L3B,LCAV,CAVL284,J1.3-03,1.037743,,,,,,,,,,3.0546875,5.5510934105E2,5.4501429E2,0.28,-0.99,0.0,0.0,0.0,1.3E3,15.625,0.0,15.056714427368,1.0,,,,,,,,,,,,,,,,,,,,,,,,5.450142899E2
1954,L3B,LCAV,CAVL285,J1.3-03,1.037744,,,,,,,,,,3.0703125,5.5649294105E2,5.4639789E2,0.28,-0.99,0.0,0.0,0.0,1.3E3,15.625,0.0,15.056699918284,1.0,,,,,,,,,,,,,,,,,,,,,,,,5.463978899E2
1955,L3B,INST,CSP28,,0.0,,,,,,,,,,3.07242571,5.56633291E2,5.4653824E2,0.28,-0.99,0.0,0.0,0.0,,,,,,,,,,,,,,,,,,,,,,,,,,,,,5.465382399E2
1960,L3B,LCAV,CAVL286,J1.3-03,1.037743,,,,,,,,,,3.0859375,5.5787654105E2,5.4778149E2,0.28,-0.99,0.0,0.0,0.0,1.3E3,15.625,0.0,15.056714427368,1.0,,,,,,,,,,,,,,,,,,,,,,,,5.477814899E2
1964,L3B,LCAV,CAVL287,J1.3-03,1.037743,,,,,,,,,,3.1015625,5.5926014105E2,5.4916509E2,0.28,-0.99,0.0,0.0,0.0,1.3E3,15.625,0.0,15.056714427368,1.0,,,,,,,,,,,,,,,,,,,,,,,,5.491650899E2
1968,L3B,LCAV,CAVL288,J1.3-03,1.037743,,,,,,,,,,3.1171875,5.6064374105E2,5.5054869E2,0.28,-0.99,0.0,0.0,0.0,1.3E3,15.625,0.0,15.056714427368,1.0,,,,,,,,,,,,,,,,,,,,,,,,5.505486899E2
1971,L3B,BPM,CMB28,cryo J1.3-03,0.0,,,,,,,,,,3.125,5.61455131E2,5.5136008E2,0.28,-0.99,0.0,0.0,0.0,,,,,,,,,,,,,,,,,,,,,,,,,,,,,5.513600799E2
1973,L3B,QUAD,QCM28,cryo SPQA102,0.23,0.0762,,-0.1853341325,,0.0,,,,,3.125,5.61719571E2,5.5162452E2,0.28,-0.99,0.0,0.0,0.0,,,,,,,,,,-4.44337081867,1.931900355944,,,,,,,,,,,,,,,,,,5.516245199E2
1974,L3B,XCOR,XCM28,cryo J1.3-03,0.0,,,,,,,,,,3.125,5.61719571E2,5.5162452E2,0.28,-0.99,0.0,0.0,0.0,,,,,,,,,,,,,,,,,,,,,,,,,,,,,5.516245199E2
1975,L3B,YCOR,YCM28,cryo J1.3-03,0.0,,,,,,,,,,3.125,5.61719571E2,5.5162452E2,0.28,-0.99,0.0,0.0,0.0,,,,,,,,,,,,,,,,,,,,,,,,,,,,,5.516245199E2
1978,L3B,MARK,CM28END,,,,,,,,,,,,3.125,5.62071431E2,5.5197638E2,0.28,-0.99,0.0,0.0,0.0,,,,,,,,,,,,,,,,,,,,,,,,,,,,,5.519763799E2
1980,L3B,MARK,HOMCM28,,,,,,,,,,,,3.125,5.62237201E2,5.5214215E2,0.28,-0.99,0.0,0.0,0.0,,,,,,,,,,,,,,,,,,,,,,,,,,,,,5.521421499E2
1982,L3B,MARK,CM29BEG,,,,,,,,,,,,3.125,5.62381621E2,5.5228657E2,0.28,-0.99,0.0,0.0,0.0,,,,,,,,,,,,,,,,,,,,,,,,,,,,,5.522865699E2
1985,L3B,LCAV,CAVL291,J1.3-18,1.037743,,,,,,,,,,3.1328125,5.6317893105E2,5.5308388E2,0.28,-0.99,0.0,0.0,0.0,1.3E3,15.625,0.0,15.056714427368,1.0,,,,,,,,,,,,,,,,,,,,,,,,5.530838799E2
1989,L3B,LCAV,CAVL292,J1.3-18,1.037743,,,,,,,,,,3.1484375,5.6456253105E2,5.5446748E2,0.28,-0.99,0.0,0.0,0.0,1.3E3,15.625,0.0,15.056714427368,1.0,,,,,,,,,,,,,,,,,,,,,,,,5.544674799E2
1993,L3B,LCAV,CAVL293,J1.3-18,1.037743,,,,,,,,,,3.1640625,5.6594613105E2,5.5585108E2,0.28,-0.99,0.0,0.0,0.0,1.3E3,15.625,0.0,15.056714427368,1.0,,,,,,,,,,,,,,,,,,,,,,,,5.558510799E2
1997,L3B,LCAV,CAVL294,J1.3-18,1.037743,,,,,,,,,,3.1796875,5.6732973105E2,5.5723468E2,0.28,-0.99,0.0,0.0,0.0,1.3E3,15.625,0.0,15.056714427368,1.0,,,,,,,,,,,,,,,,,,,,,,,,5.572346799E2
2001,L3B,LCAV,CAVL295,J1.3-18,1.037744,,,,,,,,,,3.1953125,5.6871333105E2,5.5861828E2,0.28,-0.99,0.0,0.0,0.0,1.3E3,15.625,0.0,15.056699918284,1.0,,,,,,,,,,,,,,,,,,,,,,,,5.586182799E2
2002,L3B,INST,CSP29,,0.0,,,,,,,,,,3.19742571,5.68853681E2,5.5875863E2,0.28,-0.99,0.0,0.0,0.0,,,,,,,,,,,,,,,,,,,,,,,,,,,,,5.587586299E2
2007,L3B,LCAV,CAVL296,J1.3-18,1.037743,,,,,,,,,,3.2109375,5.7009693105E2,5.6000188E2,0.28,-0.99,0.0,0.0,0.0,1.3E3,15.625,0.0,15.056714427368,1.0,,,,,,,,,,,,,,,,,,,,,,,,5.600018799E2
2011,L3B,LCAV,CAVL297,J1.3-18,1.037743,,,,,,,,,,3.2265625,5.7148053105E2,5.6138548E2,0.28,-0.99,0.0,0.0,0.0,1.3E3,15.625,0.0,15.056714427368,1.0,,,,,,,,,,,,,,,,,,,,,,,,5.613854799E2
2015,L3B,LCAV,CAVL298,J1.3-18,1.037743,,,,,,,,,,3.2421875,5.7286413105E2,5.6276908E2,0.28,-0.99,0.0,0.0,0.0,1.3E3,15.625,0.0,15.056714427368,1.0,,,,,,,,,,,,,,,,,,,,,,,,5.627690799E2
2018,L3B,BPM,CMB29,cryo J1.3-18,0.0,,,,,,,,,,3.25,5.73675521E2,5.6358047E2,0.28,-0.99,0.0,0.0,0.0,,,,,,,,,,,,,,,,,,,,,,,,,,,,,5.635804699E2
2020,L3B,QUAD,QCM29,cryo SPQA134,0.23,0.0762,,0.1873894971,,0.0,,,,,3.25,5.73939961E2,5.6384491E2,0.28,-0.99,0.0,0.0,0.0,,,,,,,,,,4.672353943969,-2.031458236508,,,,,,,,,,,,,,,,,,5.638449099E2
2021,L3B,XCOR,XCM29,cryo J1.3-18,0.0,,,,,,,,,,3.25,5.73939961E2,5.6384491E2,0.28,-0.99,0.0,0.0,0.0,,,,,,,,,,,,,,,,,,,,,,,,,,,,,5.638449099E2
2022,L3B,YCOR,YCM29,cryo J1.3-18,0.0,,,,,,,,,,3.25,5.73939961E2,5.6384491E2,0.28,-0.99,0.0,0.0,0.0,,,,,,,,,,,,,,,,,,,,,,,,,,,,,5.638449099E2
2025,L3B,MARK,CM29END,,,,,,,,,,,,3.25,5.74291821E2,5.6419677E2,0.28,-0.99,0.0,0.0,0.0,,,,,,,,,,,,,,,,,,,,,,,,,,,,,5.641967699E2
2027,L3B,MARK,HOMCM29,,,,,,,,,,,,3.25,5.74457591E2,5.6436254E2,0.28,-0.99,0.0,0.0,0.0,,,,,,,,,,,,,,,,,,,,,,,,,,,,,5.643625399E2
2029,L3B,MARK,CM30BEG,,,,,,,,,,,,3.25,5.74602011E2,5.6450696E2,0.28,-0.99,0.0,0.0,0.0,,,,,,,,,,,,,,,,,,,,,,,,,,,,,5.645069599E2
2032,L3B,LCAV,CAVL301,J1.3-16,1.037743,,,,,,,,,,3.2578125,5.7539932105E2,5.6530427E2,0.28,-0.99,0.0,0.0,0.0,1.3E3,15.625,0.0,15.056714427368,1.0,,,,,,,,,,,,,,,,,,,,,,,,5.653042699E2
2036,L3B,LCAV,CAVL302,J1.3-16,1.037743,,,,,,,,,,3.2734375,5.7678292105E2,5.6668787E2,0.28,-0.99,0.0,0.0,0.0,1.3E3,15.625,0.0,15.056714427368,1.0,,,,,,,,,,,,,,,,,,,,,,,,5.666878699E2
2040,L3B,LCAV,CAVL303,J1.3-16,1.037743,,,,,,,,,,3.2890625,5.7816652105E2,5.6807147E2,0.28,-0.99,0.0,0.0,0.0,1.3E3,15.625,0.0,15.056714427368,1.0,,,,,,,,,,,,,,,,,,,,,,,,5.680714699E2
2044,L3B,LCAV,CAVL304,J1.3-16,1.037743,,,,,,,,,,3.3046875,5.7955012105E2,5.6945507E2,0.28,-0.99,0.0,0.0,0.0,1.3E3,15.625,0.0,15.056714427368,1.0,,,,,,,,,,,,,,,,,,,,,,,,5.694550699E2
2048,L3B,LCAV,CAVL305,J1.3-16,1.037744,,,,,,,,,,3.3203125,5.8093372105E2,5.7083867E2,0.28,-0.99,0.0,0.0,0.0,1.3E3,15.625,0.0,15.056699918284,1.0,,,,,,,,,,,,,,,,,,,,,,,,5.708386699E2
2049,L3B,INST,CSP30,,0.0,,,,,,,,,,3.32242571,5.81074071E2,5.7097902E2,0.28,-0.99,0.0,0.0,0.0,,,,,,,,,,,,,,,,,,,,,,,,,,,,,5.709790199E2
2054,L3B,LCAV,CAVL306,J1.3-16,1.037743,,,,,,,,,,3.3359375,5.8231732105E2,5.7222227E2,0.28,-0.99,0.0,0.0,0.0,1.3E3,15.625,0.0,15.056714427368,1.0,,,,,,,,,,,,,,,,,,,,,,,,5.722222699E2
2058,L3B,LCAV,CAVL307,J1.3-16,1.037743,,,,,,,,,,3.3515625,5.8370092105E2,5.7360587E2,0.28,-0.99,0.0,0.0,0.0,1.3E3,15.625,0.0,15.056714427368,1.0,,,,,,,,,,,,,,,,,,,,,,,,5.736058699E2
2062,L3B,LCAV,CAVL308,J1.3-16,1.037743,,,,,,,,,,3.3671875,5.8508452105E2,5.7498947E2,0.28,-0.99,0.0,0.0,0.0,1.3E3,15.625,0.0,15.056714427368,1.0,,,,,,,,,,,,,,,,,,,,,,,,5.749894699E2
2065,L3B,BPM,CMB30,cryo J1.3-16,0.0,,,,,,,,,,3.375,5.85895911E2,5.7580086E2,0.28,-0.99,0.0,0.0,0.0,,,,,,,,,,,,,,,,,,,,,,,,,,,,,5.758008599E2
2067,L3B,QUAD,QCM30,cryo SPQA128,0.23,0.0762,,-0.1930904369,,0.0,,,,,3.375,5.86160351E2,5.760653E2,0.28,-0.99,0.0,0.0,0.0,,,,,,,,,,-4.99967380519,2.173771219648,,,,,,,,,,,,,,,,,,5.760652999E2
2068,L3B,XCOR,XCM30,cryo J1.3-16,0.0,,,,,,,,,,3.375,5.86160351E2,5.760653E2,0.28,-0.99,0.0,0.0,0.0,,,,,,,,,,,,,,,,,,,,,,,,,,,,,5.760652999E2
2069,L3B,YCOR,YCM30,cryo J1.3-16,0.0,,,,,,,,,,3.375,5.86160351E2,5.760653E2,0.28,-0.99,0.0,0.0,0.0,,,,,,,,,,,,,,,,,,,,,,,,,,,,,5.760652999E2
2072,L3B,MARK,CM30END,,,,,,,,,,,,3.375,5.86512211E2,5.7641716E2,0.28,-0.99,0.0,0.0,0.0,,,,,,,,,,,,,,,,,,,,,,,,,,,,,5.764171599E2
2074,L3B,MARK,HOMCM30,,,,,,,,,,,,3.375,5.86677981E2,5.7658293E2,0.28,-0.99,0.0,0.0,0.0,,,,,,,,,,,,,,,,,,,,,,,,,,,,,5.765829299E2
2076,L3B,MARK,CM31BEG,,,,,,,,,,,,3.375,5.86822401E2,5.7672735E2,0.28,-0.99,0.0,0.0,0.0,,,,,,,,,,,,,,,,,,,,,,,,,,,,,5.767273499E2
2079,L3B,LCAV,CAVL311,J1.3-19,1.037743,,,,,,,,,,3.3828125,5.8761971105E2,5.7752466E2,0.28,-0.99,0.0,0.0,0.0,1.3E3,15.625,0.0,15.056714427368,1.0,,,,,,,,,,,,,,,,,,,,,,,,5.775246599E2
2083,L3B,LCAV,CAVL312,J1.3-19,1.037743,,,,,,,,,,3.3984375,5.8900331105E2,5.7890826E2,0.28,-0.99,0.0,0.0,0.0,1.3E3,15.625,0.0,15.056714427368,1.0,,,,,,,,,,,,,,,,,,,,,,,,5.789082599E2
2087,L3B,LCAV,CAVL313,J1.3-19,1.037743,,,,,,,,,,3.4140625,5.9038691105E2,5.8029186E2,0.28,-0.99,0.0,0.0,0.0,1.3E3,15.625,0.0,15.056714427368,1.0,,,,,,,,,,,,,,,,,,,,,,,,5.802918599E2
2091,L3B,LCAV,CAVL314,J1.3-19,1.037743,,,,,,,,,,3.4296875,5.9177051105E2,5.8167546E2,0.28,-0.99,0.0,0.0,0.0,1.3E3,15.625,0.0,15.056714427368,1.0,,,,,,,,,,,,,,,,,,,,,,,,5.816754599E2
2095,L3B,LCAV,CAVL315,J1.3-19,1.037744,,,,,,,,,,3.4453125,5.9315411105E2,5.8305906E2,0.28,-0.99,0.0,0.0,0.0,1.3E3,15.625,0.0,15.056699918284,1.0,,,,,,,,,,,,,,,,,,,,,,,,5.830590599E2
2096,L3B,INST,CSP31,,0.0,,,,,,,,,,3.44742571,5.93294461E2,5.8319941E2,0.28,-0.99,0.0,0.0,0.0,,,,,,,,,,,,,,,,,,,,,,,,,,,,,5.831994099E2
2101,L3B,LCAV,CAVL316,J1.3-19,1.037743,,,,,,,,,,3.4609375,5.9453771105E2,5.8444266E2,0.28,-0.99,0.0,0.0,0.0,1.3E3,15.625,0.0,15.056714427368,1.0,,,,,,,,,,,,,,,,,,,,,,,,5.844426599E2
2105,L3B,LCAV,CAVL317,J1.3-19,1.037743,,,,,,,,,,3.4765625,5.9592131105E2,5.8582626E2,0.28,-0.99,0.0,0.0,0.0,1.3E3,15.625,0.0,15.056714427368,1.0,,,,,,,,,,,,,,,,,,,,,,,,5.858262599E2
2109,L3B,LCAV,CAVL318,J1.3-19,1.037743,,,,,,,,,,3.4921875,5.9730491105E2,5.8720986E2,0.28,-0.99,0.0,0.0,0.0,1.3E3,15.625,0.0,15.056714427368,1.0,,,,,,,,,,,,,,,,,,,,,,,,5.872098599E2
2112,L3B,BPM,CMB31,cryo J1.3-19,0.0,,,,,,,,,,3.5,5.98116301E2,5.8802125E2,0.28,-0.99,0.0,0.0,0.0,,,,,,,,,,,,,,,,,,,,,,,,,,,,,5.880212499E2
2114,L3B,QUAD,QCM31,cryo SPQA133,0.23,0.0762,,0.2065060354,,0.0,,,,,3.5,5.98380741E2,5.8828569E2,0.28,-0.99,0.0,0.0,0.0,,,,,,,,,,5.545081348419,-2.410904934095,,,,,,,,,,,,,,,,,,5.882856899E2
2115,L3B,XCOR,XCM31,cryo J1.3-19,0.0,,,,,,,,,,3.5,5.98380741E2,5.8828569E2,0.28,-0.99,0.0,0.0,0.0,,,,,,,,,,,,,,,,,,,,,,,,,,,,,5.882856899E2
2116,L3B,YCOR,YCM31,cryo J1.3-19,0.0,,,,,,,,,,3.5,5.98380741E2,5.8828569E2,0.28,-0.99,0.0,0.0,0.0,,,,,,,,,,,,,,,,,,,,,,,,,,,,,5.882856899E2
2119,L3B,MARK,CM31END,,,,,,,,,,,,3.5,5.98732601E2,5.8863755E2,0.28,-0.99,0.0,0.0,0.0,,,,,,,,,,,,,,,,,,,,,,,,,,,,,5.886375499E2
2121,L3B,MARK,HOMCM31,,,,,,,,,,,,3.5,5.98898371E2,5.8880332E2,0.28,-0.99,0.0,0.0,0.0,,,,,,,,,,,,,,,,,,,,,,,,,,,,,5.888033199E2
2123,L3B,MARK,CM32BEG,,,,,,,,,,,,3.5,5.99042791E2,5.8894774E2,0.28,-0.99,0.0,0.0,0.0,,,,,,,,,,,,,,,,,,,,,,,,,,,,,5.889477399E2
2126,L3B,LCAV,CAVL321,F1.3-03,1.037743,,,,,,,,,,3.5078125,5.9984010105E2,5.8974505E2,0.28,-0.99,0.0,0.0,0.0,1.3E3,15.625,0.0,15.056714427368,1.0,,,,,,,,,,,,,,,,,,,,,,,,5.897450499E2
2130,L3B,LCAV,CAVL322,F1.3-03,1.037743,,,,,,,,,,3.5234375,6.0122370105E2,5.9112865E2,0.28,-0.99,0.0,0.0,0.0,1.3E3,15.625,0.0,15.056714427368,1.0,,,,,,,,,,,,,,,,,,,,,,,,5.911286499E2
2134,L3B,LCAV,CAVL323,F1.3-03,1.037743,,,,,,,,,,3.5390625,6.0260730105E2,5.9251225E2,0.28,-0.99,0.0,0.0,0.0,1.3E3,15.625,0.0,15.056714427368,1.0,,,,,,,,,,,,,,,,,,,,,,,,5.925122499E2
2138,L3B,LCAV,CAVL324,F1.3-03,1.037743,,,,,,,,,,3.5546875,6.0399090105E2,5.9389585E2,0.28,-0.99,0.0,0.0,0.0,1.3E3,15.625,0.0,15.056714427368,1.0,,,,,,,,,,,,,,,,,,,,,,,,5.938958499E2
2142,L3B,LCAV,CAVL325,F1.3-03,1.037744,,,,,,,,,,3.5703125,6.0537450105E2,5.9527945E2,0.28,-0.99,0.0,0.0,0.0,1.3E3,15.625,0.0,15.056699918284,1.0,,,,,,,,,,,,,,,,,,,,,,,,5.952794499E2
2143,L3B,INST,CSP32,,0.0,,,,,,,,,,3.57242571,6.05514851E2,5.954198E2,0.28,-0.99,0.0,0.0,0.0,,,,,,,,,,,,,,,,,,,,,,,,,,,,,5.954197999E2
2148,L3B,LCAV,CAVL326,F1.3-03,1.037743,,,,,,,,,,3.5859375,6.0675810105E2,5.9666305E2,0.28,-0.99,0.0,0.0,0.0,1.3E3,15.625,0.0,15.056714427368,1.0,,,,,,,,,,,,,,,,,,,,,,,,5.966630499E2
2152,L3B,LCAV,CAVL327,F1.3-03,1.037743,,,,,,,,,,3.6015625,6.0814170105E2,5.9804665E2,0.28,-0.99,0.0,0.0,0.0,1.3E3,15.625,0.0,15.056714427368,1.0,,,,,,,,,,,,,,,,,,,,,,,,5.980466499E2
2156,L3B,LCAV,CAVL328,F1.3-03,1.037743,,,,,,,,,,3.6171875,6.0952530105E2,5.9943025E2,0.28,-0.99,0.0,0.0,0.0,1.3E3,15.625,0.0,15.056714427368,1.0,,,,,,,,,,,,,,,,,,,,,,,,5.994302499E2
2159,L3B,BPM,CMB32,cryo F1.3-03,0.0,,,,,,,,,,3.625,6.10336691E2,6.0024164E2,0.28,-0.99,0.0,0.0,0.0,,,,,,,,,,,,,,,,,,,,,,,,,,,,,6.002416399E2
2161,L3B,QUAD,QCM32,cryo SPQA129,0.23,0.0762,,-0.2437074871,,0.0,,,,,3.625,6.10601131E2,6.0050608E2,0.28,-0.99,0.0,0.0,0.0,,,,,,,,,,-6.777726054429,2.946837414969,,,,,,,,,,,,,,,,,,6.005060799E2
2162,L3B,XCOR,XCM32,cryo F1.3-03,0.0,,,,,,,,,,3.625,6.10601131E2,6.0050608E2,0.28,-0.99,0.0,0.0,0.0,,,,,,,,,,,,,,,,,,,,,,,,,,,,,6.005060799E2
2163,L3B,YCOR,YCM32,cryo F1.3-03,0.0,,,,,,,,,,3.625,6.10601131E2,6.0050608E2,0.28,-0.99,0.0,0.0,0.0,,,,,,,,,,,,,,,,,,,,,,,,,,,,,6.005060799E2
2166,L3B,MARK,CM32END,,,,,,,,,,,,3.625,6.10952991E2,6.0085794E2,0.28,-0.99,0.0,0.0,0.0,,,,,,,,,,,,,,,,,,,,,,,,,,,,,6.008579399E2
2168,L3B,MARK,HOMCM32,,,,,,,,,,,,3.625,6.11118761E2,6.0102371E2,0.28,-0.99,0.0,0.0,0.0,,,,,,,,,,,,,,,,,,,,,,,,,,,,,6.010237099E2
2170,L3B,MARK,CM33BEG,,,,,,,,,,,,3.625,6.11263181E2,6.0116813E2,0.28,-0.99,0.0,0.0,0.0,,,,,,,,,,,,,,,,,,,,,,,,,,,,,6.011681299E2
2173,L3B,LCAV,CAVL331,J1.3-05,1.037743,,,,,,,,,,3.6328125,6.1206049105E2,6.0196544E2,0.28,-0.99,0.0,0.0,0.0,1.3E3,15.625,0.0,15.056714427368,1.0,,,,,,,,,,,,,,,,,,,,,,,,6.019654399E2
2177,L3B,LCAV,CAVL332,J1.3-05,1.037743,,,,,,,,,,3.6484375,6.1344409105E2,6.0334904E2,0.28,-0.99,0.0,0.0,0.0,1.3E3,15.625,0.0,15.056714427368,1.0,,,,,,,,,,,,,,,,,,,,,,,,6.033490399E2
2181,L3B,LCAV,CAVL333,J1.3-05,1.037743,,,,,,,,,,3.6640625,6.1482769105E2,6.0473264E2,0.28,-0.99,0.0,0.0,0.0,1.3E3,15.625,0.0,15.056714427368,1.0,,,,,,,,,,,,,,,,,,,,,,,,6.047326399E2
2185,L3B,LCAV,CAVL334,J1.3-05,1.037743,,,,,,,,,,3.6796875,6.1621129105E2,6.0611624E2,0.28,-0.99,0.0,0.0,0.0,1.3E3,15.625,0.0,15.056714427368,1.0,,,,,,,,,,,,,,,,,,,,,,,,6.061162399E2
2189,L3B,LCAV,CAVL335,J1.3-05,1.037744,,,,,,,,,,3.6953125,6.1759489105E2,6.0749984E2,0.28,-0.99,0.0,0.0,0.0,1.3E3,15.625,0.0,15.056699918284,1.0,,,,,,,,,,,,,,,,,,,,,,,,6.074998399E2
2190,L3B,INST,CSP33,,0.0,,,,,,,,,,3.69742571,6.17735241E2,6.0764019E2,0.28,-0.99,0.0,0.0,0.0,,,,,,,,,,,,,,,,,,,,,,,,,,,,,6.076401899E2
2195,L3B,LCAV,CAVL336,J1.3-05,1.037743,,,,,,,,,,3.7109375,6.1897849105E2,6.0888344E2,0.28,-0.99,0.0,0.0,0.0,1.3E3,15.625,0.0,15.056714427368,1.0,,,,,,,,,,,,,,,,,,,,,,,,6.088834399E2
2199,L3B,LCAV,CAVL337,J1.3-05,1.037743,,,,,,,,,,3.7265625,6.2036209105E2,6.1026704E2,0.28,-0.99,0.0,0.0,0.0,1.3E3,15.625,0.0,15.056714427368,1.0,,,,,,,,,,,,,,,,,,,,,,,,6.102670399E2
2203,L3B,LCAV,CAVL338,J1.3-05,1.037743,,,,,,,,,,3.7421875,6.2174569105E2,6.1165064E2,0.28,-0.99,0.0,0.0,0.0,1.3E3,15.625,0.0,15.056714427368,1.0,,,,,,,,,,,,,,,,,,,,,,,,6.116506399E2
2206,L3B,BPM,CMB33,cryo J1.3-05,0.0,,,,,,,,,,3.75,6.22557081E2,6.1246203E2,0.28,-0.99,0.0,0.0,0.0,,,,,,,,,,,,,,,,,,,,,,,,,,,,,6.124620299E2
2208,L3B,QUAD,QCM33,cryo SPQA106,0.23,0.0762,,0.2196164627,,0.0,,,,,3.75,6.22821521E2,6.1272647E2,0.28,-0.99,0.0,0.0,0.0,,,,,,,,,,6.318344316725,-2.747106224663,,,,,,,,,,,,,,,,,,6.127264699E2
2209,L3B,XCOR,XCM33,cryo J1.3-05,0.0,,,,,,,,,,3.75,6.22821521E2,6.1272647E2,0.28,-0.99,0.0,0.0,0.0,,,,,,,,,,,,,,,,,,,,,,,,,,,,,6.127264699E2
2210,L3B,YCOR,YCM33,cryo J1.3-05,0.0,,,,,,,,,,3.75,6.22821521E2,6.1272647E2,0.28,-0.99,0.0,0.0,0.0,,,,,,,,,,,,,,,,,,,,,,,,,,,,,6.127264699E2
2213,L3B,MARK,CM33END,,,,,,,,,,,,3.75,6.23173381E2,6.1307833E2,0.28,-0.99,0.0,0.0,0.0,,,,,,,,,,,,,,,,,,,,,,,,,,,,,6.130783299E2
2215,L3B,MARK,HOMCM33,,,,,,,,,,,,3.75,6.23339151E2,6.132441E2,0.28,-0.99,0.0,0.0,0.0,,,,,,,,,,,,,,,,,,,,,,,,,,,,,6.132440999E2
2217,L3B,MARK,CM34BEG,,,,,,,,,,,,3.75,6.23483571E2,6.1338852E2,0.28,-0.99,0.0,0.0,0.0,,,,,,,,,,,,,,,,,,,,,,,,,,,,,6.133885199E2
2220,L3B,LCAV,CAVL341,J1.3-09,1.037743,,,,,,,,,,3.7578125,6.2428088105E2,6.1418583E2,0.28,-0.99,0.0,0.0,0.0,1.3E3,15.625,0.0,15.056714427368,1.0,,,,,,,,,,,,,,,,,,,,,,,,6.141858299E2
2224,L3B,LCAV,CAVL342,J1.3-09,1.037743,,,,,,,,,,3.7734375,6.2566448105E2,6.1556943E2,0.28,-0.99,0.0,0.0,0.0,1.3E3,15.625,0.0,15.056714427368,1.0,,,,,,,,,,,,,,,,,,,,,,,,6.155694299E2
2228,L3B,LCAV,CAVL343,J1.3-09,1.037743,,,,,,,,,,3.7890625,6.2704808105E2,6.1695303E2,0.28,-0.99,0.0,0.0,0.0,1.3E3,15.625,0.0,15.056714427368,1.0,,,,,,,,,,,,,,,,,,,,,,,,6.169530299E2
2232,L3B,LCAV,CAVL344,J1.3-09,1.037743,,,,,,,,,,3.8046875,6.2843168105E2,6.1833663E2,0.28,-0.99,0.0,0.0,0.0,1.3E3,15.625,0.0,15.056714427368,1.0,,,,,,,,,,,,,,,,,,,,,,,,6.183366299E2
2236,L3B,LCAV,CAVL345,J1.3-09,1.037744,,,,,,,,,,3.8203125,6.2981528105E2,6.1972023E2,0.28,-0.99,0.0,0.0,0.0,1.3E3,15.625,0.0,15.056699918284,1.0,,,,,,,,,,,,,,,,,,,,,,,,6.197202299E2
2237,L3B,INST,CSP34,,0.0,,,,,,,,,,3.82242571,6.29955631E2,6.1986058E2,0.28,-0.99,0.0,0.0,0.0,,,,,,,,,,,,,,,,,,,,,,,,,,,,,6.198605799E2
2242,L3B,LCAV,CAVL346,J1.3-09,1.037743,,,,,,,,,,3.8359375,6.3119888105E2,6.2110383E2,0.28,-0.99,0.0,0.0,0.0,1.3E3,15.625,0.0,15.056714427368,1.0,,,,,,,,,,,,,,,,,,,,,,,,6.211038299E2
2246,L3B,LCAV,CAVL347,J1.3-09,1.037743,,,,,,,,,,3.8515625,6.3258248105E2,6.2248743E2,0.28,-0.99,0.0,0.0,0.0,1.3E3,15.625,0.0,15.056714427368,1.0,,,,,,,,,,,,,,,,,,,,,,,,6.224874299E2
2250,L3B,LCAV,CAVL348,J1.3-09,1.037743,,,,,,,,,,3.8671875,6.3396608105E2,6.2387103E2,0.28,-0.99,0.0,0.0,0.0,1.3E3,15.625,0.0,15.056714427368,1.0,,,,,,,,,,,,,,,,,,,,,,,,6.238710299E2
2253,L3B,BPM,CMB34,cryo J1.3-09,0.0,,,,,,,,,,3.875,6.34777471E2,6.2468242E2,0.28,-0.99,0.0,0.0,0.0,,,,,,,,,,,,,,,,,,,,,,,,,,,,,6.246824199E2
2255,L3B,QUAD,QCM34,cryo SPQA118,0.23,0.0762,,0.0,,0.0,,,,,3.875,6.35041911E2,6.2494686E2,0.28,-0.99,0.0,0.0,0.0,,,,,,,,,,0.0,0.0,,,,,,,,,,,,,,,,,,6.249468599E2
2256,L3B,XCOR,XCM34,cryo J1.3-09,0.0,,,,,,,,,,3.875,6.35041911E2,6.2494686E2,0.28,-0.99,0.0,0.0,0.0,,,,,,,,,,,,,,,,,,,,,,,,,,,,,6.249468599E2
2257,L3B,YCOR,YCM34,cryo J1.3-09,0.0,,,,,,,,,,3.875,6.35041911E2,6.2494686E2,0.28,-0.99,0.0,0.0,0.0,,,,,,,,,,,,,,,,,,,,,,,,,,,,,6.249468599E2
2260,L3B,MARK,CM34END,,,,,,,,,,,,3.875,6.35393771E2,6.2529872E2,0.28,-0.99,0.0,0.0,0.0,,,,,,,,,,,,,,,,,,,,,,,,,,,,,6.252987199E2
2262,L3B,MARK,HOMCM34,,,,,,,,,,,,3.875,6.35559541E2,6.2546449E2,0.28,-0.99,0.0,0.0,0.0,,,,,,,,,,,,,,,,,,,,,,,,,,,,,6.254644899E2
2264,L3B,MARK,CM35BEG,,,,,,,,,,,,3.875,6.35703961E2,6.2560891E2,0.28,-0.99,0.0,0.0,0.0,,,,,,,,,,,,,,,,,,,,,,,,,,,,,6.256089099E2
2267,L3B,LCAV,CAVL351,J1.3-07,1.037743,,,,,,,,,,3.8828125,6.3650127105E2,6.2640622E2,0.28,-0.99,0.0,0.0,0.0,1.3E3,15.625,0.0,15.056714427368,1.0,,,,,,,,,,,,,,,,,,,,,,,,6.264062199E2
2271,L3B,LCAV,CAVL352,J1.3-07,1.037743,,,,,,,,,,3.8984375,6.3788487105E2,6.2778982E2,0.28,-0.99,0.0,0.0,0.0,1.3E3,15.625,0.0,15.056714427368,1.0,,,,,,,,,,,,,,,,,,,,,,,,6.277898199E2
2275,L3B,LCAV,CAVL353,J1.3-07,1.037743,,,,,,,,,,3.9140625,6.3926847105E2,6.2917342E2,0.28,-0.99,0.0,0.0,0.0,1.3E3,15.625,0.0,15.056714427368,1.0,,,,,,,,,,,,,,,,,,,,,,,,6.291734199E2
2279,L3B,LCAV,CAVL354,J1.3-07,1.037743,,,,,,,,,,3.9296875,6.4065207105E2,6.3055702E2,0.28,-0.99,0.0,0.0,0.0,1.3E3,15.625,0.0,15.056714427368,1.0,,,,,,,,,,,,,,,,,,,,,,,,6.305570199E2
2283,L3B,LCAV,CAVL355,J1.3-07,1.037744,,,,,,,,,,3.9453125,6.4203567105E2,6.3194062E2,0.28,-0.99,0.0,0.0,0.0,1.3E3,15.625,0.0,15.056699918284,1.0,,,,,,,,,,,,,,,,,,,,,,,,6.319406199E2
2284,L3B,INST,CSP35,,0.0,,,,,,,,,,3.94742571,6.42176021E2,6.3208097E2,0.28,-0.99,0.0,0.0,0.0,,,,,,,,,,,,,,,,,,,,,,,,,,,,,6.320809699E2
2289,L3B,LCAV,CAVL356,J1.3-07,1.037743,,,,,,,,,,3.9609375,6.4341927105E2,6.3332422E2,0.28,-0.99,0.0,0.0,0.0,1.3E3,15.625,0.0,15.056714427368,1.0,,,,,,,,,,,,,,,,,,,,,,,,6.333242199E2
2293,L3B,LCAV,CAVL357,J1.3-07,1.037743,,,,,,,,,,3.9765625,6.4480287105E2,6.3470782E2,0.28,-0.99,0.0,0.0,0.0,1.3E3,15.625,0.0,15.056714427368,1.0,,,,,,,,,,,,,,,,,,,,,,,,6.347078199E2
2297,L3B,LCAV,CAVL358,J1.3-07,1.037743,,,,,,,,,,3.9921875,6.4618647105E2,6.3609142E2,0.28,-0.99,0.0,0.0,0.0,1.3E3,15.625,0.0,15.056714427368,1.0,,,,,,,,,,,,,,,,,,,,,,,,6.360914199E2
2300,L3B,BPM,CMB35,cryo J1.3-07,0.0,,,,,,,,,,4.0,6.46997861E2,6.3690281E2,0.28,-0.99,0.0,0.0,0.0,,,,,,,,,,,,,,,,,,,,,,,,,,,,,6.369028099E2
2302,L3B,QUAD,QCM35,cryo SPQA110,0.23,0.0762,,-0.2553030289,,0.0,,,,,4.0,6.47262301E2,6.3716725E2,0.28,-0.99,0.0,0.0,0.0,,,,,,,,,,-7.834712929015,3.406396925659,,,,,,,,,,,,,,,,,,6.371672499E2
2303,L3B,XCOR,XCM35,cryo J1.3-07,0.0,,,,,,,,,,4.0,6.47262301E2,6.3716725E2,0.28,-0.99,0.0,0.0,0.0,,,,,,,,,,,,,,,,,,,,,,,,,,,,,6.371672499E2
2304,L3B,YCOR,YCM35,cryo J1.3-07,0.0,,,,,,,,,,4.0,6.47262301E2,6.3716725E2,0.28,-0.99,0.0,0.0,0.0,,,,,,,,,,,,,,,,,,,,,,,,,,,,,6.371672499E2
2307,L3B,MARK,CM35END,,,,,,,,,,,,4.0,6.47614161E2,6.3751911E2,0.28,-0.99,0.0,0.0,0.0,,,,,,,,,,,,,,,,,,,,,,,,,,,,,6.375191099E2
2309,L3B,MARK,HOMCM35,,,,,,,,,,,,4.0,6.47779931E2,6.3768488E2,0.28,-0.99,0.0,0.0,0.0,,,,,,,,,,,,,,,,,,,,,,,,,,,,,6.376848799E2
2311,L3B,MARK,EC2,,,,,,,,,,,,4.0,6.49504311E2,6.3940926E2,0.28,-0.99,0.0,0.0,0.0,,,,,,,,,,,,,,,,,,,,,,,,,,,,,6.394092599E2
2313,L3B,MARK,BLF7,,,,,,,,,,,,4.0,6.49593211E2,6.3949816E2,0.28,-0.99,0.0,0.0,0.0,,,,,,,,,,,,,,,,,,,,,,,,,,,,,6.394981599E2
2315,L3B,MARK,VGL3BD,gauges,,,,,,,,,,,4.0,6.50985051E2,6.4089E2,0.28,-0.99,0.0,0.0,0.0,,,,,,,,,,,,,,,,,,,,,,,,,,,,,6.408899999E2
2317,L3B,MARK,MSC3D,,,,,,,,,,,,4.0,6.51415051E2,6.4132E2,0.28,-0.99,0.0,0.0,0.0,,,,,,,,,,,,,,,,,,,,,,,,,,,,,6.413199999E2
2318,L3B,INST,VVL3BD,gate valve,0.0,,,,,,,,,,4.0,6.51415051E2,6.4132E2,0.28,-0.99,0.0,0.0,0.0,,,,,,,,,,,,,,,,,,,,,,,,,,,,,6.413199999E2
2319,L3B,INST,ENDL3B,,,,,,,,,,,,4.0,6.51415051E2,6.4132E2,0.28,-0.99,0.0,0.0,0.0,,,,,,,,,,,,,,,,,,,,,,,,,,,,,6.413199999E2
2320,EXT,INST,BEGEXT,,,,,,,,,,,,4.0,6.51415051E2,6.4132E2,0.28,-0.99,0.0,0.0,0.0,,,,,,,,,,,,,,,,,,,,,,,,,,,,,6.413199999E2
2322,EXT,MARK,VPEXT1,,,,,,,,,,,,4.0,6.51655051E2,6.4156E2,0.28,-0.99,0.0,0.0,0.0,,,,,,,,,,,,,,,,,,,,,,,,,,,,,6.415599999E2
2324,EXT,MARK,VPEXT2,,,,,,,,,,,,4.0,6.52135051E2,6.4204E2,0.28,-0.99,0.0,0.0,0.0,,,,,,,,,,,,,,,,,,,,,,,,,,,,,6.420399999E2
2326,EXT,MARK,FSEXT,,,,,,,,,,,,4.0,6.53125051E2,6.4303E2,0.28,-0.99,0.0,0.0,0.0,,,,,,,,,,,,,,,,,,,,,,,,,,,,,6.430299999E2
2328,EXT,QUAD,QX01,1.085Q4.31,0.1068,0.027559,,1.086585718,,0.0,,,,,4.0,6.59491751E2,6.493967E2,0.28,-0.99,0.0,0.0,0.0,,,,,,,,,,15.483692219563,-14.497839156894,,,,,,,,,,,,,,,,,,6.493966999E2
2329,EXT,BPM,BPMX01,Stripline-2,0.0,,,,,,,,,,4.0,6.59491751E2,6.493967E2,0.28,-0.99,0.0,0.0,0.0,,,,,,,,,,,,,,,,,,,,,,,,,,,,,6.493966999E2
2332,EXT,XCOR,XCX01,class-4,0.0,,,,,,,,,,4.0,6.59891751E2,6.497967E2,0.28,-0.99,0.0,0.0,0.0,,,,,,,,,,,,,,,,,,,,,,,,,,,,,6.497966999E2
2334,*EXT,BPM,RFBX02,CavityS-1,0.0,,,,,,,,,,4.0,6.68531551E2,6.584365E2,0.28,-0.99,0.0,0.0,0.0,,,,,,,,,,,,,,,,,,,,,,,,,,,,,6.584364999E2
2336,EXT,QUAD,QX02,1.085Q4.31,0.1068,0.027559,,-0.9732398648,,0.0,,,,,4.0,6.68784951E2,6.586899E2,0.28,-0.99,0.0,0.0,0.0,,,,,,,,,,-13.868529903107,12.98551489055,,,,,,,,,,,,,,,,,,6.586898999E2
2337,EXT,BPM,BPMX02,Stripline-2,0.0,,,,,,,,,,4.0,6.68784951E2,6.586899E2,0.28,-0.99,0.0,0.0,0.0,,,,,,,,,,,,,,,,,,,,,,,,,,,,,6.586898999E2
2340,EXT,YCOR,YCX02,class-4,0.0,,,,,,,,,,4.0,6.69094951E2,6.589999E2,0.28,-0.99,0.0,0.0,0.0,,,,,,,,,,,,,,,,,,,,,,,,,,,,,6.589998999E2
2342,EXT,MARK,VGEXTD,,,,,,,,,,,,4.0,6.74305051E2,6.6421E2,0.28,-0.99,0.0,0.0,0.0,,,,,,,,,,,,,,,,,,,,,,,,,,,,,6.642099999E2
2344,EXT,INST,VVEXTD,gate valve,0.0,,,,,,,,,,4.0,6.74405051E2,6.6431E2,0.28,-0.99,0.0,0.0,0.0,,,,,,,,,,,,,,,,,,,,,,,,,,,,,6.643099999E2
2345,EXT,INST,ENDEXT,,,,,,,,,,,,4.0,6.74405051E2,6.6431E2,0.28,-0.99,0.0,0.0,0.0,,,,,,,,,,,,,,,,,,,,,,,,,,,,,6.643099999E2
2346,DOG,INST,BEGDOG,,,,,,,,,,,,4.0,6.74405051E2,6.6431E2,0.28,-0.99,0.0,0.0,0.0,,,,,,,,,,,,,,,,,,,,,,,,,,,,,6.643099999E2
2348,DOG,MARK,CCDLUBEG,,,,,,,,,,,,4.0,6.74638351E2,6.645433E2,0.28,-0.99,0.0,0.0,0.0,,,,,,,,,,,,,,,,,,,,,,,,,,,,,6.645432999E2
2349,DOG,BEND,BCXDLU1,0.788D11.50,0.350009,0.032,0.707269774221,0.0,,0.0,0.0,0.707269774221,,,4.0,6.748133521E2,6.647183E2,0.27946,-0.99,0.0,0.0,-0.6172E-2,,,,,,0.350000111068,0.8436,1.64703091487,-0.470568161067,0.0,0.0,,,,6.647183E2,0.275,-0.99,0.0,0.0,0.0,,,,,,,,,6.647182999E2
2352,DOG,BEND,BCXDLU2,0.788D11.50,0.350009,0.032,-0.707269774221,0.0,,0.0,-0.707269774221,0.0,,,4.0,6.753633829E2,6.652683E2,0.273751,-0.99,0.0,0.0,-0.6172E-2,,,,,,0.350000111068,0.8436,-1.64703091487,0.470568161067,0.0,0.0,,,,6.652683E2,0.275,-0.99,0.0,0.0,0.0,,,,,,,,,6.652682999E2
2355,DOG,MARK,CCDLUMID,,,,,,,,,,,,4.0,6.756383841E2,6.655433E2,0.273211,-0.99,0.0,0.0,0.0,,,,,,,,,,,,,,,,,,,,,,,,,,,,,6.655432999E2
2357,DOG,BEND,BCXDLU3,0.788D11.50,0.350009,0.032,-0.707269774221,0.0,,0.0,0.0,-0.707269774221,,,4.0,6.759133852E2,6.658183E2,0.273751,-0.99,0.0,0.0,0.6172E-2,,,,,,0.350000111068,0.8436,-1.64703091487,0.470568161067,0.0,0.0,,,,6.658183E2,0.275,-0.99,0.0,0.0,0.0,,,,,,,,,6.658182999E2
2360,DOG,BEND,BCXDLU4,0.788D11.50,0.350009,0.032,0.707269774221,0.0,,0.0,0.707269774221,0.0,,,4.0,6.76463416E2,6.663683E2,0.27946,-0.99,0.0,0.0,0.6172E-2,,,,,,0.350000111068,0.8436,1.64703091487,-0.470568161067,0.0,0.0,,,,6.663683E2,0.275,-0.99,0.0,0.0,0.0,,,,,,,,,6.663682999E2
2362,DOG,MARK,CNTDLU,CENTER,,,,,,,,,,,4.0,6.766384171E2,6.665433E2,0.28,-0.99,0.0,0.0,0.0,,,,,,,,,,,,,,,,,,,,,,,,,,,,,6.665432999E2
2363,DOG,MARK,CCDLUEND,,,,,,,,,,,,4.0,6.766384171E2,6.665433E2,0.28,-0.99,0.0,0.0,0.0,,,,,,,,,,,,,,,,,,,,,,,,,,,,,6.665432999E2
2365,DOG,MARK,BDBEG,,,,,,,,,,,,4.0,6.771384171E2,6.670433E2,0.28,-0.99,0.0,0.0,0.0,,,,,,,,,,,,,,,,,,,,,,,,,,,,,6.670432999E2
2366,DOG,BEND,BRB1,1.0D38.37,1.0,0.0254,1.402446827269,0.0,,-60.422704243052,0.701223413635,0.701223413635,,,4.0,6.776384171E2,6.67543287E2,0.27849,-0.987339,0.32E-4,-0.010644,-0.6041E-2,,,,,,0.999975036065,0.4875,3.265901308333,-0.326590130833,0.0,0.0,,,,6.67543269E2,0.277735,-0.986009,-1.054575,-0.010644,-0.6041E-2,,,,,,,,,6.675432874E2
2367,DOG,MARK,CLBRB1,,,,,,,,,,,,4.0,6.776384171E2,6.67543287E2,0.27849,-0.987339,0.32E-4,-0.010644,-0.6041E-2,,,,,,,,,,,,,,,,,,,,,,,,,,,,,6.675432874E2
2369,DOG,MARK,ROBRB1,,0.0,,-0.736943907592E-2,,,,,,,,4.0,6.781384171E2,6.680432E2,0.273959,-0.979357,0.64E-4,-0.021287,-0.012084,,,,,,,,,,,,,,,,,,,,,,,,,,,,,6.680432E2
2371,DOG,YCOR,YCDOG0,type-4,0.0,,,,,,,,,,4.0,6.791384171E2,6.690429E2,0.261879,-0.958071,0.0,-0.021287,-0.012084,,,,,,,,,,,,,,,,,,,,,,,,,,,,,6.690429005E2
2373,DOG,XCOR,XCDOG1,type-4,0.0,,,,,,,,,,4.0,6.81933895E2,6.71837541E2,0.228107,-0.898568,0.0,-0.021287,-0.012084,,,,,,,,,,,,,,,,,,,,,,,,,,,,,6.71837541E2
2375,DOG,QUAD,QDOG1,2Q10,0.263,0.0514,,0.5636690437,,0.0,,,,,4.0,6.82452395E2,6.72355886E2,0.221843,-0.887531,0.0,-0.021287,-0.012084,,,,,,,,,,19.779678017573,-7.52079012075,,,,,,,,,,,,,,,,,,6.723558857E2
2378,DOG,BPM,BPMDOG1,Stripline-5,0.0,,,,,,,,,,4.0,6.83030995E2,6.72934312E2,0.214853,-0.875215,0.0,-0.021287,-0.012084,,,,,,,,,,,,,,,,,,,,,,,,,,,,,6.729343124E2
2380,DOG,COLL,CEDOG,VCOLL,0.06,,,,,,,,,,4.0,6.91382751E2,6.81283567E2,0.113958,-0.697444,0.0,-0.021287,-0.012084,,,,,,,,,,,,,,,,,,,,,,,,0.0,0.0172,,,,6.8128356655E2
2382,*DOG,SEXT,SDOG1,1.38S3.00,0.1,0.035052,,,-9.188528778,-13.252537412967,,,,,4.0,6.91697151E2,6.81597872E2,0.11016,-0.690751,0.0,-0.021287,-0.012084,,,,,,,,,,-1.22598530521E2,1.22598530521E2,,,,,,,,,,,,,,,,,,6.815978724E2
2385,DOG,QUAD,QDOG2,2Q10,0.263,0.0514,,-0.5636690437,,0.0,,,,,4.0,6.92080251E2,6.81980858E2,0.105532,-0.682597,0.0,-0.021287,-0.012084,,,,,,,,,,-19.779678017573,7.52079012075,,,,,,,,,,,,,,,,,,6.819808576E2
2388,DOG,BPM,BPMDOG2,Stripline-5,0.0,,,,,,,,,,4.0,6.92658851E2,6.82559284E2,0.098542,-0.670281,0.0,-0.021287,-0.012084,,,,,,,,,,,,,,,,,,,,,,,,,,,,,6.825592843E2
2390,DOG,YCOR,YCDOG2,type-4,0.0,,,,,,,,,,4.0,6.93295651E2,6.83195894E2,0.090849,-0.656726,0.0,-0.021287,-0.012084,,,,,,,,,,,,,,,,,,,,,,,,,,,,,6.831958935E2
2392,DOG,XCOR,XCDOG3,type-4,0.0,,,,,,,,,,4.0,7.01189607E2,6.91087485E2,-0.4516E-2,-0.488699,0.0,-0.021287,-0.012084,,,,,,,,,,,,,,,,,,,,,,,,,,,,,6.910874849E2
2394,DOG,QUAD,QDOG3,2Q10,0.263,0.0514,,0.5636690437,,0.0,,,,,4.0,7.01708107E2,6.9160583E2,-0.01078,-0.477663,0.0,-0.021287,-0.012084,,,,,,,,,,19.779678017573,-7.52079012075,,,,,,,,,,,,,,,,,,6.916058295E2
2397,DOG,BPM,BPMDOG3,Stripline-5,0.0,,,,,,,,,,4.0,7.02286707E2,6.92184256E2,-0.01777,-0.465347,0.0,-0.021287,-0.012084,,,,,,,,,,,,,,,,,,,,,,,,,,,,,6.921842562E2
2399,DOG,YCOR,YCDOG4,type-4,0.0,,,,,,,,,,4.0,7.10817463E2,7.00712457E2,-0.120827,-0.283765,0.0,-0.021287,-0.012084,,,,,,,,,,,,,,,,,,,,,,,,,,,,,7.007124568E2
2401,DOG,QUAD,QDOG4,2Q10,0.263,0.0514,,-0.5636690437,,0.0,,,,,4.0,7.11335963E2,7.01230802E2,-0.127091,-0.272728,0.0,-0.021287,-0.012084,,,,,,,,,,-19.779678017573,7.52079012075,,,,,,,,,,,,,,,,,,7.012308015E2
2404,DOG,BPM,BPMDOG4,Stripline-5,0.0,,,,,,,,,,4.0,7.11914563E2,7.01809228E2,-0.134081,-0.260412,0.0,-0.021287,-0.012084,,,,,,,,,,,,,,,,,,,,,,,,,,,,,7.018092281E2
2406,DOG,XCOR,XCDOG5,type-4,0.0,,,,,,,,,,4.0,7.204453189E2,7.10337429E2,-0.237139,-0.07883,0.0,-0.021287,-0.012084,,,,,,,,,,,,,,,,,,,,,,,,,,,,,7.103374287E2
2408,DOG,QUAD,QDOG5,2Q10,0.263,0.0514,,0.5636690437,,0.0,,,,,4.0,7.209638189E2,7.10855773E2,-0.243403,-0.067794,0.0,-0.021287,-0.012084,,,,,,,,,,19.779678017573,-7.52079012075,,,,,,,,,,,,,,,,,,7.108557734E2
2411,DOG,BPM,BPMDOG5,Stripline-5,0.0,,,,,,,,,,4.0,7.215424189E2,7.114342E2,-0.250393,-0.055478,0.0,-0.021287,-0.012084,,,,,,,,,,,,,,,,,,,,,,,,,,,,,7.114342001E2
2413,DOG,YCOR,YCDOG6,type-4,0.0,,,,,,,,,,4.0,7.294241749E2,7.19313595E2,-0.34561,0.11229,0.0,-0.021287,-0.012084,,,,,,,,,,,,,,,,,,,,,,,,,,,,,7.19313595E2
2415,DOG,PROF,OTRDOG,OTR,0.0,,,,,,,,,,4.0,7.299241749E2,7.19813445E2,-0.35165,0.122932,0.0,-0.021287,-0.012084,,,,,,,,,,,,,,,,,,,,,,,,,,,,,7.198134453E2
2417,DOG,QUAD,QDOG6,2Q10,0.263,0.0514,,-0.5636690437,,0.0,,,,,4.0,7.305916749E2,7.20480745E2,-0.359714,0.137141,0.0,-0.021287,-0.012084,,,,,,,,,,-19.779678017573,7.52079012075,,,,,,,,,,,,,,,,,,7.204807453E2
2420,DOG,BPM,BPMDOG6,Stripline-5,0.0,,,,,,,,,,4.0,7.311702749E2,7.21059172E2,-0.366704,0.149456,0.0,-0.021287,-0.012084,,,,,,,,,,,,,,,,,,,,,,,,,,,,,7.21059172E2
2422,*DOG,WIRE,WSDOG,fast,0.0,,,,,,,,,,4.0,7.316972749E2,7.21586014E2,-0.373071,0.160674,0.0,-0.021287,-0.012084,,,,,,,,,,,,,,,,,,,,,,,,,,,,,7.215860141E2
2424,DOG,XCOR,XCDOG7,type-4,0.0,,,,,,,,,,4.0,7.394469549E2,7.29333373E2,-0.466693,0.32563,0.0,-0.021287,-0.012084,,,,,,,,,,,,,,,,,,,,,,,,,,,,,7.293333726E2
2426,*DOG,SEXT,SDOG2,1.38S3.00,0.1,0.035052,,,22.65628541,16.730337125006,,,,,4.0,7.398349359E2,7.29721237E2,-0.47138,0.333889,0.0,-0.021287,-0.012084,,,,,,,,,,3.022929312668E2,-3.022929312668E2,,,,,,,,,,,,,,,,,,7.297212374E2
2429,DOG,QUAD,QDOG7,2Q10,0.263,0.0514,,0.5636690437,,0.0,,,,,4.0,7.402195309E2,7.30105717E2,-0.476026,0.342075,0.0,-0.021287,-0.012084,,,,,,,,,,19.779678017573,-7.52079012075,,,,,,,,,,,,,,,,,,7.301057172E2
2432,DOG,BPM,BPMDOG7,Stripline-5,0.0,,,,,,,,,,4.0,7.407981309E2,7.30684144E2,-0.483016,0.354391,0.0,-0.021287,-0.012084,,,,,,,,,,,,,,,,,,,,,,,,,,,,,7.306841439E2
2434,DOG,YCOR,YCDOG8,type-4,0.0,,,,,,,,,,4.0,7.493288869E2,7.39212344E2,-0.586073,0.535973,0.0,-0.021287,-0.012084,,,,,,,,,,,,,,,,,,,,,,,,,,,,,7.392123445E2
2436,DOG,QUAD,QDOG8,2Q10,0.263,0.0514,,-0.5636690437,,0.0,,,,,4.0,7.498473869E2,7.39730689E2,-0.592337,0.547009,0.0,-0.021287,-0.012084,,,,,,,,,,-19.779678017573,7.52079012075,,,,,,,,,,,,,,,,,,7.397306891E2
2439,DOG,BPM,BPMDOG8,Stripline-5,0.0,,,,,,,,,,4.0,7.504259869E2,7.40309116E2,-0.599327,0.559325,0.0,-0.021287,-0.012084,,,,,,,,,,,,,,,,,,,,,,,,,,,,,7.403091158E2
2441,DOG,MARK,ROBRB2,,0.0,,0.736943907592E-2,,,,,,,,4.0,7.541613648E2,7.44043375E2,-0.644453,0.638835,0.64E-4,-0.021287,-0.012084,,,,,,,,,,,,,,,,,,,,,,,,,,,,,7.440433748E2
2442,DOG,BEND,BRB2,1.0D38.37,1.0,0.0254,-1.402446827269,0.0,,-60.422704243052,-0.701223413635,-0.701223413635,,,4.0,7.546613648E2,7.44543287E2,-0.648984,0.646817,0.32E-4,-0.010644,-0.6041E-2,,,,,,0.999975036065,0.4875,-3.265901308333,0.326590130833,0.0,0.0,,,,7.44543306E2,-0.648229,0.645487,-1.054575,-0.010644,-0.6041E-2,,,,,,,,,7.445432874E2
2443,DOG,MARK,CLBRB2,,,,,,,,,,,,4.0,7.546613648E2,7.44543287E2,-0.648984,0.646817,0.32E-4,-0.010644,-0.6041E-2,,,,,,,,,,,,,,,,,,,,,,,,,,,,,7.445432874E2
2445,DOG,MARK,CNTDOG,CENTER,,,,,,,,,,,4.0,7.551613648E2,7.45043275E2,-0.650494,0.649478,0.0,0.0,0.0,,,,,,,,,,,,,,,,,,,,,,,,,,,,,7.450432749E2
2446,DOG,MARK,RWWAKE1,WAKE,,,,,,,,,,,4.0,7.551613648E2,7.45043275E2,-0.650494,0.649478,0.0,0.0,0.0,,,,,,,,,,,,,,,,,,,,,,,,,,,,,7.450432749E2
2447,DOG,MARK,BDEND,,,,,,,,,,,,4.0,7.551613648E2,7.45043275E2,-0.650494,0.649478,0.0,0.0,0.0,,,,,,,,,,,,,,,,,,,,,,,,,,,,,7.450432749E2
2449,DOG,MARK,CCDLDBEG,,,,,,,,,,,,4.0,7.556613648E2,7.45543275E2,-0.650494,0.649478,0.0,0.0,0.0,,,,,,,,,,,,,,,,,,,,,,,,,,,,,7.455432749E2
2450,DOG,BEND,BCXDLD1,0.788D11.50,0.350009,0.032,0.707269774221,0.0,,0.0,0.0,0.707269774221,,,4.0,7.558363659E2,7.45718275E2,-0.651034,0.649478,0.0,0.0,-0.6172E-2,,,,,,0.350000111068,0.8436,1.64703091487,-0.470568161067,0.0,0.0,,,,7.45718275E2,-0.655494,0.649478,0.0,0.0,0.0,,,,,,,,,7.457182749E2
2453,DOG,BEND,BCXDLD2,0.788D11.50,0.350009,0.032,-0.707269774221,0.0,,0.0,-0.707269774221,0.0,,,4.0,7.563863967E2,7.46268275E2,-0.656743,0.649478,0.0,0.0,-0.6172E-2,,,,,,0.350000111068,0.8436,-1.64703091487,0.470568161067,0.0,0.0,,,,7.46268275E2,-0.655494,0.649478,0.0,0.0,0.0,,,,,,,,,7.462682749E2
2456,DOG,MARK,CCDLDMID,,,,,,,,,,,,4.0,7.566613979E2,7.46543275E2,-0.657283,0.649478,0.0,0.0,0.0,,,,,,,,,,,,,,,,,,,,,,,,,,,,,7.465432749E2
2458,DOG,BEND,BCXDLD3,0.788D11.50,0.350009,0.032,-0.707269774221,0.0,,0.0,0.0,-0.707269774221,,,4.0,7.56936399E2,7.46818275E2,-0.656743,0.649478,0.0,0.0,0.6172E-2,,,,,,0.350000111068,0.8436,-1.64703091487,0.470568161067,0.0,0.0,,,,7.46818275E2,-0.655494,0.649478,0.0,0.0,0.0,,,,,,,,,7.468182749E2
2461,DOG,BEND,BCXDLD4,0.788D11.50,0.350009,0.032,0.707269774221,0.0,,0.0,0.707269774221,0.0,,,4.0,7.574864298E2,7.47368275E2,-0.651034,0.649478,0.0,0.0,0.6172E-2,,,,,,0.350000111068,0.8436,1.64703091487,-0.470568161067,0.0,0.0,,,,7.47368275E2,-0.655494,0.649478,0.0,0.0,0.0,,,,,,,,,7.473682749E2
2463,DOG,MARK,CNTDLD,CENTER,,,,,,,,,,,4.0,7.576614309E2,7.47543275E2,-0.650494,0.649478,0.0,0.0,0.0,,,,,,,,,,,,,,,,,,,,,,,,,,,,,7.475432749E2
2464,DOG,MARK,CCDLDEND,,,,,,,,,,,,4.0,7.576614309E2,7.47543275E2,-0.650494,0.649478,0.0,0.0,0.0,,,,,,,,,,,,,,,,,,,,,,,,,,,,,7.475432749E2
2466,*DOG,PROF,OTR31,OTR,0.0,,,,,,,,,,4.0,7.579614309E2,7.47843275E2,-0.650494,0.649478,0.0,0.0,0.0,,,,,,,,,,,,,,,,,,,,,,,,,,,,,7.478432749E2
2467,*DOG,PROF,OTR31_YAG,YAG,0.0,,,,,,,,,,4.0,7.579614309E2,7.47843275E2,-0.650494,0.649478,0.0,0.0,0.0,,,,,,,,,,,,,,,,,,,,,,,,,,,,,7.478432749E2
2469,DOG,QUAD,QL1P,2Q10,0.263,0.0514,,0.3226233953,,0.0,,,,,4.0,7.627929309E2,7.52674775E2,-0.650494,0.649478,0.0,0.0,0.0,,,,,,,,,,11.321159022823,-4.304623202594,,,,,,,,,,,,,,,,,,7.526747749E2
2472,DOG,BPM,BPML1P,Stripline-5,0.0,,,,,,,,,,4.0,7.633715309E2,7.53253375E2,-0.650494,0.649478,0.0,0.0,0.0,,,,,,,,,,,,,,,,,,,,,,,,,,,,,7.532533749E2
2474,DOG,XCOR,XCL1P,type-4,0.0,,,,,,,,,,4.0,7.640083309E2,7.53890175E2,-0.650494,0.649478,0.0,0.0,0.0,,,,,,,,,,,,,,,,,,,,,,,,,,,,,7.538901749E2
2476,DOG,QUAD,QL2P,2Q10,0.263,0.0514,,-0.1550363363,,0.0,,,,,4.0,7.810559309E2,7.70937775E2,-0.650494,0.649478,0.0,0.0,0.0,,,,,,,,,,-5.440371166933,2.06858219275,,,,,,,,,,,,,,,,,,7.709377749E2
2479,DOG,BPM,BPML2P,Stripline-5,0.0,,,,,,,,,,4.0,7.816345309E2,7.71516375E2,-0.650494,0.649478,0.0,0.0,0.0,,,,,,,,,,,,,,,,,,,,,,,,,,,,,7.715163749E2
2481,DOG,YCOR,YCL2P,type-4,0.0,,,,,,,,,,4.0,7.828798559E2,7.727617E2,-0.650494,0.649478,0.0,0.0,0.0,,,,,,,,,,,,,,,,,,,,,,,,,,,,,7.727616999E2
2483,DOG,QUAD,QL3P,2Q4W,0.1244,0.0538,,0.2232033853,,0.0,,,,,4.0,8.157496309E2,8.05631475E2,-0.650494,0.649478,0.0,0.0,0.0,,,,,,,,,,3.704763100444,-2.978105386209,,,,,,,,,,,,,,,,,,8.056314749E2
2486,DOG,BPM,BPML3P,Stripline-5,0.0,,,,,,,,,,4.0,8.162716309E2,8.06153475E2,-0.650494,0.649478,0.0,0.0,0.0,,,,,,,,,,,,,,,,,,,,,,,,,,,,,8.061534749E2
2488,DOG,XCOR,XCL3P,type-4,0.0,,,,,,,,,,4.0,8.170149309E2,8.06896775E2,-0.650494,0.649478,0.0,0.0,0.0,,,,,,,,,,,,,,,,,,,,,,,,,,,,,8.068967749E2
2490,DOG,INST,BPN09BEG,,,,,,,,,,,,4.0,8.22918156E2,8.128E2,-0.650494,0.649478,0.0,0.0,0.0,,,,,,,,,,,,,,,,,,,,,,,,,,,,,8.128E2
2492,DOG,QUAD,QL4P,2Q4W,0.1244,0.0538,,-0.284566066,,0.0,,,,,4.0,8.268740309E2,8.16755875E2,-0.650494,0.649478,0.0,0.0,0.0,,,,,,,,,,-4.723270032568,3.796840862193,,,,,,,,,,,,,,,,,,8.167558749E2
2495,DOG,BPM,BPML4P,Stripline-5,0.0,,,,,,,,,,4.0,8.273960309E2,8.17277875E2,-0.650494,0.649478,0.0,0.0,0.0,,,,,,,,,,,,,,,,,,,,,,,,,,,,,8.172778749E2
2497,DOG,YCOR,YCL4P,type-4,0.0,,,,,,,,,,4.0,8.281393309E2,8.18021175E2,-0.650494,0.649478,0.0,0.0,0.0,,,,,,,,,,,,,,,,,,,,,,,,,,,,,8.180211749E2
2499,DOG,QUAD,QL5P,2Q4W,0.1244,0.0538,,0.151439029,,0.0,,,,,4.0,8.582494589E2,8.48131303E2,-0.650494,0.649478,0.0,0.0,0.0,,,,,,,,,,2.513607604348,-2.020584890955,,,,,,,,,,,,,,,,,,8.48131303E2
2502,DOG,BPM,BPML5P,Stripline-5,0.0,,,,,,,,,,4.0,8.587568389E2,8.48638683E2,-0.650494,0.649478,0.0,0.0,0.0,,,,,,,,,,,,,,,,,,,,,,,,,,,,,8.48638683E2
2504,DOG,XCOR,XCL5P,type-4,0.0,,,,,,,,,,4.0,8.593854889E2,8.49267333E2,-0.650494,0.649478,0.0,0.0,0.0,,,,,,,,,,,,,,,,,,,,,,,,,,,,,8.49267333E2
2507,DOG,INST,BPN09END,,,,,,,,,,,,4.0,9.245181559E2,9.144E2,-0.650494,0.649478,0.0,0.0,0.0,,,,,,,,,,,,,,,,,,,,,,,,,,,,,9.144E2
2508,DOG,INST,BPN10BEG,,,,,,,,,,,,4.0,9.245181559E2,9.144E2,-0.650494,0.649478,0.0,0.0,0.0,,,,,,,,,,,,,,,,,,,,,,,,,,,,,9.144E2
2510,DOG,QUAD,QBP10,2Q4,0.1244,0.0538,,-0.06058050564,,0.0,,,,,4.0,9.598494589E2,9.49731303E2,-0.650494,0.649478,0.0,0.0,0.0,,,,,,,,,,-1.005524273745,0.808299255422,,,,,,,,,,,,,,,,,,9.49731303E2
2513,DOG,BPM,BPMBP10,Stripline-5,0.0,,,,,,,,,,4.0,9.603568389E2,9.50238683E2,-0.650494,0.649478,0.0,0.0,0.0,,,,,,,,,,,,,,,,,,,,,,,,,,,,,9.50238683E2
2515,DOG,YCOR,YCBP10,type-4,0.0,,,,,,,,,,4.0,9.609854889E2,9.50867333E2,-0.650494,0.649478,0.0,0.0,0.0,,,,,,,,,,,,,,,,,,,,,,,,,,,,,9.50867333E2
2517,DOG,XCOR,XCBP10,type-4,0.0,,,,,,,,,,4.0,9.649361559E2,9.54818E2,-0.650494,0.649478,0.0,0.0,0.0,,,,,,,,,,,,,,,,,,,,,,,,,,,,,9.54818E2
2521,*DOG,BPM,RFBWSBP1,CavityS-1,0.0,,,,,,,,,,4.0,1.009549459E3,9.99431303E2,-0.650494,0.649478,0.0,0.0,0.0,,,,,,,,,,,,,,,,,,,,,,,,,,,,,9.99431303E2
2523,DOG,WIRE,WSBP1,fast,0.0,,,,,,,,,,4.0,1.009649459E3,9.99531303E2,-0.650494,0.649478,0.0,0.0,0.0,,,,,,,,,,,,,,,,,,,,,,,,,,,,,9.99531303E2
2526,DOG,INST,BPN10END,,,,,,,,,,,,4.0,1.026118156E3,1.016E3,-0.650494,0.649478,0.0,0.0,0.0,,,,,,,,,,,,,,,,,,,,,,,,,,,,,1.016E3
2527,DOG,INST,BPN11BEG,,,,,,,,,,,,4.0,1.026118156E3,1.016E3,-0.650494,0.649478,0.0,0.0,0.0,,,,,,,,,,,,,,,,,,,,,,,,,,,,,1.016E3
2529,DOG,QUAD,QBP11,2Q4,0.1244,0.0538,,0.06058050564,,0.0,,,,,4.0,1.061449459E3,1.051331303E3,-0.650494,0.649478,0.0,0.0,0.0,,,,,,,,,,1.005524273745,-0.808299255422,,,,,,,,,,,,,,,,,,1.051331303E3
2532,DOG,BPM,BPMBP11,Stripline-5,0.0,,,,,,,,,,4.0,1.061956839E3,1.051838683E3,-0.650494,0.649478,0.0,0.0,0.0,,,,,,,,,,,,,,,,,,,,,,,,,,,,,1.051838683E3
2534,DOG,XCOR,XCBP11,type-4,0.0,,,,,,,,,,4.0,1.062968759E3,1.052850603E3,-0.650494,0.649478,0.0,0.0,0.0,,,,,,,,,,,,,,,,,,,,,,,,,,,,,1.052850603E3
2537,DOG,INST,BPN11END,,,,,,,,,,,,4.0,1.127718156E3,1.1176E3,-0.650494,0.649478,0.0,0.0,0.0,,,,,,,,,,,,,,,,,,,,,,,,,,,,,1.1176E3
2538,DOG,INST,BPN12BEG,,,,,,,,,,,,4.0,1.127718156E3,1.1176E3,-0.650494,0.649478,0.0,0.0,0.0,,,,,,,,,,,,,,,,,,,,,,,,,,,,,1.1176E3
2540,DOG,QUAD,QBP12,2Q4,0.1244,0.0538,,-0.06058050564,,0.0,,,,,4.0,1.163049459E3,1.152931303E3,-0.650494,0.649478,0.0,0.0,0.0,,,,,,,,,,-1.005524273745,0.808299255422,,,,,,,,,,,,,,,,,,1.152931303E3
2543,DOG,BPM,BPMBP12,Stripline-5,0.0,,,,,,,,,,4.0,1.163556839E3,1.153438683E3,-0.650494,0.649478,0.0,0.0,0.0,,,,,,,,,,,,,,,,,,,,,,,,,,,,,1.153438683E3
2545,DOG,YCOR,YCBP12,type-4,0.0,,,,,,,,,,4.0,1.164185489E3,1.154067333E3,-0.650494,0.649478,0.0,0.0,0.0,,,,,,,,,,,,,,,,,,,,,,,,,,,,,1.154067333E3
2547,DOG,INST,ENDDOG,,,,,,,,,,,,4.0,1.212749459E3,1.202631303E3,-0.650494,0.649478,0.0,0.0,0.0,,,,,,,,,,,,,,,,,,,,,,,,,,,,,1.202631303E3
2548,BYP,INST,BEGBYP,,,,,,,,,,,,4.0,1.212749459E3,1.202631303E3,-0.650494,0.649478,0.0,0.0,0.0,,,,,,,,,,,,,,,,,,,,,,,,,,,,,1.202631303E3
2549,*BYP,BPM,RFBWSBP2,CavityS-1,0.0,,,,,,,,,,4.0,1.212749459E3,1.202631303E3,-0.650494,0.649478,0.0,0.0,0.0,,,,,,,,,,,,,,,,,,,,,,,,,,,,,1.202631303E3
2551,BYP,WIRE,WSBP2,fast,0.0,,,,,,,,,,4.0,1.212849459E3,1.202731303E3,-0.650494,0.649478,0.0,0.0,0.0,,,,,,,,,,,,,,,,,,,,,,,,,,,,,1.202731303E3
2554,BYP,INST,BPN12END,,,,,,,,,,,,4.0,1.229318156E3,1.2192E3,-0.650494,0.649478,0.0,0.0,0.0,,,,,,,,,,,,,,,,,,,,,,,,,,,,,1.2192E3
2555,BYP,INST,BPN13BEG,,,,,,,,,,,,4.0,1.229318156E3,1.2192E3,-0.650494,0.649478,0.0,0.0,0.0,,,,,,,,,,,,,,,,,,,,,,,,,,,,,1.2192E3
2557,BYP,QUAD,QBP13,2Q4,0.1244,0.0538,,0.06058050564,,0.0,,,,,4.0,1.264649459E3,1.254531303E3,-0.650494,0.649478,0.0,0.0,0.0,,,,,,,,,,1.005524273745,-0.808299255422,,,,,,,,,,,,,,,,,,1.254531303E3
2558,BYP,MARK,MQBP13,,,,,,,,,,,,4.0,1.264649459E3,1.254531303E3,-0.650494,0.649478,0.0,0.0,0.0,,,,,,,,,,,,,,,,,,,,,,,,,,,,,1.254531303E3
2561,BYP,BPM,BPMBP13,Stripline-5,0.0,,,,,,,,,,4.0,1.265156839E3,1.255038683E3,-0.650494,0.649478,0.0,0.0,0.0,,,,,,,,,,,,,,,,,,,,,,,,,,,,,1.255038683E3
2563,BYP,XCOR,XCBP13,Bypass,0.0,,,,,,,,,,4.0,1.265785489E3,1.255667333E3,-0.650494,0.649478,0.0,0.0,0.0,,,,,,,,,,,,,,,,,,,,,,,,,,,,,1.255667333E3
2565,BYP,YCOR,YCBP13,Bypass,0.0,,,,,,,,,,4.0,1.266014089E3,1.255895933E3,-0.650494,0.649478,0.0,0.0,0.0,,,,,,,,,,,,,,,,,,,,,,,,,,,,,1.255895933E3
2568,BYP,INST,BPN13END,,,,,,,,,,,,4.0,1.330918156E3,1.3208E3,-0.650494,0.649478,0.0,0.0,0.0,,,,,,,,,,,,,,,,,,,,,,,,,,,,,1.3208E3
2569,BYP,INST,BPN14BEG,,,,,,,,,,,,4.0,1.330918156E3,1.3208E3,-0.650494,0.649478,0.0,0.0,0.0,,,,,,,,,,,,,,,,,,,,,,,,,,,,,1.3208E3
2571,BYP,QUAD,QBP14,2Q4,0.1244,0.0538,,-0.06058050564,,0.0,,,,,4.0,1.366249459E3,1.356131303E3,-0.650494,0.649478,0.0,0.0,0.0,,,,,,,,,,-1.005524273745,0.808299255422,,,,,,,,,,,,,,,,,,1.356131303E3
2574,BYP,BPM,BPMBP14,Stripline-5,0.0,,,,,,,,,,4.0,1.366756839E3,1.356638683E3,-0.650494,0.649478,0.0,0.0,0.0,,,,,,,,,,,,,,,,,,,,,,,,,,,,,1.356638683E3
2576,BYP,XCOR,XCBP14,Bypass,0.0,,,,,,,,,,4.0,1.367385489E3,1.357267333E3,-0.650494,0.649478,0.0,0.0,0.0,,,,,,,,,,,,,,,,,,,,,,,,,,,,,1.357267333E3
2578,BYP,YCOR,YCBP14,Bypass,0.0,,,,,,,,,,4.0,1.367614089E3,1.357495933E3,-0.650494,0.649478,0.0,0.0,0.0,,,,,,,,,,,,,,,,,,,,,,,,,,,,,1.357495933E3
2580,*BYP,BPM,RFBWSBP3,CavityS-1,0.0,,,,,,,,,,4.0,1.415949459E3,1.405831303E3,-0.650494,0.649478,0.0,0.0,0.0,,,,,,,,,,,,,,,,,,,,,,,,,,,,,1.405831303E3
2582,BYP,WIRE,WSBP3,fast,0.0,,,,,,,,,,4.0,1.416049459E3,1.405931303E3,-0.650494,0.649478,0.0,0.0,0.0,,,,,,,,,,,,,,,,,,,,,,,,,,,,,1.405931303E3
2585,BYP,INST,BPN14END,,,,,,,,,,,,4.0,1.432518156E3,1.4224E3,-0.650494,0.649478,0.0,0.0,0.0,,,,,,,,,,,,,,,,,,,,,,,,,,,,,1.4224E3
2586,BYP,INST,BPN15BEG,,,,,,,,,,,,4.0,1.432518156E3,1.4224E3,-0.650494,0.649478,0.0,0.0,0.0,,,,,,,,,,,,,,,,,,,,,,,,,,,,,1.4224E3
2588,BYP,QUAD,QBP15,2Q4,0.1244,0.0538,,0.06058050564,,0.0,,,,,4.0,1.467849459E3,1.457731303E3,-0.650494,0.649478,0.0,0.0,0.0,,,,,,,,,,1.005524273745,-0.808299255422,,,,,,,,,,,,,,,,,,1.457731303E3
2591,BYP,BPM,BPMBP15,Stripline-5,0.0,,,,,,,,,,4.0,1.468356839E3,1.458238683E3,-0.650494,0.649478,0.0,0.0,0.0,,,,,,,,,,,,,,,,,,,,,,,,,,,,,1.458238683E3
2593,BYP,XCOR,XCBP15,Bypass,0.0,,,,,,,,,,4.0,1.468985489E3,1.458867333E3,-0.650494,0.649478,0.0,0.0,0.0,,,,,,,,,,,,,,,,,,,,,,,,,,,,,1.458867333E3
2595,BYP,YCOR,YCBP15,Bypass,0.0,,,,,,,,,,4.0,1.469214089E3,1.459095933E3,-0.650494,0.649478,0.0,0.0,0.0,,,,,,,,,,,,,,,,,,,,,,,,,,,,,1.459095933E3
2598,BYP,INST,BPN15END,,,,,,,,,,,,4.0,1.534118156E3,1.524E3,-0.650494,0.649478,0.0,0.0,0.0,,,,,,,,,,,,,,,,,,,,,,,,,,,,,1.524E3
2599,BYP,INST,BPN16BEG,,,,,,,,,,,,4.0,1.534118156E3,1.524E3,-0.650494,0.649478,0.0,0.0,0.0,,,,,,,,,,,,,,,,,,,,,,,,,,,,,1.524E3
2601,BYP,QUAD,QBP16,2Q4,0.1244,0.0538,,-0.06058050564,,0.0,,,,,4.0,1.569449459E3,1.559331303E3,-0.650494,0.649478,0.0,0.0,0.0,,,,,,,,,,-1.005524273745,0.808299255422,,,,,,,,,,,,,,,,,,1.559331303E3
2604,BYP,BPM,BPMBP16,Stripline-5,0.0,,,,,,,,,,4.0,1.569956839E3,1.559838683E3,-0.650494,0.649478,0.0,0.0,0.0,,,,,,,,,,,,,,,,,,,,,,,,,,,,,1.559838683E3
2606,BYP,XCOR,XCBP16,Bypass,0.0,,,,,,,,,,4.0,1.570585489E3,1.560467333E3,-0.650494,0.649478,0.0,0.0,0.0,,,,,,,,,,,,,,,,,,,,,,,,,,,,,1.560467333E3
2608,BYP,YCOR,YCBP16,Bypass,0.0,,,,,,,,,,4.0,1.570814089E3,1.560695933E3,-0.650494,0.649478,0.0,0.0,0.0,,,,,,,,,,,,,,,,,,,,,,,,,,,,,1.560695933E3
2610,*BYP,BPM,RFBWSBP4,CavityS-1,0.0,,,,,,,,,,4.0,1.619149459E3,1.609031303E3,-0.650494,0.649478,0.0,0.0,0.0,,,,,,,,,,,,,,,,,,,,,,,,,,,,,1.609031303E3
2612,BYP,WIRE,WSBP4,fast,0.0,,,,,,,,,,4.0,1.619249459E3,1.609131303E3,-0.650494,0.649478,0.0,0.0,0.0,,,,,,,,,,,,,,,,,,,,,,,,,,,,,1.609131303E3
2615,BYP,INST,BPN16END,,,,,,,,,,,,4.0,1.635718156E3,1.6256E3,-0.650494,0.649478,0.0,0.0,0.0,,,,,,,,,,,,,,,,,,,,,,,,,,,,,1.6256E3
2616,BYP,INST,BPN17BEG,,,,,,,,,,,,4.0,1.635718156E3,1.6256E3,-0.650494,0.649478,0.0,0.0,0.0,,,,,,,,,,,,,,,,,,,,,,,,,,,,,1.6256E3
2618,BYP,QUAD,QBP17,2Q4,0.1244,0.0538,,0.06058050564,,0.0,,,,,4.0,1.671049459E3,1.660931303E3,-0.650494,0.649478,0.0,0.0,0.0,,,,,,,,,,1.005524273745,-0.808299255422,,,,,,,,,,,,,,,,,,1.660931303E3
2621,BYP,BPM,BPMBP17,Stripline-5,0.0,,,,,,,,,,4.0,1.671556839E3,1.661438683E3,-0.650494,0.649478,0.0,0.0,0.0,,,,,,,,,,,,,,,,,,,,,,,,,,,,,1.661438683E3
2623,BYP,XCOR,XCBP17,Bypass,0.0,,,,,,,,,,4.0,1.672185489E3,1.662067333E3,-0.650494,0.649478,0.0,0.0,0.0,,,,,,,,,,,,,,,,,,,,,,,,,,,,,1.662067333E3
2625,BYP,YCOR,YCBP17,Bypass,0.0,,,,,,,,,,4.0,1.672414089E3,1.662295933E3,-0.650494,0.649478,0.0,0.0,0.0,,,,,,,,,,,,,,,,,,,,,,,,,,,,,1.662295933E3
2628,BYP,INST,BPN17END,,,,,,,,,,,,4.0,1.737318156E3,1.7272E3,-0.650494,0.649478,0.0,0.0,0.0,,,,,,,,,,,,,,,,,,,,,,,,,,,,,1.7272E3
2629,BYP,INST,BPN18BEG,,,,,,,,,,,,4.0,1.737318156E3,1.7272E3,-0.650494,0.649478,0.0,0.0,0.0,,,,,,,,,,,,,,,,,,,,,,,,,,,,,1.7272E3
2631,BYP,QUAD,QBP18,2Q4,0.1244,0.0538,,-0.06058050564,,0.0,,,,,4.0,1.772649459E3,1.762531303E3,-0.650494,0.649478,0.0,0.0,0.0,,,,,,,,,,-1.005524273745,0.808299255422,,,,,,,,,,,,,,,,,,1.762531303E3
2634,BYP,BPM,BPMBP18,Stripline-5,0.0,,,,,,,,,,4.0,1.773156839E3,1.763038683E3,-0.650494,0.649478,0.0,0.0,0.0,,,,,,,,,,,,,,,,,,,,,,,,,,,,,1.763038683E3
2636,BYP,XCOR,XCBP18,Bypass,0.0,,,,,,,,,,4.0,1.773785489E3,1.763667333E3,-0.650494,0.649478,0.0,0.0,0.0,,,,,,,,,,,,,,,,,,,,,,,,,,,,,1.763667333E3
2638,BYP,YCOR,YCBP18,Bypass,0.0,,,,,,,,,,4.0,1.774014089E3,1.763895933E3,-0.650494,0.649478,0.0,0.0,0.0,,,,,,,,,,,,,,,,,,,,,,,,,,,,,1.763895933E3
2641,BYP,INST,BPN18END,,,,,,,,,,,,4.0,1.838918156E3,1.8288E3,-0.650494,0.649478,0.0,0.0,0.0,,,,,,,,,,,,,,,,,,,,,,,,,,,,,1.8288E3
2642,BYP,INST,BPN19BEG,,,,,,,,,,,,4.0,1.838918156E3,1.8288E3,-0.650494,0.649478,0.0,0.0,0.0,,,,,,,,,,,,,,,,,,,,,,,,,,,,,1.8288E3
2644,BYP,QUAD,QBP19,2Q4,0.1244,0.0538,,0.06058050564,,0.0,,,,,4.0,1.874249459E3,1.864131303E3,-0.650494,0.649478,0.0,0.0,0.0,,,,,,,,,,1.005524273745,-0.808299255422,,,,,,,,,,,,,,,,,,1.864131303E3
2647,BYP,BPM,BPMBP19,Stripline-5,0.0,,,,,,,,,,4.0,1.874756839E3,1.864638683E3,-0.650494,0.649478,0.0,0.0,0.0,,,,,,,,,,,,,,,,,,,,,,,,,,,,,1.864638683E3
2649,BYP,XCOR,XCBP19,Bypass,0.0,,,,,,,,,,4.0,1.875385489E3,1.865267333E3,-0.650494,0.649478,0.0,0.0,0.0,,,,,,,,,,,,,,,,,,,,,,,,,,,,,1.865267333E3
2651,BYP,YCOR,YCBP19,Bypass,0.0,,,,,,,,,,4.0,1.875614089E3,1.865495933E3,-0.650494,0.649478,0.0,0.0,0.0,,,,,,,,,,,,,,,,,,,,,,,,,,,,,1.865495933E3
2654,BYP,INST,BPN19END,,,,,,,,,,,,4.0,1.940518156E3,1.9304E3,-0.650494,0.649478,0.0,0.0,0.0,,,,,,,,,,,,,,,,,,,,,,,,,,,,,1.9304E3
2655,BYP,INST,BPN20BEG,,,,,,,,,,,,4.0,1.940518156E3,1.9304E3,-0.650494,0.649478,0.0,0.0,0.0,,,,,,,,,,,,,,,,,,,,,,,,,,,,,1.9304E3
2657,BYP,QUAD,QBP20,2Q4,0.1244,0.0538,,-0.06058050564,,0.0,,,,,4.0,1.975849459E3,1.965731303E3,-0.650494,0.649478,0.0,0.0,0.0,,,,,,,,,,-1.005524273745,0.808299255422,,,,,,,,,,,,,,,,,,1.965731303E3
2660,BYP,BPM,BPMBP20,Stripline-5,0.0,,,,,,,,,,4.0,1.976356839E3,1.966238683E3,-0.650494,0.649478,0.0,0.0,0.0,,,,,,,,,,,,,,,,,,,,,,,,,,,,,1.966238683E3
2662,BYP,XCOR,XCBP20,Bypass,0.0,,,,,,,,,,4.0,1.976985489E3,1.966867333E3,-0.650494,0.649478,0.0,0.0,0.0,,,,,,,,,,,,,,,,,,,,,,,,,,,,,1.966867333E3
2664,BYP,YCOR,YCBP20,Bypass,0.0,,,,,,,,,,4.0,1.977214089E3,1.967095933E3,-0.650494,0.649478,0.0,0.0,0.0,,,,,,,,,,,,,,,,,,,,,,,,,,,,,1.967095933E3
2669,BYP,INST,BPN20END,,,,,,,,,,,,4.0,2.042118156E3,2.032E3,-0.650494,0.649478,0.0,0.0,0.0,,,,,,,,,,,,,,,,,,,,,,,,,,,,,2.032E3
2670,BYP,INST,BPN21BEG,,,,,,,,,,,,4.0,2.042118156E3,2.032E3,-0.650494,0.649478,0.0,0.0,0.0,,,,,,,,,,,,,,,,,,,,,,,,,,,,,2.032E3
2672,BYP,QUAD,QBP21,2Q4,0.1244,0.0538,,0.06058050564,,0.0,,,,,4.0,2.077449459E3,2.067331303E3,-0.650494,0.649478,0.0,0.0,0.0,,,,,,,,,,1.005524273745,-0.808299255422,,,,,,,,,,,,,,,,,,2.067331303E3
2675,BYP,BPM,BPMBP21,Stripline-5,0.0,,,,,,,,,,4.0,2.077956839E3,2.067838683E3,-0.650494,0.649478,0.0,0.0,0.0,,,,,,,,,,,,,,,,,,,,,,,,,,,,,2.067838683E3
2677,BYP,XCOR,XCBP21,Bypass,0.0,,,,,,,,,,4.0,2.078585489E3,2.068467333E3,-0.650494,0.649478,0.0,0.0,0.0,,,,,,,,,,,,,,,,,,,,,,,,,,,,,2.068467333E3
2679,BYP,YCOR,YCBP21,Bypass,0.0,,,,,,,,,,4.0,2.078814089E3,2.068695933E3,-0.650494,0.649478,0.0,0.0,0.0,,,,,,,,,,,,,,,,,,,,,,,,,,,,,2.068695933E3
2681,BYP,COLL,CXBP21,HCOLL,0.06,,,,,,,,,,4.0,2.080675159E3,2.070557003E3,-0.650494,0.649478,0.0,0.0,0.0,,,,,,,,,,,,,,,,,,,,,,,,0.72E-2,0.04,,,,2.070557003E3
2684,BYP,INST,BPN21END,,,,,,,,,,,,4.0,2.143718156E3,2.1336E3,-0.650494,0.649478,0.0,0.0,0.0,,,,,,,,,,,,,,,,,,,,,,,,,,,,,2.1336E3
2685,BYP,INST,BPN22BEG,,,,,,,,,,,,4.0,2.143718156E3,2.1336E3,-0.650494,0.649478,0.0,0.0,0.0,,,,,,,,,,,,,,,,,,,,,,,,,,,,,2.1336E3
2687,BYP,QUAD,QBP22,2Q4,0.1244,0.0538,,-0.06058050564,,0.0,,,,,4.0,2.179049459E3,2.168931303E3,-0.650494,0.649478,0.0,0.0,0.0,,,,,,,,,,-1.005524273745,0.808299255422,,,,,,,,,,,,,,,,,,2.168931303E3
2690,BYP,BPM,BPMBP22,Stripline-5,0.0,,,,,,,,,,4.0,2.179556839E3,2.169438683E3,-0.650494,0.649478,0.0,0.0,0.0,,,,,,,,,,,,,,,,,,,,,,,,,,,,,2.169438683E3
2692,BYP,XCOR,XCBP22,Bypass,0.0,,,,,,,,,,4.0,2.180185489E3,2.170067333E3,-0.650494,0.649478,0.0,0.0,0.0,,,,,,,,,,,,,,,,,,,,,,,,,,,,,2.170067333E3
2694,BYP,YCOR,YCBP22,Bypass,0.0,,,,,,,,,,4.0,2.180414089E3,2.170295933E3,-0.650494,0.649478,0.0,0.0,0.0,,,,,,,,,,,,,,,,,,,,,,,,,,,,,2.170295933E3
2696,BYP,COLL,CYBP22,VCOLL,0.06,,,,,,,,,,4.0,2.182275159E3,2.172157003E3,-0.650494,0.649478,0.0,0.0,0.0,,,,,,,,,,,,,,,,,,,,,,,,0.04,0.72E-2,,,,2.172157003E3
2699,BYP,INST,BPN22END,,,,,,,,,,,,4.0,2.245318156E3,2.2352E3,-0.650494,0.649478,0.0,0.0,0.0,,,,,,,,,,,,,,,,,,,,,,,,,,,,,2.2352E3
2700,BYP,INST,BPN23BEG,,,,,,,,,,,,4.0,2.245318156E3,2.2352E3,-0.650494,0.649478,0.0,0.0,0.0,,,,,,,,,,,,,,,,,,,,,,,,,,,,,2.2352E3
2702,BYP,QUAD,QBP23,2Q4,0.1244,0.0538,,0.06058050564,,0.0,,,,,4.0,2.280649459E3,2.270531303E3,-0.650494,0.649478,0.0,0.0,0.0,,,,,,,,,,1.005524273745,-0.808299255422,,,,,,,,,,,,,,,,,,2.270531303E3
2703,BYP,MARK,MQBP23,,,,,,,,,,,,4.0,2.280649459E3,2.270531303E3,-0.650494,0.649478,0.0,0.0,0.0,,,,,,,,,,,,,,,,,,,,,,,,,,,,,2.270531303E3
2706,BYP,BPM,BPMBP23,Stripline-5,0.0,,,,,,,,,,4.0,2.281156839E3,2.271038683E3,-0.650494,0.649478,0.0,0.0,0.0,,,,,,,,,,,,,,,,,,,,,,,,,,,,,2.271038683E3
2708,BYP,XCOR,XCBP23,type-4,0.0,,,,,,,,,,4.0,2.281785489E3,2.271667333E3,-0.650494,0.649478,0.0,0.0,0.0,,,,,,,,,,,,,,,,,,,,,,,,,,,,,2.271667333E3
2710,BYP,YCOR,YCBP23,type-4,0.0,,,,,,,,,,4.0,2.282014089E3,2.271895933E3,-0.650494,0.649478,0.0,0.0,0.0,,,,,,,,,,,,,,,,,,,,,,,,,,,,,2.271895933E3
2713,BYP,INST,BPN23END,,,,,,,,,,,,4.0,2.346918156E3,2.3368E3,-0.650494,0.649478,0.0,0.0,0.0,,,,,,,,,,,,,,,,,,,,,,,,,,,,,2.3368E3
2714,BYP,INST,BPN24BEG,,,,,,,,,,,,4.0,2.346918156E3,2.3368E3,-0.650494,0.649478,0.0,0.0,0.0,,,,,,,,,,,,,,,,,,,,,,,,,,,,,2.3368E3
2716,BYP,QUAD,QBP24,2Q4,0.1244,0.0538,,-0.06058050564,,0.0,,,,,4.0,2.382249459E3,2.372131303E3,-0.650494,0.649478,0.0,0.0,0.0,,,,,,,,,,-1.005524273745,0.808299255422,,,,,,,,,,,,,,,,,,2.372131303E3
2719,BYP,BPM,BPMBP24,Stripline-5,0.0,,,,,,,,,,4.0,2.382756839E3,2.372638683E3,-0.650494,0.649478,0.0,0.0,0.0,,,,,,,,,,,,,,,,,,,,,,,,,,,,,2.372638683E3
2720,*BYP,BPM,RFBBP24,CavityS-1,0.0,,,,,,,,,,4.0,2.382756839E3,2.372638683E3,-0.650494,0.649478,0.0,0.0,0.0,,,,,,,,,,,,,,,,,,,,,,,,,,,,,2.372638683E3
2722,BYP,XCOR,XCBP24,Bypass#2,0.0,,,,,,,,,,4.0,2.383385489E3,2.373267333E3,-0.650494,0.649478,0.0,0.0,0.0,,,,,,,,,,,,,,,,,,,,,,,,,,,,,2.373267333E3
2724,BYP,YCOR,YCBP24,Bypass#2,0.0,,,,,,,,,,4.0,2.383614089E3,2.373495933E3,-0.650494,0.649478,0.0,0.0,0.0,,,,,,,,,,,,,,,,,,,,,,,,,,,,,2.373495933E3
2727,BYP,INST,BPN24END,,,,,,,,,,,,4.0,2.448518156E3,2.4384E3,-0.650494,0.649478,0.0,0.0,0.0,,,,,,,,,,,,,,,,,,,,,,,,,,,,,2.4384E3
2728,BYP,INST,BPN25BEG,,,,,,,,,,,,4.0,2.448518156E3,2.4384E3,-0.650494,0.649478,0.0,0.0,0.0,,,,,,,,,,,,,,,,,,,,,,,,,,,,,2.4384E3
2730,BYP,QUAD,QBP25,2Q4,0.1244,0.0538,,0.07027390479,,0.0,,,,,4.0,2.483849459E3,2.473731303E3,-0.650494,0.649478,0.0,0.0,0.0,,,,,,,,,,1.166416759496,-0.937634051042,,,,,,,,,,,,,,,,,,2.473731303E3
2733,BYP,BPM,BPMBP25,Stripline-5,0.0,,,,,,,,,,4.0,2.484356839E3,2.474238683E3,-0.650494,0.649478,0.0,0.0,0.0,,,,,,,,,,,,,,,,,,,,,,,,,,,,,2.474238683E3
2735,BYP,XCOR,XCBP25,Bypass#2,0.0,,,,,,,,,,4.0,2.484985489E3,2.474867333E3,-0.650494,0.649478,0.0,0.0,0.0,,,,,,,,,,,,,,,,,,,,,,,,,,,,,2.474867333E3
2737,BYP,YCOR,YCBP25,Bypass#2,0.0,,,,,,,,,,4.0,2.485214089E3,2.475095933E3,-0.650494,0.649478,0.0,0.0,0.0,,,,,,,,,,,,,,,,,,,,,,,,,,,,,2.475095933E3
2739,BYP,COLL,CXBP25,HCOLL,0.06,,,,,,,,,,4.0,2.487075159E3,2.476957003E3,-0.650494,0.649478,0.0,0.0,0.0,,,,,,,,,,,,,,,,,,,,,,,,0.7E-2,0.04,,,,2.476957003E3
2742,BYP,INST,BPN25END,,,,,,,,,,,,4.0,2.550118156E3,2.54E3,-0.650494,0.649478,0.0,0.0,0.0,,,,,,,,,,,,,,,,,,,,,,,,,,,,,2.54E3
2743,BYP,INST,BPN26BEG,,,,,,,,,,,,4.0,2.550118156E3,2.54E3,-0.650494,0.649478,0.0,0.0,0.0,,,,,,,,,,,,,,,,,,,,,,,,,,,,,2.54E3
2745,BYP,QUAD,QBP26,2Q4,0.1244,0.0538,,-0.1055216113,,0.0,,,,,4.0,2.585449459E3,2.575331303E3,-0.650494,0.649478,0.0,0.0,0.0,,,,,,,,,,-1.751463452574,1.407928820397,,,,,,,,,,,,,,,,,,2.575331303E3
2748,BYP,BPM,BPMBP26,Stripline-5,0.0,,,,,,,,,,4.0,2.585956839E3,2.575838683E3,-0.650494,0.649478,0.0,0.0,0.0,,,,,,,,,,,,,,,,,,,,,,,,,,,,,2.575838683E3
2750,BYP,XCOR,XCBP26,Bypass#2,0.0,,,,,,,,,,4.0,2.586585489E3,2.576467333E3,-0.650494,0.649478,0.0,0.0,0.0,,,,,,,,,,,,,,,,,,,,,,,,,,,,,2.576467333E3
2752,BYP,YCOR,YCBP26,Bypass#2,0.0,,,,,,,,,,4.0,2.586814089E3,2.576695933E3,-0.650494,0.649478,0.0,0.0,0.0,,,,,,,,,,,,,,,,,,,,,,,,,,,,,2.576695933E3
2754,BYP,COLL,CYBP26,VCOLL,0.06,,,,,,,,,,4.0,2.588675159E3,2.578557003E3,-0.650494,0.649478,0.0,0.0,0.0,,,,,,,,,,,,,,,,,,,,,,,,0.04,0.76E-2,,,,2.578557003E3
2757,BYP,INST,BPN26END,,,,,,,,,,,,4.0,2.651718156E3,2.6416E3,-0.650494,0.649478,0.0,0.0,0.0,,,,,,,,,,,,,,,,,,,,,,,,,,,,,2.6416E3
2758,BYP,INST,BPN27BEG,,,,,,,,,,,,4.0,2.651718156E3,2.6416E3,-0.650494,0.649478,0.0,0.0,0.0,,,,,,,,,,,,,,,,,,,,,,,,,,,,,2.6416E3
2760,BYP,QUAD,QBP27,2Q4,0.1244,0.0538,,0.1114745114,,0.0,,,,,4.0,2.687049459E3,2.676931303E3,-0.650494,0.649478,0.0,0.0,0.0,,,,,,,,,,1.850270576854,-1.487355769175,,,,,,,,,,,,,,,,,,2.676931303E3
2763,BYP,BPM,BPMBP27,Stripline-5,0.0,,,,,,,,,,4.0,2.687556839E3,2.677438683E3,-0.650494,0.649478,0.0,0.0,0.0,,,,,,,,,,,,,,,,,,,,,,,,,,,,,2.677438683E3
2765,BYP,XCOR,XCBP27,Bypass#2,0.0,,,,,,,,,,4.0,2.688185489E3,2.678067333E3,-0.650494,0.649478,0.0,0.0,0.0,,,,,,,,,,,,,,,,,,,,,,,,,,,,,2.678067333E3
2767,BYP,YCOR,YCBP27,Bypass#2,0.0,,,,,,,,,,4.0,2.688414089E3,2.678295933E3,-0.650494,0.649478,0.0,0.0,0.0,,,,,,,,,,,,,,,,,,,,,,,,,,,,,2.678295933E3
2769,BYP,INST,BPN27END,,,,,,,,,,,,4.0,2.753318156E3,2.7432E3,-0.650494,0.649478,0.0,0.0,0.0,,,,,,,,,,,,,,,,,,,,,,,,,,,,,2.7432E3
2771,BYP,QUAD,QBP35,2Q4W,0.1244,0.0538,,-0.2911274256,,0.0,,,,,4.0,2.766349459E3,2.756231303E3,-0.650494,0.649478,0.0,0.0,0.0,,,,,,,,,,-4.832176458437,3.884386220609,,,,,,,,,,,,,,,,,,2.756231303E3
2774,BYP,BPM,BPMBP35,Stripline-5,0.0,,,,,,,,,,4.0,2.766871459E3,2.756753303E3,-0.650494,0.649478,0.0,0.0,0.0,,,,,,,,,,,,,,,,,,,,,,,,,,,,,2.756753303E3
2775,*BYP,BPM,RFBBP35,CavityS-1,0.0,,,,,,,,,,4.0,2.766871459E3,2.756753303E3,-0.650494,0.649478,0.0,0.0,0.0,,,,,,,,,,,,,,,,,,,,,,,,,,,,,2.756753303E3
2777,BYP,XCOR,XCBP35,Bypass#2,0.0,,,,,,,,,,4.0,2.767614759E3,2.757496603E3,-0.650494,0.649478,0.0,0.0,0.0,,,,,,,,,,,,,,,,,,,,,,,,,,,,,2.757496603E3
2779,BYP,YCOR,YCBP35,Bypass#2,0.0,,,,,,,,,,4.0,2.767894159E3,2.757776003E3,-0.650494,0.649478,0.0,0.0,0.0,,,,,,,,,,,,,,,,,,,,,,,,,,,,,2.757776003E3
2781,BYP,QUAD,QBP28,2Q4W,0.1244,0.0538,,0.3238361475,,0.0,,,,,4.0,2.788349459E3,2.778231303E3,-0.650494,0.649478,0.0,0.0,0.0,,,,,,,,,,5.375080706036,-4.320804426074,,,,,,,,,,,,,,,,,,2.778231303E3
2784,BYP,BPM,BPMBP28,Stripline-5,0.0,,,,,,,,,,4.0,2.788871459E3,2.778753303E3,-0.650494,0.649478,0.0,0.0,0.0,,,,,,,,,,,,,,,,,,,,,,,,,,,,,2.778753303E3
2786,BYP,XCOR,XCBP28,Bypass#2,0.0,,,,,,,,,,4.0,2.789614759E3,2.779496603E3,-0.650494,0.649478,0.0,0.0,0.0,,,,,,,,,,,,,,,,,,,,,,,,,,,,,2.779496603E3
2788,BYP,YCOR,YCBP28,Bypass#2,0.0,,,,,,,,,,4.0,2.789894159E3,2.779776003E3,-0.650494,0.649478,0.0,0.0,0.0,,,,,,,,,,,,,,,,,,,,,,,,,,,,,2.779776003E3
2790,BYP,MARK,LTUSPLIT,,,,,,,,,,,,4.0,2.790394159E3,2.780276003E3,-0.650494,0.649478,0.0,0.0,0.0,,,,,,,,,,,,,,,,,,,,,,,,,,,,,2.780276003E3
2791,BYP,MARK,RWWAKE2,WAKE,,,,,,,,,,,4.0,2.790394159E3,2.780276003E3,-0.650494,0.649478,0.0,0.0,0.0,,,,,,,,,,,,,,,,,,,,,,,,,,,,,2.780276003E3
2792,BYP,INST,ENDBYP,,,,,,,,,,,,4.0,2.790394159E3,2.780276003E3,-0.650494,0.649478,0.0,0.0,0.0,,,,,,,,,,,,,,,,,,,,,,,,,,,,,2.780276003E3
2793,SPD,INST,BEGSPD_1,,,,,,,,,,,,4.0,2.790394159E3,2.780276003E3,-0.650494,0.649478,0.0,0.0,0.0,,,,,,,,,,,,,,,,,,,,,,,,,,,,,2.780276003E3
2812,SPD,BPM,BPMSPH,Stripline-5,0.0,,,,,,,,,,4.0,2.800098786E3,2.78998063E3,-0.650494,0.649478,0.0,0.0,0.0,,,,,,,,,,,,,,,,,,,,,,,,,,,,,2.78998063E3
2817,SPD,BPM,BPMSP1,Stripline-5,0.0,,,,,,,,,,4.0,2.836917331E3,2.826799175E3,-0.650494,0.649478,0.0,0.0,0.0,,,,,,,,,,,,,,,,,,,,,,,,,,,,,2.826799175E3
2820,SPD,QUAD,QSP1,2Q10,0.263,0.0514,,0.5273873311,,0.0,,,,,4.0,2.859251659E3,2.849133503E3,-0.650494,0.649478,0.0,0.0,0.0,,,,,,,,,,18.506518525891,-7.036699059274,,,,,,,,,,,,,,,,,,2.849133503E3
2823,SPD,XCOR,XCSP1,class-4,0.0,,,,,,,,,,4.0,2.859974459E3,2.849856303E3,-0.650494,0.649478,0.0,0.0,0.0,,,,,,,,,,,,,,,,,,,,,,,,,,,,,2.849856303E3
2825,SPD,BPM,BPMSP2,Stripline-5,0.0,,,,,,,,,,4.0,2.860671298E3,2.850553142E3,-0.650494,0.649478,0.0,0.0,0.0,,,,,,,,,,,,,,,,,,,,,,,,,,,,,2.850553142E3
2827,SPD,QUAD,QSP2,2Q10,0.263,0.0514,,-0.5218304253,,0.0,,,,,4.0,2.861314659E3,2.851196503E3,-0.650494,0.649478,0.0,0.0,0.0,,,,,,,,,,-18.311521463827,6.962555689668,,,,,,,,,,,,,,,,,,2.851196503E3
2830,SPD,YCOR,YCSP2,class-4,0.0,,,,,,,,,,4.0,2.861874659E3,2.851756503E3,-0.650494,0.649478,0.0,0.0,0.0,,,,,,,,,,,,,,,,,,,,,,,,,,,,,2.851756503E3
2832,SPD,INST,ENDSPD_1,,,,,,,,,,,,4.0,2.877570159E3,2.867452003E3,-0.650494,0.649478,0.0,0.0,0.0,,,,,,,,,,,,,,,,,,,,,,,,,,,,,2.867452003E3
2833,SPS,INST,BEGSPS,,,,,,,,,,,,4.0,2.877570159E3,2.867452003E3,-0.650494,0.649478,0.0,0.0,0.0,,,,,,,,,,,,,,,,,,,,,,,,,,,,,2.867452003E3
2834,*SPS,KICK,BKYSP0S,0.787K35.4,1.0,0.02,0.0,0.0,,90.000000011752,0.0,0.0,,,4.0,2.878070159E3,2.867952003E3,-0.650494,0.649478,0.0,0.0,0.0,,,,,,1.0,0.5,0.0,0.0,0.0,0.0,,,,2.867952003E3,-0.650494,0.649878,0.0,0.0,0.0,,,,,,,,,2.867952003E3
2837,SPS,KICK,BKYSP1S,0.787K35.4,1.0,0.02,-0.014323943687,0.0,,90.000000011752,0.0,-0.014323943687,,,4.0,2.879370159E3,2.869252003E3,-0.650494,0.649509,0.0,-0.125E-3,0.0,,,,,,1.0,0.5,-0.033356406472,0.333564064724E-2,0.0,0.0,,,,2.869252003E3,-0.650494,0.649878,0.0,0.0,0.0,,,,,,,,,2.869252003E3
2840,SPS,KICK,BKYSP2S,0.787K35.4,1.0,0.02,-0.01432394458,0.0,,90.000000011752,0.014323943687,-0.028647888267,,,4.0,2.880670159E3,2.870552003E3,-0.650494,0.649834,0.0,-0.375E-3,0.0,,,,,,1.0,0.5,-0.033356408554,0.333564085538E-2,0.0,0.0,,,,2.870552003E3,-0.650494,0.649878,0.0,0.0,0.0,,,,,,,,,2.870552003E3
2843,SPS,KICK,BKYSP3S,0.787K35.4,1.0,0.02,-0.014323946368,0.0,,90.000000011752,0.028647888267,-0.042971834635,,,4.0,2.881970159E3,2.871852003E3,-0.650494,0.650484,0.0,-0.625E-3,0.0,,,,,,1.0,0.5,-0.033356412717,0.333564127167E-2,0.0,0.0,,,,2.871852003E3,-0.650494,0.649878,0.0,0.0,0.0,,,,,,,,,2.871852003E3
2846,*SPS,KICK,BKYSP4S,0.787K35.4,1.0,0.02,0.0,0.0,,90.000000011752,0.0,0.0,,,4.0,2.883270159E3,2.873152003E3,-0.650494,0.651428,0.0,-0.75E-3,0.0,,,,,,1.0,0.5,0.0,0.0,0.0,0.0,,,,2.873152003E3,-0.650494,0.649878,0.0,0.0,0.0,,,,,,,,,2.873152003E3
2849,*SPS,KICK,BKYSP5S,1.378K35.4,1.0,0.035,0.0,0.0,,90.000000011752,0.0,0.0,,,4.0,2.88457016E3,2.874452003E3,-0.650494,0.652403,0.0,-0.75E-3,0.0,,,,,,1.0,0.5,0.0,0.0,0.0,0.0,,,,2.874452003E3,-0.650494,0.649878,0.0,0.0,0.0,,,,,,,,,2.874452003E3
2852,SPS,BPM,BPMSPS?,Stripline-5,0.0,,,,,,,,,,4.0,2.887296324E3,2.877178166E3,-0.650494,0.654448,0.0,-0.75E-3,0.0,,,,,,,,,,,,,,,,,,,,,,,,,,,,,2.877178166E3
2854,SPS,SEPT,BLXSPS,0.625SD38.98,1.000021,0.0159,0.63343047705,0.0,,0.0,0.0,0.633430477222,,,4.0,2.900670167E3,2.890552003E3,-0.651876,0.664478,0.4E-5,-0.75E-3,-0.5528E-2,,,,,,1.0,0.5,1.475080112494,-0.147504913646,0.0,0.0,,,,2.890552003E3,-0.650494,0.645478,0.0,0.0,0.0,,,,,,,,,2.890552003E3
2856,SPS,MARK,ROSP1S,,0.0,,-0.475063269439E-3,,,,,,,,4.0,2.901170185E3,2.891052003E3,-0.656022,0.664853,0.4E-5,-0.75E-3,-0.011055,,,,,,,,,,,,,,,,,,,,,,,,,,,,,2.891052003E3
2858,SPS,BEND,BYSP1S,1.0D22.625,0.6,0.0254,0.180748555976,0.0,,90.000000011752,0.090374277988,0.090374277988,,,4.0,2.920429084E3,2.91030972E3,-0.868933,0.67906,0.0,0.827E-3,-0.011055,,,,,,0.599999751203,0.4725,0.42091217575,-0.070152029292,0.0,0.0,,,,2.91030972E3,-0.868933,0.678941,1.570796,0.827E-3,-0.011055,,,,,,,,,2.91030972E3
2861,SPS,BEND,BYSP2S,1.0D22.625,0.6,0.0254,-0.137779347436,0.0,,90.000000011752,-0.068889673718,-0.068889673718,,,4.0,2.932829084E3,2.922708927E3,-1.006018,0.649658,0.0,0.1202E-2,-0.011055,,,,,,0.599999855435,0.4725,-0.320849063438,0.053474843906,0.0,0.0,,,,2.922708927E3,-1.006018,0.649749,1.570796,0.1202E-2,-0.011055,,,,,,,,,2.922708927E3
2863,SPS,MARK,CNTSP1S,CENTER,,,,,,,,,,,4.0,2.933129084E3,2.923008909E3,-1.009334,0.649478,0.0,0.0,-0.011055,,,,,,,,,,,,,,,,,,,,,,,,,,,,,2.923008909E3
2865,SPS,QUAD,QSP1S,1.26Q12,0.32,0.032,,0.6335905238,,0.0,,,,,4.0,2.934067684E3,2.923947451E3,-1.019711,0.649478,0.0,0.0,-0.011055,,,,,,,,,,27.051910153333,-8.453721922916,,,,,,,,,,,,,,,,,,2.923947451E3
2868,*SPS,SEXT,SSP1S,1.38S3.00,0.1,0.035052,,,12.70134596,0.0,,,,,4.0,2.93451216E3,2.9243919E3,-1.024624,0.649478,0.0,0.0,-0.011055,,,,,,,,,,1.69468517535E2,-1.69468517535E2,,,,,,,,,,,,,,,,,,2.9243919E3
2871,SPS,BPM,BPMSP1S,Stripline-5,0.0,,,,,,,,,,4.0,2.935018891E3,2.9248986E3,-1.030226,0.649478,0.0,0.0,-0.011055,,,,,,,,,,,,,,,,,,,,,,,,,,,,,2.9248986E3
2873,SPS,XCOR,XCSP1S,class-4,0.0,,,,,,,,,,4.0,2.935619028E3,2.9254987E3,-1.036861,0.649478,0.0,0.0,-0.011055,,,,,,,,,,,,,,,,,,,,,,,,,,,,,2.9254987E3
2875,SPS,QUAD,QSP2S,1.26Q12,0.32,0.032,,-0.5585674126,,0.0,,,,,4.0,2.936437684E3,2.926317307E3,-1.045911,0.649478,0.0,0.0,-0.011055,,,,,,,,,,-23.848708105054,7.452721282829,,,,,,,,,,,,,,,,,,2.926317307E3
2878,SPS,BPM,BPMSP2S,Stripline-5,0.0,,,,,,,,,,4.0,2.937242884E3,2.927122457E3,-1.054813,0.649478,0.0,0.0,-0.011055,,,,,,,,,,,,,,,,,,,,,,,,,,,,,2.927122457E3
2880,SPS,YCOR,YCSP2S,class-4,0.0,,,,,,,,,,4.0,2.937887384E3,2.927766918E3,-1.061938,0.649478,0.0,0.0,-0.011055,,,,,,,,,,,,,,,,,,,,,,,,,,,,,2.927766918E3
2882,SPS,IMON,IMSP0S,ICT,0.0,,,,,,,,,,4.0,2.945053389E3,2.934932485E3,-1.14116,0.649478,0.0,0.0,-0.011055,,,,,,,,,,,,,,,,,,,,,,,,,,,,,2.934932485E3
2884,SPS,BEND,BXSP1S,1.0D38.37,1.000006,0.0254,-0.633430655183,0.0,,0.0,-0.316715327591,-0.316715327591,,,4.0,2.945897687E3,2.935776744E3,-1.149112,0.649478,0.0,0.0,-0.5528E-2,,,,,,1.000000907353,0.4861,-1.475080527314,0.147507167688,0.0,0.0,,,,2.935776748E3,-1.148421,0.649478,0.0,0.0,-0.5528E-2,,,,,,,,,2.935776744E3
2887,SPS,XCOR,XCSP3S,class-4,0.0,,,,,,,,,,4.0,2.952383389E3,2.942262444E3,-1.150494,0.649478,0.0,0.0,0.0,,,,,,,,,,,,,,,,,,,,,,,,,,,,,2.942262444E3
2889,SPS,QUAD,QSP3S,1.26Q12,0.32,0.032,,0.6520936724,,0.0,,,,,4.0,2.953180689E3,2.943059744E3,-1.150494,0.649478,0.0,0.0,0.0,,,,,,,,,,27.841924357584,-8.700601361745,,,,,,,,,,,,,,,,,,2.943059744E3
2892,SPS,BPM,BPMSP3S,Stripline-5,0.0,,,,,,,,,,4.0,2.953985889E3,2.943864944E3,-1.150494,0.649478,0.0,0.0,0.0,,,,,,,,,,,,,,,,,,,,,,,,,,,,,2.943864944E3
2894,SPS,YCOR,YCSP4S,class-4,0.0,,,,,,,,,,4.0,2.955428489E3,2.945307544E3,-1.150494,0.649478,0.0,0.0,0.0,,,,,,,,,,,,,,,,,,,,,,,,,,,,,2.945307544E3
2896,SPS,QUAD,QSP4S,2Q10,0.263,0.0514,,-0.4979690548,,0.0,,,,,4.0,2.956175689E3,2.946054744E3,-1.150494,0.649478,0.0,0.0,0.0,,,,,,,,,,-17.47420348296,6.644183833825,,,,,,,,,,,,,,,,,,2.946054744E3
2899,SPS,BPM,BPMSP4S,Stripline-5,0.0,,,,,,,,,,4.0,2.956754289E3,2.946633344E3,-1.150494,0.649478,0.0,0.0,0.0,,,,,,,,,,,,,,,,,,,,,,,,,,,,,2.946633344E3
2902,SPS,XCOR,XCSP5S,class-4,0.0,,,,,,,,,,4.0,2.974277489E3,2.964156544E3,-1.150494,0.649478,0.0,0.0,0.0,,,,,,,,,,,,,,,,,,,,,,,,,,,,,2.964156544E3
2904,SPS,QUAD,QSP5S,2Q10,0.263,0.0514,,0.1845477048,,0.0,,,,,4.0,2.974770689E3,2.964649744E3,-1.150494,0.649478,0.0,0.0,0.0,,,,,,,,,,6.475952902904,-2.462339506808,,,,,,,,,,,,,,,,,,2.964649744E3
2907,SPS,BPM,BPMSP5S,Stripline-5,0.0,,,,,,,,,,4.0,2.975349289E3,2.965228344E3,-1.150494,0.649478,0.0,0.0,0.0,,,,,,,,,,,,,,,,,,,,,,,,,,,,,2.965228344E3
2911,SPS,YCOR,YCSP6S,class-4,0.0,,,,,,,,,,4.0,2.992872489E3,2.982751544E3,-1.150494,0.649478,0.0,0.0,0.0,,,,,,,,,,,,,,,,,,,,,,,,,,,,,2.982751544E3
2913,SPS,QUAD,QSP6S,2Q10,0.263,0.0514,,-0.4979690548,,0.0,,,,,4.0,2.993365689E3,2.983244744E3,-1.150494,0.649478,0.0,0.0,0.0,,,,,,,,,,-17.47420348296,6.644183833825,,,,,,,,,,,,,,,,,,2.983244744E3
2916,SPS,BPM,BPMSP6S,Stripline-5,0.0,,,,,,,,,,4.0,2.993944289E3,2.983823344E3,-1.150494,0.649478,0.0,0.0,0.0,,,,,,,,,,,,,,,,,,,,,,,,,,,,,2.983823344E3
2918,SPS,XCOR,XCSP7S,class-4,0.0,,,,,,,,,,4.0,2.995563389E3,2.985442444E3,-1.150494,0.649478,0.0,0.0,0.0,,,,,,,,,,,,,,,,,,,,,,,,,,,,,2.985442444E3
2920,SPS,QUAD,QSP7S,1.26Q12,0.32,0.032,,0.6520936724,,0.0,,,,,4.0,2.996360689E3,2.986239744E3,-1.150494,0.649478,0.0,0.0,0.0,,,,,,,,,,27.841924357584,-8.700601361745,,,,,,,,,,,,,,,,,,2.986239744E3
2923,SPS,BPM,BPMSP7S,Stripline-5,0.0,,,,,,,,,,4.0,2.997165889E3,2.987044944E3,-1.150494,0.649478,0.0,0.0,0.0,,,,,,,,,,,,,,,,,,,,,,,,,,,,,2.987044944E3
2925,SPS,BEND,BXSP2S,1.0D38.37,1.000006,0.0254,-0.633430655183,0.0,,0.0,-0.316715327591,-0.316715327591,,,4.0,3.003643692E3,2.993522744E3,-1.149112,0.649478,0.0,0.0,0.5528E-2,,,,,,1.000000907353,0.4861,-1.475080527314,0.147507167688,0.0,0.0,,,,2.99352274E3,-1.148421,0.649478,0.0,0.0,0.5528E-2,,,,,,,,,2.993522744E3
2931,SPS,YCOR,YCSP8S,class-4,0.0,,,,,,,,,,4.0,3.012306394E3,3.00218493E3,-1.054726,0.649478,0.0,0.0,0.011055,,,,,,,,,,,,,,,,,,,,,,,,,,,,,3.00218493E3
2933,SPS,QUAD,QSP8S,1.26Q12,0.32,0.032,,-0.5585674126,,0.0,,,,,4.0,3.013103694E3,3.002982181E3,-1.045911,0.649478,0.0,0.0,0.011055,,,,,,,,,,-23.848708105054,7.452721282829,,,,,,,,,,,,,,,,,,3.002982181E3
2936,SPS,BPM,BPMSP8S,Stripline-5,0.0,,,,,,,,,,4.0,3.013908894E3,3.003787332E3,-1.03701,0.649478,0.0,0.0,0.011055,,,,,,,,,,,,,,,,,,,,,,,,,,,,,3.003787332E3
2938,SPS,XCOR,XCSP9S,class-4,0.0,,,,,,,,,,4.0,3.014574803E3,3.0044532E3,-1.029648,0.649478,0.0,0.0,0.011055,,,,,,,,,,,,,,,,,,,,,,,,,,,,,3.0044532E3
2940,*SPS,SEXT,SSP2S,1.38S3.00,0.1,0.035052,,,12.69923705,0.0,,,,,4.0,3.015029231E3,3.0049076E3,-1.024624,0.649478,0.0,0.0,0.011055,,,,,,,,,,1.69440379269E2,-1.69440379269E2,,,,,,,,,,,,,,,,,,3.0049076E3
2943,SPS,QUAD,QSP9S,1.26Q12,0.32,0.032,,0.6335905238,,0.0,,,,,4.0,3.015473694E3,3.005352036E3,-1.019711,0.649478,0.0,0.0,0.011055,,,,,,,,,,27.051910153333,-8.453721922916,,,,,,,,,,,,,,,,,,3.005352036E3
2946,SPS,BPM,BPMSP9S,Stripline-5,0.0,,,,,,,,,,4.0,3.016278894E3,3.006157187E3,-1.010809,0.649478,0.0,0.0,0.011055,,,,,,,,,,,,,,,,,,,,,,,,,,,,,3.006157187E3
2948,*SPS,ACM,IMBCSS1,BCS ACM,0.0,,,,,,,,,,4.0,3.040900112E3,3.0307769E3,-0.738616,0.649478,0.0,0.0,0.011055,,,,,,,,,,,,,,,,,,,,,,,,,,,,,3.0307769E3
2950,*SPS,ACM,IMBCSS2,BCS ACM,0.0,,,,,,,,,,4.0,3.04120613E3,3.0310829E3,-0.735233,0.649478,0.0,0.0,0.011055,,,,,,,,,,,,,,,,,,,,,,,,,,,,,3.0310829E3
2952,SPS,BEND,BXSP3S,1.0D38.37,1.000006,0.0254,0.633430655183,0.0,,0.0,0.316715327591,0.316715327591,,,4.0,3.048871163E3,3.038747477E3,-0.651876,0.649478,0.0,0.0,0.5528E-2,,,,,,1.000000907353,0.4861,1.475080527314,-0.147507167688,0.0,0.0,,,,3.038747481E3,-0.652567,0.649478,0.0,0.0,0.5528E-2,,,,,,,,,3.038747477E3
2954,SPS,MARK,CNTSP2S,CENTER,,,,,,,,,,,4.0,3.049371166E3,3.039247477E3,-0.650494,0.649478,0.0,0.0,0.0,,,,,,,,,,,,,,,,,,,,,,,,,,,,,3.039247477E3
2959,SPS,MARK,S100B,,,,,,,,,,,,4.0,3.058123689E3,3.048E3,-0.650494,0.649478,0.0,0.0,0.0,,,,,,,,,,,,,,,,,,,,,,,,,,,,,3.048E3
2961,SPS,MARK,WOODDOOR_SPS,,,,,,,,,,,,4.0,3.060635689E3,3.050512E3,-0.650494,0.649478,0.0,0.0,0.0,,,,,,,,,,,,,,,,,,,,,,,,,,,,,3.050512E3
2962,SPS,INST,ENDSPS,,,,,,,,,,,,4.0,3.060635689E3,3.050512E3,-0.650494,0.649478,0.0,0.0,0.0,,,,,,,,,,,,,,,,,,,,,,,,,,,,,3.050512E3
2963,SLTS,INST,BEGSLTS,,,,,,,,,,,,4.0,3.060635689E3,3.050512E3,-0.650494,0.649478,0.0,0.0,0.0,,,,,,,,,,,,,,,,,,,,,,,,,,,,,3.050512E3
2965,SLTS,QUAD,QBP36,2Q4W,0.1244,0.0538,,0.5818852089,,0.0,,,,,4.0,3.061863712E3,3.051740023E3,-0.650494,0.649478,0.0,0.0,0.0,,,,,,,,,,9.658217538813,-7.763840465284,,,,,,,,,,,,,,,,,,3.051740023E3
2968,SLTS,BPM,BPMBP36,Stripline-5,0.0,,,,,,,,,,4.0,3.062385712E3,3.052262023E3,-0.650494,0.649478,0.0,0.0,0.0,,,,,,,,,,,,,,,,,,,,,,,,,,,,,3.052262023E3
2972,SLTS,QUAD,QBP30,2Q4W,0.1244,0.0538,,-0.5899383328,,0.0,,,,,4.0,3.067374012E3,3.057250323E3,-0.650494,0.649478,0.0,0.0,0.0,,,,,,,,,,-9.791884491166,7.871289783896,,,,,,,,,,,,,,,,,,3.057250323E3
2975,*SLTS,BPM,RFBBP30,CavityS-1,0.0,,,,,,,,,,4.0,3.067896012E3,3.057772323E3,-0.650494,0.649478,0.0,0.0,0.0,,,,,,,,,,,,,,,,,,,,,,,,,,,,,3.057772323E3
2977,SLTS,XCOR,XCBP30,class-4,0.0,,,,,,,,,,4.0,3.068639312E3,3.058515623E3,-0.650494,0.649478,0.0,0.0,0.0,,,,,,,,,,,,,,,,,,,,,,,,,,,,,3.058515623E3
2979,SLTS,YCOR,YCBP30,class-4,0.0,,,,,,,,,,4.0,3.068918712E3,3.058795023E3,-0.650494,0.649478,0.0,0.0,0.0,,,,,,,,,,,,,,,,,,,,,,,,,,,,,3.058795023E3
2982,SLTS,COLL,CXBP30,HCOLL,0.06,,,,,,,,,,4.0,3.119153192E3,3.109029503E3,-0.650494,0.649478,0.0,0.0,0.0,,,,,,,,,,,,,,,,,,,,,,,,0.44E-2,0.04,,,,3.109029503E3
2984,SLTS,QUAD,QBP31,2Q4W,0.1244,0.0538,,0.6142110223,,0.0,,,,,4.0,3.120245392E3,3.110121703E3,-0.650494,0.649478,0.0,0.0,0.0,,,,,,,,,,10.194766213983,-8.195149689697,,,,,,,,,,,,,,,,,,3.110121703E3
2987,SLTS,BPM,BPMBP31,Stripline-5,0.0,,,,,,,,,,4.0,3.120767392E3,3.110643703E3,-0.650494,0.649478,0.0,0.0,0.0,,,,,,,,,,,,,,,,,,,,,,,,,,,,,3.110643703E3
2989,SLTS,XCOR,XCBP31,class-4,0.0,,,,,,,,,,4.0,3.121510692E3,3.111387003E3,-0.650494,0.649478,0.0,0.0,0.0,,,,,,,,,,,,,,,,,,,,,,,,,,,,,3.111387003E3
2991,SLTS,YCOR,YCBP31,class-4,0.0,,,,,,,,,,4.0,3.121790092E3,3.111666403E3,-0.650494,0.649478,0.0,0.0,0.0,,,,,,,,,,,,,,,,,,,,,,,,,,,,,3.111666403E3
2993,SLTS,INST,PCSP1S,BCS plate,0.0635,,,,,,,,,,4.0,3.123091939E3,3.11296825E3,-0.650494,0.649478,0.0,0.0,0.0,,,,,,,,,,,,,,,,,,,,,,,,,,,,,3.11296825E3
2995,SLTS,BPM,BPMBP32,Stripline-5,0.0,,,,,,,,,,4.0,3.124319209E3,3.114195519E3,-0.650494,0.649478,0.0,0.0,0.0,,,,,,,,,,,,,,,,,,,,,,,,,,,,,3.114195519E3
2997,SLTS,QUAD,QBP32,2Q4W,0.1244,0.0538,,-0.4902511869,,0.0,,,,,4.0,3.124841183E3,3.114717493E3,-0.650494,0.649478,0.0,0.0,0.0,,,,,,,,,,-8.137262366047,6.541207689749,,,,,,,,,,,,,,,,,,3.114717493E3
3001,SLTS,XCOR,XCBP32,class-4,0.0,,,,,,,,,,4.0,3.126716083E3,3.116592393E3,-0.650494,0.649478,0.0,0.0,0.0,,,,,,,,,,,,,,,,,,,,,,,,,,,,,3.116592393E3
3003,SLTS,YCOR,YCBP32,class-4,0.0,,,,,,,,,,4.0,3.126995483E3,3.116871793E3,-0.650494,0.649478,0.0,0.0,0.0,,,,,,,,,,,,,,,,,,,,,,,,,,,,,3.116871793E3
3005,SLTS,INST,PCSP2S,BCS plate,0.0635,,,,,,,,,,4.0,3.133391939E3,3.123268249E3,-0.650494,0.649478,0.0,0.0,0.0,,,,,,,,,,,,,,,,,,,,,,,,,,,,,3.123268249E3
3009,SLTS,MARK,MRGCUSXR,,,,,,,,,,,,4.0,3.187773689E3,3.17765E3,-0.650494,0.649478,0.0,0.0,0.0,,,,,,,,,,,,,,,,,,,,,,,,,,,,,3.17765E3
3010,SLTS,INST,ENDSLTS,,,,,,,,,,,,4.0,3.187773689E3,3.17765E3,-0.650494,0.649478,0.0,0.0,0.0,,,,,,,,,,,,,,,,,,,,,,,,,,,,,3.17765E3
3011,BSYS,INST,BEGBSYS,,,,,,,,,,,,4.0,3.187773689E3,3.17765E3,-0.650494,0.649478,0.0,0.0,0.0,,,,,,,,,,,,,,,,,,,,,,,,,,,,,3.17765E3
3013,BSYS,INST,PCBP33,BCS plate,0.0635,,,,,,,,,,4.0,3.189926129E3,3.17980244E3,-0.650494,0.649478,0.0,0.0,0.0,,,,,,,,,,,,,,,,,,,,,,,,,,,,,3.17980244E3
3015,BSYS,INST,STBP34A,PPS stopper,0.29845,,,,,,,,,,4.0,3.195023689E3,3.1849E3,-0.650494,0.649478,0.0,0.0,0.0,,,,,,,,,,,,,,,,,,,,,,,,,,,,,3.1849E3
3016,BSYS,INST,BTMBP34A,PPS BTM,0.0,,,,,,,,,,4.0,3.195172914E3,3.185049225E3,-0.650494,0.649478,0.0,0.0,0.0,,,,,,,,,,,,,,,,,,,,,,,,,,,,,3.185049225E3
3018,BSYS,INST,STBP34B,PPS stopper,0.29845,,,,,,,,,,4.0,3.196588689E3,3.186465E3,-0.650494,0.649478,0.0,0.0,0.0,,,,,,,,,,,,,,,,,,,,,,,,,,,,,3.186465E3
3019,BSYS,INST,BTMBP34B,PPS BTM,0.0,,,,,,,,,,4.0,3.196737914E3,3.186614225E3,-0.650494,0.649478,0.0,0.0,0.0,,,,,,,,,,,,,,,,,,,,,,,,,,,,,3.186614225E3
3022,BSYS,QUAD,QBP33,2Q4W,0.1244,0.0538,,-0.3724765121,,0.0,,,,,4.0,3.197224054E3,3.187100365E3,-0.650494,0.649478,0.0,0.0,0.0,,,,,,,,,,-6.182420736834,4.969791589095,,,,,,,,,,,,,,,,,,3.187100365E3
3025,*BSYS,BPM,RFBBP33,CavityS-1,0.0,,,,,,,,,,4.0,3.197746054E3,3.187622365E3,-0.650494,0.649478,0.0,0.0,0.0,,,,,,,,,,,,,,,,,,,,,,,,,,,,,3.187622365E3
3027,BSYS,XCOR,XCBP33,class-4,0.0,,,,,,,,,,4.0,3.198489354E3,3.188365665E3,-0.650494,0.649478,0.0,0.0,0.0,,,,,,,,,,,,,,,,,,,,,,,,,,,,,3.188365665E3
3029,BSYS,YCOR,YCBP33,class-4,0.0,,,,,,,,,,4.0,3.198768754E3,3.188645065E3,-0.650494,0.649478,0.0,0.0,0.0,,,,,,,,,,,,,,,,,,,,,,,,,,,,,3.188645065E3
3031,BSYS,INST,PCSP3S,BCS plate,0.0635,,,,,,,,,,4.0,3.203891939E3,3.19376825E3,-0.650494,0.649478,0.0,0.0,0.0,,,,,,,,,,,,,,,,,,,,,,,,,,,,,3.19376825E3
3033,BSYS,COLL,CXBP34,HCOLL,0.06,,,,,,,,,,4.0,3.206161234E3,3.196037545E3,-0.650494,0.649478,0.0,0.0,0.0,,,,,,,,,,,,,,,,,,,,,,,,0.44E-2,0.04,,,,3.196037545E3
3035,BSYS,QUAD,QBP34,2Q4W,0.1244,0.0538,,0.5491180336,,0.0,,,,,4.0,3.207253434E3,3.197129745E3,-0.650494,0.649478,0.0,0.0,0.0,,,,,,,,,,9.114343072957,-7.326642341606,,,,,,,,,,,,,,,,,,3.197129745E3
3038,BSYS,BPM,BPMBP34,Stripline-5,0.0,,,,,,,,,,4.0,3.207775434E3,3.197651745E3,-0.650494,0.649478,0.0,0.0,0.0,,,,,,,,,,,,,,,,,,,,,,,,,,,,,3.197651745E3
3040,BSYS,XCOR,XCBP34,class-4,0.0,,,,,,,,,,4.0,3.208518734E3,3.198395045E3,-0.650494,0.649478,0.0,0.0,0.0,,,,,,,,,,,,,,,,,,,,,,,,,,,,,3.198395045E3
3042,BSYS,YCOR,YCBP34,class-4,0.0,,,,,,,,,,4.0,3.208798134E3,3.198674445E3,-0.650494,0.649478,0.0,0.0,0.0,,,,,,,,,,,,,,,,,,,,,,,,,,,,,3.198674445E3
3045,BSYS,INST,PCSP4S,BCS plate,0.0635,,,,,,,,,,4.0,3.215191939E3,3.20506825E3,-0.650494,0.649478,0.0,0.0,0.0,,,,,,,,,,,,,,,,,,,,,,,,,,,,,3.20506825E3
3047,BSYS,MARK,MUWALLB,,,,,,,,,,,,4.0,3.217382114E3,3.207258425E3,-0.650494,0.649478,0.0,0.0,0.0,,,,,,,,,,,,,,,,,,,,,,,,,,,,,3.207258425E3
3049,BSYS,MARK,DUMPBSYS,,,,,,,,,,,,4.0,3.219223089E3,3.2090994E3,-0.650494,0.649478,0.0,0.0,0.0,,,,,,,,,,,,,,,,,,,,,,,,,,,,,3.2090994E3
3051,BSYS,MARK,BSYENDB,,,,,,,,,,,,4.0,3.234146114E3,3.224022425E3,-0.650494,0.649478,0.0,0.0,0.0,,,,,,,,,,,,,,,,,,,,,,,,,,,,,3.224022425E3
3052,BSYS,MARK,RWWAKE3S,WAKE,,,,,,,,,,,4.0,3.234146114E3,3.224022425E3,-0.650494,0.649478,0.0,0.0,0.0,,,,,,,,,,,,,,,,,,,,,,,,,,,,,3.224022425E3
3053,BSYS,INST,ENDBSYS,,,,,,,,,,,,4.0,3.234146114E3,3.224022425E3,-0.650494,0.649478,0.0,0.0,0.0,,,,,,,,,,,,,,,,,,,,,,,,,,,,,3.224022425E3
3054,LTUS,INST,BEGLTUS,,,,,,,,,,,,4.0,3.234146114E3,3.224022425E3,-0.650494,0.649478,0.0,0.0,0.0,,,,,,,,,,,,,,,,,,,,,,,,,,,,,3.224022425E3
3056,LTUS,QUAD,QDBL1,1.085Q4.31,0.1068,0.027559,,-0.05035721883,,0.0,,,,,4.0,3.234806114E3,3.224682425E3,-0.650494,0.649478,0.0,0.0,0.0,,,,,,,,,,-0.717583219143,0.671894399946,,,,,,,,,,,,,,,,,,3.224682425E3
3057,LTUS,BPM,BPMDBL1,Stripline-2,0.0,,,,,,,,,,4.0,3.234806114E3,3.224682425E3,-0.650494,0.649478,0.0,0.0,0.0,,,,,,,,,,,,,,,,,,,,,,,,,,,,,3.224682425E3
3060,LTUS,YCOR,YCDBL1,class-4,0.0,,,,,,,,,,4.0,3.235259514E3,3.225135825E3,-0.650494,0.649478,0.0,0.0,0.0,,,,,,,,,,,,,,,,,,,,,,,,,,,,,3.225135825E3
3062,LTUS,COLL,CYBDL,VCOLL,0.06,,,,,,,,,,4.0,3.235944174E3,3.225820485E3,-0.650494,0.649478,0.0,0.0,0.0,,,,,,,,,,,,,,,,,,,,,,,,0.04,0.24E-2,,,,3.225820485E3
3064,LTUS,XCOR,XCDBL2,class-4,0.0,,,,,,,,,,4.0,3.236532714E3,3.226409025E3,-0.650494,0.649478,0.0,0.0,0.0,,,,,,,,,,,,,,,,,,,,,,,,,,,,,3.226409025E3
3066,LTUS,QUAD,QDBL2,1.085Q4.31,0.1068,0.027559,,-0.5593612201,,0.0,,,,,4.0,3.236986114E3,3.226862425E3,-0.650494,0.649478,0.0,0.0,0.0,,,,,,,,,,-7.970817974241,7.463312709963,,,,,,,,,,,,,,,,,,3.226862425E3
3067,LTUS,BPM,BPMDBL2,Stripline-2,0.0,,,,,,,,,,4.0,3.236986114E3,3.226862425E3,-0.650494,0.649478,0.0,0.0,0.0,,,,,,,,,,,,,,,,,,,,,,,,,,,,,3.226862425E3
3070,LTUS,MARK,MM1B,,,,,,,,,,,,4.0,3.237146114E3,3.227022425E3,-0.650494,0.649478,0.0,0.0,0.0,,,,,,,,,,,,,,,,,,,,,,,,,,,,,3.227022425E3
3071,LTUS,MARK,DBMARK34B,,,,,,,,,,,,4.0,3.237146114E3,3.227022425E3,-0.650494,0.649478,0.0,0.0,0.0,,,,,,,,,,,,,,,,,,,,,,,,,,,,,3.227022425E3
3073,LTUS,XCOR,XCDL11,class-4,0.0,,,,,,,,,,4.0,3.250206614E3,3.240082925E3,-0.650494,0.649478,0.0,0.0,0.0,,,,,,,,,,,,,,,,,,,,,,,,,,,,,3.240082925E3
3075,LTUS,QUAD,QDL11,2Q10,0.263,0.0514,,0.4246762418,,0.0,,,,,4.0,3.250738114E3,3.240614425E3,-0.650494,0.649478,0.0,0.0,0.0,,,,,,,,,,14.902289594225,-5.66626980769,,,,,,,,,,,,,,,,,,3.240614425E3
3078,LTUS,BPM,BPMDL11,Stripline-5,0.0,,,,,,,,,,4.0,3.251064914E3,3.240941225E3,-0.650494,0.649478,0.0,0.0,0.0,,,,,,,,,,,,,,,,,,,,,,,,,,,,,3.240941225E3
3081,LTUS,MARK,CC31BBEG,,,,,,,,,,,,4.0,3.255190729E3,3.24506704E3,-0.650494,0.649478,0.0,0.0,0.0,,,,,,,,,,,,,,,,,,,,,,,,,,,,,3.24506704E3
3082,LTUS,BEND,BCX31B1,0.788D11.50,0.350014,0.032,0.872021446132,0.0,,0.0,0.0,0.87202144596,,,4.0,3.255365731E3,3.24524204E3,-0.65116,0.649478,0.0,0.0,-0.761E-2,,,,,,0.350000487422,0.8436,2.030690879996,-0.580174187317,0.0,0.0,,,,3.24524204E3,-0.655494,0.649478,0.0,0.0,0.0,,,,,,,,,3.24524204E3
3085,LTUS,BEND,BCX31B2,0.788D11.50,0.350014,0.032,-0.872021446132,0.0,,0.0,-0.87202144596,0.0,,,4.0,3.255915778E3,3.24579204E3,-0.658199,0.649478,0.0,0.0,-0.761E-2,,,,,,0.350000487422,0.8436,-2.030690879996,0.580174187317,0.0,0.0,,,,3.24579204E3,-0.655494,0.649478,0.0,0.0,0.0,,,,,,,,,3.24579204E3
3088,LTUS,BEND,BCX31B3,0.788D11.50,0.350014,0.032,-0.872021446132,0.0,,0.0,0.0,-0.87202144596,,,4.0,3.256465781E3,3.24634204E3,-0.658199,0.649478,0.0,0.0,0.761E-2,,,,,,0.350000487422,0.8436,-2.030690879996,0.580174187317,0.0,0.0,,,,3.24634204E3,-0.655494,0.649478,0.0,0.0,0.0,,,,,,,,,3.24634204E3
3091,LTUS,BEND,BCX31B4,0.788D11.50,0.350014,0.032,0.872021446132,0.0,,0.0,0.87202144596,0.0,,,4.0,3.257015828E3,3.24689204E3,-0.65116,0.649478,0.0,0.0,0.761E-2,,,,,,0.350000487422,0.8436,2.030690879996,-0.580174187317,0.0,0.0,,,,3.24689204E3,-0.655494,0.649478,0.0,0.0,0.0,,,,,,,,,3.24689204E3
3093,LTUS,MARK,CC31BEND,,,,,,,,,,,,4.0,3.25719083E3,3.24706704E3,-0.650494,0.649478,0.0,0.0,0.0,,,,,,,,,,,,,,,,,,,,,,,,,,,,,3.24706704E3
3095,LTUS,BEND,BX31B,1.06D103.3T,2.656038,0.026924,-1.067611180796,0.0,,0.0,-0.533805590398,-0.533805590398,,,4.0,3.259018849E3,3.24889504E3,-0.644308,0.649478,0.0,0.0,0.9317E-2,,,,,,2.65599957604,0.4297,-2.486163955993,0.093604231415,0.0,0.0,,,,3.248895011E3,-0.641215,0.649478,0.0,0.0,0.9317E-2,,,,,,,,,3.24889504E3
3098,LTUS,INST,PC01B,BCS plate,0.0635,,,,,,,,,,4.0,3.261631607E3,3.25150744E3,-0.601812,0.649478,0.0,0.0,0.018633,,,,,,,,,,,,,,,,,,,,,,,,,,,,,3.2515074405E3
3099,LTUS,INST,BTM01B,PPS BTM,0.0,,,,,,,,,,4.0,3.261663357E3,3.251539185E3,-0.60122,0.649478,0.0,0.0,0.018633,,,,,,,,,,,,,,,,,,,,,,,,,,,,,3.251539185E3
3101,LTUS,BPM,BPMDL12,Stripline-5,0.0,,,,,,,,,,4.0,3.263161568E3,3.253037136E3,-0.573305,0.649478,0.0,0.0,0.018633,,,,,,,,,,,,,,,,,,,,,,,,,,,,,3.253037136E3
3103,LTUS,QUAD,QDL12,2Q10,0.263,0.0514,,-0.4246762418,,0.0,,,,,4.0,3.263488368E3,3.25336388E3,-0.567216,0.649478,0.0,0.0,0.018633,,,,,,,,,,-14.902289594225,5.66626980769,,,,,,,,,,,,,,,,,,3.25336388E3
3106,LTUS,YCOR,YCDL12,class-4,0.0,,,,,,,,,,4.0,3.264019868E3,3.253895287E3,-0.557313,0.649478,0.0,0.0,0.018633,,,,,,,,,,,,,,,,,,,,,,,,,,,,,3.253895287E3
3108,LTUS,XCOR,XCDL13,class-4,0.0,,,,,,,,,,4.0,3.275706868E3,3.265580259E3,-0.339558,0.649478,0.0,0.0,0.018633,,,,,,,,,,,,,,,,,,,,,,,,,,,,,3.265580259E3
3110,*LTUS,SEXT,SDL1,1.38S3.00,0.1,0.035052,,,-8.734519131,0.0,,,,,4.0,3.275956868E3,3.265830215E3,-0.3349,0.649478,0.0,0.0,0.018633,,,,,,,,,,-1.165408778859E2,1.165408778859E2,,,,,,,,,,,,,,,,,,3.265830215E3
3113,LTUS,QUAD,QDL13,2Q10,0.263,0.0514,,0.4246762418,,0.0,,,,,4.0,3.276238368E3,3.266111666E3,-0.329655,0.649478,0.0,0.0,0.018633,,,,,,,,,,14.902289594225,-5.66626980769,,,,,,,,,,,,,,,,,,3.266111666E3
3116,LTUS,COLL,CEDL13,HCOLL,0.06,,,,,,,,,,4.0,3.276909868E3,3.26678305E3,-0.317143,0.649478,0.0,0.0,0.018633,,,,,,,,,,,,,,,,,,,,,,,,0.017,0.04,,,,3.26678305E3
3118,LTUS,BPM,BPMDL13,Stripline-5,0.0,,,,,,,,,,4.0,3.277361958E3,3.267235061E3,-0.30872,0.649478,0.0,0.0,0.018633,,,,,,,,,,,,,,,,,,,,,,,,,,,,,3.267235061E3
3120,LTUS,YCOR,YCDL14,class-4,0.0,,,,,,,,,,4.0,3.288456868E3,3.278328045E3,-0.101997,0.649478,0.0,0.0,0.018633,,,,,,,,,,,,,,,,,,,,,,,,,,,,,3.278328045E3
3122,LTUS,QUAD,QDL14,2Q10,0.263,0.0514,,-0.4246762418,,0.0,,,,,4.0,3.288988368E3,3.278859453E3,-0.092094,0.649478,0.0,0.0,0.018633,,,,,,,,,,-14.902289594225,5.66626980769,,,,,,,,,,,,,,,,,,3.278859453E3
3125,LTUS,BPM,BPMDL14,Stripline-5,0.0,,,,,,,,,,4.0,3.289315168E3,3.279186196E3,-0.086005,0.649478,0.0,0.0,0.018633,,,,,,,,,,,,,,,,,,,,,,,,,,,,,3.279186196E3
3128,LTUS,INST,PC03B,BCS plate,0.0635,,,,,,,,,,4.0,3.291287032E3,3.281157718E3,-0.049264,0.649478,0.0,0.0,0.018633,,,,,,,,,,,,,,,,,,,,,,,,,,,,,3.2811577175E3
3129,LTUS,INST,BTM03B,PPS BTM,0.0,,,,,,,,,,4.0,3.291318782E3,3.281189462E3,-0.048673,0.649478,0.0,0.0,0.018633,,,,,,,,,,,,,,,,,,,,,,,,,,,,,3.281189462E3
3132,LTUS,XCOR,XCDL15,class-4,0.0,,,,,,,,,,4.0,3.301206868E3,3.291075832E3,0.135565,0.649478,0.0,0.0,0.018633,,,,,,,,,,,,,,,,,,,,,,,,,,,,,3.291075832E3
3134,*LTUS,SEXT,SDL2,1.38S3.00,0.1,0.035052,,,-24.39545296,0.0,,,,,4.0,3.301456868E3,3.291325788E3,0.140223,0.649478,0.0,0.0,0.018633,,,,,,,,,,-3.25497885086E2,3.25497885086E2,,,,,,,,,,,,,,,,,,3.291325788E3
3137,LTUS,QUAD,QDL15,2Q10,0.263,0.0514,,0.4246762418,,0.0,,,,,4.0,3.301738368E3,3.29160724E3,0.145468,0.649478,0.0,0.0,0.018633,,,,,,,,,,14.902289594225,-5.66626980769,,,,,,,,,,,,,,,,,,3.29160724E3
3140,LTUS,BPM,BPMDL15,Stripline-5,0.0,,,,,,,,,,4.0,3.302065168E3,3.291933983E3,0.151557,0.649478,0.0,0.0,0.018633,,,,,,,,,,,,,,,,,,,,,,,,,,,,,3.291933983E3
3143,LTUS,YCOR,YCDL16,class-4,0.0,,,,,,,,,,4.0,3.313956868E3,3.303823619E3,0.373126,0.649478,0.0,0.0,0.018633,,,,,,,,,,,,,,,,,,,,,,,,,,,,,3.303823619E3
3145,LTUS,QUAD,QDL16,2Q10,0.263,0.0514,,-0.4246762418,,0.0,,,,,4.0,3.314488368E3,3.304355026E3,0.383029,0.649478,0.0,0.0,0.018633,,,,,,,,,,-14.902289594225,5.66626980769,,,,,,,,,,,,,,,,,,3.304355026E3
3148,LTUS,COLL,CYDL16,VCOLL,0.06,,,,,,,,,,4.0,3.315459868E3,3.305326358E3,0.40113,0.649478,0.0,0.0,0.018633,,,,,,,,,,,,,,,,,,,,,,,,0.04,0.22E-2,,,,3.3053263575E3
3150,LTUS,BPM,BPMDL16,Stripline-5,0.0,,,,,,,,,,4.0,3.315910665E3,3.305777076E3,0.409529,0.649478,0.0,0.0,0.018633,,,,,,,,,,,,,,,,,,,,,,,,,,,,,3.305777076E3
3152,LTUS,INST,PC04B,BCS plate,0.0635,,,,,,,,,,4.0,3.317087645E3,3.306953852E3,0.431459,0.649478,0.0,0.0,0.018633,,,,,,,,,,,,,,,,,,,,,,,,,,,,,3.3069538525E3
3153,LTUS,INST,BTM04B,PPS BTM,0.0,,,,,,,,,,4.0,3.317119395E3,3.306985597E3,0.432051,0.649478,0.0,0.0,0.018633,,,,,,,,,,,,,,,,,,,,,,,,,,,,,3.306985597E3
3155,LTUS,BEND,BYKIK1S,1.92K41.2,1.0601,0.0508,0.0,0.0,,90.000000011752,0.0,0.0,,,4.0,3.319988068E3,3.309853772E3,0.485501,0.649478,0.0,0.0,0.018633,,,,,,1.0601,0.5,0.0,0.0,0.0,0.0,,,,3.309853772E3,0.485501,0.649478,1.570796,0.0,0.018633,,,,,,,,,3.309853772E3
3159,LTUS,BEND,BYKIK2S,1.92K41.2,1.0601,0.0508,0.0,0.0,,90.000000011752,0.0,0.0,,,4.0,3.321166668E3,3.311032167E3,0.507461,0.649478,0.0,0.0,0.018633,,,,,,1.0601,0.5,0.0,0.0,0.0,0.0,,,,3.311032167E3,0.507461,0.649478,1.570796,0.0,0.018633,,,,,,,,,3.311032167E3
3162,LTUS,XCOR,XCDL17,class-4,0.0,,,,,,,,,,4.0,3.326056867E3,3.315921517E3,0.598576,0.649478,0.0,0.0,0.018633,,,,,,,,,,,,,,,,,,,,,,,,,,,,,3.315921517E3
3164,LTUS,BPM,BPMDL17,Stripline-5,0.0,,,,,,,,,,4.0,3.326690995E3,3.316555535E3,0.610391,0.649478,0.0,0.0,0.018633,,,,,,,,,,,,,,,,,,,,,,,,,,,,,3.316555535E3
3166,LTUS,QUAD,QDL17,2Q10,0.263,0.0514,,0.4246762418,,0.0,,,,,4.0,3.327238368E3,3.317102813E3,0.62059,0.649478,0.0,0.0,0.018633,,,,,,,,,,14.902289594225,-5.66626980769,,,,,,,,,,,,,,,,,,3.317102813E3
3169,LTUS,COLL,CEDL17,HCOLL,0.06,,,,,,,,,,4.0,3.327909868E3,3.317774196E3,0.633102,0.649478,0.0,0.0,0.018633,,,,,,,,,,,,,,,,,,,,,,,,0.017,0.04,,,,3.3177741965E3
3172,LTUS,INST,SPOILERS,,0.0,,,,,,,,,,4.0,3.329363368E3,3.319227444E3,0.660184,0.649478,0.0,0.0,0.018633,,,,,,,,,,,,,,,,,,,,,,,,,,,,,3.319227444E3
3174,LTUS,INST,TDKIKS,,0.6096,,,,,,,,,,4.0,3.332868376E3,3.322731844E3,0.72549,0.649478,0.0,0.0,0.018633,,,,,,,,,,,,,,,,,,,,,,,,,,,,,3.322731844E3
3176,LTUS,PC,PCTDKIK1S,BCS PC,0.8128,,,,,,,,,,4.0,3.333837033E3,3.323700332E3,0.743538,0.649478,0.0,0.0,0.018633,,,,,,,,,,,,,,,,,,,,,,,,0.022225,0.022225,,,,3.3237003325E3
3178,LTUS,PC,PCTDKIK2S,BCS PC,0.8128,,,,,,,,,,4.0,3.33491653E3,3.324779642E3,0.763651,0.649478,0.0,0.0,0.018633,,,,,,,,,,,,,,,,,,,,,,,,0.022225,0.022225,,,,3.324779642E3
3180,*LTUS,PC,PCTDKIK3S,BCS PC,0.8128,,,,,,,,,,4.0,3.335996027E3,3.325858952E3,0.783765,0.649478,0.0,0.0,0.018633,,,,,,,,,,,,,,,,,,,,,,,,0.022225,0.022225,,,,3.3258589515E3
3182,*LTUS,PC,PCTDKIK4S,BCS PC,0.8128,,,,,,,,,,4.0,3.337075524E3,3.326938262E3,0.803878,0.649478,0.0,0.0,0.018633,,,,,,,,,,,,,,,,,,,,,,,,0.022225,0.022225,,,,3.3269382615E3
3184,LTUS,PROF,YAGDL18,YAG,0.0,,,,,,,,,,4.0,3.339056868E3,3.328919261E3,0.840795,0.649478,0.0,0.0,0.018633,,,,,,,,,,,,,,,,,,,,,,,,,,,,,3.328919261E3
3185,LTUS,PROF,YAGDL18_OTR,OTR,0.0,,,,,,,,,,4.0,3.339056868E3,3.328919261E3,0.840795,0.649478,0.0,0.0,0.018633,,,,,,,,,,,,,,,,,,,,,,,,,,,,,3.328919261E3
3187,LTUS,YCOR,YCDL18,class-4,0.0,,,,,,,,,,4.0,3.339456868E3,3.329319192E3,0.848248,0.649478,0.0,0.0,0.018633,,,,,,,,,,,,,,,,,,,,,,,,,,,,,3.329319192E3
3189,LTUS,QUAD,QDL18,2Q10,0.263,0.0514,,-0.4246762418,,0.0,,,,,4.0,3.339988368E3,3.3298506E3,0.858151,0.649478,0.0,0.0,0.018633,,,,,,,,,,-14.902289594225,5.66626980769,,,,,,,,,,,,,,,,,,3.3298506E3
3192,LTUS,BPM,BPMDL18,Stripline-5,0.0,,,,,,,,,,4.0,3.340315168E3,3.330177343E3,0.86424,0.649478,0.0,0.0,0.018633,,,,,,,,,,,,,,,,,,,,,,,,,,,,,3.330177343E3
3194,LTUS,INST,PC06B,BCS plate,0.0635,,,,,,,,,,4.0,3.346497264E3,3.336358366E3,0.979427,0.649478,0.0,0.0,0.018633,,,,,,,,,,,,,,,,,,,,,,,,,,,,,3.3363583655E3
3195,LTUS,INST,BTM06B,PPS BTM,0.0,,,,,,,,,,4.0,3.346529014E3,3.33639011E3,0.980018,0.649478,0.0,0.0,0.018633,,,,,,,,,,,,,,,,,,,,,,,,,,,,,3.33639011E3
3197,LTUS,XCOR,XCDL19,class-4,0.0,,,,,,,,,,4.0,3.352206868E3,3.342066979E3,1.085809,0.649478,0.0,0.0,0.018633,,,,,,,,,,,,,,,,,,,,,,,,,,,,,3.342066979E3
3199,LTUS,QUAD,QDL19,2Q10,0.263,0.0514,,0.4246762418,,0.0,,,,,4.0,3.352738368E3,3.342598386E3,1.095712,0.649478,0.0,0.0,0.018633,,,,,,,,,,14.902289594225,-5.66626980769,,,,,,,,,,,,,,,,,,3.342598386E3
3202,LTUS,BPM,BPMDL19,Stripline-5,0.0,,,,,,,,,,4.0,3.353065168E3,3.34292513E3,1.101801,0.649478,0.0,0.0,0.018633,,,,,,,,,,,,,,,,,,,,,,,,,,,,,3.34292513E3
3204,LTUS,BEND,BX32B,1.06D103.3T,2.656038,0.026924,1.067611180796,0.0,,0.0,0.533805590398,0.533805590398,,,4.0,3.361019003E3,3.350877679E3,1.243814,0.649478,0.0,0.0,0.9317E-2,,,,,,2.65599957604,0.4297,2.486163955993,-0.093604231415,0.0,0.0,,,,3.350877708E3,1.240721,0.649478,0.0,0.0,0.9317E-2,,,,,,,,,3.350877679E3
3206,LTUS,MARK,CNTLT1S,CENTER,,,,,,,,,,,4.0,3.362347022E3,3.352205679E3,1.25,0.649478,0.0,0.0,0.0,,,,,,,,,,,,,,,,,,,,,,,,,,,,,3.352205679E3
3208,LTUS,QUAD,QDL20,1.085Q4.31,0.1068,0.027559,,-0.4879796258,,0.0,,,,,4.0,3.362988522E3,3.352847179E3,1.25,0.649478,0.0,0.0,0.0,,,,,,,,,,-6.953640389469,6.510899241075,,,,,,,,,,,,,,,,,,3.352847179E3
3209,LTUS,BPM,BPMDL20,Stripline-2,0.0,,,,,,,,,,4.0,3.362988522E3,3.352847179E3,1.25,0.649478,0.0,0.0,0.0,,,,,,,,,,,,,,,,,,,,,,,,,,,,,3.352847179E3
3212,LTUS,YCOR,YCDL20,class-4,0.0,,,,,,,,,,4.0,3.363441922E3,3.353300579E3,1.25,0.649478,0.0,0.0,0.0,,,,,,,,,,,,,,,,,,,,,,,,,,,,,3.353300579E3
3214,LTUS,MARK,CC32BBEG,,,,,,,,,,,,4.0,3.363941922E3,3.353800579E3,1.25,0.649478,0.0,0.0,0.0,,,,,,,,,,,,,,,,,,,,,,,,,,,,,3.353800579E3
3215,LTUS,BEND,BCX32B1,0.788D11.50,0.350014,0.032,0.872021446132,0.0,,0.0,0.0,0.87202144596,,,4.0,3.364116924E3,3.353975579E3,1.249334,0.649478,0.0,0.0,-0.761E-2,,,,,,0.350000487422,0.8436,2.030690879996,-0.580174187317,0.0,0.0,,,,3.353975579E3,1.245,0.649478,0.0,0.0,0.0,,,,,,,,,3.353975579E3
3218,LTUS,BEND,BCX32B2,0.788D11.50,0.350014,0.032,-0.872021446132,0.0,,0.0,-0.87202144596,0.0,,,4.0,3.36466697E3,3.354525579E3,1.242295,0.649478,0.0,0.0,-0.761E-2,,,,,,0.350000487422,0.8436,-2.030690879996,0.580174187317,0.0,0.0,,,,3.354525579E3,1.245,0.649478,0.0,0.0,0.0,,,,,,,,,3.354525579E3
3221,LTUS,BEND,BCX32B3,0.788D11.50,0.350014,0.032,-0.872021446132,0.0,,0.0,0.0,-0.87202144596,,,4.0,3.365216974E3,3.355075579E3,1.242295,0.649478,0.0,0.0,0.761E-2,,,,,,0.350000487422,0.8436,-2.030690879996,0.580174187317,0.0,0.0,,,,3.355075579E3,1.245,0.649478,0.0,0.0,0.0,,,,,,,,,3.355075579E3
3224,LTUS,BEND,BCX32B4,0.788D11.50,0.350014,0.032,0.872021446132,0.0,,0.0,0.87202144596,0.0,,,4.0,3.365767021E3,3.355625579E3,1.249334,0.649478,0.0,0.0,0.761E-2,,,,,,0.350000487422,0.8436,2.030690879996,-0.580174187317,0.0,0.0,,,,3.355625579E3,1.245,0.649478,0.0,0.0,0.0,,,,,,,,,3.355625579E3
3226,LTUS,MARK,CC32BEND,,,,,,,,,,,,4.0,3.365942022E3,3.355800579E3,1.25,0.649478,0.0,0.0,0.0,,,,,,,,,,,,,,,,,,,,,,,,,,,,,3.355800579E3
3228,LTUS,INST,PC07B,BCS plate,0.0635,,,,,,,,,,4.0,3.367050027E3,3.356908584E3,1.25,0.649478,0.0,0.0,0.0,,,,,,,,,,,,,,,,,,,,,,,,,,,,,3.356908584E3
3229,LTUS,INST,BTM07B,PPS BTM,0.0,,,,,,,,,,4.0,3.367081777E3,3.356940334E3,1.25,0.649478,0.0,0.0,0.0,,,,,,,,,,,,,,,,,,,,,,,,,,,,,3.356940334E3
3231,LTUS,YCOR,YCDL21,class-4,0.0,,,,,,,,,,4.0,3.373969222E3,3.363827779E3,1.25,0.649478,0.0,0.0,0.0,,,,,,,,,,,,,,,,,,,,,,,,,,,,,3.363827779E3
3233,LTUS,QUAD,QDL21,1.085Q4.31,0.1068,0.027559,,-1.904057641,,0.0,,,,,4.0,3.374422622E3,3.364281179E3,1.25,0.649478,0.0,0.0,0.0,,,,,,,,,,-27.132551066303,25.405010361707,,,,,,,,,,,,,,,,,,3.364281179E3
3234,LTUS,BPM,BPMDL21,Stripline-2,0.0,,,,,,,,,,4.0,3.374422622E3,3.364281179E3,1.25,0.649478,0.0,0.0,0.0,,,,,,,,,,,,,,,,,,,,,,,,,,,,,3.364281179E3
3237,LTUS,XCOR,XCDL22,class-4,0.0,,,,,,,,,,4.0,3.376285222E3,3.366143779E3,1.25,0.649478,0.0,0.0,0.0,,,,,,,,,,,,,,,,,,,,,,,,,,,,,3.366143779E3
3239,LTUS,QUAD,QDL22,1.085Q4.31,0.1068,0.027559,,2.191453247,,0.0,,,,,4.0,3.376738622E3,3.366597179E3,1.25,0.649478,0.0,0.0,0.0,,,,,,,,,,31.227897650417,-29.239604541589,,,,,,,,,,,,,,,,,,3.366597179E3
3240,LTUS,BPM,BPMDL22,Stripline-2,0.0,,,,,,,,,,4.0,3.376738622E3,3.366597179E3,1.25,0.649478,0.0,0.0,0.0,,,,,,,,,,,,,,,,,,,,,,,,,,,,,3.366597179E3
3249,LTUS,INST,PC08B,BCS plate,0.0635,,,,,,,,,,4.0,3.379450162E3,3.369308719E3,1.25,0.649478,0.0,0.0,0.0,,,,,,,,,,,,,,,,,,,,,,,,,,,,,3.369308719E3
3250,LTUS,INST,BTM08B,PPS BTM,0.0,,,,,,,,,,4.0,3.379481912E3,3.369340469E3,1.25,0.649478,0.0,0.0,0.0,,,,,,,,,,,,,,,,,,,,,,,,,,,,,3.369340469E3
3254,LTUS,MARK,VBINB,,,,,,,,,,,,4.0,3.380058462E3,3.369917019E3,1.25,0.649478,0.0,0.0,0.0,,,,,,,,,,,,,,,,,,,,,,,,,,,,,3.369917019E3
3255,LTUS,BEND,BY1B,3D39,1.025,0.034925,-0.133743085056,0.0,,90.000000011752,-0.066871542528,-0.066871542528,,,4.0,3.380570962E3,3.370429519E3,1.25,0.649777,0.0,-0.1167E-2,0.0,,,,,,1.024999767293,0.5,-0.311449751942,0.030385341653,0.0,0.0,,,,3.370429519E3,1.25,0.649927,1.570796,-0.1167E-2,0.0,,,,,,,,,3.370429519E3
3258,LTUS,QUAD,QVB1B,1.085Q4.31,0.1068,0.027559,,-2.509359002,,0.0,,,,,4.0,3.386631433E3,3.376489974E3,1.25,0.663625,0.0,-0.2334E-2,0.0,,,,,,,,,,-35.758009526274,33.481282327972,,,,,,,,,,,,,,,,,,3.376489974E3
3259,LTUS,BPM,BPMVB1B,Stripline-2,0.0,,,,,,,,,,4.0,3.386631433E3,3.376489974E3,1.25,0.663625,0.0,-0.2334E-2,0.0,,,,,,,,,,,,,,,,,,,,,,,,,,,,,3.376489974E3
3262,LTUS,YCOR,YCVB1B,class-4,0.0,,,,,,,,,,4.0,3.387084833E3,3.376943373E3,1.25,0.664683,0.0,-0.2334E-2,0.0,,,,,,,,,,,,,,,,,,,,,,,,,,,,,3.376943373E3
3264,LTUS,XCOR,XCVB2B,type-4,0.0,,,,,,,,,,4.0,3.388581463E3,3.378439999E3,1.25,0.668177,0.0,-0.2334E-2,0.0,,,,,,,,,,,,,,,,,,,,,,,,,,,,,3.378439999E3
3266,LTUS,QUAD,QVB2B,1.085Q4.31,0.1068,0.027559,,2.509359002,,0.0,,,,,4.0,3.389034863E3,3.378893398E3,1.25,0.669235,0.0,-0.2334E-2,0.0,,,,,,,,,,35.758009526274,-33.481282327972,,,,,,,,,,,,,,,,,,3.378893398E3
3267,LTUS,BPM,BPMVB2B,Stripline-2,0.0,,,,,,,,,,4.0,3.389034863E3,3.378893398E3,1.25,0.669235,0.0,-0.2334E-2,0.0,,,,,,,,,,,,,,,,,,,,,,,,,,,,,3.378893398E3
3270,LTUS,QUAD,QVB3B,1.085Q4.31,0.1068,0.027559,,-2.509359002,,0.0,,,,,4.0,3.391438294E3,3.381296822E3,1.25,0.674845,0.0,-0.2334E-2,0.0,,,,,,,,,,-35.758009526274,33.481282327972,,,,,,,,,,,,,,,,,,3.381296822E3
3271,LTUS,BPM,BPMVB3B,Stripline-2,0.0,,,,,,,,,,4.0,3.391438294E3,3.381296822E3,1.25,0.674845,0.0,-0.2334E-2,0.0,,,,,,,,,,,,,,,,,,,,,,,,,,,,,3.381296822E3
3274,LTUS,YCOR,YCVB3B,class-4,0.0,,,,,,,,,,4.0,3.391891694E3,3.381750221E3,1.25,0.675903,0.0,-0.2334E-2,0.0,,,,,,,,,,,,,,,,,,,,,,,,,,,,,3.381750221E3
3276,LTUS,INST,PC09B,BCS plate,0.0635,,,,,,,,,,4.0,3.394850213E3,3.384708732E3,1.25,0.682809,0.0,-0.2334E-2,0.0,,,,,,,,,,,,,,,,,,,,,,,,,,,,,3.384708732E3
3277,LTUS,INST,BTM09B,PPS BTM,0.0,,,,,,,,,,4.0,3.394881963E3,3.384740482E3,1.25,0.682884,0.0,-0.2334E-2,0.0,,,,,,,,,,,,,,,,,,,,,,,,,,,,,3.384740482E3
3279,LTUS,BEND,BY2B,3D39,1.025,0.034925,-0.133743085056,0.0,,90.000000011752,-0.066871542528,-0.066871542528,,,4.0,3.397498764E3,3.387357275E3,1.25,0.689291,0.0,-0.3501E-2,0.0,,,,,,1.024999767293,0.5,-0.311449751942,0.030385341653,0.0,0.0,,,,3.387357275E3,1.25,0.68944,1.570796,-0.3501E-2,0.0,,,,,,,,,3.387357275E3
3281,LTUS,MARK,CNTLT2S,CENTER,,,,,,,,,,,4.0,3.398011264E3,3.387869771E3,1.25,0.691384,0.0,-0.4669E-2,0.0,,,,,,,,,,,,,,,,,,,,,,,,,,,,,3.387869771E3
3282,LTUS,MARK,VBOUTB,,,,,,,,,,,,4.0,3.398011264E3,3.387869771E3,1.25,0.691384,0.0,-0.4669E-2,0.0,,,,,,,,,,,,,,,,,,,,,,,,,,,,,3.387869771E3
3284,LTUS,XCOR,XCVM3B,type-4,0.0,,,,,,,,,,4.0,3.399331724E3,3.389190216E3,1.25,0.697549,0.0,-0.4669E-2,0.0,,,,,,,,,,,,,,,,,,,,,,,,,,,,,3.389190216E3
3286,LTUS,QUAD,QVM3B,1.26Q12,0.32,0.032,,0.9535553625,,0.0,,,,,4.0,3.399741724E3,3.389600212E3,1.25,0.699463,0.0,-0.4669E-2,0.0,,,,,,,,,,40.713194127129,-12.722873164728,,,,,,,,,,,,,,,,,,3.389600212E3
3287,LTUS,BPM,BPMVM3B,Stripline-10,0.0,,,,,,,,,,4.0,3.399741724E3,3.389600212E3,1.25,0.699463,0.0,-0.4669E-2,0.0,,,,,,,,,,,,,,,,,,,,,,,,,,,,,3.389600212E3
3290,LTUS,YCOR,YCVM4B,class-5,0.0,,,,,,,,,,4.0,3.401216469E3,3.391074941E3,1.25,0.706348,0.0,-0.4669E-2,0.0,,,,,,,,,,,,,,,,,,,,,,,,,,,,,3.391074941E3
3292,LTUS,QUAD,QVM4B,1.26Q12,0.32,0.032,,-1.162541582,,0.0,,,,,4.0,3.401702644E3,3.39156111E3,1.25,0.708618,0.0,-0.4669E-2,0.0,,,,,,,,,,-49.636112354017,15.51128511063,,,,,,,,,,,,,,,,,,3.39156111E3
3293,LTUS,BPM,BPMVM4B,Stripline-10,0.0,,,,,,,,,,4.0,3.401702644E3,3.39156111E3,1.25,0.708618,0.0,-0.4669E-2,0.0,,,,,,,,,,,,,,,,,,,,,,,,,,,,,3.39156111E3
3298,LTUS,MARK,MM2B,,,,,,,,,,,,4.0,3.402433104E3,3.392291563E3,1.25,0.712028,0.0,-0.4669E-2,0.0,,,,,,,,,,,,,,,,,,,,,,,,,,,,,3.392291563E3
3302,LTUS,INST,PC10B,BCS plate,0.0635,,,,,,,,,,4.0,3.406450219E3,3.396308634E3,1.25,0.730782,0.0,-0.4669E-2,0.0,,,,,,,,,,,,,,,,,,,,,,,,,,,,,3.3963086335E3
3303,LTUS,INST,BTM10B,PPS BTM,0.0,,,,,,,,,,4.0,3.406481969E3,3.396340383E3,1.25,0.73093,0.0,-0.4669E-2,0.0,,,,,,,,,,,,,,,,,,,,,,,,,,,,,3.396340383E3
3305,LTUS,XCOR,XCEM1B,class-4,0.0,,,,,,,,,,4.0,3.410471739E3,3.400330109E3,1.25,0.749556,0.0,-0.4669E-2,0.0,,,,,,,,,,,,,,,,,,,,,,,,,,,,,3.400330109E3
3307,LTUS,QUAD,QEM1B,1.085Q4.31,0.1068,0.027559,,1.994771713,,0.0,,,,,4.0,3.410895139E3,3.400753505E3,1.25,0.751533,0.0,-0.4669E-2,0.0,,,,,,,,,,28.425213713679,-26.615368645767,,,,,,,,,,,,,,,,,,3.400753505E3
3308,LTUS,BPM,BPMEM1B,Stripline-2,0.0,,,,,,,,,,4.0,3.410895139E3,3.400753505E3,1.25,0.751533,0.0,-0.4669E-2,0.0,,,,,,,,,,,,,,,,,,,,,,,,,,,,,3.400753505E3
3312,LTUS,QUAD,QEM2B,1.085Q4.31,0.1068,0.027559,,-1.809226178,,0.0,,,,,4.0,3.415356059E3,3.405214376E3,1.25,0.772359,0.0,-0.4669E-2,0.0,,,,,,,,,,-25.78121618172,24.139715525955,,,,,,,,,,,,,,,,,,3.405214376E3
3313,LTUS,BPM,BPMEM2B,Stripline-2,0.0,,,,,,,,,,4.0,3.415356059E3,3.405214376E3,1.25,0.772359,0.0,-0.4669E-2,0.0,,,,,,,,,,,,,,,,,,,,,,,,,,,,,3.405214376E3
3316,LTUS,YCOR,YCEM2B,class-4,0.0,,,,,,,,,,4.0,3.415909459E3,3.40576777E3,1.25,0.774942,0.0,-0.4669E-2,0.0,,,,,,,,,,,,,,,,,,,,,,,,,,,,,3.40576777E3
3318,LTUS,XCOR,XCEM3B,class-4,0.0,,,,,,,,,,4.0,3.427393579E3,3.417251765E3,1.25,0.828556,0.0,-0.4669E-2,0.0,,,,,,,,,,,,,,,,,,,,,,,,,,,,,3.417251765E3
3320,LTUS,QUAD,QEM3B,1.085Q4.31,0.1068,0.027559,,1.263611884,,0.0,,,,,4.0,3.427816979E3,3.41767516E3,1.25,0.830532,0.0,-0.4669E-2,0.0,,,,,,,,,,18.006289952762,-16.859822053148,,,,,,,,,,,,,,,,,,3.41767516E3
3321,LTUS,BPM,BPMEM3B,Stripline-2,0.0,,,,,,,,,,4.0,3.427816979E3,3.41767516E3,1.25,0.830532,0.0,-0.4669E-2,0.0,,,,,,,,,,,,,,,,,,,,,,,,,,,,,3.41767516E3
3324,LTUS,QUAD,QEM3VB,1.26Q3.5,0.108,0.032,,0.0,,0.0,,,,,4.0,3.428804278E3,3.418662449E3,1.25,0.835142,0.0,-0.4669E-2,0.0,,,,,,,,,,0.0,0.0,,,,,,,,,,,,,,,,,,3.418662449E3
3327,LTUS,INST,PC11B,BCS plate,0.0635,,,,,,,,,,4.0,3.429850219E3,3.419708378E3,1.25,0.840024,0.0,-0.4669E-2,0.0,,,,,,,,,,,,,,,,,,,,,,,,,,,,,3.4197083785E3
3328,LTUS,INST,BTM11B,PPS BTM,0.0,,,,,,,,,,4.0,3.429881969E3,3.419740128E3,1.25,0.840173,0.0,-0.4669E-2,0.0,,,,,,,,,,,,,,,,,,,,,,,,,,,,,3.419740128E3
3330,LTUS,YCOR,YCEM4B,class-4,0.0,,,,,,,,,,4.0,3.431724499E3,3.421582638E3,1.25,0.848775,0.0,-0.4669E-2,0.0,,,,,,,,,,,,,,,,,,,,,,,,,,,,,3.421582638E3
3332,LTUS,QUAD,QEM4B,1.085Q4.31,0.1068,0.027559,,-0.8917174641,,0.0,,,,,4.0,3.432277899E3,3.422136032E3,1.25,0.851358,0.0,-0.4669E-2,0.0,,,,,,,,,,-12.706847266819,11.89779706631,,,,,,,,,,,,,,,,,,3.422136032E3
3333,LTUS,BPM,BPMEM4B,Stripline-2,0.0,,,,,,,,,,4.0,3.432277899E3,3.422136032E3,1.25,0.851358,0.0,-0.4669E-2,0.0,,,,,,,,,,,,,,,,,,,,,,,,,,,,,3.422136032E3
3336,*LTUS,BPM,RFBEM4B,CavityS-1,0.0,,,,,,,,,,4.0,3.432531299E3,3.422389429E3,1.25,0.852541,0.0,-0.4669E-2,0.0,,,,,,,,,,,,,,,,,,,,,,,,,,,,,3.422389429E3
3339,LTUS,MARK,DBMARK36B,,,,,,,,,,,,4.0,3.434508359E3,3.424366468E3,1.25,0.861771,0.0,-0.4669E-2,0.0,,,,,,,,,,,,,,,,,,,,,,,,,,,,,3.424366468E3
3340,LTUS,WIRE,WS31B,fast,0.0,,,,,,,,,,4.0,3.434508359E3,3.424366468E3,1.25,0.861771,0.0,-0.4669E-2,0.0,,,,,,,,,,,,,,,,,,,,,,,,,,,,,3.424366468E3
3344,LTUS,XCOR,XCE31B,class-4,0.0,,,,,,,,,,4.0,3.442844236E3,3.432702253E3,1.25,0.900687,0.0,-0.4669E-2,0.0,,,,,,,,,,,,,,,,,,,,,,,,,,,,,3.432702253E3
3346,LTUS,QUAD,QE31B,1.26Q3.5,0.108,0.032,,0.402753198,,0.0,,,,,4.0,3.443324236E3,3.433182248E3,1.25,0.902928,0.0,-0.4669E-2,0.0,,,,,,,,,,5.803661015256,-5.373760199311,,,,,,,,,,,,,,,,,,3.433182248E3
3347,LTUS,BPM,BPME31B,Stripline-1,0.0,,,,,,,,,,4.0,3.443324236E3,3.433182248E3,1.25,0.902928,0.0,-0.4669E-2,0.0,,,,,,,,,,,,,,,,,,,,,,,,,,,,,3.433182248E3
3350,LTUS,YCOR,YCXL1,class-4,0.0,,,,,,,,,,4.0,3.443783214E3,3.433641221E3,1.25,0.905071,0.0,-0.4669E-2,0.0,,,,,,,,,,,,,,,,,,,,,,,,,,,,,3.433641221E3
3352,LTUS,XCOR,XCXL1,class-4,0.0,,,,,,,,,,4.0,3.4441792E3,3.434037203E3,1.25,0.906919,0.0,-0.4669E-2,0.0,,,,,,,,,,,,,,,,,,,,,,,,,,,,,3.434037203E3
3354,LTUS,USEG,UMXL1H,LCLS-I,3.33,,,,,,,,,,4.0,3.446411165E3,3.436269144E3,1.25,0.917339,0.0,-0.4669E-2,0.0,,,,,,,,,,,,,,,,,,,,,,0.4,0.0,,,,,,3.436269144E3
3357,LTUS,QUAD,QFXL1,1.085Q4.31,0.1068,0.027559,,0.0,,0.0,,,,,4.0,3.44852392E3,3.438381876E3,1.25,0.927203,0.0,-0.4669E-2,0.0,,,,,,,,,,0.0,0.0,,,,,,,,,,,,,,,,,,3.438381876E3
3360,LTUS,USEG,WIGXLH,variable gap,2.38,,,,,,,,,,4.0,3.450281165E3,3.440139102E3,1.25,0.935406,0.0,-0.4669E-2,0.0,,,,,,,,,,,,,,,,,,,,,,1.19,34.0,,,,,,3.440139102E3
3362,LTUS,MARK,MXL2A,,,,,,,,,,,,4.0,3.451471165E3,3.441329089E3,1.25,0.940962,0.0,-0.4669E-2,0.0,,,,,,,,,,,,,,,,,,,,,,,,,,,,,3.441329089E3
3364,LTUS,INST,PC12B,BCS plate,0.0635,,,,,,,,,,4.0,3.453400219E3,3.443258122E3,1.25,0.949968,0.0,-0.4669E-2,0.0,,,,,,,,,,,,,,,,,,,,,,,,,,,,,3.443258122E3
3365,LTUS,INST,BTM12B,PPS BTM,0.0,,,,,,,,,,4.0,3.453431969E3,3.443289872E3,1.25,0.950116,0.0,-0.4669E-2,0.0,,,,,,,,,,,,,,,,,,,,,,,,,,,,,3.443289872E3
3367,LTUS,YCOR,YCE32B,class-4,0.0,,,,,,,,,,4.0,3.460465989E3,3.450323815E3,1.25,0.982954,0.0,-0.4669E-2,0.0,,,,,,,,,,,,,,,,,,,,,,,,,,,,,3.450323815E3
3369,LTUS,QUAD,QE32B,1.26Q3.5,0.108,0.032,,-0.402753198,,0.0,,,,,4.0,3.460955989E3,3.450813809E3,1.25,0.985242,0.0,-0.4669E-2,0.0,,,,,,,,,,-5.803661015256,5.373760199311,,,,,,,,,,,,,,,,,,3.450813809E3
3370,LTUS,BPM,BPME32B,Stripline-1,0.0,,,,,,,,,,4.0,3.460955989E3,3.450813809E3,1.25,0.985242,0.0,-0.4669E-2,0.0,,,,,,,,,,,,,,,,,,,,,,,,,,,,,3.450813809E3
3373,*LTUS,BPM,RFBE32B,CavityS-1,0.0,,,,,,,,,,4.0,3.461209989E3,3.451067807E3,1.25,0.986427,0.0,-0.4669E-2,0.0,,,,,,,,,,,,,,,,,,,,,,,,,,,,,3.451067807E3
3377,LTUS,WIRE,WS32B,fast,0.0,,,,,,,,,,4.0,3.469771866E3,3.45962959E3,1.25,1.026399,0.0,-0.4669E-2,0.0,,,,,,,,,,,,,,,,,,,,,,,,,,,,,3.45962959E3
3380,LTUS,XCOR,XCE33B,class-4,0.0,,,,,,,,,,4.0,3.478077742E3,3.467935376E3,1.25,1.065175,0.0,-0.4669E-2,0.0,,,,,,,,,,,,,,,,,,,,,,,,,,,,,3.467935376E3
3382,LTUS,QUAD,QE33B,1.26Q3.5,0.108,0.032,,0.402753198,,0.0,,,,,4.0,3.478587742E3,3.468445371E3,1.25,1.067555,0.0,-0.4669E-2,0.0,,,,,,,,,,5.803661015256,-5.373760199311,,,,,,,,,,,,,,,,,,3.468445371E3
3383,LTUS,BPM,BPME33B,Stripline-1,0.0,,,,,,,,,,4.0,3.478587742E3,3.468445371E3,1.25,1.067555,0.0,-0.4669E-2,0.0,,,,,,,,,,,,,,,,,,,,,,,,,,,,,3.468445371E3
3387,LTUS,YCOR,YCE34B,class-4,0.0,,,,,,,,,,4.0,3.495739496E3,3.485596937E3,1.25,1.147628,0.0,-0.4669E-2,0.0,,,,,,,,,,,,,,,,,,,,,,,,,,,,,3.485596937E3
3389,LTUS,QUAD,QE34B,1.26Q3.5,0.108,0.032,,-0.402753198,,0.0,,,,,4.0,3.496219496E3,3.486076932E3,1.25,1.149869,0.0,-0.4669E-2,0.0,,,,,,,,,,-5.803661015256,5.373760199311,,,,,,,,,,,,,,,,,,3.486076932E3
3390,LTUS,BPM,BPME34B,Stripline-1,0.0,,,,,,,,,,4.0,3.496219496E3,3.486076932E3,1.25,1.149869,0.0,-0.4669E-2,0.0,,,,,,,,,,,,,,,,,,,,,,,,,,,,,3.486076932E3
3393,*LTUS,BPM,RFBE34B,CavityS-1,0.0,,,,,,,,,,4.0,3.496473496E3,3.486330929E3,1.25,1.151055,0.0,-0.4669E-2,0.0,,,,,,,,,,,,,,,,,,,,,,,,,,,,,3.486330929E3
3395,LTUS,WIRE,WS33B,fast,0.0,,,,,,,,,,4.0,3.505035372E3,3.494892712E3,1.25,1.191026,0.0,-0.4669E-2,0.0,,,,,,,,,,,,,,,,,,,,,,,,,,,,,3.494892712E3
3398,LTUS,XCOR,XCE35B,class-4,0.0,,,,,,,,,,4.0,3.513191249E3,3.5030485E3,1.25,1.229102,0.0,-0.4669E-2,0.0,,,,,,,,,,,,,,,,,,,,,,,,,,,,,3.5030485E3
3400,LTUS,QUAD,QE35B,1.26Q3.5,0.108,0.032,,0.402753198,,0.0,,,,,4.0,3.513851249E3,3.503708493E3,1.25,1.232183,0.0,-0.4669E-2,0.0,,,,,,,,,,5.803661015256,-5.373760199311,,,,,,,,,,,,,,,,,,3.503708493E3
3401,LTUS,BPM,BPME35B,Stripline-1,0.0,,,,,,,,,,4.0,3.513851249E3,3.503708493E3,1.25,1.232183,0.0,-0.4669E-2,0.0,,,,,,,,,,,,,,,,,,,,,,,,,,,,,3.503708493E3
3404,LTUS,MARK,BCXLSSBEG,,,,,,,,,,,,4.0,3.517405249E3,3.507262454E3,1.25,1.248775,0.0,-0.4669E-2,0.0,,,,,,,,,,,,,,,,,,,,,,,,,,,,,3.507262454E3
3405,LTUS,BEND,BCXXL1,0.433D14-C,0.364,0.011,0.0,0.0,,0.0,0.0,0.0,,,4.0,3.517587249E3,3.507444452E3,1.25,1.249625,0.0,-0.4669E-2,0.0,,,,,,0.364,0.5,0.0,0.0,0.0,0.0,,,,3.507444452E3,1.245,1.249625,0.0,-0.4669E-2,0.0,,,,,,,,,3.507444452E3
3408,LTUS,BEND,BCXXL2,0.433D14-C,0.364,0.011,0.0,0.0,,0.0,0.0,0.0,,,4.0,3.518633249E3,3.508490441E3,1.25,1.254508,0.0,-0.4669E-2,0.0,,,,,,0.364,0.5,0.0,0.0,0.0,0.0,,,,3.508490441E3,1.238,1.254508,0.0,-0.4669E-2,0.0,,,,,,,,,3.508490441E3
3411,LTUS,MARK,BCXLSSMID,,,,,,,,,,,,4.0,3.518893249E3,3.508750438E3,1.25,1.255722,0.0,-0.4669E-2,0.0,,,,,,,,,,,,,,,,,,,,,,,,,,,,,3.508750438E3
3413,LTUS,BEND,BCXXL3,0.433D14-C,0.364,0.011,0.0,0.0,,0.0,0.0,0.0,,,4.0,3.519153249E3,3.509010435E3,1.25,1.256935,0.0,-0.4669E-2,0.0,,,,,,0.364,0.5,0.0,0.0,0.0,0.0,,,,3.509010435E3,1.238,1.256935,0.0,-0.4669E-2,0.0,,,,,,,,,3.509010435E3
3416,LTUS,BEND,BCXXL4,0.433D14-C,0.364,0.011,0.0,0.0,,0.0,0.0,0.0,,,4.0,3.520199249E3,3.510056424E3,1.25,1.261819,0.0,-0.4669E-2,0.0,,,,,,0.364,0.5,0.0,0.0,0.0,0.0,,,,3.510056424E3,1.245,1.261819,0.0,-0.4669E-2,0.0,,,,,,,,,3.510056424E3
3418,LTUS,MARK,BCXLSSEND,,,,,,,,,,,,4.0,3.520381249E3,3.510238422E3,1.25,1.262668,0.0,-0.4669E-2,0.0,,,,,,,,,,,,,,,,,,,,,,,,,,,,,3.510238422E3
3420,LTUS,YCOR,YCXL2,class-4,0.0,,,,,,,,,,4.0,3.520704963E3,3.510562132E3,1.25,1.26418,0.0,-0.4669E-2,0.0,,,,,,,,,,,,,,,,,,,,,,,,,,,,,3.510562132E3
3422,LTUS,XCOR,XCXL2,class-4,0.0,,,,,,,,,,4.0,3.521098663E3,3.510955828E3,1.25,1.266018,0.0,-0.4669E-2,0.0,,,,,,,,,,,,,,,,,,,,,,,,,,,,,3.510955828E3
3424,LTUS,MARK,MXL2B,,,,,,,,,,,,4.0,3.521648249E3,3.511505408E3,1.25,1.268583,0.0,-0.4669E-2,0.0,,,,,,,,,,,,,,,,,,,,,,,,,,,,,3.511505408E3
3425,LTUS,USEG,UMXL3H,LCLS-I,3.33,,,,,,,,,,4.0,3.523313249E3,3.51317039E3,1.25,1.276356,0.0,-0.4669E-2,0.0,,,,,,,,,,,,,,,,,,,,,,0.4,0.0,,,,,,3.51317039E3
3428,LTUS,QUAD,QFXL2,1.085Q4.31,0.1068,0.027559,,0.0,,0.0,,,,,4.0,3.525248249E3,3.515105369E3,1.25,1.28539,0.0,-0.4669E-2,0.0,,,,,,,,,,0.0,0.0,,,,,,,,,,,,,,,,,,3.515105369E3
3431,LTUS,USEG,UMXL4H,LCLS-I,3.33,,,,,,,,,,4.0,3.527183249E3,3.517040348E3,1.25,1.294423,0.0,-0.4669E-2,0.0,,,,,,,,,,,,,,,,,,,,,,0.4,0.0,,,,,,3.517040348E3
3434,LTUS,YCOR,YCE36B,class-4,0.0,,,,,,,,,,4.0,3.531003002E3,3.520860059E3,1.25,1.312256,0.0,-0.4669E-2,0.0,,,,,,,,,,,,,,,,,,,,,,,,,,,,,3.520860059E3
3436,LTUS,QUAD,QE36B,1.26Q3.5,0.108,0.032,,-0.402753198,,0.0,,,,,4.0,3.531483002E3,3.521340054E3,1.25,1.314497,0.0,-0.4669E-2,0.0,,,,,,,,,,-5.803661015256,5.373760199311,,,,,,,,,,,,,,,,,,3.521340054E3
3437,LTUS,BPM,BPME36B,Stripline-1,0.0,,,,,,,,,,4.0,3.531483002E3,3.521340054E3,1.25,1.314497,0.0,-0.4669E-2,0.0,,,,,,,,,,,,,,,,,,,,,,,,,,,,,3.521340054E3
3440,*LTUS,BPM,RFBE36B,CavityS-1,0.0,,,,,,,,,,4.0,3.531737002E3,3.521594051E3,1.25,1.315683,0.0,-0.4669E-2,0.0,,,,,,,,,,,,,,,,,,,,,,,,,,,,,3.521594051E3
3444,LTUS,WIRE,WS34B,fast,0.0,,,,,,,,,,4.0,3.540298879E3,3.530155835E3,1.25,1.355654,0.0,-0.4669E-2,0.0,,,,,,,,,,,,,,,,,,,,,,,,,,,,,3.530155835E3
3450,LTUS,QUAD,QUM1B,1.085Q4.31,0.1068,0.027559,,0.5685780462,,0.0,,,,,4.0,3.547779339E3,3.537636213E3,1.25,1.390576,0.0,-0.4669E-2,0.0,,,,,,,,,,8.102156437658,-7.586288799305,,,,,,,,,,,,,,,,,,3.537636213E3
3451,LTUS,BPM,BPMUM1B,Stripline-2,0.0,,,,,,,,,,4.0,3.547779339E3,3.537636213E3,1.25,1.390576,0.0,-0.4669E-2,0.0,,,,,,,,,,,,,,,,,,,,,,,,,,,,,3.537636213E3
3454,LTUS,XCOR,XCUM1B,class-4f,0.0,,,,,,,,,,4.0,3.548303199E3,3.538160067E3,1.25,1.393022,0.0,-0.4669E-2,0.0,,,,,,,,,,,,,,,,,,,,,,,,,,,,,3.538160067E3
3459,LTUS,YCOR,YCUM2B,class-4f,0.0,,,,,,,,,,4.0,3.552566859E3,3.542423681E3,1.25,1.412927,0.0,-0.4669E-2,0.0,,,,,,,,,,,,,,,,,,,,,,,,,,,,,3.542423681E3
3461,LTUS,QUAD,QUM2B,1.085Q4.31,0.1068,0.027559,,-0.7968027924,,0.0,,,,,4.0,3.552990259E3,3.542847076E3,1.25,1.414903,0.0,-0.4669E-2,0.0,,,,,,,,,,-11.354326670075,10.631392013179,,,,,,,,,,,,,,,,,,3.542847076E3
3462,LTUS,BPM,BPMUM2B,Stripline-2,0.0,,,,,,,,,,4.0,3.552990259E3,3.542847076E3,1.25,1.414903,0.0,-0.4669E-2,0.0,,,,,,,,,,,,,,,,,,,,,,,,,,,,,3.542847076E3
3466,LTUS,XCOR,XCUM3B,class-4f,0.0,,,,,,,,,,4.0,3.561017779E3,3.550874509E3,1.25,1.45238,0.0,-0.4669E-2,0.0,,,,,,,,,,,,,,,,,,,,,,,,,,,,,3.550874509E3
3468,LTUS,QUAD,QUM3B,1.085Q4.31,0.1068,0.027559,,1.172578401,,0.0,,,,,4.0,3.561451179E3,3.551307904E3,1.25,1.454403,0.0,-0.4669E-2,0.0,,,,,,,,,,16.709075743982,-15.645202007474,,,,,,,,,,,,,,,,,,3.551307904E3
3469,LTUS,BPM,BPMUM3B,Stripline-2,0.0,,,,,,,,,,4.0,3.561451179E3,3.551307904E3,1.25,1.454403,0.0,-0.4669E-2,0.0,,,,,,,,,,,,,,,,,,,,,,,,,,,,,3.551307904E3
3474,LTUS,YCOR,YCUM4B,class-4f,0.0,,,,,,,,,,4.0,3.565358699E3,3.555215382E3,1.25,1.472645,0.0,-0.4669E-2,0.0,,,,,,,,,,,,,,,,,,,,,,,,,,,,,3.555215382E3
3476,LTUS,QUAD,QUM4B,1.085Q4.31,0.1068,0.027559,,-1.160480624,,0.0,,,,,4.0,3.565912099E3,3.555768776E3,1.25,1.475229,0.0,-0.4669E-2,0.0,,,,,,,,,,-16.536684139246,15.483786647234,,,,,,,,,,,,,,,,,,3.555768776E3
3477,LTUS,BPM,BPMUM4B,Stripline-2,0.0,,,,,,,,,,4.0,3.565912099E3,3.555768776E3,1.25,1.475229,0.0,-0.4669E-2,0.0,,,,,,,,,,,,,,,,,,,,,,,,,,,,,3.555768776E3
3482,LTUS,MARK,MUHWALL1B,,,,,,,,,,,,4.0,3.567561144E3,3.557417803E3,1.25,1.482928,0.0,-0.4669E-2,0.0,,,,,,,,,,,,,,,,,,,,,,,,,,,,,3.557417803E3
3485,LTUS,MARK,MUHWALL2B,,,,,,,,,,,,4.0,3.569821144E3,3.559677778E3,1.25,1.493478,0.0,-0.4669E-2,0.0,,,,,,,,,,,,,,,,,,,,,,,,,,,,,3.559677778E3
3488,LTUS,BPM,RFBSX14,CavityX-1,0.05,,,,,,,,,,4.0,3.571281969E3,3.561138588E3,1.25,1.500298,0.0,-0.4669E-2,0.0,,,,,,,,,,,,,,,,,,,,,,,,,,,,,3.5611385875E3
3491,LTUS,INST,TDUNDB,,0.0,,,,,,,,,,4.0,3.573989788E3,3.563846377E3,1.25,1.51294,0.0,-0.4669E-2,0.0,,,,,,,,,,,,,,,,,,,,,,,,,,,,,3.563846377E3
3494,LTUS,PC,PCMUONB,,1.1684,,,,,,,,,,4.0,3.574953339E3,3.564809918E3,1.25,1.517438,0.0,-0.4669E-2,0.0,,,,,,,,,,,,,,,,,,,,,,,,0.864E-2,0.432E-2,,,,3.5648099175E3
3496,LTUS,MARK,VV999B,,,,,,,,,,,,4.0,3.575798969E3,3.565655538E3,1.25,1.521386,0.0,-0.4669E-2,0.0,,,,,,,,,,,,,,,,,,,,,,,,,,,,,3.565655538E3
3497,LTUS,MARK,RWWAKE4S,WAKE,,,,,,,,,,,4.0,3.575798969E3,3.565655538E3,1.25,1.521386,0.0,-0.4669E-2,0.0,,,,,,,,,,,,,,,,,,,,,,,,,,,,,3.565655538E3
3498,LTUS,INST,ENDLTUS,,,,,,,,,,,,4.0,3.575798969E3,3.565655538E3,1.25,1.521386,0.0,-0.4669E-2,0.0,,,,,,,,,,,,,,,,,,,,,,,,,,,,,3.565655538E3
3499,UNDS,INST,BEGUNDS,,,,,,,,,,,,4.0,3.575798969E3,3.565655538E3,1.25,1.521386,0.0,-0.4669E-2,0.0,,,,,,,,,,,,,,,,,,,,,,,,,,,,,3.565655538E3
3501,UNDS,MARK,MM3B,,,,,,,,,,,,4.0,3.575942561E3,3.565799129E3,1.25,1.522056,0.0,-0.4669E-2,0.0,,,,,,,,,,,,,,,,,,,,,,,,,,,,,3.565799129E3
3502,UNDS,MARK,PFILT1B,,,,,,,,,,,,4.0,3.575942561E3,3.565799129E3,1.25,1.522056,0.0,-0.4669E-2,0.0,,,,,,,,,,,,,,,,,,,,,,,,,,,,,3.565799129E3
3503,UNDS,MARK,DBMARK37B,,,,,,,,,,,,4.0,3.575942561E3,3.565799129E3,1.25,1.522056,0.0,-0.4669E-2,0.0,,,,,,,,,,,,,,,,,,,,,,,,,,,,,3.565799129E3
3505,UNDS,BPM,RFBSX15,CavityX-1,0.05,,,,,,,,,,4.0,3.576781969E3,3.566638528E3,1.25,1.525975,0.0,-0.4669E-2,0.0,,,,,,,,,,,,,,,,,,,,,,,,,,,,,3.5666385275E3
3507,UNDS,QUAD,QSXH16,0.433Q3.1,0.084,0.011,,1.275225965,,0.0,,,,,4.0,3.577758461E3,3.567615009E3,1.25,1.530534,0.0,-0.4669E-2,0.0,,,,,,,,,,14.292418281705,-17.014783668696,,,,,,,,,,,,,,,,,,3.567615009E3
3508,UNDS,XCOR,XCSX16,type-U,0.0,,,,,,,,,,4.0,3.577758461E3,3.567615009E3,1.25,1.530534,0.0,-0.4669E-2,0.0,,,,,,,,,,,,,,,,,,,,,,,,,,,,,3.567615009E3
3509,UNDS,MARK,MUQS16,,,,,,,,,,,,4.0,3.577758461E3,3.567615009E3,1.25,1.530534,0.0,-0.4669E-2,0.0,,,,,,,,,,,,,,,,,,,,,,,,,,,,,3.567615009E3
3510,UNDS,YCOR,YCSX16,type-U,0.0,,,,,,,,,,4.0,3.577758461E3,3.567615009E3,1.25,1.530534,0.0,-0.4669E-2,0.0,,,,,,,,,,,,,,,,,,,,,,,,,,,,,3.567615009E3
3513,UNDS,BPM,RFBSX16,CavityX-1,0.05,,,,,,,,,,4.0,3.577888461E3,3.567745008E3,1.25,1.531141,0.0,-0.4669E-2,0.0,,,,,,,,,,,,,,,,,,,,,,,,,,,,,3.5677450075E3
3515,UNDS,MARK,SXRSTART,,,,,,,,,,,,4.0,3.578128461E3,3.567985005E3,1.25,1.532261,0.0,-0.4669E-2,0.0,,,,,,,,,,,,,,,,,,,,,,,,,,,,,3.567985005E3
3516,UNDS,MARK,SXR17BEG,,,,,,,,,,,,4.0,3.578128461E3,3.567985005E3,1.25,1.532261,0.0,-0.4669E-2,0.0,,,,,,,,,,,,,,,,,,,,,,,,,,,,,3.567985005E3
3524,UNDS,QUAD,QSXH17,0.433Q3.1,0.084,0.011,,-2.676718375,,0.0,,,,,4.0,3.582158461E3,3.572014961E3,1.25,1.551075,0.0,-0.4669E-2,0.0,,,,,,,,,,-29.9999997552,35.714285422857,,,,,,,,,,,,,,,,,,3.572014961E3
3525,UNDS,XCOR,XCSX17,type-U,0.0,,,,,,,,,,4.0,3.582158461E3,3.572014961E3,1.25,1.551075,0.0,-0.4669E-2,0.0,,,,,,,,,,,,,,,,,,,,,,,,,,,,,3.572014961E3
3526,UNDS,MARK,MUQS17,,,,,,,,,,,,4.0,3.582158461E3,3.572014961E3,1.25,1.551075,0.0,-0.4669E-2,0.0,,,,,,,,,,,,,,,,,,,,,,,,,,,,,3.572014961E3
3527,UNDS,YCOR,YCSX17,type-U,0.0,,,,,,,,,,4.0,3.582158461E3,3.572014961E3,1.25,1.551075,0.0,-0.4669E-2,0.0,,,,,,,,,,,,,,,,,,,,,,,,,,,,,3.572014961E3
3530,UNDS,BPM,RFBSX17,CavityX-1,0.05,,,,,,,,,,4.0,3.582288461E3,3.57214496E3,1.25,1.551682,0.0,-0.4669E-2,0.0,,,,,,,,,,,,,,,,,,,,,,,,,,,,,3.5721449595E3
3532,UNDS,MARK,SXR17END,,,,,,,,,,,,4.0,3.582528461E3,3.572384957E3,1.25,1.552802,0.0,-0.4669E-2,0.0,,,,,,,,,,,,,,,,,,,,,,,,,,,,,3.572384957E3
3533,UNDS,MARK,SXR18BEG,,,,,,,,,,,,4.0,3.582528461E3,3.572384957E3,1.25,1.552802,0.0,-0.4669E-2,0.0,,,,,,,,,,,,,,,,,,,,,,,,,,,,,3.572384957E3
3541,UNDS,QUAD,QSXH18,0.433Q3.1,0.084,0.011,,2.676718375,,0.0,,,,,4.0,3.586558461E3,3.576414913E3,1.25,1.571617,0.0,-0.4669E-2,0.0,,,,,,,,,,29.9999997552,-35.714285422857,,,,,,,,,,,,,,,,,,3.576414913E3
3542,UNDS,XCOR,XCSX18,type-U,0.0,,,,,,,,,,4.0,3.586558461E3,3.576414913E3,1.25,1.571617,0.0,-0.4669E-2,0.0,,,,,,,,,,,,,,,,,,,,,,,,,,,,,3.576414913E3
3543,UNDS,MARK,MUQS18,,,,,,,,,,,,4.0,3.586558461E3,3.576414913E3,1.25,1.571617,0.0,-0.4669E-2,0.0,,,,,,,,,,,,,,,,,,,,,,,,,,,,,3.576414913E3
3544,UNDS,YCOR,YCSX18,type-U,0.0,,,,,,,,,,4.0,3.586558461E3,3.576414913E3,1.25,1.571617,0.0,-0.4669E-2,0.0,,,,,,,,,,,,,,,,,,,,,,,,,,,,,3.576414913E3
3547,UNDS,BPM,RFBSX18,CavityX-1,0.05,,,,,,,,,,4.0,3.586688461E3,3.576544912E3,1.25,1.572223,0.0,-0.4669E-2,0.0,,,,,,,,,,,,,,,,,,,,,,,,,,,,,3.5765449115E3
3549,UNDS,MARK,SXR18END,,,,,,,,,,,,4.0,3.586928461E3,3.576784909E3,1.25,1.573344,0.0,-0.4669E-2,0.0,,,,,,,,,,,,,,,,,,,,,,,,,,,,,3.576784909E3
3550,UNDS,MARK,SXR19BEG,,,,,,,,,,,,4.0,3.586928461E3,3.576784909E3,1.25,1.573344,0.0,-0.4669E-2,0.0,,,,,,,,,,,,,,,,,,,,,,,,,,,,,3.576784909E3
3558,UNDS,QUAD,QSXH19,0.433Q3.1,0.084,0.011,,-2.676718375,,0.0,,,,,4.0,3.590958461E3,3.580814865E3,1.25,1.592158,0.0,-0.4669E-2,0.0,,,,,,,,,,-29.9999997552,35.714285422857,,,,,,,,,,,,,,,,,,3.580814865E3
3559,UNDS,XCOR,XCSX19,type-U,0.0,,,,,,,,,,4.0,3.590958461E3,3.580814865E3,1.25,1.592158,0.0,-0.4669E-2,0.0,,,,,,,,,,,,,,,,,,,,,,,,,,,,,3.580814865E3
3560,UNDS,MARK,MUQS19,,,,,,,,,,,,4.0,3.590958461E3,3.580814865E3,1.25,1.592158,0.0,-0.4669E-2,0.0,,,,,,,,,,,,,,,,,,,,,,,,,,,,,3.580814865E3
3561,UNDS,YCOR,YCSX19,type-U,0.0,,,,,,,,,,4.0,3.590958461E3,3.580814865E3,1.25,1.592158,0.0,-0.4669E-2,0.0,,,,,,,,,,,,,,,,,,,,,,,,,,,,,3.580814865E3
3564,UNDS,BPM,RFBSX19,CavityX-1,0.05,,,,,,,,,,4.0,3.591088461E3,3.580944864E3,1.25,1.592765,0.0,-0.4669E-2,0.0,,,,,,,,,,,,,,,,,,,,,,,,,,,,,3.5809448635E3
3566,UNDS,MARK,SXR19END,,,,,,,,,,,,4.0,3.591328461E3,3.581184861E3,1.25,1.593885,0.0,-0.4669E-2,0.0,,,,,,,,,,,,,,,,,,,,,,,,,,,,,3.581184861E3
3567,UNDS,MARK,SXR20BEG,,,,,,,,,,,,4.0,3.591328461E3,3.581184861E3,1.25,1.593885,0.0,-0.4669E-2,0.0,,,,,,,,,,,,,,,,,,,,,,,,,,,,,3.581184861E3
3575,UNDS,QUAD,QSXH20,0.433Q3.1,0.084,0.011,,2.676718375,,0.0,,,,,4.0,3.595358461E3,3.585214817E3,1.25,1.612699,0.0,-0.4669E-2,0.0,,,,,,,,,,29.9999997552,-35.714285422857,,,,,,,,,,,,,,,,,,3.585214817E3
3576,UNDS,XCOR,XCSX20,type-U,0.0,,,,,,,,,,4.0,3.595358461E3,3.585214817E3,1.25,1.612699,0.0,-0.4669E-2,0.0,,,,,,,,,,,,,,,,,,,,,,,,,,,,,3.585214817E3
3577,UNDS,MARK,MUQS20,,,,,,,,,,,,4.0,3.595358461E3,3.585214817E3,1.25,1.612699,0.0,-0.4669E-2,0.0,,,,,,,,,,,,,,,,,,,,,,,,,,,,,3.585214817E3
3578,UNDS,YCOR,YCSX20,type-U,0.0,,,,,,,,,,4.0,3.595358461E3,3.585214817E3,1.25,1.612699,0.0,-0.4669E-2,0.0,,,,,,,,,,,,,,,,,,,,,,,,,,,,,3.585214817E3
3581,UNDS,BPM,RFBSX20,CavityX-1,0.05,,,,,,,,,,4.0,3.595488461E3,3.585344816E3,1.25,1.613306,0.0,-0.4669E-2,0.0,,,,,,,,,,,,,,,,,,,,,,,,,,,,,3.5853448155E3
3583,UNDS,MARK,SXR20END,,,,,,,,,,,,4.0,3.595728461E3,3.585584813E3,1.25,1.614427,0.0,-0.4669E-2,0.0,,,,,,,,,,,,,,,,,,,,,,,,,,,,,3.585584813E3
3584,UNDS,MARK,SXR21BEG,,,,,,,,,,,,4.0,3.595728461E3,3.585584813E3,1.25,1.614427,0.0,-0.4669E-2,0.0,,,,,,,,,,,,,,,,,,,,,,,,,,,,,3.585584813E3
3586,UNDS,MARK,MBLMS21,,,,,,,,,,,,4.0,3.595828461E3,3.585684812E3,1.25,1.614893,0.0,-0.4669E-2,0.0,,,,,,,,,,,,,,,,,,,,,,,,,,,,,3.585684812E3
3589,UNDS,USEG,UMASXH21,VGHPU56,3.36,,,,,,,,,,4.0,3.597558461E3,3.587414793E3,1.25,1.62297,0.0,-0.4669E-2,0.0,,,,,,,,,,,,,,,,,,,,,,0.056,4.5,,,,,,3.587414793E3
3590,UNDS,EFC,XCSU21,type-V,0.0,,,,,,,,,,4.0,3.597558461E3,3.587414793E3,1.25,1.62297,0.0,-0.4669E-2,0.0,,,,,,,,,,,,,,,,,,,,,,,,,,,,,3.587414793E3
3591,UNDS,EFC,YCSU21,type-V,0.0,,,,,,,,,,4.0,3.597558461E3,3.587414793E3,1.25,1.62297,0.0,-0.4669E-2,0.0,,,,,,,,,,,,,,,,,,,,,,,,,,,,,3.587414793E3
3595,UNDS,USEG,PSSXH21,PS97.5,0.1073,,,,,,,,,,4.0,3.599463461E3,3.589319772E3,1.25,1.631863,0.0,-0.4669E-2,0.0,,,,,,,,,,,,,,,,,,,,,,0.0975,3.564917996186,,,,,,3.589319772E3
3596,UNDS,MARK,MPHS21,,,,,,,,,,,,4.0,3.599463461E3,3.589319772E3,1.25,1.631863,0.0,-0.4669E-2,0.0,,,,,,,,,,,,,,,,,,,,,,,,,,,,,3.589319772E3
3599,UNDS,MARK,VVSXU21,,,,,,,,,,,,4.0,3.599633086E3,3.589489396E3,1.25,1.632655,0.0,-0.4669E-2,0.0,,,,,,,,,,,,,,,,,,,,,,,,,,,,,3.589489396E3
3601,UNDS,QUAD,QSXH21,0.433Q3.1,0.084,0.011,,-2.676718375,,0.0,,,,,4.0,3.599758461E3,3.589614769E3,1.25,1.633241,0.0,-0.4669E-2,0.0,,,,,,,,,,-29.9999997552,35.714285422857,,,,,,,,,,,,,,,,,,3.589614769E3
3602,UNDS,XCOR,XCSX21,type-U,0.0,,,,,,,,,,4.0,3.599758461E3,3.589614769E3,1.25,1.633241,0.0,-0.4669E-2,0.0,,,,,,,,,,,,,,,,,,,,,,,,,,,,,3.589614769E3
3603,UNDS,MARK,MUQS21,,,,,,,,,,,,4.0,3.599758461E3,3.589614769E3,1.25,1.633241,0.0,-0.4669E-2,0.0,,,,,,,,,,,,,,,,,,,,,,,,,,,,,3.589614769E3
3604,UNDS,YCOR,YCSX21,type-U,0.0,,,,,,,,,,4.0,3.599758461E3,3.589614769E3,1.25,1.633241,0.0,-0.4669E-2,0.0,,,,,,,,,,,,,,,,,,,,,,,,,,,,,3.589614769E3
3607,UNDS,BPM,RFBSX21,CavityX-1,0.05,,,,,,,,,,4.0,3.599888461E3,3.589744768E3,1.25,1.633848,0.0,-0.4669E-2,0.0,,,,,,,,,,,,,,,,,,,,,,,,,,,,,3.589744768E3
3609,UNDS,MARK,SXR21END,,,,,,,,,,,,4.0,3.600128461E3,3.589984765E3,1.25,1.634968,0.0,-0.4669E-2,0.0,,,,,,,,,,,,,,,,,,,,,,,,,,,,,3.589984765E3
3610,UNDS,MARK,SXR22BEG,,,,,,,,,,,,4.0,3.600128461E3,3.589984765E3,1.25,1.634968,0.0,-0.4669E-2,0.0,,,,,,,,,,,,,,,,,,,,,,,,,,,,,3.589984765E3
3614,UNDS,USEG,UMASXH22,VGHPU56,3.36,,,,,,,,,,4.0,3.601958461E3,3.591814745E3,1.25,1.643511,0.0,-0.4669E-2,0.0,,,,,,,,,,,,,,,,,,,,,,0.056,4.5,,,,,,3.591814745E3
3615,UNDS,EFC,XCSU22,type-V,0.0,,,,,,,,,,4.0,3.601958461E3,3.591814745E3,1.25,1.643511,0.0,-0.4669E-2,0.0,,,,,,,,,,,,,,,,,,,,,,,,,,,,,3.591814745E3
3616,UNDS,EFC,YCSU22,type-V,0.0,,,,,,,,,,4.0,3.601958461E3,3.591814745E3,1.25,1.643511,0.0,-0.4669E-2,0.0,,,,,,,,,,,,,,,,,,,,,,,,,,,,,3.591814745E3
3620,UNDS,USEG,PSSXH22,PS97.5,0.1073,,,,,,,,,,4.0,3.603863461E3,3.593719724E3,1.25,1.652405,0.0,-0.4669E-2,0.0,,,,,,,,,,,,,,,,,,,,,,0.0975,3.564917996186,,,,,,3.593719724E3
3621,UNDS,MARK,MPHS22,,,,,,,,,,,,4.0,3.603863461E3,3.593719724E3,1.25,1.652405,0.0,-0.4669E-2,0.0,,,,,,,,,,,,,,,,,,,,,,,,,,,,,3.593719724E3
3625,UNDS,QUAD,QSXH22,0.433Q3.1,0.084,0.011,,2.676718375,,0.0,,,,,4.0,3.604158461E3,3.594014721E3,1.25,1.653782,0.0,-0.4669E-2,0.0,,,,,,,,,,29.9999997552,-35.714285422857,,,,,,,,,,,,,,,,,,3.594014721E3
3626,UNDS,XCOR,XCSX22,type-U,0.0,,,,,,,,,,4.0,3.604158461E3,3.594014721E3,1.25,1.653782,0.0,-0.4669E-2,0.0,,,,,,,,,,,,,,,,,,,,,,,,,,,,,3.594014721E3
3627,UNDS,MARK,MUQS22,,,,,,,,,,,,4.0,3.604158461E3,3.594014721E3,1.25,1.653782,0.0,-0.4669E-2,0.0,,,,,,,,,,,,,,,,,,,,,,,,,,,,,3.594014721E3
3628,UNDS,YCOR,YCSX22,type-U,0.0,,,,,,,,,,4.0,3.604158461E3,3.594014721E3,1.25,1.653782,0.0,-0.4669E-2,0.0,,,,,,,,,,,,,,,,,,,,,,,,,,,,,3.594014721E3
3631,UNDS,BPM,RFBSX22,CavityX-1,0.05,,,,,,,,,,4.0,3.604288461E3,3.59414472E3,1.25,1.654389,0.0,-0.4669E-2,0.0,,,,,,,,,,,,,,,,,,,,,,,,,,,,,3.59414472E3
3633,UNDS,MARK,SXR22END,,,,,,,,,,,,4.0,3.604528461E3,3.594384717E3,1.25,1.655509,0.0,-0.4669E-2,0.0,,,,,,,,,,,,,,,,,,,,,,,,,,,,,3.594384717E3
3634,UNDS,MARK,SXR23BEG,,,,,,,,,,,,4.0,3.604528461E3,3.594384717E3,1.25,1.655509,0.0,-0.4669E-2,0.0,,,,,,,,,,,,,,,,,,,,,,,,,,,,,3.594384717E3
3636,UNDS,MARK,MBLMS23,,,,,,,,,,,,4.0,3.604628461E3,3.594484716E3,1.25,1.655976,0.0,-0.4669E-2,0.0,,,,,,,,,,,,,,,,,,,,,,,,,,,,,3.594484716E3
3639,UNDS,USEG,UMASXH23,VGHPU56,3.36,,,,,,,,,,4.0,3.606358461E3,3.596214697E3,1.25,1.664053,0.0,-0.4669E-2,0.0,,,,,,,,,,,,,,,,,,,,,,0.056,4.5,,,,,,3.596214697E3
3640,UNDS,EFC,XCSU23,type-V,0.0,,,,,,,,,,4.0,3.606358461E3,3.596214697E3,1.25,1.664053,0.0,-0.4669E-2,0.0,,,,,,,,,,,,,,,,,,,,,,,,,,,,,3.596214697E3
3641,UNDS,EFC,YCSU23,type-V,0.0,,,,,,,,,,4.0,3.606358461E3,3.596214697E3,1.25,1.664053,0.0,-0.4669E-2,0.0,,,,,,,,,,,,,,,,,,,,,,,,,,,,,3.596214697E3
3645,UNDS,USEG,PSSXH23,PS97.5,0.1073,,,,,,,,,,4.0,3.608263461E3,3.598119677E3,1.25,1.672946,0.0,-0.4669E-2,0.0,,,,,,,,,,,,,,,,,,,,,,0.0975,3.564917996186,,,,,,3.598119677E3
3646,UNDS,MARK,MPHS23,,,,,,,,,,,,4.0,3.608263461E3,3.598119677E3,1.25,1.672946,0.0,-0.4669E-2,0.0,,,,,,,,,,,,,,,,,,,,,,,,,,,,,3.598119677E3
3650,UNDS,QUAD,QSXH23,0.433Q3.1,0.084,0.011,,-2.676718375,,0.0,,,,,4.0,3.608558461E3,3.598414673E3,1.25,1.674323,0.0,-0.4669E-2,0.0,,,,,,,,,,-29.9999997552,35.714285422857,,,,,,,,,,,,,,,,,,3.598414673E3
3651,UNDS,XCOR,XCSX23,type-U,0.0,,,,,,,,,,4.0,3.608558461E3,3.598414673E3,1.25,1.674323,0.0,-0.4669E-2,0.0,,,,,,,,,,,,,,,,,,,,,,,,,,,,,3.598414673E3
3652,UNDS,MARK,MUQS23,,,,,,,,,,,,4.0,3.608558461E3,3.598414673E3,1.25,1.674323,0.0,-0.4669E-2,0.0,,,,,,,,,,,,,,,,,,,,,,,,,,,,,3.598414673E3
3653,UNDS,YCOR,YCSX23,type-U,0.0,,,,,,,,,,4.0,3.608558461E3,3.598414673E3,1.25,1.674323,0.0,-0.4669E-2,0.0,,,,,,,,,,,,,,,,,,,,,,,,,,,,,3.598414673E3
3656,UNDS,BPM,RFBSX23,CavityX-1,0.05,,,,,,,,,,4.0,3.608688461E3,3.598544672E3,1.25,1.67493,0.0,-0.4669E-2,0.0,,,,,,,,,,,,,,,,,,,,,,,,,,,,,3.598544672E3
3658,UNDS,MARK,SXR23END,,,,,,,,,,,,4.0,3.608928461E3,3.598784669E3,1.25,1.676051,0.0,-0.4669E-2,0.0,,,,,,,,,,,,,,,,,,,,,,,,,,,,,3.598784669E3
3659,UNDS,MARK,SXR24BEG,,,,,,,,,,,,4.0,3.608928461E3,3.598784669E3,1.25,1.676051,0.0,-0.4669E-2,0.0,,,,,,,,,,,,,,,,,,,,,,,,,,,,,3.598784669E3
3663,UNDS,USEG,UMASXH24,VGHPU56,3.36,,,,,,,,,,4.0,3.610758461E3,3.600614649E3,1.25,1.684594,0.0,-0.4669E-2,0.0,,,,,,,,,,,,,,,,,,,,,,0.056,4.5,,,,,,3.600614649E3
3664,UNDS,EFC,XCSU24,type-V,0.0,,,,,,,,,,4.0,3.610758461E3,3.600614649E3,1.25,1.684594,0.0,-0.4669E-2,0.0,,,,,,,,,,,,,,,,,,,,,,,,,,,,,3.600614649E3
3665,UNDS,EFC,YCSU24,type-V,0.0,,,,,,,,,,4.0,3.610758461E3,3.600614649E3,1.25,1.684594,0.0,-0.4669E-2,0.0,,,,,,,,,,,,,,,,,,,,,,,,,,,,,3.600614649E3
3669,UNDS,USEG,PSSXH24,PS97.5,0.1073,,,,,,,,,,4.0,3.612663461E3,3.602519629E3,1.25,1.693488,0.0,-0.4669E-2,0.0,,,,,,,,,,,,,,,,,,,,,,0.0975,3.564917996186,,,,,,3.602519629E3
3670,UNDS,MARK,MPHS24,,,,,,,,,,,,4.0,3.612663461E3,3.602519629E3,1.25,1.693488,0.0,-0.4669E-2,0.0,,,,,,,,,,,,,,,,,,,,,,,,,,,,,3.602519629E3
3674,UNDS,QUAD,QSXH24,0.433Q3.1,0.084,0.011,,2.676718375,,0.0,,,,,4.0,3.612958461E3,3.602814625E3,1.25,1.694865,0.0,-0.4669E-2,0.0,,,,,,,,,,29.9999997552,-35.714285422857,,,,,,,,,,,,,,,,,,3.602814625E3
3675,UNDS,XCOR,XCSX24,type-U,0.0,,,,,,,,,,4.0,3.612958461E3,3.602814625E3,1.25,1.694865,0.0,-0.4669E-2,0.0,,,,,,,,,,,,,,,,,,,,,,,,,,,,,3.602814625E3
3676,UNDS,MARK,MUQS24,,,,,,,,,,,,4.0,3.612958461E3,3.602814625E3,1.25,1.694865,0.0,-0.4669E-2,0.0,,,,,,,,,,,,,,,,,,,,,,,,,,,,,3.602814625E3
3677,UNDS,YCOR,YCSX24,type-U,0.0,,,,,,,,,,4.0,3.612958461E3,3.602814625E3,1.25,1.694865,0.0,-0.4669E-2,0.0,,,,,,,,,,,,,,,,,,,,,,,,,,,,,3.602814625E3
3680,UNDS,BPM,RFBSX24,CavityX-1,0.05,,,,,,,,,,4.0,3.613088461E3,3.602944624E3,1.25,1.695472,0.0,-0.4669E-2,0.0,,,,,,,,,,,,,,,,,,,,,,,,,,,,,3.602944624E3
3682,UNDS,MARK,SXR24END,,,,,,,,,,,,4.0,3.613328461E3,3.603184621E3,1.25,1.696592,0.0,-0.4669E-2,0.0,,,,,,,,,,,,,,,,,,,,,,,,,,,,,3.603184621E3
3683,UNDS,MARK,SXR25BEG,,,,,,,,,,,,4.0,3.613328461E3,3.603184621E3,1.25,1.696592,0.0,-0.4669E-2,0.0,,,,,,,,,,,,,,,,,,,,,,,,,,,,,3.603184621E3
3685,UNDS,MARK,MBLMS25,,,,,,,,,,,,4.0,3.613428461E3,3.60328462E3,1.25,1.697059,0.0,-0.4669E-2,0.0,,,,,,,,,,,,,,,,,,,,,,,,,,,,,3.60328462E3
3688,UNDS,USEG,UMASXH25,VGHPU56,3.36,,,,,,,,,,4.0,3.615158461E3,3.605014601E3,1.25,1.705136,0.0,-0.4669E-2,0.0,,,,,,,,,,,,,,,,,,,,,,0.056,4.5,,,,,,3.605014601E3
3689,UNDS,EFC,XCSU25,type-V,0.0,,,,,,,,,,4.0,3.615158461E3,3.605014601E3,1.25,1.705136,0.0,-0.4669E-2,0.0,,,,,,,,,,,,,,,,,,,,,,,,,,,,,3.605014601E3
3690,UNDS,EFC,YCSU25,type-V,0.0,,,,,,,,,,4.0,3.615158461E3,3.605014601E3,1.25,1.705136,0.0,-0.4669E-2,0.0,,,,,,,,,,,,,,,,,,,,,,,,,,,,,3.605014601E3
3694,UNDS,USEG,PSSXH25,PS97.5,0.1073,,,,,,,,,,4.0,3.617063461E3,3.606919581E3,1.25,1.714029,0.0,-0.4669E-2,0.0,,,,,,,,,,,,,,,,,,,,,,0.0975,3.564917996186,,,,,,3.606919581E3
3695,UNDS,MARK,MPHS25,,,,,,,,,,,,4.0,3.617063461E3,3.606919581E3,1.25,1.714029,0.0,-0.4669E-2,0.0,,,,,,,,,,,,,,,,,,,,,,,,,,,,,3.606919581E3
3699,UNDS,QUAD,QSXH25,0.433Q3.1,0.084,0.011,,-2.676718375,,0.0,,,,,4.0,3.617358461E3,3.607214577E3,1.25,1.715406,0.0,-0.4669E-2,0.0,,,,,,,,,,-29.9999997552,35.714285422857,,,,,,,,,,,,,,,,,,3.607214577E3
3700,UNDS,XCOR,XCSX25,type-U,0.0,,,,,,,,,,4.0,3.617358461E3,3.607214577E3,1.25,1.715406,0.0,-0.4669E-2,0.0,,,,,,,,,,,,,,,,,,,,,,,,,,,,,3.607214577E3
3701,UNDS,MARK,MUQS25,,,,,,,,,,,,4.0,3.617358461E3,3.607214577E3,1.25,1.715406,0.0,-0.4669E-2,0.0,,,,,,,,,,,,,,,,,,,,,,,,,,,,,3.607214577E3
3702,UNDS,YCOR,YCSX25,type-U,0.0,,,,,,,,,,4.0,3.617358461E3,3.607214577E3,1.25,1.715406,0.0,-0.4669E-2,0.0,,,,,,,,,,,,,,,,,,,,,,,,,,,,,3.607214577E3
3705,UNDS,BPM,RFBSX25,CavityX-1,0.05,,,,,,,,,,4.0,3.617488461E3,3.607344576E3,1.25,1.716013,0.0,-0.4669E-2,0.0,,,,,,,,,,,,,,,,,,,,,,,,,,,,,3.607344576E3
3707,UNDS,MARK,SXR25END,,,,,,,,,,,,4.0,3.617728461E3,3.607584573E3,1.25,1.717134,0.0,-0.4669E-2,0.0,,,,,,,,,,,,,,,,,,,,,,,,,,,,,3.607584573E3
3708,UNDS,MARK,SXR26BEG,,,,,,,,,,,,4.0,3.617728461E3,3.607584573E3,1.25,1.717134,0.0,-0.4669E-2,0.0,,,,,,,,,,,,,,,,,,,,,,,,,,,,,3.607584573E3
3712,UNDS,USEG,UMASXH26,VGHPU56,3.36,,,,,,,,,,4.0,3.619558461E3,3.609414553E3,1.25,1.725677,0.0,-0.4669E-2,0.0,,,,,,,,,,,,,,,,,,,,,,0.056,4.5,,,,,,3.609414553E3
3713,UNDS,EFC,XCSU26,type-V,0.0,,,,,,,,,,4.0,3.619558461E3,3.609414553E3,1.25,1.725677,0.0,-0.4669E-2,0.0,,,,,,,,,,,,,,,,,,,,,,,,,,,,,3.609414553E3
3714,UNDS,EFC,YCSU26,type-V,0.0,,,,,,,,,,4.0,3.619558461E3,3.609414553E3,1.25,1.725677,0.0,-0.4669E-2,0.0,,,,,,,,,,,,,,,,,,,,,,,,,,,,,3.609414553E3
3718,UNDS,USEG,PSSXH26,PS97.5,0.1073,,,,,,,,,,4.0,3.621463461E3,3.611319533E3,1.25,1.73457,0.0,-0.4669E-2,0.0,,,,,,,,,,,,,,,,,,,,,,0.0975,3.564917996186,,,,,,3.611319533E3
3719,UNDS,MARK,MPHS26,,,,,,,,,,,,4.0,3.621463461E3,3.611319533E3,1.25,1.73457,0.0,-0.4669E-2,0.0,,,,,,,,,,,,,,,,,,,,,,,,,,,,,3.611319533E3
3723,UNDS,QUAD,QSXH26,0.433Q3.1,0.084,0.011,,2.676718375,,0.0,,,,,4.0,3.621758461E3,3.611614529E3,1.25,1.735948,0.0,-0.4669E-2,0.0,,,,,,,,,,29.9999997552,-35.714285422857,,,,,,,,,,,,,,,,,,3.611614529E3
3724,UNDS,XCOR,XCSX26,type-U,0.0,,,,,,,,,,4.0,3.621758461E3,3.611614529E3,1.25,1.735948,0.0,-0.4669E-2,0.0,,,,,,,,,,,,,,,,,,,,,,,,,,,,,3.611614529E3
3725,UNDS,MARK,MUQS26,,,,,,,,,,,,4.0,3.621758461E3,3.611614529E3,1.25,1.735948,0.0,-0.4669E-2,0.0,,,,,,,,,,,,,,,,,,,,,,,,,,,,,3.611614529E3
3726,UNDS,YCOR,YCSX26,type-U,0.0,,,,,,,,,,4.0,3.621758461E3,3.611614529E3,1.25,1.735948,0.0,-0.4669E-2,0.0,,,,,,,,,,,,,,,,,,,,,,,,,,,,,3.611614529E3
3729,UNDS,BPM,RFBSX26,CavityX-1,0.05,,,,,,,,,,4.0,3.621888461E3,3.611744528E3,1.25,1.736555,0.0,-0.4669E-2,0.0,,,,,,,,,,,,,,,,,,,,,,,,,,,,,3.611744528E3
3731,UNDS,MARK,SXR26END,,,,,,,,,,,,4.0,3.622128461E3,3.611984525E3,1.25,1.737675,0.0,-0.4669E-2,0.0,,,,,,,,,,,,,,,,,,,,,,,,,,,,,3.611984525E3
3732,UNDS,MARK,SXR27BEG,,,,,,,,,,,,4.0,3.622128461E3,3.611984525E3,1.25,1.737675,0.0,-0.4669E-2,0.0,,,,,,,,,,,,,,,,,,,,,,,,,,,,,3.611984525E3
3734,UNDS,MARK,MBLMS27,,,,,,,,,,,,4.0,3.622228461E3,3.612084524E3,1.25,1.738142,0.0,-0.4669E-2,0.0,,,,,,,,,,,,,,,,,,,,,,,,,,,,,3.612084524E3
3737,UNDS,USEG,UMASXH27,VGHPU56,3.36,,,,,,,,,,4.0,3.623958461E3,3.613814505E3,1.25,1.746218,0.0,-0.4669E-2,0.0,,,,,,,,,,,,,,,,,,,,,,0.056,4.5,,,,,,3.613814505E3
3738,UNDS,EFC,XCSU27,type-V,0.0,,,,,,,,,,4.0,3.623958461E3,3.613814505E3,1.25,1.746218,0.0,-0.4669E-2,0.0,,,,,,,,,,,,,,,,,,,,,,,,,,,,,3.613814505E3
3739,UNDS,EFC,YCSU27,type-V,0.0,,,,,,,,,,4.0,3.623958461E3,3.613814505E3,1.25,1.746218,0.0,-0.4669E-2,0.0,,,,,,,,,,,,,,,,,,,,,,,,,,,,,3.613814505E3
3743,UNDS,USEG,PSSXH27,PS97.5,0.1073,,,,,,,,,,4.0,3.625863461E3,3.615719485E3,1.25,1.755112,0.0,-0.4669E-2,0.0,,,,,,,,,,,,,,,,,,,,,,0.0975,3.564917996186,,,,,,3.615719485E3
3744,UNDS,MARK,MPHS27,,,,,,,,,,,,4.0,3.625863461E3,3.615719485E3,1.25,1.755112,0.0,-0.4669E-2,0.0,,,,,,,,,,,,,,,,,,,,,,,,,,,,,3.615719485E3
3748,UNDS,QUAD,QSXH27,0.433Q3.1,0.084,0.011,,-2.676718375,,0.0,,,,,4.0,3.626158461E3,3.616014482E3,1.25,1.756489,0.0,-0.4669E-2,0.0,,,,,,,,,,-29.9999997552,35.714285422857,,,,,,,,,,,,,,,,,,3.616014482E3
3749,UNDS,XCOR,XCSX27,type-U,0.0,,,,,,,,,,4.0,3.626158461E3,3.616014482E3,1.25,1.756489,0.0,-0.4669E-2,0.0,,,,,,,,,,,,,,,,,,,,,,,,,,,,,3.616014482E3
3750,UNDS,MARK,MUQS27,,,,,,,,,,,,4.0,3.626158461E3,3.616014482E3,1.25,1.756489,0.0,-0.4669E-2,0.0,,,,,,,,,,,,,,,,,,,,,,,,,,,,,3.616014482E3
3751,UNDS,YCOR,YCSX27,type-U,0.0,,,,,,,,,,4.0,3.626158461E3,3.616014482E3,1.25,1.756489,0.0,-0.4669E-2,0.0,,,,,,,,,,,,,,,,,,,,,,,,,,,,,3.616014482E3
3754,UNDS,BPM,RFBSX27,CavityX-1,0.05,,,,,,,,,,4.0,3.626288461E3,3.61614448E3,1.25,1.757096,0.0,-0.4669E-2,0.0,,,,,,,,,,,,,,,,,,,,,,,,,,,,,3.61614448E3
3756,UNDS,MARK,SXR27END,,,,,,,,,,,,4.0,3.626528461E3,3.616384477E3,1.25,1.758216,0.0,-0.4669E-2,0.0,,,,,,,,,,,,,,,,,,,,,,,,,,,,,3.616384477E3
3757,UNDS,MARK,SXR28BEG,,,,,,,,,,,,4.0,3.626528461E3,3.616384477E3,1.25,1.758216,0.0,-0.4669E-2,0.0,,,,,,,,,,,,,,,,,,,,,,,,,,,,,3.616384477E3
3761,UNDS,USEG,UMASXH28,VGHPU39,3.393,,,,,,,,,,4.0,3.628358461E3,3.618214458E3,1.25,1.76676,0.0,-0.4669E-2,0.0,,,,,,,,,,,,,,,,,,,,,,0.039,5.5,,,,,,3.618214458E3
3762,UNDS,EFC,XCSU28,type-V,0.0,,,,,,,,,,4.0,3.628358461E3,3.618214458E3,1.25,1.76676,0.0,-0.4669E-2,0.0,,,,,,,,,,,,,,,,,,,,,,,,,,,,,3.618214458E3
3763,UNDS,EFC,YCSU28,type-V,0.0,,,,,,,,,,4.0,3.628358461E3,3.618214458E3,1.25,1.76676,0.0,-0.4669E-2,0.0,,,,,,,,,,,,,,,,,,,,,,,,,,,,,3.618214458E3
3767,UNDS,USEG,PSSXH28,PS75,0.0825,,,,,,,,,,4.0,3.630263461E3,3.620119437E3,1.25,1.775653,0.0,-0.4669E-2,0.0,,,,,,,,,,,,,,,,,,,,,,0.075,4.064631891745,,,,,,3.620119437E3
3768,UNDS,MARK,MPHS28,,,,,,,,,,,,4.0,3.630263461E3,3.620119437E3,1.25,1.775653,0.0,-0.4669E-2,0.0,,,,,,,,,,,,,,,,,,,,,,,,,,,,,3.620119437E3
3771,UNDS,MARK,VVSXU28,,,,,,,,,,,,4.0,3.630433086E3,3.62028906E3,1.25,1.776445,0.0,-0.4669E-2,0.0,,,,,,,,,,,,,,,,,,,,,,,,,,,,,3.62028906E3
3773,UNDS,QUAD,QSXH28,0.433Q3.1,0.084,0.011,,2.676718375,,0.0,,,,,4.0,3.630558461E3,3.620414434E3,1.25,1.77703,0.0,-0.4669E-2,0.0,,,,,,,,,,29.9999997552,-35.714285422857,,,,,,,,,,,,,,,,,,3.620414434E3
3774,UNDS,XCOR,XCSX28,type-U,0.0,,,,,,,,,,4.0,3.630558461E3,3.620414434E3,1.25,1.77703,0.0,-0.4669E-2,0.0,,,,,,,,,,,,,,,,,,,,,,,,,,,,,3.620414434E3
3775,UNDS,MARK,MUQS28,,,,,,,,,,,,4.0,3.630558461E3,3.620414434E3,1.25,1.77703,0.0,-0.4669E-2,0.0,,,,,,,,,,,,,,,,,,,,,,,,,,,,,3.620414434E3
3776,UNDS,YCOR,YCSX28,type-U,0.0,,,,,,,,,,4.0,3.630558461E3,3.620414434E3,1.25,1.77703,0.0,-0.4669E-2,0.0,,,,,,,,,,,,,,,,,,,,,,,,,,,,,3.620414434E3
3779,UNDS,BPM,RFBSX28,CavityX-1,0.05,,,,,,,,,,4.0,3.630688461E3,3.620544432E3,1.25,1.777637,0.0,-0.4669E-2,0.0,,,,,,,,,,,,,,,,,,,,,,,,,,,,,3.620544432E3
3781,UNDS,MARK,SXR28END,,,,,,,,,,,,4.0,3.630928461E3,3.62078443E3,1.25,1.778758,0.0,-0.4669E-2,0.0,,,,,,,,,,,,,,,,,,,,,,,,,,,,,3.62078443E3
3782,UNDS,MARK,SXR29BEG,,,,,,,,,,,,4.0,3.630928461E3,3.62078443E3,1.25,1.778758,0.0,-0.4669E-2,0.0,,,,,,,,,,,,,,,,,,,,,,,,,,,,,3.62078443E3
3784,UNDS,MARK,MBLMS29,,,,,,,,,,,,4.0,3.631028461E3,3.620884428E3,1.25,1.779225,0.0,-0.4669E-2,0.0,,,,,,,,,,,,,,,,,,,,,,,,,,,,,3.620884428E3
3787,UNDS,USEG,UMASXH29,VGHPU39,3.393,,,,,,,,,,4.0,3.632758461E3,3.62261441E3,1.25,1.787301,0.0,-0.4669E-2,0.0,,,,,,,,,,,,,,,,,,,,,,0.039,5.5,,,,,,3.62261441E3
3788,UNDS,EFC,XCSU29,type-V,0.0,,,,,,,,,,4.0,3.632758461E3,3.62261441E3,1.25,1.787301,0.0,-0.4669E-2,0.0,,,,,,,,,,,,,,,,,,,,,,,,,,,,,3.62261441E3
3789,UNDS,EFC,YCSU29,type-V,0.0,,,,,,,,,,4.0,3.632758461E3,3.62261441E3,1.25,1.787301,0.0,-0.4669E-2,0.0,,,,,,,,,,,,,,,,,,,,,,,,,,,,,3.62261441E3
3793,UNDS,USEG,PSSXH29,PS75,0.0825,,,,,,,,,,4.0,3.634663461E3,3.624519389E3,1.25,1.796195,0.0,-0.4669E-2,0.0,,,,,,,,,,,,,,,,,,,,,,0.075,4.064631891745,,,,,,3.624519389E3
3794,UNDS,MARK,MPHS29,,,,,,,,,,,,4.0,3.634663461E3,3.624519389E3,1.25,1.796195,0.0,-0.4669E-2,0.0,,,,,,,,,,,,,,,,,,,,,,,,,,,,,3.624519389E3
3798,UNDS,QUAD,QSXH29,0.433Q3.1,0.084,0.011,,-2.676718375,,0.0,,,,,4.0,3.634958461E3,3.624814386E3,1.25,1.797572,0.0,-0.4669E-2,0.0,,,,,,,,,,-29.9999997552,35.714285422857,,,,,,,,,,,,,,,,,,3.624814386E3
3799,UNDS,XCOR,XCSX29,type-U,0.0,,,,,,,,,,4.0,3.634958461E3,3.624814386E3,1.25,1.797572,0.0,-0.4669E-2,0.0,,,,,,,,,,,,,,,,,,,,,,,,,,,,,3.624814386E3
3800,UNDS,MARK,MUQS29,,,,,,,,,,,,4.0,3.634958461E3,3.624814386E3,1.25,1.797572,0.0,-0.4669E-2,0.0,,,,,,,,,,,,,,,,,,,,,,,,,,,,,3.624814386E3
3801,UNDS,YCOR,YCSX29,type-U,0.0,,,,,,,,,,4.0,3.634958461E3,3.624814386E3,1.25,1.797572,0.0,-0.4669E-2,0.0,,,,,,,,,,,,,,,,,,,,,,,,,,,,,3.624814386E3
3804,UNDS,BPM,RFBSX29,CavityX-1,0.05,,,,,,,,,,4.0,3.635088461E3,3.624944384E3,1.25,1.798179,0.0,-0.4669E-2,0.0,,,,,,,,,,,,,,,,,,,,,,,,,,,,,3.624944384E3
3806,UNDS,MARK,SXR29END,,,,,,,,,,,,4.0,3.635328461E3,3.625184382E3,1.25,1.799299,0.0,-0.4669E-2,0.0,,,,,,,,,,,,,,,,,,,,,,,,,,,,,3.625184382E3
3807,UNDS,MARK,SXR30BEG,,,,,,,,,,,,4.0,3.635328461E3,3.625184382E3,1.25,1.799299,0.0,-0.4669E-2,0.0,,,,,,,,,,,,,,,,,,,,,,,,,,,,,3.625184382E3
3811,UNDS,USEG,UMASXH30,VGHPU39,3.393,,,,,,,,,,4.0,3.637158461E3,3.627014362E3,1.25,1.807842,0.0,-0.4669E-2,0.0,,,,,,,,,,,,,,,,,,,,,,0.039,5.5,,,,,,3.627014362E3
3812,UNDS,EFC,XCSU30,type-V,0.0,,,,,,,,,,4.0,3.637158461E3,3.627014362E3,1.25,1.807842,0.0,-0.4669E-2,0.0,,,,,,,,,,,,,,,,,,,,,,,,,,,,,3.627014362E3
3813,UNDS,EFC,YCSU30,type-V,0.0,,,,,,,,,,4.0,3.637158461E3,3.627014362E3,1.25,1.807842,0.0,-0.4669E-2,0.0,,,,,,,,,,,,,,,,,,,,,,,,,,,,,3.627014362E3
3817,UNDS,USEG,PSSXH30,PS75,0.0825,,,,,,,,,,4.0,3.639063461E3,3.628919341E3,1.25,1.816736,0.0,-0.4669E-2,0.0,,,,,,,,,,,,,,,,,,,,,,0.075,4.064631891745,,,,,,3.628919341E3
3818,UNDS,MARK,MPHS30,,,,,,,,,,,,4.0,3.639063461E3,3.628919341E3,1.25,1.816736,0.0,-0.4669E-2,0.0,,,,,,,,,,,,,,,,,,,,,,,,,,,,,3.628919341E3
3822,UNDS,QUAD,QSXH30,0.433Q3.1,0.084,0.011,,2.676718375,,0.0,,,,,4.0,3.639358461E3,3.629214338E3,1.25,1.818113,0.0,-0.4669E-2,0.0,,,,,,,,,,29.9999997552,-35.714285422857,,,,,,,,,,,,,,,,,,3.629214338E3
3823,UNDS,XCOR,XCSX30,type-U,0.0,,,,,,,,,,4.0,3.639358461E3,3.629214338E3,1.25,1.818113,0.0,-0.4669E-2,0.0,,,,,,,,,,,,,,,,,,,,,,,,,,,,,3.629214338E3
3824,UNDS,MARK,MUQS30,,,,,,,,,,,,4.0,3.639358461E3,3.629214338E3,1.25,1.818113,0.0,-0.4669E-2,0.0,,,,,,,,,,,,,,,,,,,,,,,,,,,,,3.629214338E3
3825,UNDS,YCOR,YCSX30,type-U,0.0,,,,,,,,,,4.0,3.639358461E3,3.629214338E3,1.25,1.818113,0.0,-0.4669E-2,0.0,,,,,,,,,,,,,,,,,,,,,,,,,,,,,3.629214338E3
3828,UNDS,BPM,RFBSX30,CavityX-1,0.05,,,,,,,,,,4.0,3.639488461E3,3.629344337E3,1.25,1.81872,0.0,-0.4669E-2,0.0,,,,,,,,,,,,,,,,,,,,,,,,,,,,,3.6293443365E3
3830,UNDS,MARK,SXR30END,,,,,,,,,,,,4.0,3.639728461E3,3.629584334E3,1.25,1.819841,0.0,-0.4669E-2,0.0,,,,,,,,,,,,,,,,,,,,,,,,,,,,,3.629584334E3
3831,UNDS,MARK,SXR31BEG,,,,,,,,,,,,4.0,3.639728461E3,3.629584334E3,1.25,1.819841,0.0,-0.4669E-2,0.0,,,,,,,,,,,,,,,,,,,,,,,,,,,,,3.629584334E3
3833,UNDS,MARK,MBLMS31,,,,,,,,,,,,4.0,3.639828461E3,3.629684333E3,1.25,1.820307,0.0,-0.4669E-2,0.0,,,,,,,,,,,,,,,,,,,,,,,,,,,,,3.629684333E3
3836,UNDS,USEG,UMASXH31,VGHPU39,3.393,,,,,,,,,,4.0,3.641558461E3,3.631414314E3,1.25,1.828384,0.0,-0.4669E-2,0.0,,,,,,,,,,,,,,,,,,,,,,0.039,5.5,,,,,,3.631414314E3
3837,UNDS,EFC,XCSU31,type-V,0.0,,,,,,,,,,4.0,3.641558461E3,3.631414314E3,1.25,1.828384,0.0,-0.4669E-2,0.0,,,,,,,,,,,,,,,,,,,,,,,,,,,,,3.631414314E3
3838,UNDS,EFC,YCSU31,type-V,0.0,,,,,,,,,,4.0,3.641558461E3,3.631414314E3,1.25,1.828384,0.0,-0.4669E-2,0.0,,,,,,,,,,,,,,,,,,,,,,,,,,,,,3.631414314E3
3842,UNDS,USEG,PSSXH31,PS75,0.0825,,,,,,,,,,4.0,3.643463461E3,3.633319293E3,1.25,1.837277,0.0,-0.4669E-2,0.0,,,,,,,,,,,,,,,,,,,,,,0.075,4.064631891745,,,,,,3.633319293E3
3843,UNDS,MARK,MPHS31,,,,,,,,,,,,4.0,3.643463461E3,3.633319293E3,1.25,1.837277,0.0,-0.4669E-2,0.0,,,,,,,,,,,,,,,,,,,,,,,,,,,,,3.633319293E3
3847,UNDS,QUAD,QSXH31,0.433Q3.1,0.084,0.011,,-2.676718375,,0.0,,,,,4.0,3.643758461E3,3.63361429E3,1.25,1.838655,0.0,-0.4669E-2,0.0,,,,,,,,,,-29.9999997552,35.714285422857,,,,,,,,,,,,,,,,,,3.63361429E3
3848,UNDS,XCOR,XCSX31,type-U,0.0,,,,,,,,,,4.0,3.643758461E3,3.63361429E3,1.25,1.838655,0.0,-0.4669E-2,0.0,,,,,,,,,,,,,,,,,,,,,,,,,,,,,3.63361429E3
3849,UNDS,MARK,MUQS31,,,,,,,,,,,,4.0,3.643758461E3,3.63361429E3,1.25,1.838655,0.0,-0.4669E-2,0.0,,,,,,,,,,,,,,,,,,,,,,,,,,,,,3.63361429E3
3850,UNDS,YCOR,YCSX31,type-U,0.0,,,,,,,,,,4.0,3.643758461E3,3.63361429E3,1.25,1.838655,0.0,-0.4669E-2,0.0,,,,,,,,,,,,,,,,,,,,,,,,,,,,,3.63361429E3
3853,UNDS,BPM,RFBSX31,CavityX-1,0.05,,,,,,,,,,4.0,3.643888461E3,3.633744288E3,1.25,1.839261,0.0,-0.4669E-2,0.0,,,,,,,,,,,,,,,,,,,,,,,,,,,,,3.6337442885E3
3855,UNDS,MARK,SXR31END,,,,,,,,,,,,4.0,3.644128461E3,3.633984286E3,1.25,1.840382,0.0,-0.4669E-2,0.0,,,,,,,,,,,,,,,,,,,,,,,,,,,,,3.633984286E3
3856,UNDS,MARK,SXR32BEG,,,,,,,,,,,,4.0,3.644128461E3,3.633984286E3,1.25,1.840382,0.0,-0.4669E-2,0.0,,,,,,,,,,,,,,,,,,,,,,,,,,,,,3.633984286E3
3860,UNDS,USEG,UMASXH32,VGHPU39,3.393,,,,,,,,,,4.0,3.645958461E3,3.635814266E3,1.25,1.848925,0.0,-0.4669E-2,0.0,,,,,,,,,,,,,,,,,,,,,,0.039,5.5,,,,,,3.635814266E3
3861,UNDS,EFC,XCSU32,type-V,0.0,,,,,,,,,,4.0,3.645958461E3,3.635814266E3,1.25,1.848925,0.0,-0.4669E-2,0.0,,,,,,,,,,,,,,,,,,,,,,,,,,,,,3.635814266E3
3862,UNDS,EFC,YCSU32,type-V,0.0,,,,,,,,,,4.0,3.645958461E3,3.635814266E3,1.25,1.848925,0.0,-0.4669E-2,0.0,,,,,,,,,,,,,,,,,,,,,,,,,,,,,3.635814266E3
3866,UNDS,USEG,PSSXH32,PS75,0.0825,,,,,,,,,,4.0,3.647863461E3,3.637719245E3,1.25,1.857819,0.0,-0.4669E-2,0.0,,,,,,,,,,,,,,,,,,,,,,0.075,4.064631891745,,,,,,3.637719245E3
3867,UNDS,MARK,MPHS32,,,,,,,,,,,,4.0,3.647863461E3,3.637719245E3,1.25,1.857819,0.0,-0.4669E-2,0.0,,,,,,,,,,,,,,,,,,,,,,,,,,,,,3.637719245E3
3871,UNDS,QUAD,QSXH32,0.433Q3.1,0.084,0.011,,2.676718375,,0.0,,,,,4.0,3.648158461E3,3.638014242E3,1.25,1.859196,0.0,-0.4669E-2,0.0,,,,,,,,,,29.9999997552,-35.714285422857,,,,,,,,,,,,,,,,,,3.638014242E3
3872,UNDS,XCOR,XCSX32,type-U,0.0,,,,,,,,,,4.0,3.648158461E3,3.638014242E3,1.25,1.859196,0.0,-0.4669E-2,0.0,,,,,,,,,,,,,,,,,,,,,,,,,,,,,3.638014242E3
3873,UNDS,MARK,MUQS32,,,,,,,,,,,,4.0,3.648158461E3,3.638014242E3,1.25,1.859196,0.0,-0.4669E-2,0.0,,,,,,,,,,,,,,,,,,,,,,,,,,,,,3.638014242E3
3874,UNDS,YCOR,YCSX32,type-U,0.0,,,,,,,,,,4.0,3.648158461E3,3.638014242E3,1.25,1.859196,0.0,-0.4669E-2,0.0,,,,,,,,,,,,,,,,,,,,,,,,,,,,,3.638014242E3
3877,UNDS,BPM,RFBSX32,CavityX-1,0.05,,,,,,,,,,4.0,3.648288461E3,3.63814424E3,1.25,1.859803,0.0,-0.4669E-2,0.0,,,,,,,,,,,,,,,,,,,,,,,,,,,,,3.6381442405E3
3879,UNDS,MARK,SXR32END,,,,,,,,,,,,4.0,3.648528461E3,3.638384238E3,1.25,1.860923,0.0,-0.4669E-2,0.0,,,,,,,,,,,,,,,,,,,,,,,,,,,,,3.638384238E3
3880,UNDS,MARK,SXR33BEG,,,,,,,,,,,,4.0,3.648528461E3,3.638384238E3,1.25,1.860923,0.0,-0.4669E-2,0.0,,,,,,,,,,,,,,,,,,,,,,,,,,,,,3.638384238E3
3882,UNDS,MARK,MBLMS33,,,,,,,,,,,,4.0,3.648628461E3,3.638484237E3,1.25,1.86139,0.0,-0.4669E-2,0.0,,,,,,,,,,,,,,,,,,,,,,,,,,,,,3.638484237E3
3885,UNDS,USEG,UMASXH33,VGHPU39,3.393,,,,,,,,,,4.0,3.650358461E3,3.640214218E3,1.25,1.869467,0.0,-0.4669E-2,0.0,,,,,,,,,,,,,,,,,,,,,,0.039,5.5,,,,,,3.640214218E3
3886,UNDS,EFC,XCSU33,type-V,0.0,,,,,,,,,,4.0,3.650358461E3,3.640214218E3,1.25,1.869467,0.0,-0.4669E-2,0.0,,,,,,,,,,,,,,,,,,,,,,,,,,,,,3.640214218E3
3887,UNDS,EFC,YCSU33,type-V,0.0,,,,,,,,,,4.0,3.650358461E3,3.640214218E3,1.25,1.869467,0.0,-0.4669E-2,0.0,,,,,,,,,,,,,,,,,,,,,,,,,,,,,3.640214218E3
3891,UNDS,USEG,PSSXH33,PS75,0.0825,,,,,,,,,,4.0,3.652263461E3,3.642119197E3,1.25,1.87836,0.0,-0.4669E-2,0.0,,,,,,,,,,,,,,,,,,,,,,0.075,4.064631891745,,,,,,3.642119197E3
3892,UNDS,MARK,MPHS33,,,,,,,,,,,,4.0,3.652263461E3,3.642119197E3,1.25,1.87836,0.0,-0.4669E-2,0.0,,,,,,,,,,,,,,,,,,,,,,,,,,,,,3.642119197E3
3896,UNDS,QUAD,QSXH33,0.433Q3.1,0.084,0.011,,-2.676718375,,0.0,,,,,4.0,3.652558461E3,3.642414194E3,1.25,1.879737,0.0,-0.4669E-2,0.0,,,,,,,,,,-29.9999997552,35.714285422857,,,,,,,,,,,,,,,,,,3.642414194E3
3897,UNDS,XCOR,XCSX33,type-U,0.0,,,,,,,,,,4.0,3.652558461E3,3.642414194E3,1.25,1.879737,0.0,-0.4669E-2,0.0,,,,,,,,,,,,,,,,,,,,,,,,,,,,,3.642414194E3
3898,UNDS,MARK,MUQS33,,,,,,,,,,,,4.0,3.652558461E3,3.642414194E3,1.25,1.879737,0.0,-0.4669E-2,0.0,,,,,,,,,,,,,,,,,,,,,,,,,,,,,3.642414194E3
3899,UNDS,YCOR,YCSX33,type-U,0.0,,,,,,,,,,4.0,3.652558461E3,3.642414194E3,1.25,1.879737,0.0,-0.4669E-2,0.0,,,,,,,,,,,,,,,,,,,,,,,,,,,,,3.642414194E3
3902,UNDS,BPM,RFBSX33,CavityX-1,0.05,,,,,,,,,,4.0,3.652688461E3,3.642544192E3,1.25,1.880344,0.0,-0.4669E-2,0.0,,,,,,,,,,,,,,,,,,,,,,,,,,,,,3.6425441925E3
3904,UNDS,MARK,SXR33END,,,,,,,,,,,,4.0,3.652928461E3,3.64278419E3,1.25,1.881465,0.0,-0.4669E-2,0.0,,,,,,,,,,,,,,,,,,,,,,,,,,,,,3.64278419E3
3905,UNDS,MARK,SXR34BEG,,,,,,,,,,,,4.0,3.652928461E3,3.64278419E3,1.25,1.881465,0.0,-0.4669E-2,0.0,,,,,,,,,,,,,,,,,,,,,,,,,,,,,3.64278419E3
3909,UNDS,USEG,UMASXH34,VGHPU39,3.393,,,,,,,,,,4.0,3.654758461E3,3.64461417E3,1.25,1.890008,0.0,-0.4669E-2,0.0,,,,,,,,,,,,,,,,,,,,,,0.039,5.5,,,,,,3.64461417E3
3910,UNDS,EFC,XCSU34,type-V,0.0,,,,,,,,,,4.0,3.654758461E3,3.64461417E3,1.25,1.890008,0.0,-0.4669E-2,0.0,,,,,,,,,,,,,,,,,,,,,,,,,,,,,3.64461417E3
3911,UNDS,EFC,YCSU34,type-V,0.0,,,,,,,,,,4.0,3.654758461E3,3.64461417E3,1.25,1.890008,0.0,-0.4669E-2,0.0,,,,,,,,,,,,,,,,,,,,,,,,,,,,,3.64461417E3
3915,UNDS,USEG,PSSXH34,PS75,0.0825,,,,,,,,,,4.0,3.656663461E3,3.646519149E3,1.25,1.898902,0.0,-0.4669E-2,0.0,,,,,,,,,,,,,,,,,,,,,,0.075,4.064631891745,,,,,,3.646519149E3
3916,UNDS,MARK,MPHS34,,,,,,,,,,,,4.0,3.656663461E3,3.646519149E3,1.25,1.898902,0.0,-0.4669E-2,0.0,,,,,,,,,,,,,,,,,,,,,,,,,,,,,3.646519149E3
3919,UNDS,MARK,VVSXU34,,,,,,,,,,,,4.0,3.656833086E3,3.646688772E3,1.25,1.899693,0.0,-0.4669E-2,0.0,,,,,,,,,,,,,,,,,,,,,,,,,,,,,3.646688772E3
3921,UNDS,QUAD,QSXH34,0.433Q3.1,0.084,0.011,,2.676718375,,0.0,,,,,4.0,3.656958461E3,3.646814146E3,1.25,1.900279,0.0,-0.4669E-2,0.0,,,,,,,,,,29.9999997552,-35.714285422857,,,,,,,,,,,,,,,,,,3.646814146E3
3922,UNDS,XCOR,XCSX34,type-U,0.0,,,,,,,,,,4.0,3.656958461E3,3.646814146E3,1.25,1.900279,0.0,-0.4669E-2,0.0,,,,,,,,,,,,,,,,,,,,,,,,,,,,,3.646814146E3
3923,UNDS,MARK,MUQS34,,,,,,,,,,,,4.0,3.656958461E3,3.646814146E3,1.25,1.900279,0.0,-0.4669E-2,0.0,,,,,,,,,,,,,,,,,,,,,,,,,,,,,3.646814146E3
3924,UNDS,YCOR,YCSX34,type-U,0.0,,,,,,,,,,4.0,3.656958461E3,3.646814146E3,1.25,1.900279,0.0,-0.4669E-2,0.0,,,,,,,,,,,,,,,,,,,,,,,,,,,,,3.646814146E3
3927,UNDS,BPM,RFBSX34,CavityX-1,0.05,,,,,,,,,,4.0,3.657088461E3,3.646944145E3,1.25,1.900886,0.0,-0.4669E-2,0.0,,,,,,,,,,,,,,,,,,,,,,,,,,,,,3.6469441445E3
3929,UNDS,MARK,SXR34END,,,,,,,,,,,,4.0,3.657328461E3,3.647184142E3,1.25,1.902006,0.0,-0.4669E-2,0.0,,,,,,,,,,,,,,,,,,,,,,,,,,,,,3.647184142E3
3930,UNDS,MARK,SXR35BEG,,,,,,,,,,,,4.0,3.657328461E3,3.647184142E3,1.25,1.902006,0.0,-0.4669E-2,0.0,,,,,,,,,,,,,,,,,,,,,,,,,,,,,3.647184142E3
3933,UNDS,MARK,SXRSSBEG,,,,,,,,,,,,4.0,3.657458461E3,3.64731414E3,1.25,1.902613,0.0,-0.4669E-2,0.0,,,,,,,,,,,,,,,,,,,,,,,,,,,,,3.64731414E3
3935,UNDS,BEND,BCXSS1,0.315D14-C,0.363602,0.8001E-2,0.0,0.0,,0.0,0.0,0.0,,,4.0,3.657705461E3,3.647561138E3,1.25,1.903766,0.0,-0.4669E-2,0.0,,,,,,0.363602,0.5,0.0,0.0,0.0,0.0,,,,3.647561138E3,1.251,1.903766,0.0,-0.4669E-2,0.0,,,,,,,,,3.647561138E3
3938,UNDS,INST,GSXS1,grating,0.0,,,,,,,,,,4.0,3.658327262E3,3.648182931E3,1.25,1.906669,0.0,-0.4669E-2,0.0,,,,,,,,,,,,,,,3.648182931E3,1.25,1.906669,0.0,-0.4669E-2,0.0,,,,,,,,,3.648182931E3
3940,UNDS,INST,MSXS1,mirror,0.0,,,,,,,,,,4.0,3.658376262E3,3.648231931E3,1.25,1.906898,0.0,-0.4669E-2,0.0,,,,,,,,,,,,,,,3.648231931E3,1.24807,1.906898,0.0,-0.4669E-2,0.0,,,,,,,,,3.648231931E3
3942,UNDS,BEND,BCXSS2,0.315D14-C,0.363602,0.8001E-2,0.0,0.0,,0.0,0.0,0.0,,,4.0,3.658898461E3,3.648754125E3,1.25,1.909336,0.0,-0.4669E-2,0.0,,,,,,0.363602,0.5,0.0,0.0,0.0,0.0,,,,3.648754125E3,1.2597,1.909336,0.0,-0.4669E-2,0.0,,,,,,,,,3.648754125E3
3945,UNDS,MARK,CNTRS,,,,,,,,,,,,4.0,3.659158461E3,3.649014122E3,1.25,1.910549,0.0,-0.4669E-2,0.0,,,,,,,,,,,,,,,,,,,,,,,,,,,,,3.649014122E3
3947,UNDS,BEND,BCXSS3,0.315D14-C,0.363602,0.8001E-2,0.0,0.0,,0.0,0.0,0.0,,,4.0,3.659418461E3,3.649274119E3,1.25,1.911763,0.0,-0.4669E-2,0.0,,,,,,0.363602,0.5,0.0,0.0,0.0,0.0,,,,3.649274119E3,1.2597,1.911763,0.0,-0.4669E-2,0.0,,,,,,,,,3.649274119E3
3950,UNDS,INST,SLSXS1,slit,0.0,,,,,,,,,,4.0,3.659677262E3,3.649532917E3,1.25,1.912971,0.0,-0.4669E-2,0.0,,,,,,,,,,,,,,,3.649532917E3,1.24615,1.912971,0.0,-0.4669E-2,0.0,,,,,,,,,3.649532917E3
3952,UNDS,INST,MSXS2,mirror,0.0,,,,,,,,,,4.0,3.659862262E3,3.649717915E3,1.25,1.913835,0.0,-0.4669E-2,0.0,,,,,,,,,,,,,,,3.649717915E3,1.24615,1.913835,0.0,-0.4669E-2,0.0,,,,,,,,,3.649717915E3
3954,UNDS,INST,MSXS3,mirror,0.0,,,,,,,,,,4.0,3.659990262E3,3.649845913E3,1.25,1.914433,0.0,-0.4669E-2,0.0,,,,,,,,,,,,,,,3.649845913E3,1.25,1.914433,0.0,-0.4669E-2,0.0,,,,,,,,,3.649845913E3
3956,UNDS,BEND,BCXSS4,0.315D14-C,0.363602,0.8001E-2,0.0,0.0,,0.0,0.0,0.0,,,4.0,3.660611461E3,3.650467106E3,1.25,1.917333,0.0,-0.4669E-2,0.0,,,,,,0.363602,0.5,0.0,0.0,0.0,0.0,,,,3.650467106E3,1.251,1.917333,0.0,-0.4669E-2,0.0,,,,,,,,,3.650467106E3
3959,UNDS,MARK,SXRSSEND,,,,,,,,,,,,4.0,3.660858461E3,3.650714103E3,1.25,1.918486,0.0,-0.4669E-2,0.0,,,,,,,,,,,,,,,,,,,,,,,,,,,,,3.650714103E3
3963,UNDS,PROF,BOD10,YAG,0.0,,,,,,,,,,4.0,3.661221969E3,3.651077607E3,1.25,1.920183,0.0,-0.4669E-2,0.0,,,,,,,,,,,,,,,,,,,,,,,,,,,,,3.651077607E3
3965,UNDS,MARK,VVSXU35,,,,,,,,,,,,4.0,3.661233086E3,3.651088724E3,1.25,1.920235,0.0,-0.4669E-2,0.0,,,,,,,,,,,,,,,,,,,,,,,,,,,,,3.651088724E3
3967,UNDS,QUAD,QSXH35,0.433Q3.1,0.084,0.011,,-2.676718375,,0.0,,,,,4.0,3.661358461E3,3.651214098E3,1.25,1.92082,0.0,-0.4669E-2,0.0,,,,,,,,,,-29.9999997552,35.714285422857,,,,,,,,,,,,,,,,,,3.651214098E3
3968,UNDS,XCOR,XCSX35,type-U,0.0,,,,,,,,,,4.0,3.661358461E3,3.651214098E3,1.25,1.92082,0.0,-0.4669E-2,0.0,,,,,,,,,,,,,,,,,,,,,,,,,,,,,3.651214098E3
3969,UNDS,MARK,MUQS35,,,,,,,,,,,,4.0,3.661358461E3,3.651214098E3,1.25,1.92082,0.0,-0.4669E-2,0.0,,,,,,,,,,,,,,,,,,,,,,,,,,,,,3.651214098E3
3970,UNDS,YCOR,YCSX35,type-U,0.0,,,,,,,,,,4.0,3.661358461E3,3.651214098E3,1.25,1.92082,0.0,-0.4669E-2,0.0,,,,,,,,,,,,,,,,,,,,,,,,,,,,,3.651214098E3
3973,UNDS,BPM,RFBSX35,CavityX-1,0.05,,,,,,,,,,4.0,3.661488461E3,3.651344096E3,1.25,1.921427,0.0,-0.4669E-2,0.0,,,,,,,,,,,,,,,,,,,,,,,,,,,,,3.6513440965E3
3975,UNDS,MARK,SXR35END,,,,,,,,,,,,4.0,3.661728461E3,3.651584094E3,1.25,1.922547,0.0,-0.4669E-2,0.0,,,,,,,,,,,,,,,,,,,,,,,,,,,,,3.651584094E3
3976,UNDS,MARK,SXR36BEG,,,,,,,,,,,,4.0,3.661728461E3,3.651584094E3,1.25,1.922547,0.0,-0.4669E-2,0.0,,,,,,,,,,,,,,,,,,,,,,,,,,,,,3.651584094E3
3980,UNDS,USEG,UMASXH36,VGHPU39,3.393,,,,,,,,,,4.0,3.663558461E3,3.653414074E3,1.25,1.931091,0.0,-0.4669E-2,0.0,,,,,,,,,,,,,,,,,,,,,,0.039,5.5,,,,,,3.653414074E3
3981,UNDS,EFC,XCSU36,type-V,0.0,,,,,,,,,,4.0,3.663558461E3,3.653414074E3,1.25,1.931091,0.0,-0.4669E-2,0.0,,,,,,,,,,,,,,,,,,,,,,,,,,,,,3.653414074E3
3982,UNDS,EFC,YCSU36,type-V,0.0,,,,,,,,,,4.0,3.663558461E3,3.653414074E3,1.25,1.931091,0.0,-0.4669E-2,0.0,,,,,,,,,,,,,,,,,,,,,,,,,,,,,3.653414074E3
3986,UNDS,USEG,PSSXH36,PS75,0.0825,,,,,,,,,,4.0,3.665463461E3,3.655319053E3,1.25,1.939984,0.0,-0.4669E-2,0.0,,,,,,,,,,,,,,,,,,,,,,0.075,4.064631891745,,,,,,3.655319053E3
3987,UNDS,MARK,MPHS36,,,,,,,,,,,,4.0,3.665463461E3,3.655319053E3,1.25,1.939984,0.0,-0.4669E-2,0.0,,,,,,,,,,,,,,,,,,,,,,,,,,,,,3.655319053E3
3991,UNDS,QUAD,QSXH36,0.433Q3.1,0.084,0.011,,2.676718375,,0.0,,,,,4.0,3.665758461E3,3.65561405E3,1.25,1.941362,0.0,-0.4669E-2,0.0,,,,,,,,,,29.9999997552,-35.714285422857,,,,,,,,,,,,,,,,,,3.65561405E3
3992,UNDS,XCOR,XCSX36,type-U,0.0,,,,,,,,,,4.0,3.665758461E3,3.65561405E3,1.25,1.941362,0.0,-0.4669E-2,0.0,,,,,,,,,,,,,,,,,,,,,,,,,,,,,3.65561405E3
3993,UNDS,MARK,MUQS36,,,,,,,,,,,,4.0,3.665758461E3,3.65561405E3,1.25,1.941362,0.0,-0.4669E-2,0.0,,,,,,,,,,,,,,,,,,,,,,,,,,,,,3.65561405E3
3994,UNDS,YCOR,YCSX36,type-U,0.0,,,,,,,,,,4.0,3.665758461E3,3.65561405E3,1.25,1.941362,0.0,-0.4669E-2,0.0,,,,,,,,,,,,,,,,,,,,,,,,,,,,,3.65561405E3
3997,UNDS,BPM,RFBSX36,CavityX-1,0.05,,,,,,,,,,4.0,3.665888461E3,3.655744048E3,1.25,1.941968,0.0,-0.4669E-2,0.0,,,,,,,,,,,,,,,,,,,,,,,,,,,,,3.6557440485E3
3999,UNDS,MARK,SXR36END,,,,,,,,,,,,4.0,3.666128461E3,3.655984046E3,1.25,1.943089,0.0,-0.4669E-2,0.0,,,,,,,,,,,,,,,,,,,,,,,,,,,,,3.655984046E3
4000,UNDS,MARK,SXR37BEG,,,,,,,,,,,,4.0,3.666128461E3,3.655984046E3,1.25,1.943089,0.0,-0.4669E-2,0.0,,,,,,,,,,,,,,,,,,,,,,,,,,,,,3.655984046E3
4002,UNDS,MARK,MBLMS37,,,,,,,,,,,,4.0,3.666228461E3,3.656084045E3,1.25,1.943556,0.0,-0.4669E-2,0.0,,,,,,,,,,,,,,,,,,,,,,,,,,,,,3.656084045E3
4005,UNDS,USEG,UMASXH37,VGHPU39,3.393,,,,,,,,,,4.0,3.667958461E3,3.657814026E3,1.25,1.951632,0.0,-0.4669E-2,0.0,,,,,,,,,,,,,,,,,,,,,,0.039,5.5,,,,,,3.657814026E3
4006,UNDS,EFC,XCSU37,type-V,0.0,,,,,,,,,,4.0,3.667958461E3,3.657814026E3,1.25,1.951632,0.0,-0.4669E-2,0.0,,,,,,,,,,,,,,,,,,,,,,,,,,,,,3.657814026E3
4007,UNDS,EFC,YCSU37,type-V,0.0,,,,,,,,,,4.0,3.667958461E3,3.657814026E3,1.25,1.951632,0.0,-0.4669E-2,0.0,,,,,,,,,,,,,,,,,,,,,,,,,,,,,3.657814026E3
4011,UNDS,USEG,PSSXH37,PS75,0.0825,,,,,,,,,,4.0,3.669863461E3,3.659719005E3,1.25,1.960526,0.0,-0.4669E-2,0.0,,,,,,,,,,,,,,,,,,,,,,0.075,4.064631891745,,,,,,3.659719005E3
4012,UNDS,MARK,MPHS37,,,,,,,,,,,,4.0,3.669863461E3,3.659719005E3,1.25,1.960526,0.0,-0.4669E-2,0.0,,,,,,,,,,,,,,,,,,,,,,,,,,,,,3.659719005E3
4016,UNDS,QUAD,QSXH37,0.433Q3.1,0.084,0.011,,-2.676718375,,0.0,,,,,4.0,3.670158461E3,3.660014002E3,1.25,1.961903,0.0,-0.4669E-2,0.0,,,,,,,,,,-29.9999997552,35.714285422857,,,,,,,,,,,,,,,,,,3.660014002E3
4017,UNDS,XCOR,XCSX37,type-U,0.0,,,,,,,,,,4.0,3.670158461E3,3.660014002E3,1.25,1.961903,0.0,-0.4669E-2,0.0,,,,,,,,,,,,,,,,,,,,,,,,,,,,,3.660014002E3
4018,UNDS,MARK,MUQS37,,,,,,,,,,,,4.0,3.670158461E3,3.660014002E3,1.25,1.961903,0.0,-0.4669E-2,0.0,,,,,,,,,,,,,,,,,,,,,,,,,,,,,3.660014002E3
4019,UNDS,YCOR,YCSX37,type-U,0.0,,,,,,,,,,4.0,3.670158461E3,3.660014002E3,1.25,1.961903,0.0,-0.4669E-2,0.0,,,,,,,,,,,,,,,,,,,,,,,,,,,,,3.660014002E3
4022,UNDS,BPM,RFBSX37,CavityX-1,0.05,,,,,,,,,,4.0,3.670288461E3,3.660144E3,1.25,1.96251,0.0,-0.4669E-2,0.0,,,,,,,,,,,,,,,,,,,,,,,,,,,,,3.6601440005E3
4024,UNDS,PROF,BOD12,YAG,0.0,,,,,,,,,,4.0,3.670391969E3,3.660247507E3,1.25,1.962993,0.0,-0.4669E-2,0.0,,,,,,,,,,,,,,,,,,,,,,,,,,,,,3.660247507E3
4026,UNDS,MARK,SXR37END,,,,,,,,,,,,4.0,3.670528461E3,3.660383998E3,1.25,1.96363,0.0,-0.4669E-2,0.0,,,,,,,,,,,,,,,,,,,,,,,,,,,,,3.660383998E3
4027,UNDS,MARK,SXR38BEG,,,,,,,,,,,,4.0,3.670528461E3,3.660383998E3,1.25,1.96363,0.0,-0.4669E-2,0.0,,,,,,,,,,,,,,,,,,,,,,,,,,,,,3.660383998E3
4031,UNDS,USEG,UMASXH38,VGHPU39,3.393,,,,,,,,,,4.0,3.672358461E3,3.662213978E3,1.25,1.972174,0.0,-0.4669E-2,0.0,,,,,,,,,,,,,,,,,,,,,,0.039,5.5,,,,,,3.662213978E3
4032,UNDS,EFC,XCSU38,type-V,0.0,,,,,,,,,,4.0,3.672358461E3,3.662213978E3,1.25,1.972174,0.0,-0.4669E-2,0.0,,,,,,,,,,,,,,,,,,,,,,,,,,,,,3.662213978E3
4033,UNDS,EFC,YCSU38,type-V,0.0,,,,,,,,,,4.0,3.672358461E3,3.662213978E3,1.25,1.972174,0.0,-0.4669E-2,0.0,,,,,,,,,,,,,,,,,,,,,,,,,,,,,3.662213978E3
4037,UNDS,USEG,PSSXH38,PS75,0.0825,,,,,,,,,,4.0,3.674263461E3,3.664118957E3,1.25,1.981067,0.0,-0.4669E-2,0.0,,,,,,,,,,,,,,,,,,,,,,0.075,4.064631891745,,,,,,3.664118957E3
4038,UNDS,MARK,MPHS38,,,,,,,,,,,,4.0,3.674263461E3,3.664118957E3,1.25,1.981067,0.0,-0.4669E-2,0.0,,,,,,,,,,,,,,,,,,,,,,,,,,,,,3.664118957E3
4041,UNDS,MARK,VVSXU38,,,,,,,,,,,,4.0,3.674433086E3,3.66428858E3,1.25,1.981859,0.0,-0.4669E-2,0.0,,,,,,,,,,,,,,,,,,,,,,,,,,,,,3.66428858E3
4043,UNDS,QUAD,QSXH38,0.433Q3.1,0.084,0.011,,2.676718375,,0.0,,,,,4.0,3.674558461E3,3.664413954E3,1.25,1.982444,0.0,-0.4669E-2,0.0,,,,,,,,,,29.9999997552,-35.714285422857,,,,,,,,,,,,,,,,,,3.664413954E3
4044,UNDS,XCOR,XCSX38,type-U,0.0,,,,,,,,,,4.0,3.674558461E3,3.664413954E3,1.25,1.982444,0.0,-0.4669E-2,0.0,,,,,,,,,,,,,,,,,,,,,,,,,,,,,3.664413954E3
4045,UNDS,MARK,MUQS38,,,,,,,,,,,,4.0,3.674558461E3,3.664413954E3,1.25,1.982444,0.0,-0.4669E-2,0.0,,,,,,,,,,,,,,,,,,,,,,,,,,,,,3.664413954E3
4046,UNDS,YCOR,YCSX38,type-U,0.0,,,,,,,,,,4.0,3.674558461E3,3.664413954E3,1.25,1.982444,0.0,-0.4669E-2,0.0,,,,,,,,,,,,,,,,,,,,,,,,,,,,,3.664413954E3
4049,UNDS,BPM,RFBSX38,CavityX-1,0.05,,,,,,,,,,4.0,3.674688461E3,3.664543953E3,1.25,1.983051,0.0,-0.4669E-2,0.0,,,,,,,,,,,,,,,,,,,,,,,,,,,,,3.6645439525E3
4051,UNDS,MARK,SXR38END,,,,,,,,,,,,4.0,3.674928461E3,3.66478395E3,1.25,1.984172,0.0,-0.4669E-2,0.0,,,,,,,,,,,,,,,,,,,,,,,,,,,,,3.66478395E3
4052,UNDS,MARK,SXR39BEG,,,,,,,,,,,,4.0,3.674928461E3,3.66478395E3,1.25,1.984172,0.0,-0.4669E-2,0.0,,,,,,,,,,,,,,,,,,,,,,,,,,,,,3.66478395E3
4054,UNDS,MARK,MBLMS39,,,,,,,,,,,,4.0,3.675028461E3,3.664883949E3,1.25,1.984638,0.0,-0.4669E-2,0.0,,,,,,,,,,,,,,,,,,,,,,,,,,,,,3.664883949E3
4057,UNDS,USEG,UMASXH39,VGHPU39,3.393,,,,,,,,,,4.0,3.676758461E3,3.66661393E3,1.25,1.992715,0.0,-0.4669E-2,0.0,,,,,,,,,,,,,,,,,,,,,,0.039,5.5,,,,,,3.66661393E3
4058,UNDS,EFC,XCSU39,type-V,0.0,,,,,,,,,,4.0,3.676758461E3,3.66661393E3,1.25,1.992715,0.0,-0.4669E-2,0.0,,,,,,,,,,,,,,,,,,,,,,,,,,,,,3.66661393E3
4059,UNDS,EFC,YCSU39,type-V,0.0,,,,,,,,,,4.0,3.676758461E3,3.66661393E3,1.25,1.992715,0.0,-0.4669E-2,0.0,,,,,,,,,,,,,,,,,,,,,,,,,,,,,3.66661393E3
4063,UNDS,USEG,PSSXH39,PS75,0.0825,,,,,,,,,,4.0,3.678663461E3,3.668518909E3,1.25,2.001608,0.0,-0.4669E-2,0.0,,,,,,,,,,,,,,,,,,,,,,0.075,4.064631891745,,,,,,3.668518909E3
4064,UNDS,MARK,MPHS39,,,,,,,,,,,,4.0,3.678663461E3,3.668518909E3,1.25,2.001608,0.0,-0.4669E-2,0.0,,,,,,,,,,,,,,,,,,,,,,,,,,,,,3.668518909E3
4068,UNDS,QUAD,QSXH39,0.433Q3.1,0.084,0.011,,-2.676718375,,0.0,,,,,4.0,3.678958461E3,3.668813906E3,1.25,2.002986,0.0,-0.4669E-2,0.0,,,,,,,,,,-29.9999997552,35.714285422857,,,,,,,,,,,,,,,,,,3.668813906E3
4069,UNDS,XCOR,XCSX39,type-U,0.0,,,,,,,,,,4.0,3.678958461E3,3.668813906E3,1.25,2.002986,0.0,-0.4669E-2,0.0,,,,,,,,,,,,,,,,,,,,,,,,,,,,,3.668813906E3
4070,UNDS,MARK,MUQS39,,,,,,,,,,,,4.0,3.678958461E3,3.668813906E3,1.25,2.002986,0.0,-0.4669E-2,0.0,,,,,,,,,,,,,,,,,,,,,,,,,,,,,3.668813906E3
4071,UNDS,YCOR,YCSX39,type-U,0.0,,,,,,,,,,4.0,3.678958461E3,3.668813906E3,1.25,2.002986,0.0,-0.4669E-2,0.0,,,,,,,,,,,,,,,,,,,,,,,,,,,,,3.668813906E3
4074,UNDS,BPM,RFBSX39,CavityX-1,0.05,,,,,,,,,,4.0,3.679088461E3,3.668943904E3,1.25,2.003593,0.0,-0.4669E-2,0.0,,,,,,,,,,,,,,,,,,,,,,,,,,,,,3.6689439045E3
4076,UNDS,MARK,SXR39END,,,,,,,,,,,,4.0,3.679328461E3,3.669183902E3,1.25,2.004713,0.0,-0.4669E-2,0.0,,,,,,,,,,,,,,,,,,,,,,,,,,,,,3.669183902E3
4077,UNDS,MARK,SXR40BEG,,,,,,,,,,,,4.0,3.679328461E3,3.669183902E3,1.25,2.004713,0.0,-0.4669E-2,0.0,,,,,,,,,,,,,,,,,,,,,,,,,,,,,3.669183902E3
4081,UNDS,USEG,UMASXH40,VGHPU39,3.393,,,,,,,,,,4.0,3.681158461E3,3.671013882E3,1.25,2.013256,0.0,-0.4669E-2,0.0,,,,,,,,,,,,,,,,,,,,,,0.039,5.5,,,,,,3.671013882E3
4082,UNDS,EFC,XCSU40,type-V,0.0,,,,,,,,,,4.0,3.681158461E3,3.671013882E3,1.25,2.013256,0.0,-0.4669E-2,0.0,,,,,,,,,,,,,,,,,,,,,,,,,,,,,3.671013882E3
4083,UNDS,EFC,YCSU40,type-V,0.0,,,,,,,,,,4.0,3.681158461E3,3.671013882E3,1.25,2.013256,0.0,-0.4669E-2,0.0,,,,,,,,,,,,,,,,,,,,,,,,,,,,,3.671013882E3
4087,UNDS,USEG,PSSXH40,PS75,0.0825,,,,,,,,,,4.0,3.683063461E3,3.672918861E3,1.25,2.02215,0.0,-0.4669E-2,0.0,,,,,,,,,,,,,,,,,,,,,,0.075,4.064631891745,,,,,,3.672918861E3
4088,UNDS,MARK,MPHS40,,,,,,,,,,,,4.0,3.683063461E3,3.672918861E3,1.25,2.02215,0.0,-0.4669E-2,0.0,,,,,,,,,,,,,,,,,,,,,,,,,,,,,3.672918861E3
4092,UNDS,QUAD,QSXH40,0.433Q3.1,0.084,0.011,,2.676718375,,0.0,,,,,4.0,3.683358461E3,3.673213858E3,1.25,2.023527,0.0,-0.4669E-2,0.0,,,,,,,,,,29.9999997552,-35.714285422857,,,,,,,,,,,,,,,,,,3.673213858E3
4093,UNDS,XCOR,XCSX40,type-U,0.0,,,,,,,,,,4.0,3.683358461E3,3.673213858E3,1.25,2.023527,0.0,-0.4669E-2,0.0,,,,,,,,,,,,,,,,,,,,,,,,,,,,,3.673213858E3
4094,UNDS,MARK,MUQS40,,,,,,,,,,,,4.0,3.683358461E3,3.673213858E3,1.25,2.023527,0.0,-0.4669E-2,0.0,,,,,,,,,,,,,,,,,,,,,,,,,,,,,3.673213858E3
4095,UNDS,YCOR,YCSX40,type-U,0.0,,,,,,,,,,4.0,3.683358461E3,3.673213858E3,1.25,2.023527,0.0,-0.4669E-2,0.0,,,,,,,,,,,,,,,,,,,,,,,,,,,,,3.673213858E3
4098,UNDS,BPM,RFBSX40,CavityX-1,0.05,,,,,,,,,,4.0,3.683488461E3,3.673343857E3,1.25,2.024134,0.0,-0.4669E-2,0.0,,,,,,,,,,,,,,,,,,,,,,,,,,,,,3.6733438565E3
4100,UNDS,MARK,SXR40END,,,,,,,,,,,,4.0,3.683728461E3,3.673583854E3,1.25,2.025254,0.0,-0.4669E-2,0.0,,,,,,,,,,,,,,,,,,,,,,,,,,,,,3.673583854E3
4101,UNDS,MARK,SXR41BEG,,,,,,,,,,,,4.0,3.683728461E3,3.673583854E3,1.25,2.025254,0.0,-0.4669E-2,0.0,,,,,,,,,,,,,,,,,,,,,,,,,,,,,3.673583854E3
4103,UNDS,MARK,MBLMS41,,,,,,,,,,,,4.0,3.683828461E3,3.673683853E3,1.25,2.025721,0.0,-0.4669E-2,0.0,,,,,,,,,,,,,,,,,,,,,,,,,,,,,3.673683853E3
4106,UNDS,USEG,UMASXH41,VGHPU39,3.393,,,,,,,,,,4.0,3.685558461E3,3.675413834E3,1.25,2.033798,0.0,-0.4669E-2,0.0,,,,,,,,,,,,,,,,,,,,,,0.039,5.5,,,,,,3.675413834E3
4107,UNDS,EFC,XCSU41,type-V,0.0,,,,,,,,,,4.0,3.685558461E3,3.675413834E3,1.25,2.033798,0.0,-0.4669E-2,0.0,,,,,,,,,,,,,,,,,,,,,,,,,,,,,3.675413834E3
4108,UNDS,EFC,YCSU41,type-V,0.0,,,,,,,,,,4.0,3.685558461E3,3.675413834E3,1.25,2.033798,0.0,-0.4669E-2,0.0,,,,,,,,,,,,,,,,,,,,,,,,,,,,,3.675413834E3
4112,UNDS,USEG,PSSXH41,PS75,0.0825,,,,,,,,,,4.0,3.687463461E3,3.677318813E3,1.25,2.042691,0.0,-0.4669E-2,0.0,,,,,,,,,,,,,,,,,,,,,,0.075,4.064631891745,,,,,,3.677318813E3
4113,UNDS,MARK,MPHS41,,,,,,,,,,,,4.0,3.687463461E3,3.677318813E3,1.25,2.042691,0.0,-0.4669E-2,0.0,,,,,,,,,,,,,,,,,,,,,,,,,,,,,3.677318813E3
4117,UNDS,QUAD,QSXH41,0.433Q3.1,0.084,0.011,,-2.676718375,,0.0,,,,,4.0,3.687758461E3,3.67761381E3,1.25,2.044068,0.0,-0.4669E-2,0.0,,,,,,,,,,-29.9999997552,35.714285422857,,,,,,,,,,,,,,,,,,3.67761381E3
4118,UNDS,XCOR,XCSX41,type-U,0.0,,,,,,,,,,4.0,3.687758461E3,3.67761381E3,1.25,2.044068,0.0,-0.4669E-2,0.0,,,,,,,,,,,,,,,,,,,,,,,,,,,,,3.67761381E3
4119,UNDS,MARK,MUQS41,,,,,,,,,,,,4.0,3.687758461E3,3.67761381E3,1.25,2.044068,0.0,-0.4669E-2,0.0,,,,,,,,,,,,,,,,,,,,,,,,,,,,,3.67761381E3
4120,UNDS,YCOR,YCSX41,type-U,0.0,,,,,,,,,,4.0,3.687758461E3,3.67761381E3,1.25,2.044068,0.0,-0.4669E-2,0.0,,,,,,,,,,,,,,,,,,,,,,,,,,,,,3.67761381E3
4123,UNDS,BPM,RFBSX41,CavityX-1,0.05,,,,,,,,,,4.0,3.687888461E3,3.677743809E3,1.25,2.044675,0.0,-0.4669E-2,0.0,,,,,,,,,,,,,,,,,,,,,,,,,,,,,3.677743809E3
4125,UNDS,MARK,SXR41END,,,,,,,,,,,,4.0,3.688128461E3,3.677983806E3,1.25,2.045796,0.0,-0.4669E-2,0.0,,,,,,,,,,,,,,,,,,,,,,,,,,,,,3.677983806E3
4126,UNDS,MARK,SXR42BEG,,,,,,,,,,,,4.0,3.688128461E3,3.677983806E3,1.25,2.045796,0.0,-0.4669E-2,0.0,,,,,,,,,,,,,,,,,,,,,,,,,,,,,3.677983806E3
4130,UNDS,USEG,UMASXH42,VGHPU39,3.393,,,,,,,,,,4.0,3.689958461E3,3.679813786E3,1.25,2.054339,0.0,-0.4669E-2,0.0,,,,,,,,,,,,,,,,,,,,,,0.039,5.5,,,,,,3.679813786E3
4131,UNDS,EFC,XCSU42,type-V,0.0,,,,,,,,,,4.0,3.689958461E3,3.679813786E3,1.25,2.054339,0.0,-0.4669E-2,0.0,,,,,,,,,,,,,,,,,,,,,,,,,,,,,3.679813786E3
4132,UNDS,EFC,YCSU42,type-V,0.0,,,,,,,,,,4.0,3.689958461E3,3.679813786E3,1.25,2.054339,0.0,-0.4669E-2,0.0,,,,,,,,,,,,,,,,,,,,,,,,,,,,,3.679813786E3
4136,UNDS,USEG,PSSXH42,PS75,0.0825,,,,,,,,,,4.0,3.691863461E3,3.681718765E3,1.25,2.063233,0.0,-0.4669E-2,0.0,,,,,,,,,,,,,,,,,,,,,,0.075,4.064631891745,,,,,,3.681718765E3
4137,UNDS,MARK,MPHS42,,,,,,,,,,,,4.0,3.691863461E3,3.681718765E3,1.25,2.063233,0.0,-0.4669E-2,0.0,,,,,,,,,,,,,,,,,,,,,,,,,,,,,3.681718765E3
4141,UNDS,QUAD,QSXH42,0.433Q3.1,0.084,0.011,,2.676718375,,0.0,,,,,4.0,3.692158461E3,3.682013762E3,1.25,2.06461,0.0,-0.4669E-2,0.0,,,,,,,,,,29.9999997552,-35.714285422857,,,,,,,,,,,,,,,,,,3.682013762E3
4142,UNDS,XCOR,XCSX42,type-U,0.0,,,,,,,,,,4.0,3.692158461E3,3.682013762E3,1.25,2.06461,0.0,-0.4669E-2,0.0,,,,,,,,,,,,,,,,,,,,,,,,,,,,,3.682013762E3
4143,UNDS,MARK,MUQS42,,,,,,,,,,,,4.0,3.692158461E3,3.682013762E3,1.25,2.06461,0.0,-0.4669E-2,0.0,,,,,,,,,,,,,,,,,,,,,,,,,,,,,3.682013762E3
4144,UNDS,YCOR,YCSX42,type-U,0.0,,,,,,,,,,4.0,3.692158461E3,3.682013762E3,1.25,2.06461,0.0,-0.4669E-2,0.0,,,,,,,,,,,,,,,,,,,,,,,,,,,,,3.682013762E3
4147,UNDS,BPM,RFBSX42,CavityX-1,0.05,,,,,,,,,,4.0,3.692288461E3,3.682143761E3,1.25,2.065217,0.0,-0.4669E-2,0.0,,,,,,,,,,,,,,,,,,,,,,,,,,,,,3.682143761E3
4149,UNDS,MARK,SXR42END,,,,,,,,,,,,4.0,3.692528461E3,3.682383758E3,1.25,2.066337,0.0,-0.4669E-2,0.0,,,,,,,,,,,,,,,,,,,,,,,,,,,,,3.682383758E3
4150,UNDS,MARK,SXR43BEG,,,,,,,,,,,,4.0,3.692528461E3,3.682383758E3,1.25,2.066337,0.0,-0.4669E-2,0.0,,,,,,,,,,,,,,,,,,,,,,,,,,,,,3.682383758E3
4152,UNDS,MARK,MBLMS43,,,,,,,,,,,,4.0,3.692628461E3,3.682483757E3,1.25,2.066804,0.0,-0.4669E-2,0.0,,,,,,,,,,,,,,,,,,,,,,,,,,,,,3.682483757E3
4155,UNDS,USEG,UMASXH43,VGHPU39,3.393,,,,,,,,,,4.0,3.694358461E3,3.684213738E3,1.25,2.074881,0.0,-0.4669E-2,0.0,,,,,,,,,,,,,,,,,,,,,,0.039,5.5,,,,,,3.684213738E3
4156,UNDS,EFC,XCSU43,type-V,0.0,,,,,,,,,,4.0,3.694358461E3,3.684213738E3,1.25,2.074881,0.0,-0.4669E-2,0.0,,,,,,,,,,,,,,,,,,,,,,,,,,,,,3.684213738E3
4157,UNDS,EFC,YCSU43,type-V,0.0,,,,,,,,,,4.0,3.694358461E3,3.684213738E3,1.25,2.074881,0.0,-0.4669E-2,0.0,,,,,,,,,,,,,,,,,,,,,,,,,,,,,3.684213738E3
4161,UNDS,USEG,PSSXH43,PS75,0.0825,,,,,,,,,,4.0,3.696263461E3,3.686118718E3,1.25,2.083774,0.0,-0.4669E-2,0.0,,,,,,,,,,,,,,,,,,,,,,0.075,4.064631891745,,,,,,3.686118718E3
4162,UNDS,MARK,MPHS43,,,,,,,,,,,,4.0,3.696263461E3,3.686118718E3,1.25,2.083774,0.0,-0.4669E-2,0.0,,,,,,,,,,,,,,,,,,,,,,,,,,,,,3.686118718E3
4166,UNDS,QUAD,QSXH43,0.433Q3.1,0.084,0.011,,-2.676718375,,0.0,,,,,4.0,3.696558461E3,3.686413714E3,1.25,2.085151,0.0,-0.4669E-2,0.0,,,,,,,,,,-29.9999997552,35.714285422857,,,,,,,,,,,,,,,,,,3.686413714E3
4167,UNDS,XCOR,XCSX43,type-U,0.0,,,,,,,,,,4.0,3.696558461E3,3.686413714E3,1.25,2.085151,0.0,-0.4669E-2,0.0,,,,,,,,,,,,,,,,,,,,,,,,,,,,,3.686413714E3
4168,UNDS,MARK,MUQS43,,,,,,,,,,,,4.0,3.696558461E3,3.686413714E3,1.25,2.085151,0.0,-0.4669E-2,0.0,,,,,,,,,,,,,,,,,,,,,,,,,,,,,3.686413714E3
4169,UNDS,YCOR,YCSX43,type-U,0.0,,,,,,,,,,4.0,3.696558461E3,3.686413714E3,1.25,2.085151,0.0,-0.4669E-2,0.0,,,,,,,,,,,,,,,,,,,,,,,,,,,,,3.686413714E3
4172,UNDS,BPM,RFBSX43,CavityX-1,0.05,,,,,,,,,,4.0,3.696688461E3,3.686543713E3,1.25,2.085758,0.0,-0.4669E-2,0.0,,,,,,,,,,,,,,,,,,,,,,,,,,,,,3.686543713E3
4174,UNDS,MARK,SXR43END,,,,,,,,,,,,4.0,3.696928461E3,3.68678371E3,1.25,2.086879,0.0,-0.4669E-2,0.0,,,,,,,,,,,,,,,,,,,,,,,,,,,,,3.68678371E3
4175,UNDS,MARK,SXR44BEG,,,,,,,,,,,,4.0,3.696928461E3,3.68678371E3,1.25,2.086879,0.0,-0.4669E-2,0.0,,,,,,,,,,,,,,,,,,,,,,,,,,,,,3.68678371E3
4179,UNDS,USEG,UMASXH44,VGHPU39,3.393,,,,,,,,,,4.0,3.698758461E3,3.68861369E3,1.25,2.095422,0.0,-0.4669E-2,0.0,,,,,,,,,,,,,,,,,,,,,,0.039,5.5,,,,,,3.68861369E3
4180,UNDS,EFC,XCSU44,type-V,0.0,,,,,,,,,,4.0,3.698758461E3,3.68861369E3,1.25,2.095422,0.0,-0.4669E-2,0.0,,,,,,,,,,,,,,,,,,,,,,,,,,,,,3.68861369E3
4181,UNDS,EFC,YCSU44,type-V,0.0,,,,,,,,,,4.0,3.698758461E3,3.68861369E3,1.25,2.095422,0.0,-0.4669E-2,0.0,,,,,,,,,,,,,,,,,,,,,,,,,,,,,3.68861369E3
4185,UNDS,USEG,PSSXH44,PS75,0.0825,,,,,,,,,,4.0,3.700663461E3,3.69051867E3,1.25,2.104315,0.0,-0.4669E-2,0.0,,,,,,,,,,,,,,,,,,,,,,0.075,4.064631891745,,,,,,3.69051867E3
4186,UNDS,MARK,MPHS44,,,,,,,,,,,,4.0,3.700663461E3,3.69051867E3,1.25,2.104315,0.0,-0.4669E-2,0.0,,,,,,,,,,,,,,,,,,,,,,,,,,,,,3.69051867E3
4189,UNDS,MARK,VVSXU44,,,,,,,,,,,,4.0,3.700833086E3,3.690688293E3,1.25,2.105107,0.0,-0.4669E-2,0.0,,,,,,,,,,,,,,,,,,,,,,,,,,,,,3.690688293E3
4191,UNDS,QUAD,QSXH44,0.433Q3.1,0.084,0.011,,2.676718375,,0.0,,,,,4.0,3.700958461E3,3.690813666E3,1.25,2.105693,0.0,-0.4669E-2,0.0,,,,,,,,,,29.9999997552,-35.714285422857,,,,,,,,,,,,,,,,,,3.690813666E3
4192,UNDS,XCOR,XCSX44,type-U,0.0,,,,,,,,,,4.0,3.700958461E3,3.690813666E3,1.25,2.105693,0.0,-0.4669E-2,0.0,,,,,,,,,,,,,,,,,,,,,,,,,,,,,3.690813666E3
4193,UNDS,MARK,MUQS44,,,,,,,,,,,,4.0,3.700958461E3,3.690813666E3,1.25,2.105693,0.0,-0.4669E-2,0.0,,,,,,,,,,,,,,,,,,,,,,,,,,,,,3.690813666E3
4194,UNDS,YCOR,YCSX44,type-U,0.0,,,,,,,,,,4.0,3.700958461E3,3.690813666E3,1.25,2.105693,0.0,-0.4669E-2,0.0,,,,,,,,,,,,,,,,,,,,,,,,,,,,,3.690813666E3
4197,UNDS,BPM,RFBSX44,CavityX-1,0.05,,,,,,,,,,4.0,3.701088461E3,3.690943665E3,1.25,2.1063,0.0,-0.4669E-2,0.0,,,,,,,,,,,,,,,,,,,,,,,,,,,,,3.690943665E3
4199,UNDS,MARK,SXR44END,,,,,,,,,,,,4.0,3.701328461E3,3.691183662E3,1.25,2.10742,0.0,-0.4669E-2,0.0,,,,,,,,,,,,,,,,,,,,,,,,,,,,,3.691183662E3
4200,UNDS,MARK,SXR45BEG,,,,,,,,,,,,4.0,3.701328461E3,3.691183662E3,1.25,2.10742,0.0,-0.4669E-2,0.0,,,,,,,,,,,,,,,,,,,,,,,,,,,,,3.691183662E3
4202,UNDS,MARK,MBLMS45,,,,,,,,,,,,4.0,3.701428461E3,3.691283661E3,1.25,2.107887,0.0,-0.4669E-2,0.0,,,,,,,,,,,,,,,,,,,,,,,,,,,,,3.691283661E3
4205,UNDS,USEG,UMASXH45,VGHPU39,3.393,,,,,,,,,,4.0,3.703158461E3,3.693013642E3,1.25,2.115963,0.0,-0.4669E-2,0.0,,,,,,,,,,,,,,,,,,,,,,0.039,5.5,,,,,,3.693013642E3
4206,UNDS,EFC,XCSU45,type-V,0.0,,,,,,,,,,4.0,3.703158461E3,3.693013642E3,1.25,2.115963,0.0,-0.4669E-2,0.0,,,,,,,,,,,,,,,,,,,,,,,,,,,,,3.693013642E3
4207,UNDS,EFC,YCSU45,type-V,0.0,,,,,,,,,,4.0,3.703158461E3,3.693013642E3,1.25,2.115963,0.0,-0.4669E-2,0.0,,,,,,,,,,,,,,,,,,,,,,,,,,,,,3.693013642E3
4211,UNDS,USEG,PSSXH45,PS75,0.0825,,,,,,,,,,4.0,3.705063461E3,3.694918622E3,1.25,2.124857,0.0,-0.4669E-2,0.0,,,,,,,,,,,,,,,,,,,,,,0.075,4.064631891745,,,,,,3.694918622E3
4212,UNDS,MARK,MPHS45,,,,,,,,,,,,4.0,3.705063461E3,3.694918622E3,1.25,2.124857,0.0,-0.4669E-2,0.0,,,,,,,,,,,,,,,,,,,,,,,,,,,,,3.694918622E3
4216,UNDS,QUAD,QSXH45,0.433Q3.1,0.084,0.011,,-2.676718375,,0.0,,,,,4.0,3.705358461E3,3.695213618E3,1.25,2.126234,0.0,-0.4669E-2,0.0,,,,,,,,,,-29.9999997552,35.714285422857,,,,,,,,,,,,,,,,,,3.695213618E3
4217,UNDS,XCOR,XCSX45,type-U,0.0,,,,,,,,,,4.0,3.705358461E3,3.695213618E3,1.25,2.126234,0.0,-0.4669E-2,0.0,,,,,,,,,,,,,,,,,,,,,,,,,,,,,3.695213618E3
4218,UNDS,MARK,MUQS45,,,,,,,,,,,,4.0,3.705358461E3,3.695213618E3,1.25,2.126234,0.0,-0.4669E-2,0.0,,,,,,,,,,,,,,,,,,,,,,,,,,,,,3.695213618E3
4219,UNDS,YCOR,YCSX45,type-U,0.0,,,,,,,,,,4.0,3.705358461E3,3.695213618E3,1.25,2.126234,0.0,-0.4669E-2,0.0,,,,,,,,,,,,,,,,,,,,,,,,,,,,,3.695213618E3
4222,UNDS,BPM,RFBSX45,CavityX-1,0.05,,,,,,,,,,4.0,3.705488461E3,3.695343617E3,1.25,2.126841,0.0,-0.4669E-2,0.0,,,,,,,,,,,,,,,,,,,,,,,,,,,,,3.695343617E3
4224,UNDS,MARK,SXR45END,,,,,,,,,,,,4.0,3.705728461E3,3.695583614E3,1.25,2.127961,0.0,-0.4669E-2,0.0,,,,,,,,,,,,,,,,,,,,,,,,,,,,,3.695583614E3
4225,UNDS,MARK,SXR46BEG,,,,,,,,,,,,4.0,3.705728461E3,3.695583614E3,1.25,2.127961,0.0,-0.4669E-2,0.0,,,,,,,,,,,,,,,,,,,,,,,,,,,,,3.695583614E3
4229,UNDS,USEG,UMASXH46,VGHPU39,3.393,,,,,,,,,,4.0,3.707558461E3,3.697413594E3,1.25,2.136505,0.0,-0.4669E-2,0.0,,,,,,,,,,,,,,,,,,,,,,0.039,5.5,,,,,,3.697413594E3
4230,UNDS,EFC,XCSU46,type-V,0.0,,,,,,,,,,4.0,3.707558461E3,3.697413594E3,1.25,2.136505,0.0,-0.4669E-2,0.0,,,,,,,,,,,,,,,,,,,,,,,,,,,,,3.697413594E3
4231,UNDS,EFC,YCSU46,type-V,0.0,,,,,,,,,,4.0,3.707558461E3,3.697413594E3,1.25,2.136505,0.0,-0.4669E-2,0.0,,,,,,,,,,,,,,,,,,,,,,,,,,,,,3.697413594E3
4235,UNDS,USEG,PSSXH46,PS75,0.0825,,,,,,,,,,4.0,3.709463461E3,3.699318574E3,1.25,2.145398,0.0,-0.4669E-2,0.0,,,,,,,,,,,,,,,,,,,,,,0.075,4.064631891745,,,,,,3.699318574E3
4236,UNDS,MARK,MPHS46,,,,,,,,,,,,4.0,3.709463461E3,3.699318574E3,1.25,2.145398,0.0,-0.4669E-2,0.0,,,,,,,,,,,,,,,,,,,,,,,,,,,,,3.699318574E3
4240,UNDS,QUAD,QSXH46,0.433Q3.1,0.084,0.011,,2.676718375,,0.0,,,,,4.0,3.709758461E3,3.69961357E3,1.25,2.146775,0.0,-0.4669E-2,0.0,,,,,,,,,,29.9999997552,-35.714285422857,,,,,,,,,,,,,,,,,,3.69961357E3
4241,UNDS,XCOR,XCSX46,type-U,0.0,,,,,,,,,,4.0,3.709758461E3,3.69961357E3,1.25,2.146775,0.0,-0.4669E-2,0.0,,,,,,,,,,,,,,,,,,,,,,,,,,,,,3.69961357E3
4242,UNDS,MARK,MUQS46,,,,,,,,,,,,4.0,3.709758461E3,3.69961357E3,1.25,2.146775,0.0,-0.4669E-2,0.0,,,,,,,,,,,,,,,,,,,,,,,,,,,,,3.69961357E3
4243,UNDS,YCOR,YCSX46,type-U,0.0,,,,,,,,,,4.0,3.709758461E3,3.69961357E3,1.25,2.146775,0.0,-0.4669E-2,0.0,,,,,,,,,,,,,,,,,,,,,,,,,,,,,3.69961357E3
4246,UNDS,BPM,RFBSX46,CavityX-1,0.05,,,,,,,,,,4.0,3.709888461E3,3.699743569E3,1.25,2.147382,0.0,-0.4669E-2,0.0,,,,,,,,,,,,,,,,,,,,,,,,,,,,,3.699743569E3
4248,UNDS,MARK,SXR46END,,,,,,,,,,,,4.0,3.710128461E3,3.699983566E3,1.25,2.148503,0.0,-0.4669E-2,0.0,,,,,,,,,,,,,,,,,,,,,,,,,,,,,3.699983566E3
4249,UNDS,MARK,SXR47BEG,,,,,,,,,,,,4.0,3.710128461E3,3.699983566E3,1.25,2.148503,0.0,-0.4669E-2,0.0,,,,,,,,,,,,,,,,,,,,,,,,,,,,,3.699983566E3
4251,UNDS,MARK,MBLMS47,,,,,,,,,,,,4.0,3.710228461E3,3.700083565E3,1.25,2.14897,0.0,-0.4669E-2,0.0,,,,,,,,,,,,,,,,,,,,,,,,,,,,,3.700083565E3
4254,UNDS,USEG,UMASXH47,VGHPU39,3.393,,,,,,,,,,4.0,3.711958461E3,3.701813547E3,1.25,2.157046,0.0,-0.4669E-2,0.0,,,,,,,,,,,,,,,,,,,,,,0.039,5.5,,,,,,3.701813547E3
4255,UNDS,EFC,XCSU47,type-V,0.0,,,,,,,,,,4.0,3.711958461E3,3.701813547E3,1.25,2.157046,0.0,-0.4669E-2,0.0,,,,,,,,,,,,,,,,,,,,,,,,,,,,,3.701813547E3
4256,UNDS,EFC,YCSU47,type-V,0.0,,,,,,,,,,4.0,3.711958461E3,3.701813547E3,1.25,2.157046,0.0,-0.4669E-2,0.0,,,,,,,,,,,,,,,,,,,,,,,,,,,,,3.701813547E3
4263,UNDS,QUAD,QSXH47,0.433Q3.1,0.084,0.011,,-1.8284,,0.0,,,,,4.0,3.714158461E3,3.704013523E3,1.25,2.167317,0.0,-0.4669E-2,0.0,,,,,,,,,,-20.492256512569,24.395543467344,,,,,,,,,,,,,,,,,,3.704013523E3
4264,UNDS,XCOR,XCSX47,type-U,0.0,,,,,,,,,,4.0,3.714158461E3,3.704013523E3,1.25,2.167317,0.0,-0.4669E-2,0.0,,,,,,,,,,,,,,,,,,,,,,,,,,,,,3.704013523E3
4265,UNDS,MARK,MUQS47,,,,,,,,,,,,4.0,3.714158461E3,3.704013523E3,1.25,2.167317,0.0,-0.4669E-2,0.0,,,,,,,,,,,,,,,,,,,,,,,,,,,,,3.704013523E3
4266,UNDS,YCOR,YCSX47,type-U,0.0,,,,,,,,,,4.0,3.714158461E3,3.704013523E3,1.25,2.167317,0.0,-0.4669E-2,0.0,,,,,,,,,,,,,,,,,,,,,,,,,,,,,3.704013523E3
4269,UNDS,BPM,RFBSX47,CavityX-1,0.05,,,,,,,,,,4.0,3.714288461E3,3.704143521E3,1.25,2.167924,0.0,-0.4669E-2,0.0,,,,,,,,,,,,,,,,,,,,,,,,,,,,,3.704143521E3
4271,UNDS,MARK,SXR47END,,,,,,,,,,,,4.0,3.714528461E3,3.704383519E3,1.25,2.169044,0.0,-0.4669E-2,0.0,,,,,,,,,,,,,,,,,,,,,,,,,,,,,3.704383519E3
4272,UNDS,MARK,SXR48BEG,,,,,,,,,,,,4.0,3.714528461E3,3.704383519E3,1.25,2.169044,0.0,-0.4669E-2,0.0,,,,,,,,,,,,,,,,,,,,,,,,,,,,,3.704383519E3
4284,UNDS,MARK,SXR48END,,,,,,,,,,,,4.0,3.718928461E3,3.708783471E3,1.25,2.189586,0.0,-0.4669E-2,0.0,,,,,,,,,,,,,,,,,,,,,,,,,,,,,3.708783471E3
4285,UNDS,MARK,SXR49BEG,,,,,,,,,,,,4.0,3.718928461E3,3.708783471E3,1.25,2.189586,0.0,-0.4669E-2,0.0,,,,,,,,,,,,,,,,,,,,,,,,,,,,,3.708783471E3
4290,UNDS,XCOR,XCPEPX1,2.19 Gap Type 4,0.0,,,,,,,,,,4.0,3.722572461E3,3.712427431E3,1.25,2.206598,0.0,-0.4669E-2,0.0,,,,,,,,,,,,,,,,,,,,,,,,,,,,,3.712427431E3
4299,UNDS,MARK,VGPEPX1,vacuum gauges,,,,,,,,,,,4.0,3.723187461E3,3.713042424E3,1.25,2.209469,0.0,-0.4669E-2,0.0,,,,,,,,,,,,,,,,,,,,,,,,,,,,,3.713042424E3
4300,UNDS,INST,VGCCPEPX1,cold cathode,0.0,,,,,,,,,,4.0,3.723187461E3,3.713042424E3,1.25,2.209469,0.0,-0.4669E-2,0.0,,,,,,,,,,,,,,,,,,,,,,,,,,,,,3.713042424E3
4301,UNDS,INST,VGPRPEPX1,pirani,0.0,,,,,,,,,,4.0,3.723187461E3,3.713042424E3,1.25,2.209469,0.0,-0.4669E-2,0.0,,,,,,,,,,,,,,,,,,,,,,,,,,,,,3.713042424E3
4303,UNDS,MARK,SXR49END,,,,,,,,,,,,4.0,3.723328461E3,3.713183423E3,1.25,2.210127,0.0,-0.4669E-2,0.0,,,,,,,,,,,,,,,,,,,,,,,,,,,,,3.713183423E3
4304,UNDS,MARK,SXR50BEG,,,,,,,,,,,,4.0,3.723328461E3,3.713183423E3,1.25,2.210127,0.0,-0.4669E-2,0.0,,,,,,,,,,,,,,,,,,,,,,,,,,,,,3.713183423E3
4308,UNDS,XCOR,XCPEPX2,2.19 Gap Type 4,0.0,,,,,,,,,,4.0,3.723522461E3,3.71337742E3,1.25,2.211033,0.0,-0.4669E-2,0.0,,,,,,,,,,,,,,,,,,,,,,,,,,,,,3.71337742E3
4310,UNDS,INST,ZPPEPX,zone plate,0.0,,,,,,,,,,4.0,3.724108461E3,3.713963414E3,1.25,2.213768,0.0,-0.4669E-2,0.0,,,,,,,,,,,,,,,,,,,,,,,,,,,,,3.713963414E3
4312,UNDS,MARK,VPPEPX1,ion pump,,,,,,,,,,,4.0,3.724398461E3,3.714253411E3,1.25,2.215122,0.0,-0.4669E-2,0.0,,,,,,,,,,,,,,,,,,,,,,,,,,,,,3.714253411E3
4314,UNDS,XCOR,XCPEPX3,2.19 Gap Type 4,0.0,,,,,,,,,,4.0,3.724622461E3,3.714477409E3,1.25,2.216168,0.0,-0.4669E-2,0.0,,,,,,,,,,,,,,,,,,,,,,,,,,,,,3.714477409E3
4316,UNDS,XCOR,XCPEPX4,2.19 Gap Type 4,0.0,,,,,,,,,,4.0,3.725572461E3,3.715427398E3,1.25,2.220603,0.0,-0.4669E-2,0.0,,,,,,,,,,,,,,,,,,,,,,,,,,,,,3.715427398E3
4318,UNDS,INST,GJPEPX,gas jet,0.0,,,,,,,,,,4.0,3.726172461E3,3.716027392E3,1.25,2.223404,0.0,-0.4669E-2,0.0,,,,,,,,,,,,,,,,,,,,,,,,,,,,,3.716027392E3
4328,UNDS,MARK,SXR50END,,,,,,,,,,,,4.0,3.727728461E3,3.717583375E3,1.25,2.230668,0.0,-0.4669E-2,0.0,,,,,,,,,,,,,,,,,,,,,,,,,,,,,3.717583375E3
4329,UNDS,MARK,RWWAKE5S,WAKE,,,,,,,,,,,4.0,3.727728461E3,3.717583375E3,1.25,2.230668,0.0,-0.4669E-2,0.0,,,,,,,,,,,,,,,,,,,,,,,,,,,,,3.717583375E3
4330,UNDS,MARK,SXRTERM,,,,,,,,,,,,4.0,3.727728461E3,3.717583375E3,1.25,2.230668,0.0,-0.4669E-2,0.0,,,,,,,,,,,,,,,,,,,,,,,,,,,,,3.717583375E3
4332,UNDS,MARK,VPPEPX2,ion pump,,,,,,,,,,,4.0,3.727849461E3,3.717704373E3,1.25,2.231233,0.0,-0.4669E-2,0.0,,,,,,,,,,,,,,,,,,,,,,,,,,,,,3.717704373E3
4334,UNDS,BPM,RFBSX51,CavityX-1,0.05,,,,,,,,,,4.0,3.728546461E3,3.718401366E3,1.25,2.234487,0.0,-0.4669E-2,0.0,,,,,,,,,,,,,,,,,,,,,,,,,,,,,3.7184013655E3
4336,UNDS,INST,ENDUNDS,,,,,,,,,,,,4.0,3.728628461E3,3.718483365E3,1.25,2.23487,0.0,-0.4669E-2,0.0,,,,,,,,,,,,,,,,,,,,,,,,,,,,,3.718483365E3
4337,DMPS,INST,BEGDMPS_1,,,,,,,,,,,,4.0,3.728628461E3,3.718483365E3,1.25,2.23487,0.0,-0.4669E-2,0.0,,,,,,,,,,,,,,,,,,,,,,,,,,,,,3.718483365E3
4338,DMPS,MARK,UEBEGB,,,,,,,,,,,,4.0,3.728628461E3,3.718483365E3,1.25,2.23487,0.0,-0.4669E-2,0.0,,,,,,,,,,,,,,,,,,,,,,,,,,,,,3.718483365E3
4340,DMPS,MARK,VV36B,,,,,,,,,,,,4.0,3.728728461E3,3.718583364E3,1.25,2.235337,0.0,-0.4669E-2,0.0,,,,,,,,,,,,,,,,,,,,,,,,,,,,,3.718583364E3
4342,DMPS,MARK,MIMUNDOB,,,,,,,,,,,,4.0,3.730228461E3,3.720083347E3,1.25,2.24234,0.0,-0.4669E-2,0.0,,,,,,,,,,,,,,,,,,,,,,,,,,,,,3.720083347E3
4345,DMPS,YCOR,YCUE1B,class-4,0.0,,,,,,,,,,4.0,3.731228461E3,3.721083337E3,1.25,2.247008,0.0,-0.4669E-2,0.0,,,,,,,,,,,,,,,,,,,,,,,,,,,,,3.721083337E3
4347,DMPS,INST,PH31B,2805 MHz,0.0,,,,,,,,,,4.0,3.731858016E3,3.721712885E3,1.25,2.249947,0.0,-0.4669E-2,0.0,,,,,,,,,,,,,,,,,,,,,,,,,,,,,3.721712885E3
4349,DMPS,INST,PH32B,2805 MHz,0.0,,,,,,,,,,4.0,3.732034016E3,3.721888883E3,1.25,2.250769,0.0,-0.4669E-2,0.0,,,,,,,,,,,,,,,,,,,,,,,,,,,,,3.721888883E3
4351,DMPS,INST,PH33B,2604 MHz,0.0,,,,,,,,,,4.0,3.732210016E3,3.722064881E3,1.25,2.25159,0.0,-0.4669E-2,0.0,,,,,,,,,,,,,,,,,,,,,,,,,,,,,3.722064881E3
4353,DMPS,INST,PH34B,2604 MHz,0.0,,,,,,,,,,4.0,3.732386016E3,3.722240879E3,1.25,2.252412,0.0,-0.4669E-2,0.0,,,,,,,,,,,,,,,,,,,,,,,,,,,,,3.722240879E3
4355,DMPS,XCOR,XCUE2B,class-4,0.0,,,,,,,,,,4.0,3.732968516E3,3.722823373E3,1.25,2.255131,0.0,-0.4669E-2,0.0,,,,,,,,,,,,,,,,,,,,,,,,,,,,,3.722823373E3
4357,DMPS,QUAD,QUE1B,2Q10,0.263,0.0514,,0.2926324593,,0.0,,,,,4.0,3.733798516E3,3.723653364E3,1.25,2.259006,0.0,-0.4669E-2,0.0,,,,,,,,,,10.268748811271,-3.90446722862,,,,,,,,,,,,,,,,,,3.723653364E3
4360,DMPS,BPM,BPMUE1B,Stripline-5,0.0,,,,,,,,,,4.0,3.734374065E3,3.724228906E3,1.25,2.261693,0.0,-0.4669E-2,0.0,,,,,,,,,,,,,,,,,,,,,,,,,,,,,3.724228906E3
4362,*DMPS,INST,TRUE1B,,0.0,,,,,,,,,,4.0,3.73565207E3,3.725506897E3,1.25,2.26766,0.0,-0.4669E-2,0.0,,,,,,,,,,,,,,,,,,,,,,,,,,,,,3.725506897E3
4367,DMPS,PC,PCTCXB,XCS coll,0.0,,,,,,,,,,4.0,3.737884829E3,3.727739632E3,1.25,2.278083,0.0,-0.4669E-2,0.0,,,,,,,,,,,,,,,,,,,,,,,,0.4E-2,0.4E-2,,,,3.727739632E3
4369,DMPS,MARK,VVTCXB,,,,,,,,,,,,4.0,3.738286614E3,3.728141413E3,1.25,2.279959,0.0,-0.4669E-2,0.0,,,,,,,,,,,,,,,,,,,,,,,,,,,,,3.728141413E3
4371,DMPS,MARK,MTCX01B,,,,,,,,,,,,4.0,3.738600969E3,3.728455764E3,1.25,2.281427,0.0,-0.4669E-2,0.0,,,,,,,,,,,,,,,,,,,,,,,,,,,,,3.728455764E3
4372,DMPS,TCAV,TCX01B,TRANS_DEFL,1.5,,,,,,,,,,4.0,3.739350969E3,3.729205756E3,1.25,2.284928,0.0,-0.4669E-2,0.0,1.1424E4,0.0,0.0,0.0,1.0,,,,,,,,,,,,,,,,,,,,,,,,3.729205756E3
4373,DMPS,MARK,MTCXB,,,,,,,,,,,,4.0,3.739350969E3,3.729205756E3,1.25,2.284928,0.0,-0.4669E-2,0.0,,,,,,,,,,,,,,,,,,,,,,,,,,,,,3.729205756E3
4376,DMPS,INST,SPTCXB,XTCAV spoiler,0.0,,,,,,,,,,4.0,3.740481534E3,3.730336309E3,1.25,2.290206,0.0,-0.4669E-2,0.0,,,,,,,,,,,,,,,,,,,,,,,,,,,,,3.730336309E3
4378,DMPS,QUAD,QUE2B,2Q10,0.263,0.0514,,0.0,,0.0,,,,,4.0,3.741588945E3,3.731443708E3,1.25,2.295376,0.0,-0.4669E-2,0.0,,,,,,,,,,0.0,0.0,,,,,,,,,,,,,,,,,,3.731443708E3
4381,DMPS,BPM,BPMUE2B,Stripline-5,0.0,,,,,,,,,,4.0,3.742167582E3,3.732022338E3,1.25,2.298077,0.0,-0.4669E-2,0.0,,,,,,,,,,,,,,,,,,,,,,,,,,,,,3.732022338E3
4383,DMPS,INST,BTMQUEB,,0.0,,,,,,,,,,4.0,3.742545744E3,3.732400496E3,1.25,2.299843,0.0,-0.4669E-2,0.0,,,,,,,,,,,,,,,,,,,,,,,,,,,,,3.732400496E3
4385,DMPS,PC,PCPM0B,,0.076,,,,,,,,,,4.0,3.742851144E3,3.732705893E3,1.25,2.301269,0.0,-0.4669E-2,0.0,,,,,,,,,,,,,,,,,,,,,,,,0.035,0.035,,,,3.7327058925E3
4387,DMPS,INST,BTM0B,,0.0,,,,,,,,,,4.0,3.742939144E3,3.732793892E3,1.25,2.301679,0.0,-0.4669E-2,0.0,,,,,,,,,,,,,,,,,,,,,,,,,,,,,3.732793892E3
4390,DMPS,MARK,MDLWALLB,,,,,,,,,,,,4.0,3.743141969E3,3.732996715E3,1.25,2.302626,0.0,-0.4669E-2,0.0,,,,,,,,,,,,,,,,,,,,,,,,,,,,,3.732996715E3
4392,DMPS,MARK,UEENDB,,,,,,,,,,,,4.0,3.743392794E3,3.733247537E3,1.25,2.303797,0.0,-0.4669E-2,0.0,,,,,,,,,,,,,,,,,,,,,,,,,,,,,3.733247537E3
4393,DMPS,MARK,DLSTARTB,,,,,,,,,,,,4.0,3.743392794E3,3.733247537E3,1.25,2.303797,0.0,-0.4669E-2,0.0,,,,,,,,,,,,,,,,,,,,,,,,,,,,,3.733247537E3
4395,DMPS,YCOR,YCD3B,class-5,0.0,,,,,,,,,,4.0,3.743652944E3,3.733507684E3,1.25,2.305012,0.0,-0.4669E-2,0.0,,,,,,,,,,,,,,,,,,,,,,,,,,,,,3.733507684E3
4397,DMPS,XCOR,XCD3B,class-5,0.0,,,,,,,,,,4.0,3.743996944E3,3.73385168E3,1.25,2.306618,0.0,-0.4669E-2,0.0,,,,,,,,,,,,,,,,,,,,,,,,,,,,,3.73385168E3
4399,DMPS,MARK,VV37B,,,,,,,,,,,,4.0,3.744323404E3,3.734178137E3,1.25,2.308142,0.0,-0.4669E-2,0.0,,,,,,,,,,,,,,,,,,,,,,,,,,,,,3.734178137E3
4402,DMPS,INST,ENDDMPS_1,,,,,,,,,,,,4.0,3.744552299E3,3.734407029E3,1.25,2.30921,0.0,-0.4669E-2,0.0,,,,,,,,,,,,,,,,,,,,,,,,,,,,,3.734407029E3
4403,DMPS,INST,BEGDMPS_2,,,,,,,,,,,,4.0,3.744552299E3,3.734407029E3,1.25,2.30921,0.0,-0.4669E-2,0.0,,,,,,,,,,,,,,,,,,,,,,,,,,,,,3.734407029E3
4404,DMPS,MARK,RODMP1S,,0.0,,-9.999241008571,,,,,,,,4.0,3.744552299E3,3.734407029E3,1.25,2.30921,-0.08726,-0.4669E-2,0.0,,,,,,,,,,,,,,,,,,,,,,,,,,,,,3.734407029E3
4405,DMPS,BEND,BYDSS,1.26D18.43,0.5,0.032,0.034377467708,0.0,,90.000000011752,0.017188733854,0.017188733854,,,4.0,3.744802299E3,3.734657027E3,1.249993,2.310341,-0.17452,-0.4373E-2,-0.52E-4,,,,,,0.4999999925,0.5,0.080055382194,-0.016011076439,0.0,0.0,,,,3.734657027E3,1.24999,2.310322,-0.17452,-0.4373E-2,-0.52E-4,,,,,,,,,3.734657027E3
4408,DMPS,BEND,BYD1B,1.69VD55.1,1.45203,0.043,1.283467580366,0.0,,90.000000011752,0.641733790183,0.641733790183,,,4.0,3.746094191E3,3.735948908E3,1.249159,2.311641,-0.17452,0.6953E-2,-0.2049E-2,,,,,,1.451999641091,0.5513,2.988832352442,-0.20583819566,0.0,0.0,,,,3.735948894E3,1.248806,2.309639,-0.17452,0.6953E-2,-0.2049E-2,,,,,,,,,3.735948908E3
4411,DMPS,BEND,BYD2B,1.69VD55.1,1.45203,0.043,1.283467580366,0.0,,90.000000011752,0.641733790183,0.641733790183,,,4.0,3.747794167E3,3.737648566E3,1.242371,2.281073,-0.17452,0.029013,-0.594E-2,,,,,,1.451999641091,0.5513,2.988832352442,-0.20583819566,0.0,0.0,,,,3.737648506E3,1.242018,2.279072,-0.17452,0.029013,-0.594E-2,,,,,,,,,3.737648566E3
4414,DMPS,BEND,BYD3B,1.69VD55.1,1.45203,0.043,1.283467580366,0.0,,90.000000011752,0.641733790183,0.641733790183,,,4.0,3.749494144E3,3.739347096E3,1.228974,2.21302,-0.17452,0.051073,-0.9836E-2,,,,,,1.451999641091,0.5513,2.988832352442,-0.20583819566,0.0,0.0,,,,3.739346991E3,1.228622,2.211021,-0.17452,0.051073,-0.9836E-2,,,,,,,,,3.739347096E3
4417,DMPS,PC,PCPM1LB,,0.076,,,,,,,,,,4.0,3.75083584E3,3.740686355E3,1.213895,2.133748,-0.17452,0.062103,-0.011787,,,,,,,,,,,,,,,,,,,,,,,,0.028575,0.028575,,,,3.740686355E3
4418,DMPS,INST,BTM1LB,,0.0,,,,,,,,,,4.0,3.75087384E3,3.740724279E3,1.213448,2.13139,-0.17452,0.062103,-0.011787,,,,,,,,,,,,,,,,,,,,,,,,,,,,,3.740724279E3
4421,DMPS,MARK,MIMBCS4B,,,,,,,,,,,,4.0,3.752178728E3,3.742026561E3,1.198098,2.050405,-0.17452,0.062103,-0.011787,,,,,,,,,,,,,,,,,,,,,,,,,,,,,3.742026561E3
4423,DMPS,YCOR,YCDDB,class-5,0.0,,,,,,,,,,4.0,3.76100144E3,3.750831653E3,1.094309,1.502844,-0.17452,0.062103,-0.011787,,,,,,,,,,,,,,,,,,,,,,,,,,,,,3.750831653E3
4425,DMPS,PC,PCPM2LB,,0.076,,,,,,,,,,4.0,3.761289078E3,3.751118717E3,1.090925,1.484993,-0.17452,0.062103,-0.011787,,,,,,,,,,,,,,,,,,,,,,,,0.0762,0.0762,,,,3.751118717E3
4426,DMPS,INST,BTM2LB,,0.0,,,,,,,,,,4.0,3.761327078E3,3.751156641E3,1.090478,1.482634,-0.17452,0.062103,-0.011787,,,,,,,,,,,,,,,,,,,,,,,,,,,,,3.751156641E3
4428,DMPS,QUAD,QDMP1B,3.94Q17,0.43,0.1,,-0.1511116592,,0.0,,,,,4.0,3.761951318E3,3.751779635E3,1.083135,1.443892,-0.17452,0.062103,-0.011787,,,,,,,,,,-8.669732835745,2.016216938545,,,,,,,,,,,,,,,,,,3.751779635E3
4431,DMPS,BPM,BPMQDB,Stripline-11,0.0,,,,,,,,,,4.0,3.762468381E3,3.752295665E3,1.077052,1.411802,-0.17452,0.062103,-0.011787,,,,,,,,,,,,,,,,,,,,,,,,,,,,,3.752295665E3
4433,DMPS,MARK,MQDMPB,,,,,,,,,,,,4.0,3.762476318E3,3.752303586E3,1.076959,1.411309,-0.17452,0.062103,-0.011787,,,,,,,,,,,,,,,,,,,,,,,,,,,,,3.752303586E3
4435,DMPS,QUAD,QDMP2B,3.94Q17,0.43,0.1,,-0.1511116592,,0.0,,,,,4.0,3.763001318E3,3.752827538E3,1.070783,1.378726,-0.17452,0.062103,-0.011787,,,,,,,,,,-8.669732835745,2.016216938545,,,,,,,,,,,,,,,,,,3.752827538E3
4438,DMPS,XCOR,XCDDB,class-5,0.0,,,,,,,,,,4.0,3.763691318E3,3.75351616E3,1.062666,1.335903,-0.17452,0.062103,-0.011787,,,,,,,,,,,,,,,,,,,,,,,,,,,,,3.75351616E3
4442,DMPS,BPM,BPMDDB,Stripline-8,0.0,,,,,,,,,,4.0,3.771244838E3,3.761054595E3,0.973807,0.867112,-0.17452,0.062103,-0.011787,,,,,,,,,,,,,,,,,,,,,,,,,,,,,3.761054595E3
4444,DMPS,PROF,OTRDMPB,OTR,0.0,,,,,,,,,,4.0,3.771398553E3,3.761208003E3,0.971999,0.857572,-0.17452,0.062103,-0.011787,,,,,,,,,,,,,,,,,,,,,,,,,,,,,3.761208003E3
4446,DMPS,PC,PCEBDB,gasket coll,0.0,,,,,,,,,,4.0,3.771474518E3,3.761283816E3,0.971106,0.852857,-0.17452,0.062103,-0.011787,,,,,,,,,,,,,,,,,,,,,,,,0.068,0.068,,,,3.761283816E3
4448,*DMPS,BPM,RFBDDB,CavityL-1,0.0,,,,,,,,,,4.0,3.771619333E3,3.761428342E3,0.969402,0.84387,-0.17452,0.062103,-0.011787,,,,,,,,,,,,,,,,,,,,,,,,,,,,,3.761428342E3
4450,*DMPS,WIRE,WSDUMPB,special,0.0,,,,,,,,,,4.0,3.771840113E3,3.761648681E3,0.966805,0.830167,-0.17452,0.062103,-0.011787,,,,,,,,,,,,,,,,,,,,,,,,,,,,,3.761648681E3
4452,DMPS,MARK,RODMP2S,,0.0,,10.021802757281,,,,,,,,4.0,3.774127188E3,3.763931189E3,0.9399,0.688225,-0.08726,0.062103,-0.011787,,,,,,,,,,,,,,,,,,,,,,,,,,,,,3.763931189E3
4453,DMPS,INST,DUMPFACEB,,0.0,,,,,,,,,,4.0,3.774127188E3,3.763931189E3,0.9399,0.688225,0.0,0.062103,-0.011787,,,,,,,,,,,,,,,,,,,,,,,,,,,,,3.763931189E3
4455,DMPS,MARK,DMPENDB,,,,,,,,,,,,4.0,3.775679636E3,3.765480536E3,0.921637,0.591876,0.0,0.062103,-0.011787,,,,,,,,,,,,,,,,,,,,,,,,,,,,,3.765480536E3
4456,DMPS,INST,BTMDUMPB,,0.0,,,,,,,,,,4.0,3.775679636E3,3.765480536E3,0.921637,0.591876,0.0,0.062103,-0.011787,,,,,,,,,,,,,,,,,,,,,,,,,,,,,3.765480536E3
4457,DMPS,MARK,DBMARK38B,,,,,,,,,,,,4.0,3.775679636E3,3.765480536E3,0.921637,0.591876,0.0,0.062103,-0.011787,,,,,,,,,,,,,,,,,,,,,,,,,,,,,3.765480536E3
4458,DMPS,INST,ENDDMPS_2,,,,,,,,,,,,4.0,3.775679636E3,3.765480536E3,0.921637,0.591876,0.0,0.062103,-0.011787,,,,,,,,,,,,,,,,,,,,,,,,,,,,,3.765480536E3
4403,SFTS,INST,BEGSFTS_1,,,,,,,,,,,,4.0,3.744552299E3,3.734407029E3,1.25,2.30921,0.0,-0.4669E-2,0.0,,,,,,,,,,,,,,,,,,,,,,,,,,,,,3.734407029E3
4412,SFTS,MARK,VV38B,,,,,,,,,,,,4.0,3.750694669E3,3.740549332E3,1.25,2.337886,0.0,-0.4669E-2,0.0,,,,,,,,,,,,,,,,,,,,,,,,,,,,,3.740549332E3
4414,SFTS,PC,PCPM1B,ELECTRON COLL,0.076,,,,,,,,,,4.0,3.750826969E3,3.740681631E3,1.25,2.338504,0.0,-0.4669E-2,0.0,,,,,,,,,,,,,,,,,,,,,,,,0.02,0.02,,,,3.740681631E3
4416,SFTS,INST,BTM1B,BTM,0.0,,,,,,,,,,4.0,3.750879969E3,3.74073463E3,1.25,2.338751,0.0,-0.4669E-2,0.0,,,,,,,,,,,,,,,,,,,,,,,,,,,,,3.74073463E3
4418,SFTS,INST,RTDSK0_VGC_1,GATE VALVE,0.0,,,,,,,,,,4.0,3.751720769E3,3.741575421E3,1.25,2.342676,0.0,-0.4669E-2,0.0,,,,,,,,,,,,,,,,,,,,,,,,,,,,,3.741575421E3
4420,SFTS,INST,TP_SXTES0,INTERFACE FLANGE,0.0,,,,,,,,,,4.0,3.751758269E3,3.741612921E3,1.25,2.342851,0.0,-0.4669E-2,0.0,,,,,,,,,,,,,,,,,,,,,,,,,,,,,3.741612921E3
4422,SFTS,INST,RTDSK0_VRM_1,RIGHT ANGLE VALV,0.0,,,,,,,,,,4.0,3.752636526E3,3.742491168E3,1.25,2.346952,0.0,-0.4669E-2,0.0,,,,,,,,,,,,,,,,,,,,,,,,,,,,,3.742491168E3
4423,SFTS,INST,RTDSK0_GCC_1,COLD CATHODE GAU,0.0,,,,,,,,,,4.0,3.752636526E3,3.742491168E3,1.25,2.346952,0.0,-0.4669E-2,0.0,,,,,,,,,,,,,,,,,,,,,,,,,,,,,3.742491168E3
4424,SFTS,INST,RTDSK0_GPI_1,PIRANI GAUGE,0.0,,,,,,,,,,4.0,3.752636526E3,3.742491168E3,1.25,2.346952,0.0,-0.4669E-2,0.0,,,,,,,,,,,,,,,,,,,,,,,,,,,,,3.742491168E3
4429,SFTS,INST,RTDSK0,RAPID TRNAD DIAG,0.0,,,,,,,,,,4.0,3.753735647E3,3.743590277E3,1.25,2.352083,0.0,-0.4669E-2,0.0,,,,,,,,,,,,,,,,,,,,,,,,,,,,,3.743590277E3
4431,SFTS,INST,RTDSK0_YAGXRAYB,PROFILE MON (RTD,0.0,,,,,,,,,,4.0,3.754269969E3,3.744124593E3,1.25,2.354577,0.0,-0.4669E-2,0.0,,,,,,,,,,,,,,,,,,,,,,,,,,,,,3.744124593E3
4434,SFTS,INST,PC1K0_XTES,PHOTON COLL,0.0,,,,,,,,,,4.0,3.75478774E3,3.744642359E3,1.25,2.356994,0.0,-0.4669E-2,0.0,,,,,,,,,,,,,,,,,,,,,,,,,,,,,3.744642359E3
4436,SFTS,INST,EM1K0_GMD_VGC_1,GATE VALVE,0.0,,,,,,,,,,4.0,3.755167789E3,3.745022404E3,1.25,2.358769,0.0,-0.4669E-2,0.0,,,,,,,,,,,,,,,,,,,,,,,,,,,,,3.745022404E3
4438,SFTS,INST,EM1K0_GMD,GAS MONITOR DECT,0.0,,,,,,,,,,4.0,3.75610824E3,3.745962844E3,1.25,2.363159,0.0,-0.4669E-2,0.0,,,,,,,,,,,,,,,,,,,,,,,,,,,,,3.745962844E3
4440,SFTS,INST,IM1K0_XTES_VRM_1,RIGHT ANGLE VALV,0.0,,,,,,,,,,4.0,3.75729698E3,3.747151571E3,1.25,2.368709,0.0,-0.4669E-2,0.0,,,,,,,,,,,,,,,,,,,,,,,,,,,,,3.747151571E3
4441,SFTS,INST,IM1K0_XTES_GCC_1,COLD CATHODE GAU,0.0,,,,,,,,,,4.0,3.75729698E3,3.747151571E3,1.25,2.368709,0.0,-0.4669E-2,0.0,,,,,,,,,,,,,,,,,,,,,,,,,,,,,3.747151571E3
4442,SFTS,INST,IM1K0_XTES_GPI_1,PIRANI GAUGE,0.0,,,,,,,,,,4.0,3.75729698E3,3.747151571E3,1.25,2.368709,0.0,-0.4669E-2,0.0,,,,,,,,,,,,,,,,,,,,,,,,,,,,,3.747151571E3
4444,SFTS,INST,IM1K0_XTES,IMAGER,0.0,,,,,,,,,,4.0,3.757609763E3,3.747464351E3,1.25,2.370169,0.0,-0.4669E-2,0.0,,,,,,,,,,,,,,,,,,,,,,,,,,,,,3.747464351E3
4446,SFTS,PC,PCPM2B,ELECTRON COLL,0.076,,,,,,,,,,4.0,3.758183969E3,3.748038551E3,1.25,2.37285,0.0,-0.4669E-2,0.0,,,,,,,,,,,,,,,,,,,,,,,,0.0254,0.0254,,,,3.7480385505E3
4447,SFTS,INST,BTM2B,BTM,0.0,,,,,,,,,,4.0,3.758221969E3,3.74807655E3,1.25,2.373027,0.0,-0.4669E-2,0.0,,,,,,,,,,,,,,,,,,,,,,,,,,,,,3.74807655E3
4449,SFTS,INST,ENDSFTS_1,,,,,,,,,,,,4.0,3.758669969E3,3.748524545E3,1.25,2.375119,0.0,-0.4669E-2,0.0,,,,,,,,,,,,,,,,,,,,,,,,,,,,,3.748524545E3
4450,SFTS,INST,BEGSFTS_2,,,,,,,,,,,,4.0,3.758669969E3,3.748524545E3,1.25,2.375119,0.0,-0.4669E-2,0.0,,,,,,,,,,,,,,,,,,,,,,,,,,,,,3.748524545E3
4451,SFTS,BEND,BXPM1B,4D36-C,0.944078,0.052,1.277266133856,0.0,,0.0,0.0,1.277266134429,,,4.0,3.759141979E3,3.74899654E3,1.24737,2.377322,0.52E-4,-0.4668E-2,-0.011146,,,,,,0.943999807812,0.5,2.974390940561,-0.315057753762,0.0,0.0,,,,3.74899654E3,1.25,2.377322,0.0,-0.4669E-2,0.0,,,,,,,,,3.74899654E3
4456,SFTS,MARK,MBTM3B,,,,,,,,,,,,4.0,3.763568241E3,3.753421703E3,1.151336,2.397981,0.104E-3,-0.4667E-2,-0.022293,,,,,,,,,,,,,,,,,,,,,,,,,,,,,3.753421703E3
4458,SFTS,MARK,MSL1S,adj aperture,,,,,,,,,,,4.0,3.763568241E3,3.753421703E3,1.151336,2.397981,0.104E-3,-0.4667E-2,-0.022293,,,,,,,,,,,,,,,,,,,,,,,,,,,,,3.753421703E3
4460,SFTS,MARK,MVV3S,,,,,,,,,,,,4.0,3.764224429E3,3.754077721E3,1.136709,2.401044,0.104E-3,-0.4667E-2,-0.022293,,,,,,,,,,,,,,,,,,,,,,,,,,,,,3.754077721E3
4462,SFTS,INST,SFTDMPB,,0.0,,,,,,,,,,4.0,3.772145161E3,3.761996399E3,0.960151,2.438013,0.104E-3,-0.4667E-2,-0.022293,,,,,,,,,,,,,,,,,,,,,,,,,,,,,3.761996399E3
4464,SFTS,INST,BTMSFTB,,0.0,,,,,,,,,,4.0,3.77222138E3,3.762072598E3,0.958452,2.438368,0.104E-3,-0.4667E-2,-0.022293,,,,,,,,,,,,,,,,,,,,,,,,,,,,,3.762072598E3
4465,SFTS,INST,ENDSFTS_2,,,,,,,,,,,,4.0,3.77222138E3,3.762072598E3,0.958452,2.438368,0.104E-3,-0.4667E-2,-0.022293,,,,,,,,,,,,,,,,,,,,,,,,,,,,,3.762072598E3
4450,SXTES,INST,BEGSXTES_1,,,,,,,,,,,,4.0,3.758669969E3,3.748524545E3,1.25,2.375119,0.0,-0.4669E-2,0.0,,,,,,,,,,,,,,,,,,,,,,,,,,,,,3.748524545E3
4452,SXTES,INST,MBXPM1B,MAGNET,0.0,,,,,,,,,,4.0,3.759141969E3,3.74899654E3,1.25,2.377322,0.0,-0.4669E-2,0.0,,,,,,,,,,,,,,,,,,,,,,,,,,,,,3.74899654E3
4454,SXTES,INST,PCPM3B_PIP_1,ION PUMP,0.0,,,,,,,,,,4.0,3.760641969E3,3.750496524E3,1.25,2.384325,0.0,-0.4669E-2,0.0,,,,,,,,,,,,,,,,,,,,,,,,,,,,,3.750496524E3
4455,SXTES,INST,PCPM3B_GFS_1,FAST VALVE SENSO,0.0,,,,,,,,,,4.0,3.760641969E3,3.750496524E3,1.25,2.384325,0.0,-0.4669E-2,0.0,,,,,,,,,,,,,,,,,,,,,,,,,,,,,3.750496524E3
4457,SXTES,PC,PCPM3B,ELECTRON COLL,0.08,,,,,,,,,,4.0,3.763545724E3,3.753400248E3,1.25,2.397881,0.0,-0.4669E-2,0.0,,,,,,,,,,,,,,,,,,,,,,,,0.0254,0.0254,,,,3.7534002475E3
4458,SXTES,INST,BTM3B,BTM,0.0,,,,,,,,,,4.0,3.763585724E3,3.753440247E3,1.25,2.398068,0.0,-0.4669E-2,0.0,,,,,,,,,,,,,,,,,,,,,,,,,,,,,3.753440247E3
4460,SXTES,INST,SL1K0_POWER,ADJ APER (AA1),0.0,,,,,,,,,,4.0,3.763999846E3,3.753854364E3,1.25,2.400001,0.0,-0.4669E-2,0.0,,,,,,,,,,,,,,,,,,,,,,,,,,,,,3.753854364E3
4462,SXTES,INST,SL1K0_PWR_VRM_1,RIGHT ANGLE VALV,0.0,,,,,,,,,,4.0,3.764075903E3,3.75393042E3,1.25,2.400356,0.0,-0.4669E-2,0.0,,,,,,,,,,,,,,,,,,,,,,,,,,,,,3.75393042E3
4463,SXTES,INST,SL1K0_PWR_GCC_1,COLD CATHODE GAU,0.0,,,,,,,,,,4.0,3.764075903E3,3.75393042E3,1.25,2.400356,0.0,-0.4669E-2,0.0,,,,,,,,,,,,,,,,,,,,,,,,,,,,,3.75393042E3
4464,SXTES,INST,SL1K0_PWR_GPI_1,PIRANI GAUGE,0.0,,,,,,,,,,4.0,3.764075903E3,3.75393042E3,1.25,2.400356,0.0,-0.4669E-2,0.0,,,,,,,,,,,,,,,,,,,,,,,,,,,,,3.75393042E3
4466,SXTES,INST,AT1K0_GAS_VGC_1,GATE VALVE,0.0,,,,,,,,,,4.0,3.764329644E3,3.754184158E3,1.25,2.401541,0.0,-0.4669E-2,0.0,,,,,,,,,,,,,,,,,,,,,,,,,,,,,3.754184158E3
4468,SXTES,INST,MSFTDMPB,SAFETY DUMP,0.0,,,,,,,,,,4.0,3.772141969E3,3.761996399E3,1.25,2.438013,0.0,-0.4669E-2,0.0,,,,,,,,,,,,,,,,,,,,,,,,,,,,,3.761996399E3
4470,SXTES,INST,MBTMSFTB,BTM,0.0,,,,,,,,,,4.0,3.772218169E3,3.762072598E3,1.25,2.438368,0.0,-0.4669E-2,0.0,,,,,,,,,,,,,,,,,,,,,,,,,,,,,3.762072598E3
4472,SXTES,INST,AT1K0_GAS,GAS ATTEN,0.0,,,,,,,,,,4.0,3.773767737E3,3.763622149E3,1.25,2.445603,0.0,-0.4669E-2,0.0,,,,,,,,,,,,,,,,,,,,,,,,,,,,,3.763622149E3
4474,SXTES,INST,TP_WALL1SE,EAST WALL,0.0,,,,,,,,,,4.0,3.777721969E3,3.767576338E3,1.25,2.464063,0.0,-0.4669E-2,0.0,,,,,,,,,,,,,,,,,,,,,,,,,,,,,3.767576338E3
4476,SXTES,INST,TP_WALL1SW,WEST WALL,0.0,,,,,,,,,,4.0,3.780061969E3,3.769916312E3,1.25,2.474987,0.0,-0.4669E-2,0.0,,,,,,,,,,,,,,,,,,,,,,,,,,,,,3.769916312E3
4478,SXTES,INST,EM2K0_XGMD_VGC_1,GATE VALVE,0.0,,,,,,,,,,4.0,3.783221345E3,3.773075653E3,1.25,2.489737,0.0,-0.4669E-2,0.0,,,,,,,,,,,,,,,,,,,,,,,,,,,,,3.773075653E3
4480,SXTES,INST,EM2K0_XGMD,GAS MONITOR DECT,0.0,,,,,,,,,,4.0,3.784326895E3,3.774181191E3,1.25,2.494898,0.0,-0.4669E-2,0.0,,,,,,,,,,,,,,,,,,,,,,,,,,,,,3.774181191E3
4482,SXTES,INST,EM2K0_XGMD_VGC_2,GATE VALVE,0.0,,,,,,,,,,4.0,3.785448042E3,3.775302327E3,1.25,2.500132,0.0,-0.4669E-2,0.0,,,,,,,,,,,,,,,,,,,,,,,,,,,,,3.775302327E3
4484,SXTES,INST,TV2K0_VGC_1,GATE VALVE,0.0,,,,,,,,,,4.0,3.787870705E3,3.777724963E3,1.25,2.511442,0.0,-0.4669E-2,0.0,,,,,,,,,,,,,,,,,,,,,,,,,,,,,3.777724963E3
4485,SXTES,INST,TV2K0_VRM_1,RIGHT ANGLE VALV,0.0,,,,,,,,,,4.0,3.787870705E3,3.777724963E3,1.25,2.511442,0.0,-0.4669E-2,0.0,,,,,,,,,,,,,,,,,,,,,,,,,,,,,3.777724963E3
4486,SXTES,INST,TV2K0_GCC_1,COLD CATHODE GAU,0.0,,,,,,,,,,4.0,3.787870705E3,3.777724963E3,1.25,2.511442,0.0,-0.4669E-2,0.0,,,,,,,,,,,,,,,,,,,,,,,,,,,,,3.777724963E3
4487,SXTES,INST,TV2K0_GPI_1,PIRANI GAUGE,0.0,,,,,,,,,,4.0,3.787870705E3,3.777724963E3,1.25,2.511442,0.0,-0.4669E-2,0.0,,,,,,,,,,,,,,,,,,,,,,,,,,,,,3.777724963E3
4489,SXTES,INST,TV2K0_VRM_2,RIGHT ANGLE VALV,0.0,,,,,,,,,,4.0,3.78801308E3,3.777867337E3,1.25,2.512107,0.0,-0.4669E-2,0.0,,,,,,,,,,,,,,,,,,,,,,,,,,,,,3.777867337E3
4490,SXTES,INST,TV2K0_GCC_2,COLD CATHODE GAU,0.0,,,,,,,,,,4.0,3.78801308E3,3.777867337E3,1.25,2.512107,0.0,-0.4669E-2,0.0,,,,,,,,,,,,,,,,,,,,,,,,,,,,,3.777867337E3
4491,SXTES,INST,TV2K0_GPI_2,PIRANI GAUGE,0.0,,,,,,,,,,4.0,3.78801308E3,3.777867337E3,1.25,2.512107,0.0,-0.4669E-2,0.0,,,,,,,,,,,,,,,,,,,,,,,,,,,,,3.777867337E3
4493,SXTES,INST,TV2K0_VFS_1,VALVE FAST SHUTT,0.0,,,,,,,,,,4.0,3.788147893E3,3.778002148E3,1.25,2.512736,0.0,-0.4669E-2,0.0,,,,,,,,,,,,,,,,,,,,,,,,,,,,,3.778002148E3
4495,*SXTES,INST,SP1K0,SPECTROMETER,0.0,,,,,,,,,,4.0,3.788597314E3,3.778451564E3,1.25,2.514834,0.0,-0.4669E-2,0.0,,,,,,,,,,,,,,,,,,,,,,,,,,,,,3.778451564E3
4497,SXTES,INST,PC2K0_XTES,PHOTON COLL,0.0,,,,,,,,,,4.0,3.789286726E3,3.779140969E3,1.25,2.518053,0.0,-0.4669E-2,0.0,,,,,,,,,,,,,,,,,,,,,,,,,,,,,3.779140969E3
4499,SXTES,INST,BT1K0_XTES,BTM,0.0,,,,,,,,,,4.0,3.789412329E3,3.77926657E3,1.25,2.518639,0.0,-0.4669E-2,0.0,,,,,,,,,,,,,,,,,,,,,,,,,,,,,3.77926657E3
4501,SXTES,INST,BS1K0_XTES,BREMSS COLL,0.0,,,,,,,,,,4.0,3.789461859E3,3.7793161E3,1.25,2.518871,0.0,-0.4669E-2,0.0,,,,,,,,,,,,,,,,,,,,,,,,,,,,,3.7793161E3
4503,SXTES,INST,PF1K0_WFS,WAVEFRONT SENSOR,0.0,,,,,,,,,,4.0,3.789733694E3,3.779587932E3,1.25,2.52014,0.0,-0.4669E-2,0.0,,,,,,,,,,,,,,,,,,,,,,,,,,,,,3.779587932E3
4505,SXTES,INST,SL2K0_POWER,ADJ APER,0.0,,,,,,,,,,4.0,3.790108596E3,3.779962829E3,1.25,2.52189,0.0,-0.4669E-2,0.0,,,,,,,,,,,,,,,,,,,,,,,,,,,,,3.779962829E3
4507,SXTES,INST,PA1K0_RGA_1,RGA,0.0,,,,,,,,,,4.0,3.790186596E3,3.780040828E3,1.25,2.522254,0.0,-0.4669E-2,0.0,,,,,,,,,,,,,,,,,,,,,,,,,,,,,3.780040828E3
4508,SXTES,INST,PA1K0_VRM_1,RIGHT ANGLE VALV,0.0,,,,,,,,,,4.0,3.790186596E3,3.780040828E3,1.25,2.522254,0.0,-0.4669E-2,0.0,,,,,,,,,,,,,,,,,,,,,,,,,,,,,3.780040828E3
4509,SXTES,INST,PA1K0_GCC_1,COLD CATHODE GAU,0.0,,,,,,,,,,4.0,3.790186596E3,3.780040828E3,1.25,2.522254,0.0,-0.4669E-2,0.0,,,,,,,,,,,,,,,,,,,,,,,,,,,,,3.780040828E3
4510,SXTES,INST,PA1K0_GPI_1,PIRANI GAUGE,0.0,,,,,,,,,,4.0,3.790186596E3,3.780040828E3,1.25,2.522254,0.0,-0.4669E-2,0.0,,,,,,,,,,,,,,,,,,,,,,,,,,,,,3.780040828E3
4511,SXTES,INST,PA1K0_PIP_1,ION PUMP 150 L/S,0.0,,,,,,,,,,4.0,3.790186596E3,3.780040828E3,1.25,2.522254,0.0,-0.4669E-2,0.0,,,,,,,,,,,,,,,,,,,,,,,,,,,,,3.780040828E3
4513,SXTES,INST,IM2K0_XTES,IMAGER,0.0,,,,,,,,,,4.0,3.790482298E3,3.780336527E3,1.25,2.523634,0.0,-0.4669E-2,0.0,,,,,,,,,,,,,,,,,,,,,,,,,,,,,3.780336527E3
4515,SXTES,INST,PA1K0,DIFF PUMP,0.0,,,,,,,,,,4.0,3.790959945E3,3.780814169E3,1.25,2.525864,0.0,-0.4669E-2,0.0,,,,,,,,,,,,,,,,,,,,,,,,,,,,,3.780814169E3
4517,SXTES,INST,MR1K1_VGC_1,GATE VALVE,0.0,,,,,,,,,,4.0,3.791359395E3,3.781213615E3,1.25,2.527729,0.0,-0.4669E-2,0.0,,,,,,,,,,,,,,,,,,,,,,,,,,,,,3.781213615E3
4519,SXTES,INST,ENDSXTES_1,,,,,,,,,,,,4.0,3.791913969E3,3.781768183E3,1.25,2.530318,0.0,-0.4669E-2,0.0,,,,,,,,,,,,,,,,,,,,,,,,,,,,,3.781768183E3
4520,SXTES,INST,BEGSXTES_2,,,,,,,,,,,,4.0,3.791913969E3,3.781768183E3,1.25,2.530318,0.0,-0.4669E-2,0.0,,,,,,,,,,,,,,,,,,,,,,,,,,,,,3.781768183E3
4521,SXTES,INST,MR1K1_BEND,MIRROR,0.0,0.0,,,,,,,,,4.0,3.791913969E3,3.781768183E3,1.25,2.530318,0.0,-0.041289,0.0,,,,,,,,,,,,,,,,,,,,,,,,,,,,,3.781768183E3
4523,SXTES,INST,MR1K3_VGC_1,GATE VALVE,0.0,,,,,,,,,,4.0,3.792604156E3,3.782457781E3,1.25,2.558807,0.0,-0.041289,0.0,,,,,,,,,,,,,,,,,,,,,,,,,,,,,3.782457781E3
4525,SXTES,INST,ND1S,NEUTRON DETECTOR,0.0,,,,,,,,,,4.0,3.792633164E3,3.782486765E3,1.25,2.560004,0.0,-0.041289,0.0,,,,,,,,,,,,,,,,,,,,,,,,,,,,,3.782486765E3
4527,SXTES,INST,IM1K1_PPM,PPM,0.0,,,,,,,,,,4.0,3.796172741E3,3.786023325E3,1.25,2.706107,0.0,-0.041289,0.0,,,,,,,,,,,,,,,,,,,,,,,,,,,,,3.786023325E3
4529,SXTES,INST,SP1K1_MONO_VGC_1,GATE VALVE,0.0,,,,,,,,,,4.0,3.796507417E3,3.786357716E3,1.25,2.719921,0.0,-0.041289,0.0,,,,,,,,,,,,,,,,,,,,,,,,,,,,,3.786357716E3
4531,SXTES,INST,SP1K1_MONO,MONOCHROMATOR,0.0,0.0,,,,,,,,,4.0,3.797767894E3,3.787617119E3,1.25,2.771949,0.0,-0.143056,0.0,,,,,,,,,,,,,,,,,,,,,,,,,,,,,3.787617119E3
4533,SXTES,INST,MR3K1_GRATING,GRATING,0.0,0.0,,,,,,,,,4.0,3.797907674E3,3.787755471E3,1.25,2.791878,0.0,-0.12681,0.0,,,,,,,,,,,,,,,,,,,,,,,,,,,,,3.787755471E3
4535,SXTES,INST,SP1K1_MONO_VGC_2,GATE VALVE,0.0,,,,,,,,,,4.0,3.798390624E3,3.788234543E3,1.25,2.852957,0.0,-0.12681,0.0,,,,,,,,,,,,,,,,,,,,,,,,,,,,,3.788234543E3
4537,SXTES,INST,TP_2_X,TREATY FLANGE FA,0.0,,,,,,,,,,4.0,3.798432124E3,3.78827571E3,1.25,2.858205,0.0,-0.12681,0.0,,,,,,,,,,,,,,,,,,,,,,,,,,,,,3.78827571E3
4538,SXTES,INST,ENDSXTES_2,,,,,,,,,,,,4.0,3.798432124E3,3.78827571E3,1.25,2.858205,0.0,-0.12681,0.0,,,,,,,,,,,,,,,,,,,,,,,,,,,,,3.78827571E3
4520,SXTES,INST,BEGSXTES_3,,,,,,,,,,,,4.0,3.791913969E3,3.781768183E3,1.25,2.530318,0.0,-0.4669E-2,0.0,,,,,,,,,,,,,,,,,,,,,,,,,,,,,3.781768183E3
4522,SXTES,INST,MR1K3_TXI,MIRROR,0.0,0.0,,,,,,,,,4.0,3.793563969E3,3.783418165E3,1.25,2.538021,0.92E-4,-0.4668E-2,-0.019694,,,,,,,,,,,,,,,,,,,,,,,,,,,,,3.783418165E3
4524,SXTES,INST,MR2K3_TXI,MIRROR,0.0,0.0,,,,,,,,,4.0,3.79516428E3,3.785018148E3,1.218486,2.545491,0.184E-3,-0.4665E-2,-0.039388,,,,,,,,,,,,,,,,,,,,,,,,,,,,,3.785018148E3
4525,SXTES,INST,MR2K3_TXI_GBC_1,BCS VAC SENSOR,0.0,,,,,,,,,,4.0,3.79516428E3,3.785018148E3,1.218486,2.545491,0.184E-3,-0.4665E-2,-0.039388,,,,,,,,,,,,,,,,,,,,,,,,,,,,,3.785018148E3
4527,SXTES,INST,BT2K0_PLEG_TXI,BTM,0.0,,,,,,,,,,4.0,3.79584276E3,3.785696094E3,1.19177,2.548656,0.184E-3,-0.4665E-2,-0.039388,,,,,,,,,,,,,,,,,,,,,,,,,,,,,3.785696094E3
4529,SXTES,INST,IM1K2_PPM_VGC_1,GATE VALVE,0.0,,,,,,,,,,4.0,3.798444853E3,3.788296141E3,1.089307,2.560794,0.184E-3,-0.4665E-2,-0.039388,,,,,,,,,,,,,,,,,,,,,,,,,,,,,3.788296141E3
4531,SXTES,INST,TP_1_2SXR,TREATY FLANGE FA,0.0,,,,,,,,,,4.0,3.798480855E3,3.788332115E3,1.087889,2.560962,0.184E-3,-0.4665E-2,-0.039388,,,,,,,,,,,,,,,,,,,,,,,,,,,,,3.788332115E3
4533,SXTES,INST,IM1K3_PPM_PGT_1,GETTER PUMP,0.0,,,,,,,,,,4.0,3.798642168E3,3.788493301E3,1.081537,2.561715,0.184E-3,-0.4665E-2,-0.039388,,,,,,,,,,,,,,,,,,,,,,,,,,,,,3.788493301E3
4535,SXTES,INST,IM1K3_PPM,PPM,0.0,,,,,,,,,,4.0,3.79894928E3,3.788800171E3,1.069444,2.563147,0.184E-3,-0.4665E-2,-0.039388,,,,,,,,,,,,,,,,,,,,,,,,,,,,,3.788800171E3
4537,SXTES,INST,BT1K3_AIR,BTM,0.0,,,,,,,,,,4.0,3.799471885E3,3.789322365E3,1.048865,2.565585,0.184E-3,-0.4665E-2,-0.039388,,,,,,,,,,,,,,,,,,,,,,,,,,,,,3.789322365E3
4539,SXTES,INST,PC1K3_L2SI_VRM_1,RIGHT ANGLE VALV,0.0,,,,,,,,,,4.0,3.801682456E3,3.791531198E3,0.96182,2.575897,0.184E-3,-0.4665E-2,-0.039388,,,,,,,,,,,,,,,,,,,,,,,,,,,,,3.791531198E3
4540,SXTES,INST,PC1K3_L2SI_GCC_1,COLD CATHODE GAU,0.0,,,,,,,,,,4.0,3.801682456E3,3.791531198E3,0.96182,2.575897,0.184E-3,-0.4665E-2,-0.039388,,,,,,,,,,,,,,,,,,,,,,,,,,,,,3.791531198E3
4541,SXTES,INST,PC1K3_L2SI_PIP_1,ION PUMP 150 L/S,0.0,,,,,,,,,,4.0,3.801682456E3,3.791531198E3,0.96182,2.575897,0.184E-3,-0.4665E-2,-0.039388,,,,,,,,,,,,,,,,,,,,,,,,,,,,,3.791531198E3
4543,SXTES,INST,PC1K3_L2SI,PHOTON COLL,0.0,,,,,,,,,,4.0,3.802147696E3,3.791996072E3,0.9435,2.578068,0.184E-3,-0.4665E-2,-0.039388,,,,,,,,,,,,,,,,,,,,,,,,,,,,,3.791996072E3
4545,SXTES,INST,BT2K3_XTES,BTM,0.0,,,,,,,,,,4.0,3.802274696E3,3.792122972E3,0.938499,2.57866,0.184E-3,-0.4665E-2,-0.039388,,,,,,,,,,,,,,,,,,,,,,,,,,,,,3.792122972E3
4547,SXTES,INST,BS1K3_XTES,BREMSS COLL,0.0,,,,,,,,,,4.0,3.802327396E3,3.79217563E3,0.936424,2.578906,0.184E-3,-0.4665E-2,-0.039388,,,,,,,,,,,,,,,,,,,,,,,,,,,,,3.79217563E3
4549,SXTES,INST,PC1K3_L2SI_VRM_2,RIGHT ANGLE VALV,0.0,,,,,,,,,,4.0,3.802725529E3,3.79257345E3,0.920747,2.580763,0.184E-3,-0.4665E-2,-0.039388,,,,,,,,,,,,,,,,,,,,,,,,,,,,,3.79257345E3
4550,SXTES,INST,PC1K3_L2SI_GBC_1,BCS VAC SENSOR,0.0,,,,,,,,,,4.0,3.802725529E3,3.79257345E3,0.920747,2.580763,0.184E-3,-0.4665E-2,-0.039388,,,,,,,,,,,,,,,,,,,,,,,,,,,,,3.79257345E3
4551,SXTES,INST,PC1K3_L2SI_GCC_2,COLD CATHODE GAU,0.0,,,,,,,,,,4.0,3.802725529E3,3.79257345E3,0.920747,2.580763,0.184E-3,-0.4665E-2,-0.039388,,,,,,,,,,,,,,,,,,,,,,,,,,,,,3.79257345E3
4552,SXTES,INST,PC1K3_L2SI_PIP_2,ION PUMP 150 L/S,0.0,,,,,,,,,,4.0,3.802725529E3,3.79257345E3,0.920747,2.580763,0.184E-3,-0.4665E-2,-0.039388,,,,,,,,,,,,,,,,,,,,,,,,,,,,,3.79257345E3
4554,SXTES,INST,PC1K3_L2SI_VGC_1,GATE VALVE,0.0,,,,,,,,,,4.0,3.802855738E3,3.792703557E3,0.915619,2.58137,0.184E-3,-0.4665E-2,-0.039388,,,,,,,,,,,,,,,,,,,,,,,,,,,,,3.792703557E3
4556,SXTES,INST,TV1K3_VRM_1,RIGHT ANGLE VALV,0.0,,,,,,,,,,4.0,3.808531283E3,3.798374639E3,0.692133,2.607846,0.184E-3,-0.4665E-2,-0.039388,,,,,,,,,,,,,,,,,,,,,,,,,,,,,3.798374639E3
4557,SXTES,INST,TV1K3_GCC_1,COLD CATHODE GAU,0.0,,,,,,,,,,4.0,3.808531283E3,3.798374639E3,0.692133,2.607846,0.184E-3,-0.4665E-2,-0.039388,,,,,,,,,,,,,,,,,,,,,,,,,,,,,3.798374639E3
4558,SXTES,INST,TV1K3_GPI_1,PIRANI GAUGE,0.0,,,,,,,,,,4.0,3.808531283E3,3.798374639E3,0.692133,2.607846,0.184E-3,-0.4665E-2,-0.039388,,,,,,,,,,,,,,,,,,,,,,,,,,,,,3.798374639E3
4559,SXTES,INST,TV1K3_PIP_1,ION PUMP 200 L/S,0.0,,,,,,,,,,4.0,3.808531283E3,3.798374639E3,0.692133,2.607846,0.184E-3,-0.4665E-2,-0.039388,,,,,,,,,,,,,,,,,,,,,,,,,,,,,3.798374639E3
4561,SXTES,INST,PC2K3_L2SI,PHOTON COLL,0.0,,,,,,,,,,4.0,3.808655743E3,3.798499001E3,0.687233,2.608427,0.184E-3,-0.4665E-2,-0.039388,,,,,,,,,,,,,,,,,,,,,,,,,,,,,3.798499001E3
4563,SXTES,INST,BT3K3_L2SI,BTM,0.0,,,,,,,,,,4.0,3.808712131E3,3.798555345E3,0.685012,2.60869,0.184E-3,-0.4665E-2,-0.039388,,,,,,,,,,,,,,,,,,,,,,,,,,,,,3.798555345E3
4565,SXTES,INST,TV1K3_VGC_1,GATE VALVE,0.0,,,,,,,,,,4.0,3.81172578E3,3.801566623E3,0.566344,2.622748,0.184E-3,-0.4665E-2,-0.039388,,,,,,,,,,,,,,,,,,,,,,,,,,,,,3.801566623E3
4567,SXTES,INST,ST1K3_PPS,STOPPER,0.0,,,,,,,,,,4.0,3.812862567E3,3.802702516E3,0.52158,2.628051,0.184E-3,-0.4665E-2,-0.039388,,,,,,,,,,,,,,,,,,,,,,,,,,,,,3.802702516E3
4568,SXTES,INST,ST1K3_PPS_GBC_1,BCS VAC SENSOR,0.0,,,,,,,,,,4.0,3.812862567E3,3.802702516E3,0.52158,2.628051,0.184E-3,-0.4665E-2,-0.039388,,,,,,,,,,,,,,,,,,,,,,,,,,,,,3.802702516E3
4570,SXTES,INST,PC3K3_L2SI,PHOTON COLL,0.0,,,,,,,,,,4.0,3.814076948E3,3.803915942E3,0.473762,2.633716,0.184E-3,-0.4665E-2,-0.039388,,,,,,,,,,,,,,,,,,,,,,,,,,,,,3.803915942E3
4572,SXTES,INST,BT4K3_XTES,BTM,0.0,,,,,,,,,,4.0,3.814203948E3,3.804042842E3,0.468761,2.634308,0.184E-3,-0.4665E-2,-0.039388,,,,,,,,,,,,,,,,,,,,,,,,,,,,,3.804042842E3
4574,SXTES,INST,BS2K3_XTES,BREMSS COLL,0.0,,,,,,,,,,4.0,3.814256648E3,3.8040955E3,0.466686,2.634554,0.184E-3,-0.4665E-2,-0.039388,,,,,,,,,,,,,,,,,,,,,,,,,,,,,3.8040955E3
4575,SXTES,INST,ENDSXTES_3,,,,,,,,,,,,4.0,3.814256648E3,3.8040955E3,0.466686,2.634554,0.184E-3,-0.4665E-2,-0.039388,,,,,,,,,,,,,,,,,,,,,,,,,,,,,3.8040955E3
4520,SXTES,INST,BEGSXTES_4,,,,,,,,,,,,4.0,3.791913969E3,3.781768183E3,1.25,2.530318,0.0,-0.4669E-2,0.0,,,,,,,,,,,,,,,,,,,,,,,,,,,,,3.781768183E3
4522,SXTES,INST,BT2K0_PLEG_TMO,BTM,0.0,,,,,,,,,,4.0,3.795844218E3,3.785698389E3,1.25,2.548667,0.0,-0.4669E-2,0.0,,,,,,,,,,,,,,,,,,,,,,,,,,,,,3.785698389E3
4524,SXTES,INST,TV3K0_VGC_1,GATE VALVE,0.0,,,,,,,,,,4.0,3.798638237E3,3.788492377E3,1.25,2.56171,0.0,-0.4669E-2,0.0,,,,,,,,,,,,,,,,,,,,,,,,,,,,,3.788492377E3
4526,SXTES,INST,TV3K0_PGT_1,GETTER PUMP,0.0,,,,,,,,,,4.0,3.799802841E3,3.789656969E3,1.25,2.567147,0.0,-0.4669E-2,0.0,,,,,,,,,,,,,,,,,,,,,,,,,,,,,3.789656969E3
4528,SXTES,INST,TV3K0_VRM_1,RIGHT ANGLE VALV,0.0,,,,,,,,,,4.0,3.801670874E3,3.791524981E3,1.25,2.575868,0.0,-0.4669E-2,0.0,,,,,,,,,,,,,,,,,,,,,,,,,,,,,3.791524981E3
4529,SXTES,INST,TV3K0_GCC_1,COLD CATHODE GAU,0.0,,,,,,,,,,4.0,3.801670874E3,3.791524981E3,1.25,2.575868,0.0,-0.4669E-2,0.0,,,,,,,,,,,,,,,,,,,,,,,,,,,,,3.791524981E3
4530,SXTES,INST,TV3K0_GPI_1,PIRANI GAUGE,0.0,,,,,,,,,,4.0,3.801670874E3,3.791524981E3,1.25,2.575868,0.0,-0.4669E-2,0.0,,,,,,,,,,,,,,,,,,,,,,,,,,,,,3.791524981E3
4531,SXTES,INST,TV3K0_PIP_1,ION PUMP 150 L/S,0.0,,,,,,,,,,4.0,3.801670874E3,3.791524981E3,1.25,2.575868,0.0,-0.4669E-2,0.0,,,,,,,,,,,,,,,,,,,,,,,,,,,,,3.791524981E3
4533,SXTES,INST,MR1K4_VGC_1,GATE VALVE,0.0,,,,,,,,,,4.0,3.802690082E3,3.792544178E3,1.25,2.580626,0.0,-0.4669E-2,0.0,,,,,,,,,,,,,,,,,,,,,,,,,,,,,3.792544178E3
4535,SXTES,INST,MR1K4_SOMS,MIRROR,0.0,0.0,,,,,,,,,4.0,3.803861969E3,3.793716053E3,1.25,2.586097,-0.112E-3,-0.4667E-2,0.024,,,,,,,,,,,,,,,,,,,,,,,,,,,,,3.793716053E3
4536,SXTES,INST,MR1K4_SOMS_GBC_1,BCS VAC SENSOR,0.0,,,,,,,,,,4.0,3.803861969E3,3.793716053E3,1.25,2.586097,-0.112E-3,-0.4667E-2,0.024,,,,,,,,,,,,,,,,,,,,,,,,,,,,,3.793716053E3
4538,SXTES,INST,PC1K4_SSA,SINGLE SLIT ABSO,0.0,,,,,,,,,,4.0,3.80484369E3,3.794697481E3,1.273559,2.590679,-0.112E-3,-0.4667E-2,0.024,,,,,,,,,,,,,,,,,,,,,,,,,,,,,3.794697481E3
4540,SXTES,INST,BT1K4_L2SI,BTM,0.0,,,,,,,,,,4.0,3.80522309E3,3.795076767E3,1.282664,2.59245,-0.112E-3,-0.4667E-2,0.024,,,,,,,,,,,,,,,,,,,,,,,,,,,,,3.795076767E3
4542,SXTES,INST,TV1K4_VGC_1,GATE VALVE,0.0,,,,,,,,,,4.0,3.805285428E3,3.795139086E3,1.28416,2.592741,-0.112E-3,-0.4667E-2,0.024,,,,,,,,,,,,,,,,,,,,,,,,,,,,,3.795139086E3
4544,SXTES,INST,TV1K4_VFS_1,FAST VALVE SHUTT,0.0,,,,,,,,,,4.0,3.805424003E3,3.79527762E3,1.287485,2.593388,-0.112E-3,-0.4667E-2,0.024,,,,,,,,,,,,,,,,,,,,,,,,,,,,,3.79527762E3
4546,SXTES,INST,TV1K4_VRM_1,RIGHT ANGLE VALV,0.0,,,,,,,,,,4.0,3.80555884E3,3.795412417E3,1.290721,2.594017,-0.112E-3,-0.4667E-2,0.024,,,,,,,,,,,,,,,,,,,,,,,,,,,,,3.795412417E3
4547,SXTES,INST,TV1K4_GCC_1,COLD CATHODE GAU,0.0,,,,,,,,,,4.0,3.80555884E3,3.795412417E3,1.290721,2.594017,-0.112E-3,-0.4667E-2,0.024,,,,,,,,,,,,,,,,,,,,,,,,,,,,,3.795412417E3
4548,SXTES,INST,TV1K4_GPI_1,PIRANI GAUGE,0.0,,,,,,,,,,4.0,3.80555884E3,3.795412417E3,1.290721,2.594017,-0.112E-3,-0.4667E-2,0.024,,,,,,,,,,,,,,,,,,,,,,,,,,,,,3.795412417E3
4550,SXTES,INST,ND2S,NEUTRON DETECTOR,0.0,,,,,,,,,,4.0,3.805642003E3,3.795495554E3,1.292717,2.594405,-0.112E-3,-0.4667E-2,0.024,,,,,,,,,,,,,,,,,,,,,,,,,,,,,3.795495554E3
4552,*SXTES,INST,AT1K4_SOLID,PULSE SELECT/,0.0,,,,,,,,,,4.0,3.806142626E3,3.795996028E3,1.304731,2.596742,-0.112E-3,-0.4667E-2,0.024,,,,,,,,,,,,,,,,,,,,,,,,,,,,,3.795996028E3
4554,SXTES,INST,TV1K4_VGC_2,GATE VALVE,0.0,,,,,,,,,,4.0,3.806812316E3,3.796665518E3,1.320802,2.599867,-0.112E-3,-0.4667E-2,0.024,,,,,,,,,,,,,,,,,,,,,,,,,,,,,3.796665518E3
4556,SXTES,INST,PC2K4_XTES,PHOTON COLL,0.0,,,,,,,,,,4.0,3.8080154E3,3.797868242E3,1.349673,2.605482,-0.112E-3,-0.4667E-2,0.024,,,,,,,,,,,,,,,,,,,,,,,,,,,,,3.797868242E3
4558,SXTES,INST,BT2K4_XTES,BTM,0.0,,,,,,,,,,4.0,3.808141039E3,3.797993843E3,1.352688,2.606068,-0.112E-3,-0.4667E-2,0.024,,,,,,,,,,,,,,,,,,,,,,,,,,,,,3.797993843E3
4560,SXTES,INST,BS1K4_XTES,BREMSS COLL,0.0,,,,,,,,,,4.0,3.808190583E3,3.798043373E3,1.353877,2.6063,-0.112E-3,-0.4667E-2,0.024,,,,,,,,,,,,,,,,,,,,,,,,,,,,,3.798043373E3
4562,SXTES,INST,IM1K4_XTES,IMAGER,0.0,,,,,,,,,,4.0,3.808490305E3,3.798343005E3,1.361069,2.607699,-0.112E-3,-0.4667E-2,0.024,,,,,,,,,,,,,,,,,,,,,,,,,,,,,3.798343005E3
4564,SXTES,INST,ST1K4_TEST,STOPPER,0.0,,,,,,,,,,4.0,3.808903055E3,3.798755632E3,1.370974,2.609625,-0.112E-3,-0.4667E-2,0.024,,,,,,,,,,,,,,,,,,,,,,,,,,,,,3.798755632E3
4566,*SXTES,INST,SP1K4,MONOCHROMATOR,0.0,,,,,,,,,,4.0,3.809798307E3,3.799650616E3,1.392458,2.613803,-0.112E-3,-0.4667E-2,0.024,,,,,,,,,,,,,,,,,,,,,,,,,,,,,3.799650616E3
4568,SXTES,INST,LUSI,LUSI,0.0,,,,,,,,,,4.0,3.809986733E3,3.799838986E3,1.39698,2.614683,-0.112E-3,-0.4667E-2,0.024,,,,,,,,,,,,,,,,,,,,,,,,,,,,,3.799838986E3
4570,SXTES,INST,PC3K4_XTES,PHOTON COLL,0.0,,,,,,,,,,4.0,3.811019125E3,3.80087107E3,1.421755,2.619501,-0.112E-3,-0.4667E-2,0.024,,,,,,,,,,,,,,,,,,,,,,,,,,,,,3.80087107E3
4572,SXTES,INST,ST2K4_BCS,STOPPER,0.0,,,,,,,,,,4.0,3.811420804E3,3.801272628E3,1.431395,2.621376,-0.112E-3,-0.4667E-2,0.024,,,,,,,,,,,,,,,,,,,,,,,,,,,,,3.801272628E3
4574,SXTES,INST,ST3K4_PPS,STOPPER,0.0,,,,,,,,,,4.0,3.812152357E3,3.802003963E3,1.44895,2.62479,-0.112E-3,-0.4667E-2,0.024,,,,,,,,,,,,,,,,,,,,,,,,,,,,,3.802003963E3
4575,SXTES,INST,ST3K4_PPS_GBC_1,BCS VAC SENSOR,0.0,,,,,,,,,,4.0,3.812152357E3,3.802003963E3,1.44895,2.62479,-0.112E-3,-0.4667E-2,0.024,,,,,,,,,,,,,,,,,,,,,,,,,,,,,3.802003963E3
4577,SXTES,INST,ST3K4_PPS_VGC_1,GATE VALVE,0.0,,,,,,,,,,4.0,3.812613377E3,3.802464845E3,1.460014,2.626942,-0.112E-3,-0.4667E-2,0.024,,,,,,,,,,,,,,,,,,,,,,,,,,,,,3.802464845E3
4579,SXTES,INST,AL1K4_L2SI,LASER,0.0,,,,,,,,,,4.0,3.813018115E3,3.802869462E3,1.469726,2.628831,-0.112E-3,-0.4667E-2,0.024,,,,,,,,,,,,,,,,,,,,,,,,,,,,,3.802869462E3
4581,SXTES,INST,SL1K4_SCATTER,SLIT,0.0,,,,,,,,,,4.0,3.813245672E3,3.803096951E3,1.475187,2.629893,-0.112E-3,-0.4667E-2,0.024,,,,,,,,,,,,,,,,,,,,,,,,,,,,,3.803096951E3
4583,SXTES,INST,IM2K4_PPM,PPM,0.0,,,,,,,,,,4.0,3.813465698E3,3.803316912E3,1.480467,2.630919,-0.112E-3,-0.4667E-2,0.024,,,,,,,,,,,,,,,,,,,,,,,,,,,,,3.803316912E3
4585,SXTES,INST,IM2K4_XTES_VRM_1,RIGHT ANGLE VALV,0.0,,,,,,,,,,4.0,3.813742815E3,3.803593945E3,1.487118,2.632213,-0.112E-3,-0.4667E-2,0.024,,,,,,,,,,,,,,,,,,,,,,,,,,,,,3.803593945E3
4586,SXTES,INST,PC4K4_XTES_GCC_1,COLD CATHODE GAU,0.0,,,,,,,,,,4.0,3.813742815E3,3.803593945E3,1.487118,2.632213,-0.112E-3,-0.4667E-2,0.024,,,,,,,,,,,,,,,,,,,,,,,,,,,,,3.803593945E3
4587,SXTES,INST,PC4K4_XTES_GPI_1,PIRANI GAUGE,0.0,,,,,,,,,,4.0,3.813742815E3,3.803593945E3,1.487118,2.632213,-0.112E-3,-0.4667E-2,0.024,,,,,,,,,,,,,,,,,,,,,,,,,,,,,3.803593945E3
4588,SXTES,INST,PC4K4_XTES_PIP_1,ION PUMP 80 L/S,0.0,,,,,,,,,,4.0,3.813742815E3,3.803593945E3,1.487118,2.632213,-0.112E-3,-0.4667E-2,0.024,,,,,,,,,,,,,,,,,,,,,,,,,,,,,3.803593945E3
4590,SXTES,INST,PC4K4_XTES,PHOTON COLL,0.0,,,,,,,,,,4.0,3.814073776E3,3.803924807E3,1.49506,2.633757,-0.112E-3,-0.4667E-2,0.024,,,,,,,,,,,,,,,,,,,,,,,,,,,,,3.803924807E3
4592,SXTES,INST,BT3K4_XTES,BTM,0.0,,,,,,,,,,4.0,3.814196218E3,3.804047213E3,1.497998,2.634329,-0.112E-3,-0.4667E-2,0.024,,,,,,,,,,,,,,,,,,,,,,,,,,,,,3.804047213E3
4594,SXTES,INST,BS2K4_XTES,BREMSS COLL,0.0,,,,,,,,,,4.0,3.814248923E3,3.804099902E3,1.499263,2.634575,-0.112E-3,-0.4667E-2,0.024,,,,,,,,,,,,,,,,,,,,,,,,,,,,,3.804099902E3
4596,SXTES,INST,TP_WALL2E,EAST WALL,0.0,,,,,,,,,,4.0,3.814505034E3,3.804355937E3,1.505409,2.63577,-0.112E-3,-0.4667E-2,0.024,,,,,,,,,,,,,,,,,,,,,,,,,,,,,3.804355937E3
4598,SXTES,INST,TP_WALL2W,WEST WALL,0.0,,,,,,,,,,4.0,3.81643559E3,3.806285916E3,1.551738,2.64478,-0.112E-3,-0.4667E-2,0.024,,,,,,,,,,,,,,,,,,,,,,,,,,,,,3.806285916E3
4599,SXTES,INST,ENDSXTES_4,,,,,,,,,,,,4.0,3.81643559E3,3.806285916E3,1.551738,2.64478,-0.112E-3,-0.4667E-2,0.024,,,,,,,,,,,,,,,,,,,,,,,,,,,,,3.806285916E3
2793,SPH,INST,BEGSPH,,,,,,,,,,,,4.0,2.790394159E3,2.780276003E3,-0.650494,0.649478,0.0,0.0,0.0,,,,,,,,,,,,,,,,,,,,,,,,,,,,,2.780276003E3
2794,*SPH,KICK,BKYSP0H,0.787K35.4,1.0,0.02,0.0,0.0,,90.000000011752,0.0,0.0,,,4.0,2.790894159E3,2.780776003E3,-0.650494,0.649478,0.0,0.0,0.0,,,,,,1.0,0.5,0.0,0.0,0.0,0.0,,,,2.780776003E3,-0.650494,0.649678,0.0,0.0,0.0,,,,,,,,,2.780776003E3
2797,SPH,KICK,BKYSP1H,0.787K35.4,1.0,0.02,-0.014323943687,0.0,,90.000000011752,0.0,-0.014323943687,,,4.0,2.792194159E3,2.782076003E3,-0.650494,0.649509,0.0,-0.125E-3,0.0,,,,,,1.0,0.5,-0.033356406472,0.333564064724E-2,0.0,0.0,,,,2.782076003E3,-0.650494,0.649678,0.0,0.0,0.0,,,,,,,,,2.782076003E3
2800,SPH,KICK,BKYSP2H,0.787K35.4,1.0,0.02,-0.01432394458,0.0,,90.000000011752,0.014323943687,-0.028647888267,,,4.0,2.793494159E3,2.783376003E3,-0.650494,0.649834,0.0,-0.375E-3,0.0,,,,,,1.0,0.5,-0.033356408554,0.333564085538E-2,0.0,0.0,,,,2.783376003E3,-0.650494,0.649678,0.0,0.0,0.0,,,,,,,,,2.783376003E3
2803,SPH,KICK,BKYSP3H,0.787K35.4,1.0,0.02,-0.014323946368,0.0,,90.000000011752,0.028647888267,-0.042971834635,,,4.0,2.794794159E3,2.784676003E3,-0.650494,0.650484,0.0,-0.625E-3,0.0,,,,,,1.0,0.5,-0.033356412717,0.333564127167E-2,0.0,0.0,,,,2.784676003E3,-0.650494,0.649678,0.0,0.0,0.0,,,,,,,,,2.784676003E3
2806,*SPH,KICK,BKYSP4H,0.787K35.4,1.0,0.02,0.0,0.0,,90.000000011752,0.0,0.0,,,4.0,2.796094159E3,2.785976003E3,-0.650494,0.651428,0.0,-0.75E-3,0.0,,,,,,1.0,0.5,0.0,0.0,0.0,0.0,,,,2.785976003E3,-0.650494,0.649678,0.0,0.0,0.0,,,,,,,,,2.785976003E3
2809,*SPH,KICK,BKYSP5H,1.378K35.4,1.0,0.035,0.0,0.0,,90.000000011752,0.0,0.0,,,4.0,2.79739416E3,2.787276003E3,-0.650494,0.652403,0.0,-0.75E-3,0.0,,,,,,1.0,0.5,0.0,0.0,0.0,0.0,,,,2.787276003E3,-0.650494,0.649678,0.0,0.0,0.0,,,,,,,,,2.787276003E3
2812,SPH,BPM,BPMSPH?,Stripline-5,0.0,,,,,,,,,,4.0,2.800098788E3,2.78998063E3,-0.650494,0.654431,0.0,-0.75E-3,0.0,,,,,,,,,,,,,,,,,,,,,,,,,,,,,2.78998063E3
2814,SPH,SEPT,BLXSPH,0.625SD38.98,1.000006,0.0159,-0.316715238496,0.0,,0.0,0.0,-0.316715238554,,,4.0,2.813494165E3,2.803376003E3,-0.649803,0.664478,-0.2E-5,-0.75E-3,0.2764E-2,,,,,,1.0,0.5,-0.73754005618,0.073753563097,0.0,0.0,,,,2.803376003E3,-0.650494,0.645478,0.0,0.0,0.0,,,,,,,,,2.803376003E3
2816,SPH,MARK,ROSP1H,,0.0,,0.237535263748E-3,,,,,,,,4.0,2.81399417E3,2.803876003E3,-0.64773,0.664853,-0.2E-5,-0.75E-3,0.5528E-2,,,,,,,,,,,,,,,,,,,,,,,,,,,,,2.803876003E3
2818,SPH,BEND,BYSP1H,1.0D22.625,0.6,0.0254,0.255216071977,0.0,,90.000000011752,0.127608035988,0.127608035988,,,4.0,2.845849669E3,2.835731007E3,-0.471643,0.68841,0.0,0.1477E-2,0.5528E-2,,,,,,0.599999503967,0.4725,0.594325921789,-0.099054320298,0.0,0.0,,,,2.835731007E3,-0.471643,0.688243,1.570796,0.1477E-2,0.5528E-2,,,,,,,,,2.835731007E3
2821,SPH,BEND,BYSP2H,1.0D22.625,0.6,0.0254,-0.212244893952,0.0,,90.000000011752,-0.106122446976,-0.106122446976,,,4.0,2.856449669E3,2.846330774E3,-0.413049,0.649756,0.0,0.1852E-2,0.5528E-2,,,,,,0.599999656941,0.4725,-0.494258223103,0.082376370517,0.0,0.0,,,,2.846330775E3,-0.413049,0.649895,1.570796,0.1852E-2,0.5528E-2,,,,,,,,,2.846330774E3
2823,SPH,MARK,CNTSP1H,CENTER,,,,,,,,,,,4.0,2.85674967E3,2.84663077E3,-0.411391,0.649478,0.0,0.0,0.5528E-2,,,,,,,,,,,,,,,,,,,,,,,,,,,,,2.84663077E3
2825,SPH,QUAD,QSP1H,2Q10,0.263,0.0514,,0.4923244467,,0.0,,,,,4.0,2.85740967E3,2.84729076E3,-0.407743,0.649478,0.0,0.0,0.5528E-2,,,,,,,,,,17.276128864527,-6.568870290695,,,,,,,,,,,,,,,,,,2.84729076E3
2828,*SPH,SEXT,SSP1H,1.38S3.00,0.1,0.035052,,,-20.98088664,15.249352739369,,,,,4.0,2.857735515E3,2.8476166E3,-0.405942,0.649478,0.0,0.0,0.5528E-2,,,,,,,,,,-2.799388164568E2,2.799388164568E2,,,,,,,,,,,,,,,,,,2.8476166E3
2831,SPH,BPM,BPMSP1H,Stripline-5,0.0,,,,,,,,,,4.0,2.858242323E3,2.8481234E3,-0.40314,0.649478,0.0,0.0,0.5528E-2,,,,,,,,,,,,,,,,,,,,,,,,,,,,,2.8481234E3
2833,SPH,XCOR,XCSP1H,class-4,0.0,,,,,,,,,,4.0,2.858879032E3,2.8487601E3,-0.399621,0.649478,0.0,0.0,0.5528E-2,,,,,,,,,,,,,,,,,,,,,,,,,,,,,2.8487601E3
2836,SPH,QUAD,QSP2H,1.085Q4.31,0.1068,0.027559,,-1.001967523,,0.0,,,,,4.0,2.86225567E3,2.852136686E3,-0.380956,0.649478,0.0,0.0,0.5528E-2,,,,,,,,,,-14.277894954008,13.368815500008,,,,,,,,,,,,,,,,,,2.852136686E3
2837,SPH,BPM,BPMSP2H,Stripline-2,0.0,,,,,,,,,,4.0,2.86225567E3,2.852136686E3,-0.380956,0.649478,0.0,0.0,0.5528E-2,,,,,,,,,,,,,,,,,,,,,,,,,,,,,2.852136686E3
2840,SPH,YCOR,YCSP2H,class-4,0.0,,,,,,,,,,4.0,2.86270907E3,2.852590079E3,-0.378449,0.649478,0.0,0.0,0.5528E-2,,,,,,,,,,,,,,,,,,,,,,,,,,,,,2.852590079E3
2842,SPH,IMON,IMSP0H,ICT,0.0,,,,,,,,,,4.0,2.871487756E3,2.861368631E3,-0.329923,0.649478,0.0,0.0,0.5528E-2,,,,,,,,,,,,,,,,,,,,,,,,,,,,,2.861368631E3
2844,SPH,BEND,BRSP1H,1.0D38.37,1.000002,0.0254,0.372702197856,0.0,,31.812480611641,0.186351098928,0.186351098928,,,4.0,2.872333756E3,2.862214621E3,-0.325938,0.649049,-0.2E-5,0.1714E-2,0.2764E-2,,,,,,1.000000236936,0.4861,0.867917821858,-0.086791608603,0.0,0.0,,,,2.862214622E3,-0.326283,0.648835,0.555233,0.1714E-2,0.2764E-2,,,,,,,,,2.862214621E3
2846,SPH,MARK,ROSP2H,,0.0,,0.543005779292E-3,,,,,,,,4.0,2.872833757E3,2.86271462E3,-0.325247,0.647764,-0.5E-5,0.3429E-2,0.0,,,,,,,,,,,,,,,,,,,,,,,,,,,,,2.86271462E3
2849,SPH,XCOR,XCSP3H,class-4,0.0,,,,,,,,,,4.0,2.886619218E3,2.8765E3,-0.325247,0.600494,0.0,0.3429E-2,0.0,,,,,,,,,,,,,,,,,,,,,,,,,,,,,2.8765E3
2851,*SPH,SEXT,SSP2H,1.38S3.00,0.1,0.035052,,,22.59751371,17.803041268285,,,,,4.0,2.887134221E3,2.877015E3,-0.325247,0.598728,0.0,0.3429E-2,0.0,,,,,,,,,,3.015087661158E2,-3.015087661158E2,,,,,,,,,,,,,,,,,,2.877015E3
2854,SPH,QUAD,QSP3H,1.26Q12,0.32,0.032,,0.30476906,,0.0,,,,,4.0,2.887578757E3,2.877459533E3,-0.325247,0.597203,0.0,0.3429E-2,0.0,,,,,,,,,,13.012481908959,-4.06640059655,,,,,,,,,,,,,,,,,,2.877459533E3
2857,SPH,BPM,BPMSP3H,Stripline-5,0.0,,,,,,,,,,4.0,2.888383957E3,2.878264728E3,-0.325247,0.594442,0.0,0.3429E-2,0.0,,,,,,,,,,,,,,,,,,,,,,,,,,,,,2.878264728E3
2859,SPH,YCOR,YCSP4H,class-4,0.0,,,,,,,,,,4.0,2.896168557E3,2.886049282E3,-0.325247,0.567749,0.0,0.3429E-2,0.0,,,,,,,,,,,,,,,,,,,,,,,,,,,,,2.886049282E3
2861,SPH,QUAD,QSP4H,2Q10,0.263,0.0514,,-0.3000339744,,0.0,,,,,4.0,2.896661757E3,2.886542479E3,-0.325247,0.566058,0.0,0.3429E-2,0.0,,,,,,,,,,-10.528474952269,4.003222415311,,,,,,,,,,,,,,,,,,2.886542479E3
2864,SPH,BPM,BPMSP4H,Stripline-5,0.0,,,,,,,,,,4.0,2.897240357E3,2.887121076E3,-0.325247,0.564074,0.0,0.3429E-2,0.0,,,,,,,,,,,,,,,,,,,,,,,,,,,,,2.887121076E3
2866,SPH,XCOR,XCSP5H,class-4,0.0,,,,,,,,,,4.0,2.918227451E3,2.908108047E3,-0.325247,0.49211,0.0,0.3429E-2,0.0,,,,,,,,,,,,,,,,,,,,,,,,,,,,,2.908108047E3
2868,SPH,QUAD,QSP5H,2Q10,0.263,0.0514,,0.1792670689,,0.0,,,,,4.0,2.918720651E3,2.908601244E3,-0.325247,0.490419,0.0,0.3429E-2,0.0,,,,,,,,,,6.290650412023,-2.39188228594,,,,,,,,,,,,,,,,,,2.908601244E3
2871,SPH,BPM,BPMSP5H,Stripline-5,0.0,,,,,,,,,,4.0,2.919299251E3,2.909179841E3,-0.325247,0.488435,0.0,0.3429E-2,0.0,,,,,,,,,,,,,,,,,,,,,,,,,,,,,2.909179841E3
2873,SPH,YCOR,YCSP6H,class-4,0.0,,,,,,,,,,4.0,2.942286345E3,2.9321668E3,-0.325247,0.409613,0.0,0.3429E-2,0.0,,,,,,,,,,,,,,,,,,,,,,,,,,,,,2.9321668E3
2875,SPH,QUAD,QSP6H,2Q10,0.263,0.0514,,-0.2227268061,,0.0,,,,,4.0,2.942779545E3,2.932659997E3,-0.325247,0.407922,0.0,0.3429E-2,0.0,,,,,,,,,,-7.815693552412,2.971746597875,,,,,,,,,,,,,,,,,,2.932659997E3
2878,SPH,BPM,BPMSP6H,Stripline-5,0.0,,,,,,,,,,4.0,2.943358145E3,2.933238593E3,-0.325247,0.405938,0.0,0.3429E-2,0.0,,,,,,,,,,,,,,,,,,,,,,,,,,,,,2.933238593E3
2885,SPH,QUAD,QSP7H,1.085Q4.31,0.1068,0.027559,,0.44843448,,0.0,,,,,4.0,2.96703844E3,2.956918748E3,-0.325247,0.324739,0.0,0.3429E-2,0.0,,,,,,,,,,6.39012767602,-5.983265614251,,,,,,,,,,,,,,,,,,2.956918748E3
2886,SPH,BPM,BPMSP7H,Stripline-2,0.0,,,,,,,,,,4.0,2.96703844E3,2.956918748E3,-0.325247,0.324739,0.0,0.3429E-2,0.0,,,,,,,,,,,,,,,,,,,,,,,,,,,,,2.956918748E3
2889,SPH,XCOR,XCSP7H,class-4,0.0,,,,,,,,,,4.0,2.96749184E3,2.957372146E3,-0.325247,0.323184,0.0,0.3429E-2,0.0,,,,,,,,,,,,,,,,,,,,,,,,,,,,,2.957372146E3
2892,*SPH,ACM,IMBCSH1,BCS ACM,0.0,,,,,,,,,,4.0,2.985846862E3,2.97572706E3,-0.325247,0.260246,0.0,0.3429E-2,0.0,,,,,,,,,,,,,,,,,,,,,,,,,,,,,2.97572706E3
2894,*SPH,ACM,IMBCSH2,BCS ACM,0.0,,,,,,,,,,4.0,2.986152934E3,2.97603313E3,-0.325247,0.259196,0.0,0.3429E-2,0.0,,,,,,,,,,,,,,,,,,,,,,,,,,,,,2.97603313E3
2896,SPH,YCOR,YCSP8H,class-4,0.0,,,,,,,,,,4.0,2.990804134E3,2.980684303E3,-0.325247,0.243247,0.0,0.3429E-2,0.0,,,,,,,,,,,,,,,,,,,,,,,,,,,,,2.980684303E3
2898,SPH,QUAD,QSP8H,2Q10,0.263,0.0514,,-0.2227268061,,0.0,,,,,4.0,2.991297334E3,2.9811775E3,-0.325247,0.241556,0.0,0.3429E-2,0.0,,,,,,,,,,-7.815693552412,2.971746597875,,,,,,,,,,,,,,,,,,2.9811775E3
2901,SPH,BPM,BPMSP8H,Stripline-5,0.0,,,,,,,,,,4.0,2.991875934E3,2.981756097E3,-0.325247,0.239572,0.0,0.3429E-2,0.0,,,,,,,,,,,,,,,,,,,,,,,,,,,,,2.981756097E3
2904,SPH,QUAD,QSP9H,2Q10,0.263,0.0514,,0.1792670689,,0.0,,,,,4.0,3.015356228E3,3.005236253E3,-0.325247,0.159059,0.0,0.3429E-2,0.0,,,,,,,,,,6.290650412023,-2.39188228594,,,,,,,,,,,,,,,,,,3.005236253E3
2907,SPH,BPM,BPMSP9H,Stripline-5,0.0,,,,,,,,,,4.0,3.015935228E3,3.005815249E3,-0.325247,0.157074,0.0,0.3429E-2,0.0,,,,,,,,,,,,,,,,,,,,,,,,,,,,,3.005815249E3
2909,SPH,XCOR,XCSP9H,class-4,0.0,,,,,,,,,,4.0,3.016579228E3,3.006459246E3,-0.325247,0.154865,0.0,0.3429E-2,0.0,,,,,,,,,,,,,,,,,,,,,,,,,,,,,3.006459246E3
2911,SPH,BPM,BPMSP10H,Stripline-5,0.0,,,,,,,,,,4.0,3.036193122E3,3.026073025E3,-0.325247,0.08761,0.0,0.3429E-2,0.0,,,,,,,,,,,,,,,,,,,,,,,,,,,,,3.026073025E3
2913,SPH,YCOR,YCSP10H,class-4,0.0,,,,,,,,,,4.0,3.036952122E3,3.02683202E3,-0.325247,0.085007,0.0,0.3429E-2,0.0,,,,,,,,,,,,,,,,,,,,,,,,,,,,,3.02683202E3
2915,SPH,QUAD,QSP10H,2Q10,0.263,0.0514,,-0.3000339744,,0.0,,,,,4.0,3.037415122E3,3.027295017E3,-0.325247,0.08342,0.0,0.3429E-2,0.0,,,,,,,,,,-10.528474952269,4.003222415311,,,,,,,,,,,,,,,,,,3.027295017E3
2918,SPH,XCOR,XCSP11H,class-4,0.0,,,,,,,,,,4.0,3.044700122E3,3.034579975E3,-0.325247,0.05844,0.0,0.3429E-2,0.0,,,,,,,,,,,,,,,,,,,,,,,,,,,,,3.034579975E3
2920,SPH,BPM,BPMSP11H,Stripline-5,0.0,,,,,,,,,,4.0,3.045478122E3,3.03535797E3,-0.325247,0.055772,0.0,0.3429E-2,0.0,,,,,,,,,,,,,,,,,,,,,,,,,,,,,3.03535797E3
2922,SPH,QUAD,QSP11H,1.26Q12,0.32,0.032,,0.30476906,,0.0,,,,,4.0,3.046498122E3,3.036377964E3,-0.325247,0.052275,0.0,0.3429E-2,0.0,,,,,,,,,,13.012481908959,-4.06640059655,,,,,,,,,,,,,,,,,,3.036377964E3
2925,SPH,MARK,WOODDOOR_SPH,,,,,,,,,,,,4.0,3.060632241E3,3.050512E3,-0.325247,0.3809E-2,0.0,0.3429E-2,0.0,,,,,,,,,,,,,,,,,,,,,,,,,,,,,3.050512E3
2926,SPH,INST,ENDSPH,,,,,,,,,,,,4.0,3.060632241E3,3.050512E3,-0.325247,0.3809E-2,0.0,0.3429E-2,0.0,,,,,,,,,,,,,,,,,,,,,,,,,,,,,3.050512E3
2927,SLTH,INST,BEGSLTH,,,,,,,,,,,,4.0,3.060632241E3,3.050512E3,-0.325247,0.3809E-2,0.0,0.3429E-2,0.0,,,,,,,,,,,,,,,,,,,,,,,,,,,,,3.050512E3
2929,SLTH,MARK,ROSP3H,,0.0,,-0.543005779292E-3,,,,,,,,4.0,3.061243122E3,3.051122877E3,-0.325247,0.1714E-2,-0.5E-5,0.3429E-2,0.0,,,,,,,,,,,,,,,,,,,,,,,,,,,,,3.051122877E3
2930,SLTH,BEND,BRSP2H,1.0D38.37,1.000002,0.0254,-0.372702197856,0.0,,31.812480611641,-0.186351098928,-0.186351098928,,,4.0,3.061743123E3,3.051622876E3,-0.324556,0.429E-3,-0.2E-5,0.1714E-2,0.2764E-2,,,,,,1.000000236936,0.4861,-0.867917821858,0.086791608603,0.0,0.0,,,,3.051622875E3,-0.324211,0.643E-3,0.555233,0.1714E-2,0.2764E-2,,,,,,,,,3.051622876E3
2932,SLTH,MARK,CNTSP2H,CENTER,,,,,,,,,,,4.0,3.062243124E3,3.052122872E3,-0.322483,0.0,0.0,0.0,0.5528E-2,,,,,,,,,,,,,,,,,,,,,,,,,,,,,3.052122872E3
2937,SLTH,QUAD,QSP12H,1.085Q4.31,0.1068,0.027559,,-1.001082746,,0.0,,,,,4.0,3.07182121E3,3.061700811E3,-0.269538,0.0,0.0,0.0,0.5528E-2,,,,,,,,,,-14.265287007369,13.357010306526,,,,,,,,,,,,,,,,,,3.061700811E3
2938,SLTH,BPM,BPMSP12H,Stripline-2,0.0,,,,,,,,,,4.0,3.07182121E3,3.061700811E3,-0.269538,0.0,0.0,0.0,0.5528E-2,,,,,,,,,,,,,,,,,,,,,,,,,,,,,3.061700811E3
2941,SLTH,YCOR,YCSP12H,class-4,0.0,,,,,,,,,,4.0,3.07227461E3,3.062154204E3,-0.267032,0.0,0.0,0.0,0.5528E-2,,,,,,,,,,,,,,,,,,,,,,,,,,,,,3.062154204E3
2943,SLTH,XCOR,XCSP13H,class-4,0.0,,,,,,,,,,4.0,3.07617401E3,3.066053545E3,-0.245477,0.0,0.0,0.0,0.5528E-2,,,,,,,,,,,,,,,,,,,,,,,,,,,,,3.066053545E3
2945,SLTH,QUAD,QSP13H,2Q10,0.263,0.0514,,0.4923244467,,0.0,,,,,4.0,3.07666721E3,3.066546737E3,-0.242751,0.0,0.0,0.0,0.5528E-2,,,,,,,,,,17.276128864527,-6.568870290695,,,,,,,,,,,,,,,,,,3.066546737E3
2948,SLTH,BPM,BPMSP13H,Stripline-5,0.0,,,,,,,,,,4.0,3.07724581E3,3.067125328E3,-0.239553,0.0,0.0,0.0,0.5528E-2,,,,,,,,,,,,,,,,,,,,,,,,,,,,,3.067125328E3
2950,SLTH,BEND,BXSP1H,1.0D38.37,1.000002,0.0254,0.316715327591,0.0,,0.0,0.158357663796,0.158357663796,,,4.0,3.120582632E3,3.110461492E3,-0.691E-3,0.0,0.0,0.0,0.2764E-2,,,,,,1.000000726842,0.4861,0.737540263657,-0.073753878858,0.0,0.0,,,,3.110461493E3,-0.1036E-2,0.0,0.0,0.0,0.2764E-2,,,,,,,,,3.110461492E3
2952,SLTH,MARK,CNTSP3H,CENTER,,,,,,,,,,,4.0,3.121082633E3,3.110961492E3,0.0,0.0,0.0,0.0,0.0,,,,,,,,,,,,,,,,,,,,,,,,,,,,,3.110961492E3
2953,SLTH,INST,ENDSLTH,,,,,,,,,,,,4.0,3.121082633E3,3.110961492E3,0.0,0.0,0.0,0.0,0.0,,,,,,,,,,,,,,,,,,,,,,,,,,,,,3.110961492E3
2833,SPD,INST,BEGSPD_2,,,,,,,,,,,,4.0,2.877570159E3,2.867452003E3,-0.650494,0.649478,0.0,0.0,0.0,,,,,,,,,,,,,,,,,,,,,,,,,,,,,2.867452003E3
2852,SPD,BPM,BPMSPS,Stripline-5,0.0,,,,,,,,,,4.0,2.887296322E3,2.877178166E3,-0.650494,0.649478,0.0,0.0,0.0,,,,,,,,,,,,,,,,,,,,,,,,,,,,,2.877178166E3
2857,*SPD,YCOR,YCSP0D,Bypass#3,0.0,,,,,,,,,,4.0,2.913203856E3,2.9030857E3,-0.650494,0.649478,0.0,0.0,0.0,,,,,,,,,,,,,,,,,,,,,,,,,,,,,2.9030857E3
2859,*SPD,XCOR,XCSP0D,Bypass#3,0.0,,,,,,,,,,4.0,2.913432456E3,2.9033143E3,-0.650494,0.649478,0.0,0.0,0.0,,,,,,,,,,,,,,,,,,,,,,,,,,,,,2.9033143E3
2861,SPD,MARK,MRFBSP1D,,,,,,,,,,,,4.0,2.917713159E3,2.907595003E3,-0.650494,0.649478,0.0,0.0,0.0,,,,,,,,,,,,,,,,,,,,,,,,,,,,,2.907595003E3
2863,SPD,BPM,BPMSP1D,Stripline-5,0.0,,,,,,,,,,4.0,2.919713159E3,2.909595003E3,-0.650494,0.649478,0.0,0.0,0.0,,,,,,,,,,,,,,,,,,,,,,,,,,,,,2.909595003E3
2865,SPD,INST,ENDSPD_2,,,,,,,,,,,,4.0,2.921370159E3,2.911252003E3,-0.650494,0.649478,0.0,0.0,0.0,,,,,,,,,,,,,,,,,,,,,,,,,,,,,2.911252003E3
2866,SPD,INST,BEGSPD_3,,,,,,,,,,,,4.0,2.921370159E3,2.911252003E3,-0.650494,0.649478,0.0,0.0,0.0,,,,,,,,,,,,,,,,,,,,,,,,,,,,,2.911252003E3
2886,SPD,BPM,BPMDAS,Stripline-5,0.0,,,,,,,,,,4.0,2.934015159E3,2.923897003E3,-0.650494,0.649478,0.0,0.0,0.0,,,,,,,,,,,,,,,,,,,,,,,,,,,,,2.923897003E3
2891,SPD,XCOR,XCSP1D,class-4,0.0,,,,,,,,,,4.0,2.968674759E3,2.958556603E3,-0.650494,0.649478,0.0,0.0,0.0,,,,,,,,,,,,,,,,,,,,,,,,,,,,,2.958556603E3
2893,SPD,QUAD,QSP1D,2Q10,0.263,0.0514,,-0.2580271724,,0.0,,,,,4.0,2.969625159E3,2.959507003E3,-0.650494,0.649478,0.0,0.0,0.0,,,,,,,,,,-9.054416677481,3.442743983833,,,,,,,,,,,,,,,,,,2.959507003E3
2897,SPD,IMON,IMSP0D,ICT,0.0,,,,,,,,,,4.0,2.970827159E3,2.960709003E3,-0.650494,0.649478,0.0,0.0,0.0,,,,,,,,,,,,,,,,,,,,,,,,,,,,,2.960709003E3
2899,SPD,MARK,MRFBSP2D,,,,,,,,,,,,4.0,2.972261561E3,2.962143405E3,-0.650494,0.649478,0.0,0.0,0.0,,,,,,,,,,,,,,,,,,,,,,,,,,,,,2.962143405E3
2900,SPD,BPM,BPMSP2D,Stripline-5,0.0,,,,,,,,,,4.0,2.972261561E3,2.962143405E3,-0.650494,0.649478,0.0,0.0,0.0,,,,,,,,,,,,,,,,,,,,,,,,,,,,,2.962143405E3
2902,SPD,QUAD,QSP2D,2Q10,0.263,0.0514,,0.232777714,,0.0,,,,,4.0,2.973205159E3,2.963087003E3,-0.650494,0.649478,0.0,0.0,0.0,,,,,,,,,,8.16838938389,-3.105851476764,,,,,,,,,,,,,,,,,,2.963087003E3
2905,SPD,YCOR,YCSP2D,class-4,0.0,,,,,,,,,,4.0,2.973765159E3,2.963647003E3,-0.650494,0.649478,0.0,0.0,0.0,,,,,,,,,,,,,,,,,,,,,,,,,,,,,2.963647003E3
2907,SPD,BEND,BYSP1D,1.0D38.37,1.000004,0.0254,0.502875962342,0.0,,90.000000011752,0.251437981171,0.251437981171,,,4.0,2.978345161E3,2.968227003E3,-0.650494,0.648381,0.0,0.4388E-2,0.0,,,,,,1.000000790284,0.4861,1.171055637481,-0.117105095328,0.0,0.0,,,,2.968227E3,-0.650494,0.647832,1.570796,0.4388E-2,0.0,,,,,,,,,2.968227003E3
2911,SPD,WIRE,WSSP1D,fast,0.0,,,,,,,,,,4.0,3.024920161E3,3.014800217E3,-0.650494,0.240702,0.0,0.8777E-2,0.0,,,,,,,,,,,,,,,,,,,,,,,,,,,,,3.014800217E3
2913,*SPD,ACM,IMBCSD1,BCS ACM,0.0,,,,,,,,,,4.0,3.026249595E3,3.0161296E3,-0.650494,0.229034,0.0,0.8777E-2,0.0,,,,,,,,,,,,,,,,,,,,,,,,,,,,,3.0161296E3
2915,*SPD,ACM,IMBCSD2,BCS ACM,0.0,,,,,,,,,,4.0,3.026555606E3,3.0164356E3,-0.650494,0.226348,0.0,0.8777E-2,0.0,,,,,,,,,,,,,,,,,,,,,,,,,,,,,3.0164356E3
2917,SPD,BPM,BPMSP3D,Stripline-8,0.0,,,,,,,,,,4.0,3.05105501E3,3.04093406E3,-0.650494,0.011323,0.0,0.8777E-2,0.0,,,,,,,,,,,,,,,,,,,,,,,,,,,,,3.04093406E3
2919,SPD,BEND,BYSP2D,1.0D38.37,1.000004,0.0254,-0.502875962342,0.0,,90.000000011752,-0.251437981171,-0.251437981171,,,4.0,3.052345164E3,3.042224172E3,-0.650494,0.1097E-2,0.0,0.4388E-2,0.0,,,,,,1.000000790284,0.4861,-1.171055637481,0.117105095328,0.0,0.0,,,,3.042224175E3,-0.650494,0.1646E-2,1.570796,0.4388E-2,0.0,,,,,,,,,3.042224172E3
2921,SPD,MARK,CNTSP1D,CENTER,,,,,,,,,,,4.0,3.052845165E3,3.042724172E3,-0.650494,0.0,0.0,0.0,0.0,,,,,,,,,,,,,,,,,,,,,,,,,,,,,3.042724172E3
2923,SPD,XCOR,XCSP3D,class-4,0.0,,,,,,,,,,4.0,3.053345165E3,3.043224172E3,-0.650494,0.0,0.0,0.0,0.0,,,,,,,,,,,,,,,,,,,,,,,,,,,,,3.043224172E3
2925,SPD,YCOR,YCSP4D,class-4,0.0,,,,,,,,,,4.0,3.053845165E3,3.043724172E3,-0.650494,0.0,0.0,0.0,0.0,,,,,,,,,,,,,,,,,,,,,,,,,,,,,3.043724172E3
2930,SPD,MARK,WOODDOOR_SPD,,,,,,,,,,,,4.0,3.060632993E3,3.050512E3,-0.650494,0.0,0.0,0.0,0.0,,,,,,,,,,,,,,,,,,,,,,,,,,,,,3.050512E3
2931,SPD,INST,ENDSPD_3,,,,,,,,,,,,4.0,3.060632993E3,3.050512E3,-0.650494,0.0,0.0,0.0,0.0,,,,,,,,,,,,,,,,,,,,,,,,,,,,,3.050512E3
2932,SLTD,INST,BEGSLTD,,,,,,,,,,,,4.0,3.060632993E3,3.050512E3,-0.650494,0.0,0.0,0.0,0.0,,,,,,,,,,,,,,,,,,,,,,,,,,,,,3.050512E3
2934,SLTD,BPM,BPMSP4D,Stripline-5,0.0,,,,,,,,,,4.0,3.157709418E3,3.147588425E3,-0.650494,0.0,0.0,0.0,0.0,,,,,,,,,,,,,,,,,,,,,,,,,,,,,3.147588425E3
2936,SLTD,MARK,RWWAKE3D,WAKE,,,,,,,,,,,4.0,3.158709418E3,3.148588425E3,-0.650494,0.0,0.0,0.0,0.0,,,,,,,,,,,,,,,,,,,,,,,,,,,,,3.148588425E3
2937,SLTD,XCOR,XCSP5D,class-4,0.0,,,,,,,,,,4.0,3.158709418E3,3.148588425E3,-0.650494,0.0,0.0,0.0,0.0,,,,,,,,,,,,,,,,,,,,,,,,,,,,,3.148588425E3
2939,SLTD,YCOR,YCSP6D,class-4,0.0,,,,,,,,,,4.0,3.159209418E3,3.149088425E3,-0.650494,0.0,0.0,0.0,0.0,,,,,,,,,,,,,,,,,,,,,,,,,,,,,3.149088425E3
2941,SLTD,BPM,BPMSP5D,Stripline-14,0.0,,,,,,,,,,4.0,3.213447993E3,3.203327E3,-0.650494,0.0,0.0,0.0,0.0,,,,,,,,,,,,,,,,,,,,,,,,,,,,,3.203327E3
2943,*SLTD,PROF,OTRSPDMP,OTR,0.0,,,,,,,,,,4.0,3.213871793E3,3.2037508E3,-0.650494,0.0,0.0,0.0,0.0,,,,,,,,,,,,,,,,,,,,,,,,,,,,,3.2037508E3
2945,SLTD,MARK,MUWALLD,,,,,,,,,,,,4.0,3.217379418E3,3.207258425E3,-0.650494,0.0,0.0,0.0,0.0,,,,,,,,,,,,,,,,,,,,,,,,,,,,,3.207258425E3
2947,SLTD,INST,DUMPBSY,DUMPBSY,0.0,,,,,,,,,,4.0,3.219220393E3,3.2090994E3,-0.650494,0.0,0.0,0.0,0.0,,,,,,,,,,,,,,,,,,,,,,,,,,,,,3.2090994E3
2949,SLTD,INST,BTMSPDMP,PPS BTM,0.0,,,,,,,,,,4.0,3.220772841E3,3.210651848E3,-0.650494,0.0,0.0,0.0,0.0,,,,,,,,,,,,,,,,,,,,,,,,,,,,,3.210651848E3
2950,SLTD,INST,ENDSLTD,,,,,,,,,,,,4.0,3.220772841E3,3.210651848E3,-0.650494,0.0,0.0,0.0,0.0,,,,,,,,,,,,,,,,,,,,,,,,,,,,,3.210651848E3
256,DIAG0,INST,BEGDIAG0,,,,,,,,,,,,0.075,42.23027447,32.18397,0.28,-0.99,0.0,0.0,0.0,,,,,,,,,,,,,,,,,,,,,,,,,,,,,32.18397
257,DIAG0,KICK,BKRDG0,1.378K35.4,1.000011,0.035,-0.477456079675,0.0,,1.001241321661E2,0.0,-0.477456079675,,,0.075,42.73027592,32.68397,0.279817,-0.988975,0.2E-5,-0.4102E-2,-0.732E-3,,,,,,1.0,0.5,-0.020846890025,0.208466607121E-2,0.0,0.0,,,,32.68397,0.28,-0.99,0.176699,0.0,0.0,,,,,,,,,32.68397
259,DIAG0,MARK,RODG0K,,0.0,,-0.344257900344E-3,,,,,,,,0.075,43.23028605,33.18397,0.279268,-0.985898,0.3E-5,-0.8203E-2,-0.1465E-2,,,,,,,,,,,,,,,,,,,,,,,,,,,,,33.18397
261,DIAG0,BPM,BPMDG000?,Stripline-4,0.0,,,,,,,,,,0.075,43.87921355,33.832875,0.278317,-0.980575,0.0,-0.8203E-2,-0.1465E-2,,,,,,,,,,,,,,,,,,,,,,,,,,,,,33.83287497
263,DIAG0,MARK,M1DG0,,,,,,,,,,,,0.075,44.53033119,34.48397,0.277363,-0.975234,0.0,-0.8203E-2,-0.1465E-2,,,,,,,,,,,,,,,,,,,,,,,,,,,,,34.48397
264,DIAG0,SEPT,BLRDG0,0.79SD14.96,0.400748,0.02,6.009670462473,0.0,,10.124132188703,0.0,6.009670460754,,,0.075,44.73042959,34.68397,0.271913,-0.974514,0.185E-3,0.1009E-2,-0.053021,,,,,,0.4,0.5,0.262396782768,-0.065476754162,0.0,0.0,,,,34.68397,0.280703,-0.993938,0.176699,0.0,0.0,,,,,,,,,34.68397
266,DIAG0,MARK,RODG0L,,0.0,,0.604460566277E-2,,,,,,,,0.075,44.93107948,34.88397,0.256107,-0.975643,-0.53E-4,0.010245,-0.10472,,,,,,,,,,,,,,,,,,,,,,,,,,,,,34.88397
268,*DIAG0,BPM,RFBDG001,CavityL-1,0.0,,,,,,,,,,0.075,45.08107948,35.03314,0.240428,-0.97718,0.0,0.010245,-0.10472,,,,,,,,,,,,,,,,,,,,,,,,,,,,,35.03314045
270,DIAG0,XCOR,XCDG001,class-6,0.0,,,,,,,,,,0.075,45.88340653,35.83103,0.156567,-0.985399,0.0,0.010245,-0.10472,,,,,,,,,,,,,,,,,,,,,,,,,,,,,35.8310304
272,DIAG0,QUAD,QDG001,1.51Q7.00,0.197,0.038354,,9.807425871,,0.0,,,,,0.075,46.23190653,36.177603,0.12014,-0.98897,0.0,0.010245,-0.10472,,,,,,,,,,4.833388899706,-2.453496903404,,,,36.177552,0.120146,-0.993963,0.0,0.010245,-0.10472,,,,,,,,,36.17760309
273,DIAG0,BPM,BPMDG001,Stripline-9,0.0,,,,,,,,,,0.075,46.23190653,36.177603,0.12014,-0.98897,0.0,0.010245,-0.10472,,,,,,,,,,,,,,,,,,,,,,,,,,,,,36.17760309
274,DIAG0,MARK,DYQDG001,,0.0,0.0,,,,,,,,,0.075,46.23190653,36.177603,0.12014,-0.98897,0.0,0.598E-3,-0.10472,,,,,,,,,,,,,,,,,,,,,,,,,,,,,36.17760309
277,DIAG0,YCOR,YCDG001,class-6,0.0,,,,,,,,,,0.075,46.7452274,36.688112,0.066484,-0.989277,0.0,0.598E-3,-0.10472,,,,,,,,,,,,,,,,,,,,,,,,,,,,,36.68811184
279,DIAG0,QUAD,QDG002,1.51Q7.00,0.197,0.038354,,-7.825140556,,0.0,,,,,0.075,47.0937274,37.034703,0.030055,-0.989485,0.0,0.598E-3,-0.10472,,,,,,,,,,-3.856460196538,1.957594008395,,,,,,,,,,,,,,,,,,37.03470266
280,DIAG0,BPM,BPMDG002,Stripline-9,0.0,,,,,,,,,,0.075,47.0937274,37.034703,0.030055,-0.989485,0.0,0.598E-3,-0.10472,,,,,,,,,,,,,,,,,,,,,,,,,,,,,37.03470266
283,DIAG0,XCOR,XCDG002,class-6,0.0,,,,,,,,,,0.075,47.60704826,37.545211,-0.023601,-0.989792,0.0,0.598E-3,-0.10472,,,,,,,,,,,,,,,,,,,,,,,,,,,,,37.5452114
285,DIAG0,QUAD,QDG003,1.51Q7.00,0.197,0.038354,,9.807425871,,0.0,,,,,0.075,47.95554826,37.891802,-0.060029,-0.99,0.0,0.598E-3,-0.10472,,,,,,,,,,4.833388899706,-2.453496903404,,,,37.891802,-0.060029,-0.990309,0.0,0.598E-3,-0.10472,,,,,,,,,37.89180222
286,DIAG0,BPM,BPMDG003,Stripline-9,0.0,,,,,,,,,,0.075,47.95554826,37.891802,-0.060029,-0.99,0.0,0.598E-3,-0.10472,,,,,,,,,,,,,,,,,,,,,,,,,,,,,37.89180222
287,DIAG0,MARK,DYQDG003,,0.0,0.0,,,,,,,,,0.075,47.95554826,37.891802,-0.060029,-0.99,0.0,0.0,-0.10472,,,,,,,,,,,,,,,,,,,,,,,,,,,,,37.89180222
290,DIAG0,YCOR,YCDG002,class-6,0.0,,,,,,,,,,0.075,48.83247677,38.763927,-0.151693,-0.99,0.0,0.0,-0.10472,,,,,,,,,,,,,,,,,,,,,,,,,,,,,38.76392682
292,DIAG0,BEND,BXDG0,0.79D14.96,0.400182,0.02,-6.000000000019,0.0,,0.0,-3.00000000001,-3.00000000001,,,0.075,49.48576818,39.414096,-0.214763,-0.99,0.0,0.0,-0.05236,,,,,,0.399999171451,0.5,-0.261974546932,0.065463850681,0.0,0.0,,,,39.414233,-0.212148,-0.99,0.0,0.0,-0.05236,,,,,,,,,39.41409596
294,DIAG0,MARK,CNTDG0,CENTER,,,,,,,,,,,0.075,49.6858596,39.614096,-0.22,-0.99,0.0,0.0,0.0,,,,,,,,,,,,,,,,,,,,,,,,,,,,,39.61409596
295,DIAG0,MARK,M2DG0,,,,,,,,,,,,0.075,49.6858596,39.614096,-0.22,-0.99,0.0,0.0,0.0,,,,,,,,,,,,,,,,,,,,,,,,,,,,,39.61409596
297,DIAG0,QUAD,QDG004,1.26Q3.5,0.108,0.032,,8.771677622,,0.0,,,,,0.075,50.11427842,40.042515,-0.22,-0.99,0.0,0.0,0.0,,,,,,,,,,2.369937524853,-2.194386597086,,,,,,,,,,,,,,,,,,40.04251478
298,DIAG0,BPM,BPMDG004,Stripline-1,0.0,,,,,,,,,,0.075,50.11427842,40.042515,-0.22,-0.99,0.0,0.0,0.0,,,,,,,,,,,,,,,,,,,,,,,,,,,,,40.04251478
301,DIAG0,XCOR,XCDG003,class-1a,0.0,,,,,,,,,,0.075,50.43877842,40.367015,-0.22,-0.99,0.0,0.0,0.0,,,,,,,,,,,,,,,,,,,,,,,,,,,,,40.36701478
302,DIAG0,YCOR,YCDG003,class-1a,0.0,,,,,,,,,,0.075,50.43877842,40.367015,-0.22,-0.99,0.0,0.0,0.0,,,,,,,,,,,,,,,,,,,,,,,,,,,,,40.36701478
304,DIAG0,QUAD,QDG005,1.26Q3.5,0.108,0.032,,-12.0531893,,0.0,,,,,0.075,50.76327842,40.691515,-0.22,-0.99,0.0,0.0,0.0,,,,,,,,,,-3.256538469286,3.015313397487,,,,,,,,,,,,,,,,,,40.69151478
305,DIAG0,BPM,BPMDG005,Stripline-1,0.0,,,,,,,,,,0.075,50.76327842,40.691515,-0.22,-0.99,0.0,0.0,0.0,,,,,,,,,,,,,,,,,,,,,,,,,,,,,40.69151478
308,DIAG0,XCOR,XCDG005,class-1a,0.0,,,,,,,,,,0.075,51.11327842,41.041515,-0.22,-0.99,0.0,0.0,0.0,,,,,,,,,,,,,,,,,,,,,,,,,,,,,41.04151478
309,DIAG0,YCOR,YCDG005,class-1a,0.0,,,,,,,,,,0.075,51.11327842,41.041515,-0.22,-0.99,0.0,0.0,0.0,,,,,,,,,,,,,,,,,,,,,,,,,,,,,41.04151478
311,DIAG0,QUAD,QDG006,1.26Q3.5,0.108,0.032,,6.830639733,,0.0,,,,,0.075,51.46327842,41.391515,-0.22,-0.99,0.0,0.0,0.0,,,,,,,,,,1.845506654438,-1.708802457813,,,,,,,,,,,,,,,,,,41.39151478
314,*DIAG0,TCAV,TCYDG0,STCAV_Y,0.508,,,,,,,,,,0.075,52.50402982,42.432266,-0.22,-0.99,0.0,0.0,0.0,2.856E3,0.0,0.0,0.0,1.0,,,,,,,,,,,,,,,,,,,,,,,,42.43226618
315,*DIAG0,XCOR,XCDGTCY,class-1t,0.0,,,,,,,,,,0.075,52.50402982,42.432266,-0.22,-0.99,0.0,0.0,0.0,,,,,,,,,,,,,,,,,,,,,,,,,,,,,42.43226618
316,DIAG0,MARK,MTCYDG0,,,,,,,,,,,,0.075,52.50402982,42.432266,-0.22,-0.99,0.0,0.0,0.0,,,,,,,,,,,,,,,,,,,,,,,,,,,,,42.43226618
317,*DIAG0,YCOR,YCDGTCY,class-1t,0.0,,,,,,,,,,0.075,52.50402982,42.432266,-0.22,-0.99,0.0,0.0,0.0,,,,,,,,,,,,,,,,,,,,,,,,,,,,,42.43226618
320,DIAG0,BPM,BPMDG0RF,Stripline-1,0.0,,,,,,,,,,0.075,52.88516982,42.813406,-0.22,-0.99,0.0,0.0,0.0,,,,,,,,,,,,,,,,,,,,,,,,,,,,,42.81340618
322,DIAG0,TCAV,TCXDG0,STCAV_X,0.508,,,,,,,,,,0.075,53.31202982,43.240266,-0.22,-0.99,0.0,0.0,0.0,2.856E3,0.0,0.0,0.0,1.0,,,,,,,,,,,,,,,,,,,,,,,,43.24026618
323,DIAG0,XCOR,XCDGTCX,class-1t,0.0,,,,,,,,,,0.075,53.31202982,43.240266,-0.22,-0.99,0.0,0.0,0.0,,,,,,,,,,,,,,,,,,,,,,,,,,,,,43.24026618
324,DIAG0,MARK,MTCXDG0,,,,,,,,,,,,0.075,53.31202982,43.240266,-0.22,-0.99,0.0,0.0,0.0,,,,,,,,,,,,,,,,,,,,,,,,,,,,,43.24026618
325,DIAG0,YCOR,YCDGTCX,class-1t,0.0,,,,,,,,,,0.075,53.31202982,43.240266,-0.22,-0.99,0.0,0.0,0.0,,,,,,,,,,,,,,,,,,,,,,,,,,,,,43.24026618
328,DIAG0,QUAD,QDG007,1.26Q3.5,0.108,0.032,,-4.54371251,,0.0,,,,,0.075,54.10727842,44.035515,-0.22,-0.99,0.0,0.0,0.0,,,,,,,,,,-1.22762318038,1.136688129982,,,,,,,,,,,,,,,,,,44.03551478
331,DIAG0,QUAD,QDG008,1.26Q3.5,0.108,0.032,,11.37702744,,0.0,,,,,0.075,54.76327842,44.691515,-0.22,-0.99,0.0,0.0,0.0,,,,,,,,,,3.073852621271,-2.846159834511,,,,,,,,,,,,,,,,,,44.69151478
332,DIAG0,BPM,BPMDG008,Stripline-1,0.0,,,,,,,,,,0.075,54.76327842,44.691515,-0.22,-0.99,0.0,0.0,0.0,,,,,,,,,,,,,,,,,,,,,,,,,,,,,44.69151478
335,DIAG0,XCOR,XCDG008,class-1a,0.0,,,,,,,,,,0.075,55.11327842,45.041515,-0.22,-0.99,0.0,0.0,0.0,,,,,,,,,,,,,,,,,,,,,,,,,,,,,45.04151478
336,DIAG0,YCOR,YCDG008,class-1a,0.0,,,,,,,,,,0.075,55.11327842,45.041515,-0.22,-0.99,0.0,0.0,0.0,,,,,,,,,,,,,,,,,,,,,,,,,,,,,45.04151478
338,DIAG0,QUAD,QDG009,1.26Q3.5,0.108,0.032,,-11.53922964,,0.0,,,,,0.075,55.46327842,45.391515,-0.22,-0.99,0.0,0.0,0.0,,,,,,,,,,-3.117676516421,2.886737515205,,,,,,,,,,,,,,,,,,45.39151478
339,DIAG0,BPM,BPMDG009,Stripline-1,0.0,,,,,,,,,,0.075,55.46327842,45.391515,-0.22,-0.99,0.0,0.0,0.0,,,,,,,,,,,,,,,,,,,,,,,,,,,,,45.39151478
342,*DIAG0,PROF,OTRDG01,OTR,0.0,,,,,,,,,,0.075,55.81327842,45.741515,-0.22,-0.99,0.0,0.0,0.0,,,,,,,,,,,,,,,,,,,,,,,,,,,,,45.74151478
343,*DIAG0,PROF,OTRDG01_YAG,YAG,0.0,,,,,,,,,,0.075,55.81327842,45.741515,-0.22,-0.99,0.0,0.0,0.0,,,,,,,,,,,,,,,,,,,,,,,,,,,,,45.74151478
345,*DIAG0,BPM,RFBDG002,CavityS-1,0.0,,,,,,,,,,0.075,56.51327842,46.441515,-0.22,-0.99,0.0,0.0,0.0,,,,,,,,,,,,,,,,,,,,,,,,,,,,,46.44151478
347,DIAG0,PROF,OTRDG02,OTR INJ,0.0,,,,,,,,,,0.075,56.81327842,46.741515,-0.22,-0.99,0.0,0.0,0.0,,,,,,,,,,,,,,,,,,,,,,,,,,,,,46.74151478
349,DIAG0,WIRE,WSDG01,slow,0.0,,,,,,,,,,0.075,57.11327842,47.041515,-0.22,-0.99,0.0,0.0,0.0,,,,,,,,,,,,,,,,,,,,,,,,,,,,,47.04151478
351,*DIAG0,PROF,OTRDG03,OTR,0.0,,,,,,,,,,0.075,57.81327842,47.741515,-0.22,-0.99,0.0,0.0,0.0,,,,,,,,,,,,,,,,,,,,,,,,,,,,,47.74151478
352,*DIAG0,PROF,OTRDG03_YAG,YAG,0.0,,,,,,,,,,0.075,57.81327842,47.741515,-0.22,-0.99,0.0,0.0,0.0,,,,,,,,,,,,,,,,,,,,,,,,,,,,,47.74151478
354,DIAG0,QUAD,QDG010,1.26Q3.5,0.108,0.032,,13.01665155,,0.0,,,,,0.075,58.53327842,48.461515,-0.22,-0.99,0.0,0.0,0.0,,,,,,,,,,3.516847322216,-3.256340113163,,,,,,,,,,,,,,,,,,48.46151478
357,DIAG0,XCOR,XCDG010,class-1a,0.0,,,,,,,,,,0.075,58.88327842,48.811515,-0.22,-0.99,0.0,0.0,0.0,,,,,,,,,,,,,,,,,,,,,,,,,,,,,48.81151478
358,DIAG0,YCOR,YCDG010,class-1a,0.0,,,,,,,,,,0.075,58.88327842,48.811515,-0.22,-0.99,0.0,0.0,0.0,,,,,,,,,,,,,,,,,,,,,,,,,,,,,48.81151478
360,DIAG0,QUAD,QDG011,1.26Q3.5,0.108,0.032,,-10.98365098,,0.0,,,,,0.075,59.23327842,49.161515,-0.22,-0.99,0.0,0.0,0.0,,,,,,,,,,-2.967569915258,2.747749921535,,,,,,,,,,,,,,,,,,49.16151478
361,DIAG0,BPM,BPMDG011,Stripline-1,0.0,,,,,,,,,,0.075,59.23327842,49.161515,-0.22,-0.99,0.0,0.0,0.0,,,,,,,,,,,,,,,,,,,,,,,,,,,,,49.16151478
364,*DIAG0,BPM,RFBDG003,CavityS-1,0.0,,,,,,,,,,0.075,59.58727842,49.515515,-0.22,-0.99,0.0,0.0,0.0,,,,,,,,,,,,,,,,,,,,,,,,,,,,,49.51551478
366,DIAG0,BEND,BYDG0,BXS,0.5435,0.034,-35.000000000114,0.0,,90.000000011752,-7.290000001697,-7.290000001697,,,0.075,60.96382842,50.887859,-0.22,-0.948821,0.0,-0.305433,0.0,,,,,,0.53508889297,0.391,-1.528184857101,0.281174766716,0.0,0.0,,,,50.881668,-0.22,-0.929184,1.570796,-0.305433,0.0,,,,,,,,,50.88785923
369,DIAG0,BPM,BPMDG012,Stripline-11,0.0,,,,,,,,,,0.075,61.63087472,51.454446,-0.22,-0.602363,0.0,-0.610865,0.0,,,,,,,,,,,,,,,,,,,,,,,,,,,,,51.4544459
371,DIAG0,PROF,OTRDG04,OTR INJ,0.0,,,,,,,,,,0.075,61.87087472,51.651042,-0.22,-0.464705,0.0,-0.610865,0.0,,,,,,,,,,,,,,,,,,,,,,,,,,,,,51.65104239
373,DIAG0,FARC,FCDG0DU,Faraday cup,0.0,,,,,,,,,,0.075,62.17087472,51.896788,-0.22,-0.292632,0.0,-0.610865,0.0,,,,,,,,,,,,,,,,,,,,,,,,,,,,,51.896788
374,DIAG0,INST,ENDDIAG0,,,,,,,,,,,,0.075,62.17087472,51.896788,-0.22,-0.292632,0.0,-0.610865,0.0,,,,,,,,,,,,,,,,,,,,,,,,,,,,,51.896788
2866,SPA,INST,BEGSPA,,,,,,,,,,,,4.0,2.921370159E3,2.911252003E3,-0.650494,0.649478,0.0,0.0,0.0,,,,,,,,,,,,,,,,,,,,,,,,,,,,,2.911252003E3
2867,SPA,KICK,BKRDAS1,0.787K35.4,1.0,0.02,-0.536778819543E-2,0.0,,88.272515987431,0.0,-0.536778819601E-2,,,4.0,2.921870159E3,2.911752003E3,-0.650494,0.64949,0.0,-0.47E-4,1.0E-6,,,,,,1.0,0.5,-0.012500057863,0.125000578628E-2,0.0,0.0,,,,2.911752003E3,-0.650494,0.649478,-0.03015,0.0,0.0,,,,,,,,,2.911752003E3
2870,SPA,KICK,BKRDAS2,0.787K35.4,1.0,0.02,-0.536778824242E-2,0.0,,88.272515987431,0.536778819601E-2,-0.010735576441,,,4.0,2.923170159E3,2.913052003E3,-0.65049,0.649611,0.0,-0.14E-3,0.4E-5,,,,,,1.0,0.5,-0.012500057972,0.125000579722E-2,0.0,0.0,,,,2.913052003E3,-0.650494,0.649478,-0.03015,0.0,0.0,,,,,,,,,2.913052003E3
2873,SPA,KICK,BKRDAS3,0.787K35.4,1.0,0.02,-0.536778833753E-2,0.0,,88.272515987431,0.010735576441,-0.016103364777,,,4.0,2.924470159E3,2.914352003E3,-0.650483,0.649855,0.0,-0.234E-3,0.7E-5,,,,,,1.0,0.5,-0.012500058194,0.125000581937E-2,0.0,0.0,,,,2.914352003E3,-0.650494,0.649478,-0.03015,0.0,0.0,,,,,,,,,2.914352003E3
2877,SPA,KICK,BKRDAS4,0.787K35.4,1.0,0.02,-0.536778847847E-2,0.0,,88.272515987431,0.016103364777,-0.021471153255,,,4.0,2.925770159E3,2.915652003E3,-0.650472,0.65022,0.0,-0.328E-3,1.0E-5,,,,,,1.0,0.5,-0.012500058522,0.125000585219E-2,0.0,0.0,,,,2.915652003E3,-0.650494,0.649478,-0.03015,0.0,0.0,,,,,,,,,2.915652003E3
2880,SPA,KICK,BKRDAS5,0.787K35.4,1.0,0.02,-0.53677886664E-2,0.0,,88.272515987431,0.021471153255,-0.026838941923,,,4.0,2.927070159E3,2.916952003E3,-0.650457,0.650707,0.0,-0.421E-3,0.13E-4,,,,,,1.0,0.5,-0.01250005896,0.125000589595E-2,0.0,0.0,,,,2.916952003E3,-0.650494,0.649478,-0.03015,0.0,0.0,,,,,,,,,2.916952003E3
2883,SPA,KICK,BKRDAS6,0.787K35.4,1.0,0.02,-0.536778890246E-2,0.0,,88.272515987431,0.026838941923,-0.032206730825,,,4.0,2.928370159E3,2.918252003E3,-0.650439,0.651316,0.0,-0.515E-3,0.16E-4,,,,,,1.0,0.5,-0.012500059509,0.125000595092E-2,0.0,0.0,,,,2.918252003E3,-0.650494,0.649478,-0.03015,0.0,0.0,,,,,,,,,2.918252003E3
2886,SPA,BPM,BPMDAS?,Stripline-5,0.0,,,,,,,,,,4.0,2.93401516E3,2.923897003E3,-0.650343,0.654476,0.0,-0.562E-3,0.17E-4,,,,,,,,,,,,,,,,,,,,,,,,,,,,,2.923897003E3
2888,SPA,COLL,PCBLRDAS,VCOLL,0.0,,,,,,,,,,4.0,2.951305163E3,2.941187003E3,-0.65005,0.66419,0.0,-0.562E-3,0.17E-4,,,,,,,,,,,,,,,,,,,,,,,,0.02,0.011,,,,2.941187003E3
2890,SPA,SEPT,BLRDAS,0.625SD38.98,1.000058,0.0159,-1.067759155799,0.0,,-1.727484039791,0.0,-1.06775915597,,,4.0,2.95180517E3,2.941687003E3,-0.647713,0.664401,-0.4E-5,-0.281E-3,0.933E-2,,,,,,1.0,0.5,-2.486508547848,0.248636433872,0.0,0.0,,,,2.941687003E3,-0.650615,0.64548,-0.03015,0.0,0.0,,,,,,,,,2.941687003E3
2892,SPA,MARK,RODAS1,,0.0,,0.300109608546E-3,,,,,,,,4.0,2.952305221E3,2.942187003E3,-0.640719,0.664471,-0.3E-5,0.0,0.018644,,,,,,,,,,,,,,,,,,,,,,,,,,,,,2.942187003E3
2894,SPA,XCOR,XCDAS1,class-4,0.0,,,,,,,,,,4.0,2.974752162E3,2.964630043E3,-0.222234,0.664471,0.0,0.0,0.018644,,,,,,,,,,,,,,,,,,,,,,,,,,,,,2.964630043E3
2896,SPA,YCOR,YCDAS1,class-4,0.0,,,,,,,,,,4.0,2.975252162E3,2.965129956E3,-0.212912,0.664471,0.0,0.0,0.018644,,,,,,,,,,,,,,,,,,,,,,,,,,,,,2.965129956E3
2898,SPA,BPM,BPMDAS1,Stripline-5,0.0,,,,,,,,,,4.0,2.976488421E3,2.966366E3,-0.189865,0.664471,0.0,0.0,0.018644,,,,,,,,,,,,,,,,,,,,,,,,,,,,,2.966366E3
2900,SPA,QUAD,QDAS1B,2Q4W,0.1244,0.0538,,-0.4592439341,,0.0,,,,,4.0,2.977075921E3,2.966953398E3,-0.178912,0.664471,0.0,0.0,0.018644,,,,,,,,,,-7.6225993565,6.127491444132,,,,,,,,,,,,,,,,,,2.966953398E3
2903,SPA,QUAD,QDAS1A,2Q4W,0.1244,0.0538,,-0.4592439341,,0.0,,,,,4.0,2.977336021E3,2.967213453E3,-0.174062,0.664471,0.0,0.0,0.018644,,,,,,,,,,-7.6225993565,6.127491444132,,,,,,,,,,,,,,,,,,2.967213453E3
2906,SPA,QUAD,QDAS2A,2Q4W,0.1244,0.0538,,0.4580126068,,0.0,,,,,4.0,2.979360421E3,2.969237501E3,-0.136321,0.664471,0.0,0.0,0.018644,,,,,,,,,,7.602161602209,-6.111062381197,,,,,,,,,,,,,,,,,,2.969237501E3
2909,SPA,QUAD,QDAS2B,2Q4W,0.1244,0.0538,,0.4580126068,,0.0,,,,,4.0,2.979620521E3,2.969497556E3,-0.131472,0.664471,0.0,0.0,0.018644,,,,,,,,,,7.602161602209,-6.111062381197,,,,,,,,,,,,,,,,,,2.969497556E3
2912,SPA,IMON,IMDAS1,BCS ACM,0.0,,,,,,,,,,4.0,3.006321807E3,2.9961942E3,0.366328,0.664471,0.0,0.0,0.018644,,,,,,,,,,,,,,,,,,,,,,,,,,,,,2.9961942E3
2914,SPA,IMON,IMDAS2,BCS ACM,0.0,,,,,,,,,,4.0,3.006627877E3,2.996500217E3,0.372035,0.664471,0.0,0.0,0.018644,,,,,,,,,,,,,,,,,,,,,,,,,,,,,2.996500217E3
2916,SPA,BEND,BRDAS1,1.0D38.37,1.000016,0.0254,1.094439898614,0.0,,12.562428667798,0.547219949307,0.547219949307,,,4.0,3.008127884E3,2.998E3,0.397669,0.663952,-1.0E-5,0.2077E-2,0.9322E-2,,,,,,1.000000796895,0.5,2.548640438464,-0.254859966087,0.0,0.0,,,,2.99800001E3,0.396504,0.663692,0.219256,0.2077E-2,0.9322E-2,,,,,,,,,2.998E3
2918,SPA,MARK,RODAS2,,0.0,,0.221903331911E-2,,,,,,,,4.0,3.008627892E3,2.998499998E3,0.4,0.662394,-0.19E-4,0.4154E-2,0.0,,,,,,,,,,,,,,,,,,,,,,,,,,,,,2.998499998E3
2920,SPA,XCOR,XCDAS11,class-4,0.0,,,,,,,,,,4.0,3.009545901E3,2.999417999E3,0.4,0.65858,0.0,0.4154E-2,0.0,,,,,,,,,,,,,,,,,,,,,,,,,,,,,2.999417999E3
2922,SPA,YCOR,YCDAS11,class-4,0.0,,,,,,,,,,4.0,3.009942901E3,2.999814995E3,0.4,0.656931,0.0,0.4154E-2,0.0,,,,,,,,,,,,,,,,,,,,,,,,,,,,,2.999814995E3
2924,SPA,QUAD,QDAS11,2Q4W,0.1244,0.0538,,-0.2592990275,,0.0,,,,,4.0,3.012927892E3,3.002799961E3,0.4,0.64453,0.0,0.4154E-2,0.0,,,,,,,,,,-4.303883956652,3.459713791521,,,,,,,,,,,,,,,,,,3.002799961E3
2927,SPA,PROF,PRDAS12,YAG,0.0,,,,,,,,,,4.0,3.014490092E3,3.004362147E3,0.4,0.63804,0.0,0.4154E-2,0.0,,,,,,,,,,,,,,,,,,,,,,,,,,,,,3.004362147E3
2929,SPA,INST,DUMPDAS,400W-dump,0.2032,,,,,,,,,,4.0,3.022868017E3,3.01274E3,0.4,0.603235,0.0,0.4154E-2,0.0,,,,,,,,,,,,,,,,,,,,,,,,,,,,,3.01274E3
2932,SPA,QUAD,QDAS12,2Q4W,0.1244,0.0538,,0.320954266,,0.0,,,,,4.0,3.027852292E3,3.017724232E3,0.4,0.582528,0.0,0.4154E-2,0.0,,,,,,,,,,5.327246806802,-4.282352738587,,,,,,,,,,,,,,,,,,3.017724232E3
2935,SPA,QUAD,QDAS13,2Q4W,0.1244,0.0538,,-0.6718837702,,0.0,,,,,4.0,3.046604882E3,3.03647666E3,0.4,0.504622,0.0,0.4154E-2,0.0,,,,,,,,,,-11.152027090801,8.964652002252,,,,,,,,,,,,,,,,,,3.03647666E3
2938,SPA,PROF,PRDAS14,PHOSPHOR,0.0,,,,,,,,,,4.0,3.049657248E3,3.039529E3,0.4,0.491941,0.0,0.4154E-2,0.0,,,,,,,,,,,,,,,,,,,,,,,,,,,,,3.039529E3
2940,SPA,MARK,WOODDOOR_SPA,,,,,,,,,,,,4.0,3.060640343E3,3.050512E3,0.4,0.446313,0.0,0.4154E-2,0.0,,,,,,,,,,,,,,,,,,,,,,,,,,,,,3.050512E3
2941,SPA,INST,ENDSPA,,,,,,,,,,,,4.0,3.060640343E3,3.050512E3,0.4,0.446313,0.0,0.4154E-2,0.0,,,,,,,,,,,,,,,,,,,,,,,,,,,,,3.050512E3
2942,SLTA,INST,BEGSLTA,,,,,,,,,,,,4.0,3.060640343E3,3.050512E3,0.4,0.446313,0.0,0.4154E-2,0.0,,,,,,,,,,,,,,,,,,,,,,,,,,,,,3.050512E3
2944,SLTA,XCOR,XCDAS14,class-4,0.0,,,,,,,,,,4.0,3.064595242E3,3.054466866E3,0.4,0.429883,0.0,0.4154E-2,0.0,,,,,,,,,,,,,,,,,,,,,,,,,,,,,3.054466866E3
2946,SLTA,QUAD,QDAS14,2Q4W,0.1244,0.0538,,0.5574916711,,0.0,,,,,4.0,3.065157442E3,3.055029061E3,0.4,0.427547,0.0,0.4154E-2,0.0,,,,,,,,,,9.253329957877,-7.438368133342,,,,,,,,,,,,,,,,,,3.055029061E3
2949,SLTA,QUAD,QDAS15,2Q4W,0.1244,0.0538,,-0.5574916711,,0.0,,,,,4.0,3.083410033E3,3.073281494E3,0.4,0.351719,0.0,0.4154E-2,0.0,,,,,,,,,,-9.253329957877,7.438368133342,,,,,,,,,,,,,,,,,,3.073281494E3
2952,SLTA,QUAD,QDAS16,2Q4W,0.1244,0.0538,,0.5574916711,,0.0,,,,,4.0,3.101662623E3,3.091533926E3,0.4,0.27589,0.0,0.4154E-2,0.0,,,,,,,,,,9.253329957877,-7.438368133342,,,,,,,,,,,,,,,,,,3.091533926E3
2955,SLTA,PROF,PRDAS17,PHOSPHOR,0.0,,,,,,,,,,4.0,3.102224702E3,3.092096E3,0.4,0.273555,0.0,0.4154E-2,0.0,,,,,,,,,,,,,,,,,,,,,,,,,,,,,3.092096E3
2957,SLTA,YCOR,YCDAS17,class-4,0.0,,,,,,,,,,4.0,3.118553043E3,3.108424201E3,0.4,0.205721,0.0,0.4154E-2,0.0,,,,,,,,,,,,,,,,,,,,,,,,,,,,,3.108424201E3
2959,SLTA,QUAD,QDAS17,2Q4W,0.1244,0.0538,,-0.5574916711,,0.0,,,,,4.0,3.119115243E3,3.108986396E3,0.4,0.203385,0.0,0.4154E-2,0.0,,,,,,,,,,-9.253329957877,7.438368133342,,,,,,,,,,,,,,,,,,3.108986396E3
2962,SLTA,QUAD,QDAS18A,2Q4W,0.1244,0.0538,,0.443755134,,0.0,,,,,4.0,3.134779821E3,3.124650838E3,0.4,0.138308,0.0,0.4154E-2,0.0,,,,,,,,,,7.365513940867,-5.920831142176,,,,,,,,,,,,,,,,,,3.124650838E3
2965,SLTA,QUAD,QDAS18B,2Q4W,0.1244,0.0538,,0.443755134,,0.0,,,,,4.0,3.135039921E3,3.124910936E3,0.4,0.137227,0.0,0.4154E-2,0.0,,,,,,,,,,7.365513940867,-5.920831142176,,,,,,,,,,,,,,,,,,3.124910936E3
2968,SLTA,QUAD,QDAS19,2Q4W,0.1244,0.0538,,-0.3258258098,,0.0,,,,,4.0,3.144144398E3,3.134015335E3,0.4,0.099404,0.0,0.4154E-2,0.0,,,,,,,,,,-5.408105417832,4.347351622051,,,,,,,,,,,,,,,,,,3.134015335E3
2971,SLTA,BPM,BPMDAS19,Stripline-5,0.0,,,,,,,,,,4.0,3.144654968E3,3.1345259E3,0.4,0.097283,0.0,0.4154E-2,0.0,,,,,,,,,,,,,,,,,,,,,,,,,,,,,3.1345259E3
2973,SLTA,MARK,RODAS3,,0.0,,-0.131673692994E-2,,,,,,,,4.0,3.166194398E3,3.156065144E3,0.4,0.7799E-2,-0.11E-4,0.4154E-2,0.0,,,,,,,,,,,,,,,,,,,,,,,,,,,,,3.156065144E3
2974,SLTA,BEND,BRDAS2,1.0D38.37,1.000006,0.0254,-0.680346875664,0.0,,21.296938579083,-0.340173437832,-0.340173437832,,,4.0,3.166694401E3,3.156565142E3,0.401383,0.6261E-2,-0.6E-5,0.1998E-2,0.5532E-2,,,,,,1.000000125024,0.5,-1.58433511214,0.158432560619,0.0,0.0,,,,3.156565139E3,0.402074,0.6531E-2,0.371702,0.1998E-2,0.5532E-2,,,,,,,,,3.156565142E3
2977,SLTA,XCOR,XCDAS19,class-4,0.0,,,,,,,,,,4.0,3.167694404E3,3.157565096E3,0.411063,0.588E-2,-1.0E-6,-0.158E-3,0.011063,,,,,,,,,,,,,,,,,,,,,,,,,,,,,3.157565096E3
2979,SLTA,YCOR,YCDAS19,class-4,0.0,,,,,,,,,,4.0,3.168091404E3,3.157962072E3,0.415455,0.5943E-2,-1.0E-6,-0.158E-3,0.011063,,,,,,,,,,,,,,,,,,,,,,,,,,,,,3.157962072E3
2981,SLTA,PROF,PRBRAM1,unknown,0.0,,,,,,,,,,4.0,3.187523578E3,3.177393056E3,0.630438,0.9018E-2,-1.0E-6,-0.158E-3,0.011063,,,,,,,,,,,,,,,,,,,,,,,,,,,,,3.177393056E3
2983,SLTA,INST,TGTBRAM1,Cu,0.0,,,,,,,,,,4.0,3.188023578E3,3.177893026E3,0.63597,0.9097E-2,-1.0E-6,-0.158E-3,0.011063,,,,,,,,,,,,,,,,,,,,,,,,,,,,,3.177893026E3
2985,SLTA,INST,ENDSLTA,,,,,,,,,,,,4.0,3.188523578E3,3.178392995E3,0.641502,0.9177E-2,-1.0E-6,-0.158E-3,0.011063,,,,,,,,,,,,,,,,,,,,,,,,,,,,,3.178392995E3
2986,BSYA,INST,BEGBSYA,,,,,,,,,,,,4.0,3.188523578E3,3.178392995E3,0.641502,0.9177E-2,-1.0E-6,-0.158E-3,0.011063,,,,,,,,,,,,,,,,,,,,,,,,,,,,,3.178392995E3
2987,BSYA,BEND,BRAM1,2.0D38.37,1.025,0.0508,0.133276383659,0.0,,0.819546729286,0.066638191829,0.066638191829,,,4.0,3.189036078E3,3.178905467E3,0.646874,0.9253E-2,-1.0E-6,-0.142E-3,0.9901E-2,,,,,,1.024999768914,0.5,0.310362936618,-0.03027931089,0.0,0.0,,,,3.178905469E3,0.646725,0.9251E-2,0.014304,-0.142E-3,0.9901E-2,,,,,,,,,3.178905467E3
2989,BSYA,MARK,ROLL2,,0.0,,0.590569999799,,,,,,,,4.0,3.189548578E3,3.179417945E3,0.651649,0.9322E-2,0.5153E-2,-0.125E-3,0.8738E-2,,,,,,,,,,,,,,,,,,,,,,,,,,,,,3.179417945E3
2991,BSYA,QUAD,Q10,Aline_Q8cm,2.0,0.08,,0.04094613124,,0.0,,,,,4.0,3.191536078E3,3.181405369E3,0.669015,0.957E-2,0.010307,-0.125E-3,0.8738E-2,,,,,,,,,,10.926527285988,-0.546326364299,,,,,,,,,,,,,,,,,,3.181405369E3
2994,BSYA,PC,PC10,,0.0,,,,,,,,,,4.0,3.193344078E3,3.1832133E3,0.684813,0.9796E-2,0.010307,-0.125E-3,0.8738E-2,,,,,,,,,,,,,,,,,,,,,,,,0.0,0.0,,,,3.1832133E3
2996,BSYA,MARK,IV10,,,,,,,,,,,,4.0,3.193724078E3,3.183593285E3,0.688133,0.9844E-2,0.010307,-0.125E-3,0.8738E-2,,,,,,,,,,,,,,,,,,,,,,,,,,,,,3.183593285E3
2998,BSYA,MARK,FV10,,,,,,,,,,,,4.0,3.194202078E3,3.184071267E3,0.692309,0.9903E-2,0.010307,-0.125E-3,0.8738E-2,,,,,,,,,,,,,,,,,,,,,,,,,,,,,3.184071267E3
3000,BSYA,BPM,BPM10A,,0.0,,,,,,,,,,4.0,3.194830078E3,3.184699243E3,0.697796,0.9982E-2,0.010307,-0.125E-3,0.8738E-2,,,,,,,,,,,,,,,,,,,,,,,,,,,,,3.184699243E3
3002,BSYA,IMON,I10,,0.0,,,,,,,,,,4.0,3.195514078E3,3.185383217E3,0.703773,0.010067,0.010307,-0.125E-3,0.8738E-2,,,,,,,,,,,,,,,,,,,,,,,,,,,,,3.185383217E3
3004,BSYA,PROF,PR10,,0.0,,,,,,,,,,4.0,3.196134078E3,3.186003193E3,0.70919,0.010145,0.010307,-0.125E-3,0.8738E-2,,,,,,,,,,,,,,,,,,,,,,,,,,,,,3.186003193E3
3006,BSYA,YCOR,A10Y,,0.0,,,,,,,,,,4.0,3.197014078E3,3.18688316E3,0.716879,0.010255,0.010307,-0.125E-3,0.8738E-2,,,,,,,,,,,,,,,,,,,,,,,,,,,,,3.18688316E3
3008,BSYA,IMON,I11,,0.0,,,,,,,,,,4.0,3.197682078E3,3.187551134E3,0.722716,0.010338,0.010307,-0.125E-3,0.8738E-2,,,,,,,,,,,,,,,,,,,,,,,,,,,,,3.187551134E3
3010,BSYA,QUAD,Q11,Aline_Q8cm,2.0,0.08,,-0.03813513606,,0.0,,,,,4.0,3.199073278E3,3.188942281E3,0.734871,0.010512,0.010307,-0.125E-3,0.8738E-2,,,,,,,,,,-10.17640964105,0.508820482053,,,,,,,,,,,,,,,,,,3.188942281E3
3013,BSYA,MARK,BEGB,,,,,,,,,,,,4.0,3.200800278E3,3.190669215E3,0.749961,0.010728,0.010307,-0.125E-3,0.8738E-2,,,,,,,,,,,,,,,,,,,,,,,,,,,,,3.190669215E3
3014,BSYA,BEND,B11,Aline_bend,3.024,0.046,-1.999526617692,0.0,,0.0,-0.999763308846,-0.999763308846,,,4.0,3.202312278E3,3.192180966E3,0.776361,0.011053,0.010307,-0.305E-3,0.026186,,,,,,3.023846547825,0.5,-4.656330970838,0.153979198771,0.0,0.0,,,,3.192180793E3,0.782954,0.011121,0.010307,-0.305E-3,0.026186,,,,,,,,,3.192180966E3
3017,BSYA,BEND,B12,Aline_bend,3.024,0.046,-1.999526617692,0.0,,0.0,-0.999763308846,-0.999763308846,,,4.0,3.206111778E3,3.195976695E3,0.94209,0.012894,0.010307,-0.664E-3,0.061082,,,,,,3.023846547825,0.5,-4.656330970838,0.153979198771,0.0,0.0,,,,3.195976292E3,0.948673,0.012962,0.010307,-0.664E-3,0.061082,,,,,,,,,3.195976695E3
3020,BSYA,PC,PC12,,0.0,,,,,,,,,,4.0,3.208452778E3,3.198311438E3,1.112585,0.014733,0.010307,-0.843E-3,0.078531,,,,,,,,,,,,,,,,,,,,,,,,0.0,0.0,,,,3.198311438E3
3022,BSYA,BPM,BPM12A,,0.0,,,,,,,,,,4.0,3.209237778E3,3.199094019E3,1.174168,0.015395,0.010307,-0.843E-3,0.078531,,,,,,,,,,,,,,,,,,,,,,,,,,,,,3.199094019E3
3024,BSYA,BEND,B13,Aline_bend,3.024,0.046,-1.999526617692,0.0,,0.0,-0.999763308846,-0.999763308846,,,4.0,3.212984168E3,3.20282775E3,1.481216,0.01869,0.010307,-0.1023E-2,0.095979,,,,,,3.023846547825,0.5,-4.656330970838,0.153979198771,0.0,0.0,,,,3.202827118E3,1.487781,0.018758,0.010307,-0.1023E-2,0.095979,,,,,,,,,3.20282775E3
3027,BSYA,BEND,B14,Aline_bend,3.024,0.046,-1.999526617692,0.0,,0.0,-0.999763308846,-0.999763308846,,,4.0,3.216783668E3,3.206602679E3,1.911241,0.023255,0.010307,-0.138E-2,0.130875,,,,,,3.023846547825,0.5,-4.656330970838,0.153979198771,0.0,0.0,,,,3.206601818E3,1.917779,0.023322,0.010307,-0.138E-2,0.130875,,,,,,,,,3.206602679E3
3030,BSYA,PC,PC14,,0.0,,,,,,,,,,4.0,3.221281058E3,3.211052557E3,2.562809,0.030127,0.010307,-0.1558E-2,0.148324,,,,,,,,,,,,,,,,,,,,,,,,0.0,0.0,,,,3.211052557E3
3032,BSYA,BEND,B15,Aline_bend,3.024,0.046,-1.999526617692,0.0,,0.0,-0.999763308846,-0.999763308846,,,4.0,3.223656058E3,3.213399452E3,2.926821,0.033961,0.010307,-0.1735E-2,0.165772,,,,,,3.023846547825,0.5,-4.656330970838,0.153979198771,0.0,0.0,,,,3.213398363E3,2.933326,0.034028,0.010307,-0.1735E-2,0.165772,,,,,,,,,3.213399452E3
3035,BSYA,BEND,B16,Aline_bend,3.024,0.046,-1.999526617692,0.0,,0.0,-0.999763308846,-0.999763308846,,,4.0,3.227455558E3,3.217135198E3,3.619048,0.041227,0.010307,-0.2089E-2,0.200668,,,,,,3.023846547825,0.5,-4.656330970838,0.153979198771,0.0,0.0,,,,3.217133884E3,3.625511,0.041293,0.010307,-0.2089E-2,0.200668,,,,,,,,,3.217135198E3
3038,BSYA,INST,SYNC,,0.0,,,,,,,,,,4.0,3.236402358E3,3.225872776E3,5.542159,0.061355,0.010307,-0.2265E-2,0.218117,,,,,,,,,,,,,,,,,,,,,,,,,,,,,3.225872776E3
3040,BSYA,PC,PC17,,0.0,,,,,,,,,,4.0,3.239595548E3,3.228990301E3,6.233137,0.068586,0.010307,-0.2265E-2,0.218117,,,,,,,,,,,,,,,,,,,,,,,,0.0,0.0,,,,3.228990301E3
3042,BSYA,BPM,BPM17,,0.0,,,,,,,,,,4.0,3.240754548E3,3.230121838E3,6.483934,0.071211,0.010307,-0.2265E-2,0.218117,,,,,,,,,,,,,,,,,,,,,,,,,,,,,3.230121838E3
3044,BSYA,YCOR,A18Y,,0.0,,,,,,,,,,4.0,3.242056548E3,3.231392986E3,6.765674,0.07416,0.010307,-0.2265E-2,0.218117,,,,,,,,,,,,,,,,,,,,,,,,,,,,,3.231392986E3
3046,BSYA,PROF,PR18,,0.0,,,,,,,,,,4.0,3.243320548E3,3.232627034E3,7.039193,0.077022,0.010307,-0.2265E-2,0.218117,,,,,,,,,,,,,,,,,,,,,,,,,,,,,3.232627034E3
3048,BSYA,INST,SP18,,0.0,,,,,,,,,,4.0,3.244043548E3,3.233332902E3,7.195643,0.07866,0.010307,-0.2265E-2,0.218117,,,,,,,,,,,,,,,,,,,,,,,,,,,,,3.233332902E3
3050,BSYA,QUAD,Q19,Aline_Q19,2.0,0.186,,0.03083711355,,0.0,,,,,4.0,3.245716548E3,3.234966259E3,7.557665,0.082448,0.010307,-0.2265E-2,0.218117,,,,,,,,,,8.228923036715,-0.411446151836,,,,,,,,,,,,,,,,,,3.234966259E3
3053,BSYA,COLL,SL19,,0.0,,,,,,,,,,4.0,3.248036548E3,3.237231285E3,8.059692,0.087702,0.010307,-0.2265E-2,0.218117,,,,,,,,,,,,,,,,,,,,,,,,0.0,0.0,,,,3.237231285E3
3055,BSYA,COLL,SL10,,0.0,,,,,,,,,,4.0,3.250017548E3,3.239165343E3,8.488362,0.092188,0.010307,-0.2265E-2,0.218117,,,,,,,,,,,,,,,,,,,,,,,,0.0,0.0,,,,3.239165343E3
3057,BSYA,QUAD,Q20,Aline_Q20,1.31318,0.20955,,0.1466243512E-2,,0.0,,,,,4.0,3.256472838E3,3.24546767E3,9.885228,0.106807,0.010307,-0.2265E-2,0.218117,,,,,,,,,,0.256903279318,-0.019563447457,,,,,,,,,,,,,,,,,,3.24546767E3
3060,BSYA,PC,PC20,,0.0,,,,,,,,,,4.0,3.261599428E3,3.250472781E3,10.994575,0.118417,0.010307,-0.2265E-2,0.218117,,,,,,,,,,,,,,,,,,,,,,,,0.0,0.0,,,,3.250472781E3
3062,BSYA,PROF,PR20,,0.0,,,,,,,,,,4.0,3.262374428E3,3.251229417E3,11.162278,0.120172,0.010307,-0.2265E-2,0.218117,,,,,,,,,,,,,,,,,,,,,,,,,,,,,3.251229417E3
3064,BSYA,BEND,B21,Aline_bend,3.024,0.046,-1.999526617692,0.0,,0.0,-0.999763308846,-0.999763308846,,,4.0,3.264587148E3,3.253386775E3,11.653952,0.125316,0.010307,-0.244E-2,0.235565,,,,,,3.023846547825,0.5,-4.656330970838,0.153979198771,0.0,0.0,,,,3.253385236E3,11.660365,0.125382,0.010307,-0.244E-2,0.235565,,,,,,,,,3.253386775E3
3067,BSYA,BEND,B22,Aline_bend,3.024,0.046,-1.999526617692,0.0,,0.0,-0.999763308846,-0.999763308846,,,4.0,3.268386648E3,3.257065147E3,12.605011,0.135248,0.010307,-0.2788E-2,0.270462,,,,,,3.023846547825,0.5,-4.656330970838,0.153979198771,0.0,0.0,,,,3.257063385E3,12.611366,0.135313,0.010307,-0.2788E-2,0.270462,,,,,,,,,3.257065147E3
3070,BSYA,MARK,ST22,,,,,,,,,,,,4.0,3.272711038E3,3.261215197E3,13.820243,0.147919,0.010307,-0.296E-2,0.28791,,,,,,,,,,,,,,,,,,,,,,,,,,,,,3.261215197E3
3072,BSYA,BEND,B23,Aline_bend,3.024,0.046,-1.999526617692,0.0,,0.0,-0.999763308846,-0.999763308846,,,4.0,3.275259038E3,3.263654489E3,14.556368,0.155592,0.010307,-0.3132E-2,0.305359,,,,,,3.023846547825,0.5,-4.656330970838,0.153979198771,0.0,0.0,,,,3.263652506E3,14.562658,0.155657,0.010307,-0.3132E-2,0.305359,,,,,,,,,3.263654489E3
3075,BSYA,BEND,B24,Aline_bend,3.024,0.046,-1.999526617692,0.0,,0.0,-0.999763308846,-0.999763308846,,,4.0,3.279058538E3,3.267257575E3,15.761627,0.168142,0.010307,-0.3473E-2,0.340255,,,,,,3.023846547825,0.5,-4.656330970838,0.153979198771,0.0,0.0,,,,3.267255374E3,15.767844,0.168206,0.010307,-0.3473E-2,0.340255,,,,,,,,,3.267257575E3
3078,BSYA,PC,PC24,,0.0,,,,,,,,,,4.0,3.281221928E3,3.269288563E3,16.506695,0.175893,0.010307,-0.3642E-2,0.357704,,,,,,,,,,,,,,,,,,,,,,,,0.0,0.0,,,,3.269288563E3
3080,BSYA,BPM,BPM24,,0.0,,,,,,,,,,4.0,3.281928928E3,3.269950808E3,16.754232,0.178467,0.010307,-0.3642E-2,0.357704,,,,,,,,,,,,,,,,,,,,,,,,,,,,,3.269950808E3
3082,BSYA,IMON,I24,,0.0,,,,,,,,,,4.0,3.283059928E3,3.271010212E3,17.15022,0.182586,0.010307,-0.3642E-2,0.357704,,,,,,,,,,,,,,,,,,,,,,,,,,,,,3.271010212E3
3084,BSYA,COLL,C24,,0.0,,,,,,,,,,4.0,3.283560928E3,3.271479497E3,17.325631,0.184411,0.010307,-0.3642E-2,0.357704,,,,,,,,,,,,,,,,,,,,,,,,0.0,0.0,,,,3.271479497E3
3086,BSYA,BEND,B25,Aline_bend,3.024,0.046,-1.999526617692,0.0,,0.0,-0.999763308846,-0.999763308846,,,4.0,3.285930928E3,3.273694778E3,18.167749,0.193169,0.010307,-0.3809E-2,0.375152,,,,,,3.023846547825,0.5,-4.656330970838,0.153979198771,0.0,0.0,,,,3.273692361E3,18.173885,0.193232,0.010307,-0.3809E-2,0.375152,,,,,,,,,3.273694778E3
3089,BSYA,BEND,B26,Aline_bend,3.024,0.046,-1.999526617692,0.0,,0.0,-0.999763308846,-0.999763308846,,,4.0,3.289730428E3,3.277205032E3,19.62134,0.208275,0.010307,-0.4141E-2,0.410049,,,,,,3.023846547825,0.5,-4.656330970838,0.153979198771,0.0,0.0,,,,3.277202402E3,19.627388,0.208337,0.010307,-0.4141E-2,0.410049,,,,,,,,,3.277205032E3
3091,BSYA,MARK,MARC,,,,,,,,,,,,4.0,3.291242428E3,3.278586348E3,20.236167,0.214661,0.010307,-0.4305E-2,0.427498,,,,,,,,,,,,,,,,,,,,,,,,,,,,,3.278586348E3
3092,BSYA,MARK,ROLL3,,0.0,,0.0,,,,,,,,4.0,3.291242428E3,3.278586348E3,20.236167,0.214661,0.010307,-0.4305E-2,0.427498,,,,,,,,,,,,,,,,,,,,,,,,,,,,,3.278586348E3
3093,BSYA,MARK,ENDB,,,,,,,,,,,,4.0,3.291242428E3,3.278586348E3,20.236167,0.214661,0.010307,-0.4305E-2,0.427498,,,,,,,,,,,,,,,,,,,,,,,,,,,,,3.278586348E3
3095,BSYA,PC,PC26,,0.0,,,,,,,,,,4.0,3.292124196E3,3.279388754E3,20.60174,0.218457,0.010307,-0.4305E-2,0.427498,,,,,,,,,,,,,,,,,,,,,,,,0.0,0.0,,,,3.279388754E3
3097,BSYA,MARK,IV26,,,,,,,,,,,,4.0,3.292474196E3,3.279707253E3,20.746847,0.219964,0.010307,-0.4305E-2,0.427498,,,,,,,,,,,,,,,,,,,,,,,,,,,,,3.279707253E3
3099,BSYA,QUAD,Q27,Aline_Q8cm,2.0,0.08,,-0.08391962206,,0.0,,,,,4.0,3.293987196E3,3.28108408E3,21.374124,0.226478,0.010307,-0.4305E-2,0.427498,,,,,,,,,,-22.394058058716,1.119702902936,,,,,,,,,,,,,,,,,,3.28108408E3
3102,BSYA,QUAD,SQ27P5,Aline_SQ27,0.55,0.08,,0.0,,45.000000000146,,,,,4.0,3.296787196E3,3.283632073E3,22.53498,0.238533,0.010307,-0.4305E-2,0.427498,,,,,,,,,,0.0,0.0,,,,,,,,,,,,,,,,,,3.283632073E3
3105,BSYA,QUAD,Q28,Aline_Q8cm,2.0,0.08,,0.03548040664,,0.0,,,,,4.0,3.299987196E3,3.286544065E3,23.861672,0.25231,0.010307,-0.4305E-2,0.427498,,,,,,,,,,9.467991713249,-0.473399585662,,,,,,,,,,,,,,,,,,3.286544065E3
3108,BSYA,MARK,FV28,,,,,,,,,,,,4.0,3.301642196E3,3.28805011E3,24.547821,0.259435,0.010307,-0.4305E-2,0.427498,,,,,,,,,,,,,,,,,,,,,,,,,,,,,3.28805011E3
3110,BSYA,BPM,BPM28,,0.0,,,,,,,,,,4.0,3.302315196E3,3.288662539E3,24.826841,0.262333,0.010307,-0.4305E-2,0.427498,,,,,,,,,,,,,,,,,,,,,,,,,,,,,3.288662539E3
3112,BSYA,IMON,I28,,0.0,,,,,,,,,,4.0,3.302959196E3,3.289248577E3,25.093838,0.265105,0.010307,-0.4305E-2,0.427498,,,,,,,,,,,,,,,,,,,,,,,,,,,,,3.289248577E3
3114,BSYA,PROF,PR28,,0.0,,,,,,,,,,4.0,3.303616196E3,3.289846446E3,25.366224,0.267934,0.010307,-0.4305E-2,0.427498,,,,,,,,,,,,,,,,,,,,,,,,,,,,,3.289846446E3
3116,BSYA,XCOR,A28X,,0.0,,,,,,,,,,4.0,3.304432196E3,3.290589004E3,25.704531,0.271447,0.010307,-0.4305E-2,0.427498,,,,,,,,,,,,,,,,,,,,,,,,,,,,,3.290589004E3
3118,BSYA,YCOR,A29Y,,0.0,,,,,,,,,,4.0,3.304877196E3,3.290993952E3,25.889024,0.273363,0.010307,-0.4305E-2,0.427498,,,,,,,,,,,,,,,,,,,,,,,,,,,,,3.290993952E3
3120,BSYA,MARK,ST29,,,,,,,,,,,,4.0,3.305721196E3,3.29176199E3,26.238939,0.276997,0.010307,-0.4305E-2,0.427498,,,,,,,,,,,,,,,,,,,,,,,,,,,,,3.29176199E3
3122,BSYA,PC,PC29,,0.0,,,,,,,,,,4.0,3.337686796E3,3.320850606E3,39.491602,0.41462,0.010307,-0.4305E-2,0.427498,,,,,,,,,,,,,,,,,,,,,,,,0.0,0.0,,,,3.320850606E3
3124,BSYA,IMON,I29,,0.0,,,,,,,,,,4.0,3.338415796E3,3.321513995E3,39.793839,0.417758,0.010307,-0.4305E-2,0.427498,,,,,,,,,,,,,,,,,,,,,,,,,,,,,3.321513995E3
3126,BSYA,QUAD,Q30,Aline_Q8cm,2.0,0.08,,-0.02884955971,,0.0,,,,,4.0,3.340098796E3,3.32304552E3,40.491596,0.425004,0.010307,-0.4305E-2,0.427498,,,,,,,,,,-7.698541762405,0.38492708812,,,,,,,,,,,,,,,,,,3.32304552E3
3129,BSYA,XCOR,A32X,,0.0,,,,,,,,,,4.0,3.341727796E3,3.324527906E3,41.166965,0.432018,0.010307,-0.4305E-2,0.427498,,,,,,,,,,,,,,,,,,,,,,,,,,,,,3.324527906E3
3131,BSYA,YCOR,A33Y,,0.0,,,,,,,,,,4.0,3.342108796E3,3.324874615E3,41.324925,0.433658,0.010307,-0.4305E-2,0.427498,,,,,,,,,,,,,,,,,,,,,,,,,,,,,3.324874615E3
3133,BSYA,BPM,BPM31,,0.0,,,,,,,,,,4.0,3.342743796E3,3.325452464E3,41.58819,0.436392,0.010307,-0.4305E-2,0.427498,,,,,,,,,,,,,,,,,,,,,,,,,,,,,3.325452464E3
3135,BSYA,BPM,BPM32,,0.0,,,,,,,,,,4.0,3.343302796E3,3.325961152E3,41.819947,0.438799,0.010307,-0.4305E-2,0.427498,,,,,,,,,,,,,,,,,,,,,,,,,,,,,3.325961152E3
3137,BSYA,PROF,PR33,,0.0,,,,,,,,,,4.0,3.344343796E3,3.32690846E3,42.251536,0.443281,0.010307,-0.4305E-2,0.427498,,,,,,,,,,,,,,,,,,,,,,,,,,,,,3.32690846E3
3139,BSYA,COLL,C37,,0.0,,,,,,,,,,4.0,3.360929496E3,3.342001405E3,49.127825,0.514688,0.010307,-0.4305E-2,0.427498,,,,,,,,,,,,,,,,,,,,,,,,0.0,0.0,,,,3.342001405E3
3141,BSYA,QUAD,Q38,Aline_Q8cm,2.0,0.08,,0.03448745852,,0.0,,,,,4.0,3.363576596E3,3.34441026E3,50.22529,0.526085,0.010307,-0.4305E-2,0.427498,,,,,,,,,,9.203022242429,-0.460151112121,,,,,,,,,,,,,,,,,,3.34441026E3
3144,BSYA,MARK,ALWALL,,,,,,,,,,,,4.0,3.369617246E3,3.349907236E3,52.729691,0.552092,0.010307,-0.4305E-2,0.427498,,,,,,,,,,,,,,,,,,,,,,,,,,,,,3.349907236E3
3146,BSYA,INST,ENDBSYA,,,,,,,,,,,,4.0,3.381868986E3,3.361056289E3,57.809157,0.60484,0.010307,-0.4305E-2,0.427498,,,,,,,,,,,,,,,,,,,,,,,,,,,,,3.361056289E3
3147,ESA,INST,BEGESA,,,,,,,,,,,,4.0,3.381868986E3,3.361056289E3,57.809157,0.60484,0.9365E-2,-0.4305E-2,0.427498,,,,,,,,,,,,,,,,,,,,,,,,,,,,,3.361056289E3
3149,ESA,BEND,BXD1S,,1.83,0.0,1.280253071704,0.0,,0.0,0.0,0.0,,,4.0,3.390973986E3,3.369343918E3,61.579353,0.643992,0.9413E-2,-0.42E-2,0.416326,,,,,,1.829961929943,0.0,2.981346672526,-0.162915118717,0.0,0.0,,,,3.369344952E3,61.577015,0.643968,0.0,-0.42E-2,0.416326,,,,,,,,,3.369343918E3
3152,ESA,BEND,BXD2S,,3.45,0.0,-2.560576476269,0.0,,0.0,0.0,0.0,,,4.0,3.396113986E3,3.374057992E3,63.627664,0.66527,0.9365E-2,-0.4305E-2,0.427499,,,,,,3.449712903929,0.0,-5.962857130359,0.172836438561,0.0,0.0,,,,3.374053997E3,63.636432,0.665361,0.0,-0.4305E-2,0.427499,,,,,,,,,3.374057992E3
3155,ESA,BEND,BXD3S,,3.45,0.0,1.280287941915,0.0,,0.0,0.0,0.0,,,4.0,3.401253986E3,3.378699002E3,65.836529,0.688201,0.9317E-2,-0.441E-2,0.438671,,,,,,3.449928224672,0.0,2.981427875369,-0.086418199286,0.0,0.0,,,,3.378701049E3,65.832167,0.688156,0.0,-0.441E-2,0.438671,,,,,,,,,3.378699002E3
3158,ESA,QUAD,Q1S,,1.327,0.386,,0.0167232155,,0.0,,,,,4.0,3.405128986E3,3.382221214E3,67.451826,0.704975,0.9365E-2,-0.4305E-2,0.427499,,,,,,,,,,2.960942638179,-0.223130568062,,,,,,,,,,,,,,,,,,3.382221214E3
3161,ESA,QUAD,Q2S,,1.327,0.386,,-0.0318384095,,0.0,,,,,4.0,3.407868986E3,3.384714606E3,68.587808,0.716771,0.9365E-2,-0.4305E-2,0.427499,,,,,,,,,,-5.637175710637,0.42480600683,,,,,,,,,,,,,,,,,,3.384714606E3
3164,ESA,QUAD,Q3S,,1.327,0.386,,0.0318384095,,0.0,,,,,4.0,3.411798986E3,3.388290895E3,70.217155,0.733691,0.9365E-2,-0.4305E-2,0.427499,,,,,,,,,,5.637175710637,-0.42480600683,,,,,,,,,,,,,,,,,,3.388290895E3
3167,ESA,QUAD,Q4S,,1.327,0.386,,-0.01608001312,,0.0,,,,,4.0,3.414138986E3,3.390420289E3,71.1873,0.743766,0.9365E-2,-0.4305E-2,0.427499,,,,,,,,,,-2.847059913178,0.214548599335,,,,,,,,,,,,,,,,,,3.390420289E3
3170,ESA,MARK,ESAE,,,,,,,,,,,,4.0,3.445851806E3,3.419278868E3,84.335179,0.880301,0.9365E-2,-0.4305E-2,0.427499,,,,,,,,,,,,,,,,,,,,,,,,,,,,,3.419278868E3
3172,ESA,MARK,BMDE,,,,,,,,,,,,4.0,3.537969806E3,3.503105994E3,1.22526561E2,1.276902,0.9365E-2,-0.4305E-2,0.427499,,,,,,,,,,,,,,,,,,,,,,,,,,,,,3.503105994E3
3173,ESA,INST,ENDESA,,,,,,,,,,,,4.0,3.537969806E3,3.503105994E3,1.22526561E2,1.276902,0.9365E-2,-0.4305E-2,0.427499,,,,,,,,,,,,,,,,,,,,,,,,,,,,,3.503105994E3
4,GUN,INST,BEGGUN,,,,,,,,,,,,0.6E-2,0.0,2.017911482E3,10.448935,0.0,0.0,0.0,-0.610865,,,,,,,,,,,,,,,,,,,,,,,,,,,,,2.017911482E3
5,GUN,SOLE,SOL1BK,,0.0,0.0,,,,,,,,,0.6E-2,0.0,2.017911482E3,10.448935,0.0,0.0,0.0,-0.610865,,,,,,,,0.0,0.0,,,,,,,,,,,,0.0,,,,,,,,2.017911482E3
6,GUN,MARK,DBMARK80,,,,,,,,,,,,0.6E-2,0.0,2.017911482E3,10.448935,0.0,0.0,0.0,-0.610865,,,,,,,,,,,,,,,,,,,,,,,,,,,,,2.017911482E3
7,GUN,INST,CATHODE,,0.0,,,,,,,,,,0.6E-2,0.0,2.017911482E3,10.448935,0.0,0.0,0.0,-0.610865,,,,,,,,,,,,,,,,,,,,,,,,,,,,,2.017911482E3
9,GUN,SOLE,SOL1,,0.2,0.0,,,,,,,,,0.6E-2,0.19601,2.018072044E3,10.336508,0.0,0.0,0.0,-0.610865,,,,,,,,0.0,0.0,,,,,,,,,,,,0.0,,,,,,,,2.018072044E3
10,GUN,QUAD,CQ01,QSOL,0.0,0.0,,,,0.0,,,,,0.6E-2,0.19601,2.018072044E3,10.336508,0.0,0.0,0.0,-0.610865,,,,,,,,,,0.0,,,,,,,,,,,,,,,,,,,2.018072044E3
11,GUN,XCOR,XC00,class-S,0.0,,,,,,,,,,0.6E-2,0.19601,2.018072044E3,10.336508,0.0,0.0,0.0,-0.610865,,,,,,,,,,,,,,,,,,,,,,,,,,,,,2.018072044E3
12,GUN,YCOR,YC00,class-S,0.0,,,,,,,,,,0.6E-2,0.19601,2.018072044E3,10.336508,0.0,0.0,0.0,-0.610865,,,,,,,,,,,,,,,,,,,,,,,,,,,,,2.018072044E3
13,GUN,QUAD,SQ01,QSOL,0.0,0.0,,,,45.000000000146,,,,,0.6E-2,0.19601,2.018072044E3,10.336508,0.0,0.0,0.0,-0.610865,,,,,,,,,,0.0,,,,,,,,,,,,,,,,,,,2.018072044E3
16,GUN,MARK,VV01,,,,,,,,,,,,0.6E-2,0.37452,2.018218271E3,10.234119,0.0,0.0,0.0,-0.610865,,,,,,,,,,,,,,,,,,,,,,,,,,,,,2.018218271E3
18,GUN,INST,AM00,,0.0,,,,,,,,,,0.6E-2,0.49061,2.018313367E3,10.167532,0.0,0.0,0.0,-0.610865,,,,,,,,,,,,,,,,,,,,,,,,,,,,,2.018313367E3
20,GUN,INST,AM01,,0.0,,,,,,,,,,0.6E-2,0.59522,2.018399058E3,10.10753,0.0,0.0,0.0,-0.610865,,,,,,,,,,,,,,,,,,,,,,,,,,,,,2.018399058E3
22,GUN,PROF,YAG01,YAG,0.0,,,,,,,,,,0.6E-2,0.61362,2.018414131E3,10.096977,0.0,0.0,0.0,-0.610865,,,,,,,,,,,,,,,,,,,,,,,,,,,,,2.018414131E3
24,GUN,INST,FC01,,0.0,,,,,,,,,,0.6E-2,0.62459,2.018423117E3,10.090684,0.0,0.0,0.0,-0.610865,,,,,,,,,,,,,,,,,,,,,,,,,,,,,2.018423117E3
26,GUN,IMON,IM01,,0.0,,,,,,,,,,0.6E-2,0.70709,2.018490697E3,10.043364,0.0,0.0,0.0,-0.610865,,,,,,,,,,,,,,,,,,,,,,,,,,,,,2.018490697E3
28,GUN,XCOR,XC01,class-G,0.0,,,,,,,,,,0.6E-2,0.834385,2.018594971E3,9.970351,0.0,0.0,0.0,-0.610865,,,,,,,,,,,,,,,,,,,,,,,,,,,,,2.018594971E3
29,GUN,YCOR,YC01,class-G,0.0,,,,,,,,,,0.6E-2,0.834385,2.018594971E3,9.970351,0.0,0.0,0.0,-0.610865,,,,,,,,,,,,,,,,,,,,,,,,,,,,,2.018594971E3
31,GUN,BPM,BPM2,25_um_res,0.0,,,,,,,,,,0.6E-2,0.8925736,2.018642636E3,9.936975,0.0,0.0,0.0,-0.610865,,,,,,,,,,,,,,,,,,,,,,,,,,,,,2.018642636E3
33,GUN,MARK,DBMARK81,,,,,,,,,,,,0.6E-2,0.9778443,2.018712486E3,9.888066,0.0,0.0,0.0,-0.610865,,,,,,,,,,,,,,,,,,,,,,,,,,,,,2.018712486E3
34,GUN,INST,ENDGUN,,,,,,,,,,,,0.6E-2,0.9778443,2.018712486E3,9.888066,0.0,0.0,0.0,-0.610865,,,,,,,,,,,,,,,,,,,,,,,,,,,,,2.018712486E3
35,L0,INST,BEGL0,,,,,,,,,,,,0.6E-2,0.9778443,2.018712486E3,9.888066,0.0,0.0,0.0,-0.610865,,,,,,,,,,,,,,,,,,,,,,,,,,,,,2.018712486E3
38,L0,BPM,BPM3,25_um_res,0.0,,,,,,,,,,0.6E-2,1.21666,2.018908112E3,9.751087,0.0,0.0,0.0,-0.610865,,,,,,,,,,,,,,,,,,,,,,,,,,,,,2.018908112E3
40,L0,INST,CR01,,0.0,,,,,,,,,,0.6E-2,1.35904,2.019024743E3,9.669421,0.0,0.0,0.0,-0.610865,,,,,,,,,,,,,,,,,,,,,,,,,,,,,2.019024743E3
42,L0,PROF,YAG02,YAG,0.0,,,,,,,,,,0.6E-2,1.38841,2.019048801E3,9.652575,0.0,0.0,0.0,-0.610865,,,,,,,,,,,,,,,,,,,,,,,,,,,,,2.019048801E3
44,L0,MARK,ZLIN00,,,,,,,,,,,,0.6E-2,1.459,2.019106625E3,9.612087,0.0,0.0,0.0,-0.610865,,,,,,,,,,,,,,,,,,,,,,,,,,,,,2.019106625E3
45,L0,MARK,FLNGA1,,,,,,,,,,,,0.6E-2,1.459,2.019106625E3,9.612087,0.0,0.0,0.0,-0.610865,,,,,,,,,,,,,,,,,,,,,,,,,,,,,2.019106625E3
46,L0,LCAV,L0A___,DUALFEED,3.095244,,,,,,,,,,0.035,3.006622,2.020374363E3,8.724407,0.0,0.0,0.0,-0.610865,2.856E3,58.01069066,-1.10000000016,18.74187969026,1.0,,,,,,,,,,,,,,,,,,,,,,,,2.020374363E3
47,L0,MARK,DLFDA,,,,,,,,,,,,0.7098933719E-2,1.517646,2.019154665E3,9.578449,0.0,0.0,0.0,-0.610865,,,,,,,,,,,,,,,,,,,,,,,,,,,,,2.019154665E3
49,L0,SOLE,SOL2,,0.0,0.0,,,,,,,,,0.01083451385,1.717,2.019317967E3,9.464104,0.0,0.0,0.0,-0.610865,,,,,,,,0.0,0.0,,,,,,,,,,,,0.0,,,,,,,,2.019317967E3
51,L0,XCOR,XC02,c-1s-L0a,0.0,,,,,,,,,,0.02300174474,2.3663198,2.019849858E3,9.091669,0.0,0.0,0.0,-0.610865,,,,,,,,,,,,,,,,,,,,,,,,,,,,,2.019849858E3
52,L0,YCOR,YC02,c-1s-L0a,0.0,,,,,,,,,,0.02300174474,2.3663198,2.019849858E3,9.091669,0.0,0.0,0.0,-0.610865,,,,,,,,,,,,,,,,,,,,,,,,,,,,,2.019849858E3
54,L0,MARK,L0AMID,,,,,,,,,,,,0.035,3.006622,2.020374363E3,8.724407,0.0,0.0,0.0,-0.610865,,,,,,,,,,,,,,,,,,,,,,,,,,,,,2.020374363E3
56,L0,XCOR,XC03,class-1s,0.0,,,,,,,,,,0.05658378829,4.1584684,2.0213179E3,8.063735,0.0,0.0,0.0,-0.610865,,,,,,,,,,,,,,,,,,,,,,,,,,,,,2.0213179E3
57,L0,YCOR,YC03,class-1s,0.0,,,,,,,,,,0.05658378829,4.1584684,2.0213179E3,8.063735,0.0,0.0,0.0,-0.610865,,,,,,,,,,,,,,,,,,,,,,,,,,,,,2.0213179E3
59,L0,MARK,OUTCPA,,,,,,,,,,,,0.06285847384,4.493325,2.021592199E3,7.871669,0.0,0.0,0.0,-0.610865,,,,,,,,,,,,,,,,,,,,,,,,,,,,,2.021592199E3
61,L0,MARK,FLNGA2,,,,,,,,,,,,0.064,4.554244,2.021642101E3,7.836728,0.0,0.0,0.0,-0.610865,,,,,,,,,,,,,,,,,,,,,,,,,,,,,2.021642101E3
62,L0,MARK,L0AWAKE,,,,,,,,,,,,0.064,4.554244,2.021642101E3,7.836728,0.0,0.0,0.0,-0.610865,,,,,,,,,,,,,,,,,,,,,,,,,,,,,2.021642101E3
63,L0,MARK,L0BBEG,,,,,,,,,,,,0.064,4.554244,2.021642101E3,7.836728,0.0,0.0,0.0,-0.610865,,,,,,,,,,,,,,,,,,,,,,,,,,,,,2.021642101E3
65,L0,PROF,YAG03,YAG,0.0,,,,,,,,,,0.064,4.614538605,2.021691491E3,7.802144,0.0,0.0,0.0,-0.610865,,,,,,,,,,,,,,,,,,,,,,,,,,,,,2.021691491E3
68,L0,QUAD,QA01,ETA,0.108,0.032,,-12.31506738,,0.0,,,,,0.064,4.854933605,2.021888411E3,7.664259,0.0,0.0,0.0,-0.610865,,,,,,,,,,-2.839265303758,2.628949355331,,,,,,,,,,,,,,,,,,2.021888411E3
71,L0,INST,PH01,,0.0,,,,,,,,,,0.064,5.003417605,2.022010042E3,7.579092,0.0,0.0,0.0,-0.610865,,,,,,,,,,,,,,,,,,,,,,,,,,,,,2.022010042E3
73,L0,QUAD,QA02,ETA,0.108,0.032,,13.70555495,,0.0,,,,,0.064,5.183309605,2.022157401E3,7.47591,0.0,0.0,0.0,-0.610865,,,,,,,,,,3.159845207301,-2.925782599353,,,,,,,,,,,,,,,,,,2.022157401E3
74,L0,BPM,BPM5,25_um_res,0.0,,,,,,,,,,0.064,5.183309605,2.022157401E3,7.47591,0.0,0.0,0.0,-0.610865,,,,,,,,,,,,,,,,,,,,,,,,,,,,,2.022157401E3
77,L0,MARK,FLNGB1,,,,,,,,,,,,0.064,5.303197605,2.022255608E3,7.407145,0.0,0.0,0.0,-0.610865,,,,,,,,,,,,,,,,,,,,,,,,,,,,,2.022255608E3
78,L0,LCAV,L0B___,DUALFEED,3.095244,,,,,,,,,,0.0995,6.850819605,2.023523346E3,6.519466,0.0,0.0,0.0,-0.610865,2.856E3,71.01308685,-1.10000000016,22.942645830183,1.0,,,,,,,,,,,,,,,,,,,,,,,,2.0235233455E3
79,L0,MARK,DLFDB,,,,,,,,,,,,0.06534524645,5.361843605,2.022303648E3,7.373507,0.0,0.0,0.0,-0.610865,,,,,,,,,,,,,,,,,,,,,,,,,,,,,2.022303648E3
81,L0,XCOR,XC04,class-1s,0.0,,,,,,,,,,0.07307843165,5.698971705,2.022579807E3,7.180139,0.0,0.0,0.0,-0.610865,,,,,,,,,,,,,,,,,,,,,,,,,,,,,2.022579807E3
82,L0,YCOR,YC04,class-1s,0.0,,,,,,,,,,0.07307843165,5.698971705,2.022579807E3,7.180139,0.0,0.0,0.0,-0.610865,,,,,,,,,,,,,,,,,,,,,,,,,,,,,2.022579807E3
84,L0,MARK,L0BMID,,,,,,,,,,,,0.0995,6.850819605,2.023523345E3,6.519466,0.0,0.0,0.0,-0.610865,,,,,,,,,,,,,,,,,,,,,,,,,,,,,2.023523345E3
86,L0,XCOR,XC05,class-1s,0.0,,,,,,,,,,0.1259150332,8.002382605,2.024466651E3,5.858956,0.0,0.0,0.0,-0.610865,,,,,,,,,,,,,,,,,,,,,,,,,,,,,2.024466651E3
87,L0,YCOR,YC05,class-1s,0.0,,,,,,,,,,0.1259150332,8.002382605,2.024466651E3,5.858956,0.0,0.0,0.0,-0.610865,,,,,,,,,,,,,,,,,,,,,,,,,,,,,2.024466651E3
89,L0,MARK,OUTCPB,,,,,,,,,,,,0.1336026145,8.337522605,2.024741181E3,5.666728,0.0,0.0,0.0,-0.610865,,,,,,,,,,,,,,,,,,,,,,,,,,,,,2.024741181E3
91,L0,MARK,FLNGB2,,,,,,,,,,,,0.135,8.398441605,2.024791083E3,5.631786,0.0,0.0,0.0,-0.610865,,,,,,,,,,,,,,,,,,,,,,,,,,,,,2.024791083E3
92,L0,INST,ENDL0,,,,,,,,,,,,0.135,8.398441605,2.024791083E3,5.631786,0.0,0.0,0.0,-0.610865,,,,,,,,,,,,,,,,,,,,,,,,,,,,,2.024791083E3
93,DL1,INST,BEGDL1_1,,,,,,,,,,,,0.135,8.398441605,2.024791083E3,5.631786,0.0,0.0,0.0,-0.610865,,,,,,,,,,,,,,,,,,,,,,,,,,,,,2.024791083E3
94,DL1,MARK,EMAT,,,,,,,,,,,,0.135,8.398441605,2.024791083E3,5.631786,0.0,0.0,0.0,-0.610865,,,,,,,,,,,,,,,,,,,,,,,,,,,,,2.024791083E3
97,DL1,QUAD,QE01,ETA,0.108,0.032,,-6.532677301,,0.0,,,,,0.135,8.494048605,2.0248694E3,5.576948,0.0,0.0,0.0,-0.610865,,,,,,,,,,-3.177056332796,2.941718826663,,,,,,,,,,,,,,,,,,2.0248694E3
98,DL1,BPM,BPM6,10_um_res,0.0,,,,,,,,,,0.135,8.494048605,2.0248694E3,5.576948,0.0,0.0,0.0,-0.610865,,,,,,,,,,,,,,,,,,,,,,,,,,,,,2.0248694E3
101,DL1,IMON,IM02,,0.0,,,,,,,,,,0.135,8.624421605,2.024976195E3,5.50217,0.0,0.0,0.0,-0.610865,,,,,,,,,,,,,,,,,,,,,,,,,,,,,2.024976195E3
103,DL1,MARK,VV02,,,,,,,,,,,,0.135,8.746780605,2.025076426E3,5.431987,0.0,0.0,0.0,-0.610865,,,,,,,,,,,,,,,,,,,,,,,,,,,,,2.025076426E3
105,DL1,QUAD,QE02,ETA,0.108,0.032,,5.351055994,,0.0,,,,,0.135,8.895561605,2.0251983E3,5.34665,0.0,0.0,0.0,-0.610865,,,,,,,,,,2.602394936955,-2.409624941625,,,,,,,,,,,,,,,,,,2.0251983E3
108,DL1,MARK,LHBEG,,,,,,,,,,,,0.135,9.076892055,2.025346837E3,5.242643,0.0,0.0,0.0,-0.610865,,,,,,,,,,,,,,,,,,,,,,,,,,,,,2.025346837E3
109,DL1,BEND,BXH1,5D3.9,0.124761,0.03,-7.546392261489,0.0,,0.0,0.0,-7.546392260916,,,0.135,9.139136841,2.025398961E3,5.208641,0.0,0.0,0.0,-0.545153,,,,,,0.124400600331,0.4,-0.593098325687,0.475387601644,0.0,0.0,,,,2.025400141E3,5.210327,0.0,0.0,0.0,-0.610865,,,,,,,,,2.025398961E3
112,DL1,BEND,BXH2,5D3.9,0.124761,0.03,7.546392261489,0.0,,0.0,7.546392260916,0.0,,,0.135,9.405996462,2.025633786E3,5.081993,0.0,0.0,0.0,-0.545153,,,,,,0.124400600331,0.4,0.593098325687,-0.475387601644,0.0,0.0,,,,2.025632606E3,5.080307,0.0,0.0,0.0,-0.610865,,,,,,,,,2.025633786E3
115,DL1,PROF,OTRH1,OTR,0.0,,,,,,,,,,0.135,9.528211448,2.025735035E3,5.013594,0.0,0.0,0.0,-0.610865,,,,,,,,,,,,,,,,,,,,,,,,,,,,,2.025735035E3
117,DL1,USEG,LH_UND,LHund,0.506264,,,,,,,,,,0.135,9.874251198,2.026018494E3,4.815113,0.0,0.0,0.0,-0.610865,,,,,,,,,,,,,,,,,,,,,,0.054,1.385239068724,,,,,,2.026018494E3
118,DL1,INST,HTRUND,,0.0,,,,,,,,,,0.135,9.874251198,2.026018494E3,4.815113,0.0,0.0,0.0,-0.610865,,,,,,,,,,,,,,,,,,,,,,,,,,,,,2.026018494E3
121,DL1,PROF,OTRH2,OTR,0.0,,,,,,,,,,0.135,10.211401,2.026294671E3,4.621732,0.0,0.0,0.0,-0.610865,,,,,,,,,,,,,,,,,,,,,,,,,,,,,2.026294671E3
123,DL1,BEND,BXH3,5D3.9,0.124761,0.03,7.546392261489,0.0,,0.0,0.0,7.546392260916,,,0.135,10.36147598,2.026416396E3,4.534004,0.0,0.0,0.0,-0.676577,,,,,,0.124400600331,0.4,0.593098325687,-0.475387601644,0.0,0.0,,,,2.026415216E3,4.532318,0.0,0.0,0.0,-0.610865,,,,,,,,,2.026416396E3
126,DL1,BEND,BXH4,5D3.9,0.124761,0.03,-7.546392261489,0.0,,0.0,-7.546392260916,0.0,,,0.135,10.6283356,2.026615721E3,4.356657,0.0,0.0,0.0,-0.676577,,,,,,0.124400600331,0.4,-0.593098325687,0.475387601644,0.0,0.0,,,,2.026616902E3,4.358342,0.0,0.0,0.0,-0.610865,,,,,,,,,2.026615721E3
128,DL1,MARK,LHEND,,,,,,,,,,,,0.135,10.69058039,2.0266655E3,4.319306,0.0,0.0,0.0,-0.610865,,,,,,,,,,,,,,,,,,,,,,,,,,,,,2.0266655E3
130,DL1,TCAV,TCAV0,TRANS_DEFL,0.668024,,,,,,,,,,0.135,11.14749289,2.02703978E3,4.057231,0.0,0.0,0.0,-0.610865,2.856E3,0.0,0.0,0.0,1.0,,,,,,,,,,,,,,,,,,,,,,,,2.0270397805E3
131,DL1,XCOR,XC06,class-1t,0.0,,,,,,,,,,0.135,11.14749289,2.027039781E3,4.057231,0.0,0.0,0.0,-0.610865,,,,,,,,,,,,,,,,,,,,,,,,,,,,,2.027039781E3
132,DL1,YCOR,YC06,class-1t,0.0,,,,,,,,,,0.135,11.14749289,2.027039781E3,4.057231,0.0,0.0,0.0,-0.610865,,,,,,,,,,,,,,,,,,,,,,,,,,,,,2.027039781E3
135,DL1,QUAD,QE03,ETA,0.108,0.032,,6.053732882,,0.0,,,,,0.135,11.57124419,2.027386897E3,3.814178,0.0,0.0,0.0,-0.610865,,,,,,,,,,2.944129872582,-2.726046178317,,,,,,,,,,,,,,,,,,2.027386897E3
136,DL1,BPM,BPM8,10_um_res,0.0,,,,,,,,,,0.135,11.57124419,2.027386897E3,3.814178,0.0,0.0,0.0,-0.610865,,,,,,,,,,,,,,,,,,,,,,,,,,,,,2.027386897E3
140,DL1,XCOR,XC07,class-1a,0.0,,,,,,,,,,0.135,11.78714519,2.027563753E3,3.690342,0.0,0.0,0.0,-0.610865,,,,,,,,,,,,,,,,,,,,,,,,,,,,,2.027563753E3
141,DL1,YCOR,YC07,class-1a,0.0,,,,,,,,,,0.135,11.78714519,2.027563753E3,3.690342,0.0,0.0,0.0,-0.610865,,,,,,,,,,,,,,,,,,,,,,,,,,,,,2.027563753E3
143,DL1,QUAD,QE04,ETA,0.108,0.032,,-5.234073679,,0.0,,,,,0.135,11.97764419,2.027719801E3,3.581076,0.0,0.0,0.0,-0.610865,,,,,,,,,,-2.54550258064,2.356946833926,,,,,,,,,,,,,,,,,,2.027719801E3
144,DL1,BPM,BPM9,25_um_res,0.0,,,,,,,,,,0.135,11.97764419,2.027719801E3,3.581076,0.0,0.0,0.0,-0.610865,,,,,,,,,,,,,,,,,,,,,,,,,,,,,2.027719801E3
147,DL1,WIRE,WS01,slow,0.0,,,,,,,,,,0.135,12.17533219,2.027881737E3,3.467687,0.0,0.0,0.0,-0.610865,,,,,,,,,,,,,,,,,,,,,,,,,,,,,2.027881737E3
149,DL1,PROF,OTR1,OTR,0.0,,,,,,,,,,0.135,12.32730019,2.028006222E3,3.380522,0.0,0.0,0.0,-0.610865,,,,,,,,,,,,,,,,,,,,,,,,,,,,,2.028006222E3
151,DL1,MARK,VV03,,,,,,,,,,,,0.135,12.43177019,2.028091799E3,3.3206,0.0,0.0,0.0,-0.610865,,,,,,,,,,,,,,,,,,,,,,,,,,,,,2.028091799E3
153,DL1,INST,RST1,,0.0,,,,,,,,,,0.135,13.84125879,2.029246385E3,2.512151,0.0,0.0,0.0,-0.610865,,,,,,,,,,,,,,,,,,,,,,,,,,,,,2.029246385E3
155,DL1,WIRE,WS02,fast,0.0,,,,,,,,,,0.135,14.08906119,2.029449372E3,2.370017,0.0,0.0,0.0,-0.610865,,,,,,,,,,,,,,,,,,,,,,,,,,,,,2.029449372E3
157,DL1,MARK,MRK0,,,,,,,,,,,,0.135,14.16504519,2.029511615E3,2.326434,0.0,0.0,0.0,-0.610865,,,,,,,,,,,,,,,,,,,,,,,,,,,,,2.029511615E3
159,DL1,PROF,OTR2,OTR,0.0,,,,,,,,,,0.135,14.24102919,2.029573857E3,2.282852,0.0,0.0,0.0,-0.610865,,,,,,,,,,,,,,,,,,,,,,,,,,,,,2.029573857E3
161,DL1,BPM,BPM10,25_um_res,0.0,,,,,,,,,,0.135,14.40485989,2.02970806E3,2.188882,0.0,0.0,0.0,-0.610865,,,,,,,,,,,,,,,,,,,,,,,,,,,,,2.02970806E3
163,DL1,WIRE,WS03,fast,0.0,,,,,,,,,,0.135,16.00279019,2.031017007E3,1.272347,0.0,0.0,0.0,-0.610865,,,,,,,,,,,,,,,,,,,,,,,,,,,,,2.031017007E3
165,DL1,PROF,OTR3,OTR,0.0,,,,,,,,,,0.135,16.15475819,2.031141492E3,1.185182,0.0,0.0,0.0,-0.610865,,,,,,,,,,,,,,,,,,,,,,,,,,,,,2.031141492E3
167,DL1,QUAD,QM01,ETA,0.108,0.032,,15.08299742,,0.0,,,,,0.135,16.35956389,2.031309259E3,1.06771,0.0,0.0,0.0,-0.610865,,,,,,,,,,7.335358883167,-6.791998965895,,,,,,,,,,,,,,,,,,2.031309259E3
168,DL1,BPM,BPM11,25_um_res,0.0,,,,,,,,,,0.135,16.35956389,2.031309259E3,1.06771,0.0,0.0,0.0,-0.610865,,,,,,,,,,,,,,,,,,,,,,,,,,,,,2.031309259E3
171,DL1,XCOR,XC08,class-1a,0.0,,,,,,,,,,0.135,16.56143599,2.031474623E3,0.951921,0.0,0.0,0.0,-0.610865,,,,,,,,,,,,,,,,,,,,,,,,,,,,,2.031474623E3
172,DL1,YCOR,YC08,class-1a,0.0,,,,,,,,,,0.135,16.56143599,2.031474623E3,0.951921,0.0,0.0,0.0,-0.610865,,,,,,,,,,,,,,,,,,,,,,,,,,,,,2.031474623E3
174,DL1,MARK,VV04,,,,,,,,,,,,0.135,16.74476599,2.031624798E3,0.846767,0.0,0.0,0.0,-0.610865,,,,,,,,,,,,,,,,,,,,,,,,,,,,,2.031624798E3
176,DL1,QUAD,QM02,ETA,0.108,0.032,,-11.96935813,,0.0,,,,,0.135,16.91538599,2.031764562E3,0.748904,0.0,0.0,0.0,-0.610865,,,,,,,,,,-5.821093449786,5.389901342395,,,,,,,,,,,,,,,,,,2.031764562E3
177,DL1,BPM,BPM12,25_um_res,0.0,,,,,,,,,,0.135,16.91538599,2.031764562E3,0.748904,0.0,0.0,0.0,-0.610865,,,,,,,,,,,,,,,,,,,,,,,,,,,,,2.031764562E3
180,DL1,MARK,DBMARK82,,,,,,,,,,,,0.135,17.19283599,2.031991836E3,0.589765,0.0,0.0,0.0,-0.610865,,,,,,,,,,,,,,,,,,,,,,,,,,,,,2.031991836E3
181,DL1,INST,ENDDL1_1,,,,,,,,,,,,0.135,17.19283599,2.031991836E3,0.589765,0.0,0.0,0.0,-0.610865,,,,,,,,,,,,,,,,,,,,,,,,,,,,,2.031991836E3
182,DL1,INST,BEGDL1_2,,,,,,,,,,,,0.135,17.19283599,2.031991836E3,0.589765,0.0,0.0,0.0,-0.610865,,,,,,,,,,,,,,,,,,,,,,,,,,,,,2.031991836E3
183,DL1,BEND,BX01,1.182D6.82T,0.203992,0.03,-17.499999994327,0.0,,0.0,-8.749999997164,-8.749999997164,,,0.135,17.29483199,2.03207952E3,0.537857,0.0,0.0,0.0,-0.458149,,,,,,0.203199998005,0.45,-1.37538844212,0.674236461292,0.0,0.0,,,,2.032081239E3,0.541343,0.0,0.0,0.0,-0.458149,,,,,,,,,2.03207952E3
186,DL1,PROF,OTR4,OTR,0.0,,,,,,,,,,0.135,17.79652744,2.032555281E3,0.3797,0.0,0.0,0.0,-0.305433,,,,,,,,,,,,,,,,,,,,,,,,,,,,,2.032555281E3
188,DL1,XCOR,XC09,class-1a,0.0,,,,,,,,,,0.135,17.95752744,2.032708829E3,0.331286,0.0,0.0,0.0,-0.305433,,,,,,,,,,,,,,,,,,,,,,,,,,,,,2.032708829E3
189,DL1,YCOR,YC09,class-1a,0.0,,,,,,,,,,0.135,17.95752744,2.032708829E3,0.331286,0.0,0.0,0.0,-0.305433,,,,,,,,,,,,,,,,,,,,,,,,,,,,,2.032708829E3
191,DL1,QUAD,QB,QE,0.1068,0.027559,,22.16971592,,0.0,,,,,0.135,18.17662744,2.032917788E3,0.265402,0.0,0.0,0.0,-0.305433,,,,,,,,,,10.662065230256,-9.983207144435,,,,,,,,,,,,,,,,,,2.032917788E3
192,DL1,BPM,BPM13,25_um_res,0.0,,,,,,,,,,0.135,18.17662744,2.032917788E3,0.265402,0.0,0.0,0.0,-0.305433,,,,,,,,,,,,,,,,,,,,,,,,,,,,,2.032917788E3
195,DL1,WIRE,WS04,slow,0.0,,,,,,,,,,0.135,18.51862744,2.03324396E3,0.16256,0.0,0.0,0.0,-0.305433,,,,,,,,,,,,,,,,,,,,,,,,,,,,,2.03324396E3
197,DL1,BEND,BX02,1.182D6.82T,0.203992,0.03,-17.499999994327,0.0,,0.0,-8.749999997164,-8.749999997164,,,0.135,19.0584229,2.033760731E3,0.7773E-2,0.0,0.0,0.0,-0.152716,,,,,,0.203199998005,0.45,-1.37538844212,0.674236461292,0.0,0.0,,,,2.033761322E3,0.011614,0.0,0.0,0.0,-0.152716,,,,,,,,,2.033760731E3
199,DL1,MARK,CNT0,,,,,,,,,,,,0.135,19.1604189,2.033862331E3,0.0,0.0,0.0,0.0,0.0,,,,,,,,,,,,,,,,,,,,,,,,,,,,,2.033862331E3
200,DL1,MARK,DBMARK83,,,,,,,,,,,,0.135,19.1604189,2.033862331E3,0.0,0.0,0.0,0.0,0.0,,,,,,,,,,,,,,,,,,,,,,,,,,,,,2.033862331E3
202,DL1,XCOR,XC10,class-1a,0.0,,,,,,,,,,0.135,19.38171994,2.034083632E3,0.0,0.0,0.0,0.0,0.0,,,,,,,,,,,,,,,,,,,,,,,,,,,,,2.034083632E3
203,DL1,YCOR,YC10,class-1a,0.0,,,,,,,,,,0.135,19.38171994,2.034083632E3,0.0,0.0,0.0,0.0,0.0,,,,,,,,,,,,,,,,,,,,,,,,,,,,,2.034083632E3
205,DL1,QUAD,QM03,ETA,0.108,0.032,,-8.294945413,,0.0,,,,,0.135,19.57640294,2.034278315E3,0.0,0.0,0.0,0.0,0.0,,,,,,,,,,-4.034105411962,3.735282788854,,,,,,,,,,,,,,,,,,2.034278315E3
206,DL1,BPM,BPM14,25_um_res,0.0,,,,,,,,,,0.135,19.57640294,2.034278315E3,0.0,0.0,0.0,0.0,0.0,,,,,,,,,,,,,,,,,,,,,,,,,,,,,2.034278315E3
210,DL1,QUAD,QM04,ETA,0.108,0.032,,13.33787358,,0.0,,,,,0.135,19.98156994,2.034683482E3,0.0,0.0,0.0,0.0,0.0,,,,,,,,,,6.486647628666,-6.006155211727,,,,,,,,,,,,,,,,,,2.034683482E3
211,DL1,BPM,BPM15,25_um_res,0.0,,,,,,,,,,0.135,19.98156994,2.034683482E3,0.0,0.0,0.0,0.0,0.0,,,,,,,,,,,,,,,,,,,,,,,,,,,,,2.034683482E3
214,DL1,IMON,IM03,,0.0,,,,,,,,,,0.135,20.17576994,2.034877682E3,0.0,0.0,0.0,0.0,0.0,,,,,,,,,,,,,,,,,,,,,,,,,,,,,2.034877682E3
216,DL1,INST,ENDDL1_2,,,,,,,,,,,,0.135,20.33321794,2.03503513E3,0.0,0.0,0.0,0.0,0.0,,,,,,,,,,,,,,,,,,,,,,,,,,,,,2.03503513E3
217,L1,INST,BEGL1,,,,,,,,,,,,0.135,20.33321794,2.03503513E3,0.0,0.0,0.0,0.0,0.0,,,,,,,,,,,,,,,,,,,,,,,,,,,,,2.03503513E3
218,L1,MARK,ZLIN01,,,,,,,,,,,,0.135,20.33321794,2.03503513E3,0.0,0.0,0.0,0.0,0.0,,,,,,,,,,,,,,,,,,,,,,,,,,,,,2.03503513E3
219,L1,LCAV,K21_1B,9.4ft,2.8692,,,,,,,,,,0.1561193435,21.76781794,2.03646973E3,0.0,0.0,0.0,0.0,0.0,2.856E3,45.397559634,-21.4999999992,15.822375447512,0.5,,,,,,,,,,,,,,,,,,,,,,,,2.03646973E3
220,L1,XCOR,XC21101,class-1s,0.0,,,,,,,,,,0.1416751611,20.78664994,2.035488562E3,0.0,0.0,0.0,0.0,0.0,,,,,,,,,,,,,,,,,,,,,,,,,,,,,2.035488562E3
221,L1,YCOR,YC21102,class-1s,0.0,,,,,,,,,,0.1416751611,20.78664994,2.035488562E3,0.0,0.0,0.0,0.0,0.0,,,,,,,,,,,,,,,,,,,,,,,,,,,,,2.035488562E3
224,L1,QUAD,QA11,ETA,0.108,0.032,,-3.789198343,,0.0,,,,,0.177238687,23.29328794,2.0379952E3,0.0,0.0,0.0,0.0,0.0,,,,,,,,,,-2.419396847091,2.240182265825,,,,,,,,,,,,,,,,,,2.0379952E3
225,L1,BPM,BPMA11,20_um_res,0.0,,,,,,,,,,0.177238687,23.29328794,2.0379952E3,0.0,0.0,0.0,0.0,0.0,,,,,,,,,,,,,,,,,,,,,,,,,,,,,2.0379952E3
228,L1,LCAV,K21_1C,9.4ft,2.8692,,,,,,,,,,0.19217231805,24.81191794,2.03951383E3,0.0,0.0,0.0,0.0,0.0,2.856E3,32.100922264,-21.4999999992,11.188108972536,0.25,,,,,,,,,,,,,,,,,,,,,,,,2.03951383E3
229,L1,XCOR,XC21135,class-1s,0.0,,,,,,,,,,0.1819588824,23.83076374,2.038532676E3,0.0,0.0,0.0,0.0,0.0,,,,,,,,,,,,,,,,,,,,,,,,,,,,,2.038532676E3
230,L1,YCOR,YC21136,class-1s,0.0,,,,,,,,,,0.1819588824,23.83076374,2.038532676E3,0.0,0.0,0.0,0.0,0.0,,,,,,,,,,,,,,,,,,,,,,,,,,,,,2.038532676E3
233,L1,QUAD,QA12,ETA,0.108,0.032,,1.831403534,,0.0,,,,,0.2071059491,26.33396794,2.04103588E3,0.0,0.0,0.0,0.0,0.0,,,,,,,,,,1.366401570977,-1.265186639794,,,,,,,,,,,,,,,,,,2.04103588E3
234,L1,BPM,BPMA12,20_um_res,0.0,,,,,,,,,,0.2071059491,26.33396794,2.04103588E3,0.0,0.0,0.0,0.0,0.0,,,,,,,,,,,,,,,,,,,,,,,,,,,,,2.04103588E3
237,L1,LCAV,K21_1D,10ft,3.0441,,,,,,,,,,0.22294990075,27.94346794,2.04264538E3,0.0,0.0,0.0,0.0,0.0,2.856E3,34.057722528,-21.4999999992,11.188108974081,0.25,,,,,,,,,,,,,,,,,,,,,,,,2.04264538E3
238,L1,XCOR,XC21165,class-1s,0.0,,,,,,,,,,0.2109505814,26.79075274,2.041492665E3,0.0,0.0,0.0,0.0,0.0,,,,,,,,,,,,,,,,,,,,,,,,,,,,,2.041492665E3
239,L1,YCOR,YC21166,class-1s,0.0,,,,,,,,,,0.2109505814,26.79075274,2.041492665E3,0.0,0.0,0.0,0.0,0.0,,,,,,,,,,,,,,,,,,,,,,,,,,,,,2.041492665E3
241,L1,YCOR,YC21174,type-4al,0.0,,,,,,,,,,0.2318451546,28.79799094,2.043499903E3,0.0,0.0,0.0,0.0,0.0,,,,,,,,,,,,,,,,,,,,,,,,,,,,,2.043499903E3
243,L1,XCOR,XC21175,type-4al,0.0,,,,,,,,,,0.2348386637,29.08556254,2.043787475E3,0.0,0.0,0.0,0.0,0.0,,,,,,,,,,,,,,,,,,,,,,,,,,,,,2.043787475E3
245,L1,INST,ENDL1,,,,,,,,,,,,0.2387938524,29.46551794,2.04416743E3,0.0,0.0,0.0,0.0,0.0,,,,,,,,,,,,,,,,,,,,,,,,,,,,,2.04416743E3
246,BC1,INST,BEGBC1,,,,,,,,,,,,0.2387938524,29.46551794,2.04416743E3,0.0,0.0,0.0,0.0,0.0,,,,,,,,,,,,,,,,,,,,,,,,,,,,,2.04416743E3
248,BC1,MARK,VVX1,MANUAL,,,,,,,,,,,0.2387938524,29.55888694,2.044260799E3,0.0,0.0,0.0,0.0,0.0,,,,,,,,,,,,,,,,,,,,,,,,,,,,,2.044260799E3
250,BC1,MARK,XBEG,,,,,,,,,,,,0.2387938524,29.75888694,2.044460799E3,0.0,0.0,0.0,0.0,0.0,,,,,,,,,,,,,,,,,,,,,,,,,,,,,2.044460799E3
251,BC1,LCAV,L1X___,X1_Xband,0.5948,,,,,,,,,,0.2293969262,30.05628694,2.044758199E3,0.0,0.0,0.0,0.0,0.0,1.1424E4,20.0,-1.59999999984E2,33.624747814391,1.0,,,,,,,,,,,,,,,,,,,,,,,,2.044758199E3
252,BC1,XCOR,XC21191,class-1x,0.0,,,,,,,,,,0.2293969262,30.05628694,2.044758199E3,0.0,0.0,0.0,0.0,0.0,,,,,,,,,,,,,,,,,,,,,,,,,,,,,2.044758199E3
253,BC1,YCOR,YC21192,class-1x,0.0,,,,,,,,,,0.2293969262,30.05628694,2.044758199E3,0.0,0.0,0.0,0.0,0.0,,,,,,,,,,,,,,,,,,,,,,,,,,,,,2.044758199E3
255,BC1,MARK,XEND,,,,,,,,,,,,0.22,30.35368694,2.045055599E3,0.0,0.0,0.0,0.0,0.0,,,,,,,,,,,,,,,,,,,,,,,,,,,,,2.045055599E3
257,BC1,MARK,VVX2,MANUAL,,,,,,,,,,,0.22,30.55876494,2.045260677E3,0.0,0.0,0.0,0.0,0.0,,,,,,,,,,,,,,,,,,,,,,,,,,,,,2.045260677E3
259,BC1,QUAD,Q21201,QE,0.1068,0.027559,,-9.394155388,,0.0,,,,,0.22,30.73209694,2.045434009E3,0.0,0.0,0.0,0.0,0.0,,,,,,,,,,-7.3625761321,6.893797876498,,,,,,,,,,,,,,,,,,2.045434009E3
260,BC1,BPM,BPM21201,20_um_res,0.0,,,,,,,,,,0.22,30.73209694,2.045434009E3,0.0,0.0,0.0,0.0,0.0,,,,,,,,,,,,,,,,,,,,,,,,,,,,,2.045434009E3
261,BC1,MARK,ZLIN02,,,,,,,,,,,,0.22,30.73209694,2.045434009E3,0.0,0.0,0.0,0.0,0.0,,,,,,,,,,,,,,,,,,,,,,,,,,,,,2.045434009E3
264,BC1,IMON,IMBC1I,,0.0,,,,,,,,,,0.22,30.87150394,2.045573416E3,0.0,0.0,0.0,0.0,0.0,,,,,,,,,,,,,,,,,,,,,,,,,,,,,2.045573416E3
266,BC1,QUAD,QM11,ETA,0.108,0.032,,8.000790179,,0.0,,,,,0.22,31.20438694,2.045906299E3,0.0,0.0,0.0,0.0,0.0,,,,,,,,,,6.340995471513,-5.871292103253,,,,,,,,,,,,,,,,,,2.045906299E3
269,BC1,MARK,BC1CBEG,,,,,,,,,,,,0.22,31.38618794,2.0460881E3,0.0,0.0,0.0,0.0,0.0,,,,,,,,,,,,,,,,,,,,,,,,,,,,,2.0460881E3
270,BC1,BEND,BX11,1.69D6.28T,0.203497,0.04328,-5.361472766991,0.0,,0.0,0.0,-5.361472767564,,,0.22,31.48782494,2.0461897E3,0.2375E-2,0.0,0.0,0.0,0.046736,,,,,,0.203200148286,0.387,-0.686692459289,0.337445986569,0.0,0.0,,,,2.0461897E3,0.4757E-2,0.0,0.0,0.0,0.0,,,,,,,,,2.0461897E3
273,BC1,QUAD,CQ11,ETB,0.108,0.043,,0.0,,0.0,,,,,0.22,31.88954141,2.046589845E3,0.037532,0.0,0.0,0.0,0.093575,,,,,,,,,,0.0,0.0,,,,,,,,,,,,,,,,,,2.046589845E3
276,BC1,BEND,BX12,1.69D6.28T,0.203497,0.04328,5.361472766991,0.0,,0.0,5.361472767564,0.0,,,0.22,34.1371439,2.0488278E3,0.245168,0.0,0.0,0.0,0.046736,,,,,,0.203200148286,0.387,0.686692459289,-0.337445986569,0.0,0.0,,,,2.0488278E3,0.242785,0.0,0.0,0.0,0.0,,,,,,,,,2.0488278E3
279,BC1,BPM,BPMS11,20_um_res,0.0,,,,,,,,,,0.22,34.48742089,2.04917804E3,0.247542,0.0,0.0,0.0,0.0,,,,,,,,,,,,,,,,,,,,,,,,,,,,,2.04917804E3
281,BC1,COLL,CE11,HCOLL,0.0,,,,,,,,,,0.22,34.65188089,2.0493425E3,0.247542,0.0,0.0,0.0,0.0,,,,,,,,,,,,,,,,,,,,,,,,0.0,0.0,,,,2.0493425E3
283,BC1,PROF,OTR11,OTR,0.0,,,,,,,,,,0.22,34.83448689,2.049525106E3,0.247542,0.0,0.0,0.0,0.0,,,,,,,,,,,,,,,,,,,,,,,,,,,,,2.049525106E3
285,BC1,BEND,BX13,1.69D6.28T,0.203497,0.04328,5.361472766991,0.0,,0.0,0.0,5.361472767564,,,0.22,35.17061789,2.0498612E3,0.245168,0.0,0.0,0.0,-0.046736,,,,,,0.203200148286,0.387,0.686692459289,-0.337445986569,0.0,0.0,,,,2.0498612E3,0.242785,0.0,0.0,0.0,0.0,,,,,,,,,2.0498612E3
288,BC1,QUAD,SQ13,,0.16,0.12,,0.0,,45.000000000146,,,,,0.22,35.61492696,2.050303751E3,0.20603,0.0,0.0,0.0,-0.093575,,,,,,,,,,0.0,0.0,,,,,,,,,,,,,,,,,,2.050303751E3
291,BC1,QUAD,CQ12,ETB,0.108,0.043,,0.0,,0.0,,,,,0.22,37.41822038,2.052099155E3,0.037532,0.0,0.0,0.0,-0.093575,,,,,,,,,,0.0,0.0,,,,,,,,,,,,,,,,,,2.052099155E3
294,BC1,BEND,BX14,1.69D6.28T,0.203497,0.04328,-5.361472766991,0.0,,0.0,-5.361472767564,0.0,,,0.22,37.81993685,2.0524993E3,0.2375E-2,0.0,0.0,0.0,-0.046736,,,,,,0.203200148286,0.387,-0.686692459289,0.337445986569,0.0,0.0,,,,2.0524993E3,0.4757E-2,0.0,0.0,0.0,0.0,,,,,,,,,2.0524993E3
296,BC1,MARK,CNT1,,,,,,,,,,,,0.22,37.92157384,2.0526009E3,0.0,0.0,0.0,0.0,0.0,,,,,,,,,,,,,,,,,,,,,,,,,,,,,2.0526009E3
297,BC1,MARK,BC1CEND,,,,,,,,,,,,0.22,37.92157384,2.0526009E3,0.0,0.0,0.0,0.0,0.0,,,,,,,,,,,,,,,,,,,,,,,,,,,,,2.0526009E3
299,BC1,BLMO,BL11,,0.0,,,,,,,,,,0.22,38.08329884,2.052762625E3,0.0,0.0,0.0,0.0,0.0,,,,,,,,,,,,,,,,,,,,,,,,,,,,,2.052762625E3
301,BC1,QUAD,QM12,ETA,0.108,0.032,,-8.326568629,,0.0,,,,,0.22,38.29902384,2.05297835E3,0.0,0.0,0.0,0.0,0.0,,,,,,,,,,-6.599189928554,6.110361044958,,,,,,,,,,,,,,,,,,2.05297835E3
305,BC1,IMON,IMBC1O,,0.0,,,,,,,,,,0.22,38.73401259,2.053413339E3,0.0,0.0,0.0,0.0,0.0,,,,,,,,,,,,,,,,,,,,,,,,,,,,,2.053413339E3
307,BC1,QUAD,QM13,ETA,0.108,0.032,,9.937676629,,0.0,,,,,0.22,38.96980134,2.053649127E3,0.0,0.0,0.0,0.0,0.0,,,,,,,,,,7.876067374851,-7.292654976714,,,,,,,,,,,,,,,,,,2.053649127E3
308,BC1,BPM,BPMM12,20_um_res,0.0,,,,,,,,,,0.22,38.96980134,2.053649127E3,0.0,0.0,0.0,0.0,0.0,,,,,,,,,,,,,,,,,,,,,,,,,,,,,2.053649127E3
311,BC1,BLMO,BL12,,0.0,,,,,,,,,,0.22,39.12427334,2.053803599E3,0.0,0.0,0.0,0.0,0.0,,,,,,,,,,,,,,,,,,,,,,,,,,,,,2.053803599E3
313,BC1,XCOR,XC21275,class-1a,0.0,,,,,,,,,,0.22,39.32534734,2.054004673E3,0.0,0.0,0.0,0.0,0.0,,,,,,,,,,,,,,,,,,,,,,,,,,,,,2.054004673E3
314,BC1,YCOR,YC21276,class-1a,0.0,,,,,,,,,,0.22,39.32534734,2.054004673E3,0.0,0.0,0.0,0.0,0.0,,,,,,,,,,,,,,,,,,,,,,,,,,,,,2.054004673E3
316,BC1,WIRE,WS11,slow,0.0,,,,,,,,,,0.22,39.56034734,2.054239673E3,0.0,0.0,0.0,0.0,0.0,,,,,,,,,,,,,,,,,,,,,,,,,,,,,2.054239673E3
318,BC1,WIRE,WS12,slow,0.0,,,,,,,,,,0.22,41.21654334,2.055895869E3,0.0,0.0,0.0,0.0,0.0,,,,,,,,,,,,,,,,,,,,,,,,,,,,,2.055895869E3
320,BC1,PROF,OTR12,OTR,0.0,,,,,,,,,,0.22,41.51154334,2.056190869E3,0.0,0.0,0.0,0.0,0.0,,,,,,,,,,,,,,,,,,,,,,,,,,,,,2.056190869E3
322,BC1,INST,PH02,,0.0,,,,,,,,,,0.22,41.92687334,2.056606199E3,0.0,0.0,0.0,0.0,0.0,,,,,,,,,,,,,,,,,,,,,,,,,,,,,2.056606199E3
324,BC1,XCOR,XC21302,type-4al,0.0,,,,,,,,,,0.22,42.22927434,2.0569086E3,0.0,0.0,0.0,0.0,0.0,,,,,,,,,,,,,,,,,,,,,,,,,,,,,2.0569086E3
326,BC1,YCOR,YC21303,type-4al,0.0,,,,,,,,,,0.22,42.57537334,2.057254699E3,0.0,0.0,0.0,0.0,0.0,,,,,,,,,,,,,,,,,,,,,,,,,,,,,2.057254699E3
328,BC1,WIRE,WS13,slow,0.0,,,,,,,,,,0.22,42.87273934,2.057552065E3,0.0,0.0,0.0,0.0,0.0,,,,,,,,,,,,,,,,,,,,,,,,,,,,,2.057552065E3
330,BC1,QUAD,Q21301,QE,0.1068,0.027559,,-0.1347,,0.0,,,,,0.22,43.18186934,2.057861195E3,0.0,0.0,0.0,0.0,0.0,,,,,,,,,,-0.105569789303,0.098848117325,,,,,,,,,,,,,,,,,,2.057861195E3
331,BC1,BPM,BPM21301,20_um_res,0.0,,,,,,,,,,0.22,43.18186934,2.057861195E3,0.0,0.0,0.0,0.0,0.0,,,,,,,,,,,,,,,,,,,,,,,,,,,,,2.057861195E3
332,BC1,MARK,ZLIN03,,,,,,,,,,,,0.22,43.18186934,2.057861195E3,0.0,0.0,0.0,0.0,0.0,,,,,,,,,,,,,,,,,,,,,,,,,,,,,2.057861195E3
336,BC1,INST,TD11,,0.0,,,,,,,,,,0.22,43.89625634,2.058575582E3,0.0,0.0,0.0,0.0,0.0,,,,,,,,,,,,,,,,,,,,,,,,,,,,,2.058575582E3
338,BC1,QUAD,QM14,ETA,0.108,0.032,,7.054168937,,0.0,,,,,0.22,44.33784334,2.059017169E3,0.0,0.0,0.0,0.0,0.0,,,,,,,,,,5.590754448506,-5.176624489357,,,,,,,,,,,,,,,,,,2.059017169E3
339,BC1,BPM,BPMM14,20_um_res,0.0,,,,,,,,,,0.22,44.33784334,2.059017169E3,0.0,0.0,0.0,0.0,0.0,,,,,,,,,,,,,,,,,,,,,,,,,,,,,2.059017169E3
342,BC1,XCOR,XC21325,class-1a,0.0,,,,,,,,,,0.22,44.61797334,2.059297299E3,0.0,0.0,0.0,0.0,0.0,,,,,,,,,,,,,,,,,,,,,,,,,,,,,2.059297299E3
343,BC1,YCOR,YC21325,class-1a,0.0,,,,,,,,,,0.22,44.61797334,2.059297299E3,0.0,0.0,0.0,0.0,0.0,,,,,,,,,,,,,,,,,,,,,,,,,,,,,2.059297299E3
345,BC1,QUAD,QM15,ETA,0.108,0.032,,-6.723000446,,0.0,,,,,0.22,44.90265334,2.059581979E3,0.0,0.0,0.0,0.0,0.0,,,,,,,,,,-5.32828813521,4.933600125194,,,,,,,,,,,,,,,,,,2.059581979E3
347,BC1,MARK,DBMARK28,,,,,,,,,,,,0.22,44.95665334,2.059635979E3,0.0,0.0,0.0,0.0,0.0,,,,,,,,,,,,,,,,,,,,,,,,,,,,,2.059635979E3
349,BC1,INST,ENDBC1,,,,,,,,,,,,0.22,45.05357434,2.0597329E3,0.0,0.0,0.0,0.0,0.0,,,,,,,,,,,,,,,,,,,,,,,,,,,,,2.0597329E3
350,L2,INST,BEGL2,,,,,,,,,,,,0.22,45.05357434,2.0597329E3,0.0,0.0,0.0,0.0,0.0,,,,,,,,,,,,,,,,,,,,,,,,,,,,,2.0597329E3
351,L2,MARK,LI21BEG,,,,,,,,,,,,0.22,45.05357434,2.0597329E3,0.0,0.0,0.0,0.0,0.0,,,,,,,,,,,,,,,,,,,,,,,,,,,,,2.0597329E3
352,L2,MARK,ZLIN04,,,,,,,,,,,,0.22,45.05357434,2.0597329E3,0.0,0.0,0.0,0.0,0.0,,,,,,,,,,,,,,,,,,,,,,,,,,,,,2.0597329E3
353,L2,LCAV,K21_3B,10ft,3.0441,,,,,,,,,,0.2503369768,46.57562434,2.06125495E3,0.0,0.0,0.0,0.0,0.0,2.856E3,72.760505135,-33.5000000016,23.902140249992,0.5,,,,,,,,,,,,,,,,,,,,,,,,2.06125495E3
355,L2,LCAV,K21_3C,10ft,3.0441,,,,,,,,,,0.30212543565,49.61972434,2.06429905E3,0.0,0.0,0.0,0.0,0.0,2.856E3,51.44944658,-33.5000000016,16.901365454486,0.25,,,,,,,,,,,,,,,,,,,,,,,,2.06429905E3
356,L2,LCAV,K21_3D,10ft,3.0441,,,,,,,,,,0.34502839975,52.66382434,2.06734315E3,0.0,0.0,0.0,0.0,0.0,2.856E3,51.44944658,-33.5000000016,16.901365454486,0.25,,,,,,,,,,,,,,,,,,,,,,,,2.06734315E3
358,L2,QUAD,Q21401,QE,0.1068,0.027559,,1.030123463,,0.0,,,,,0.3664798818,54.27347434,2.0689528E3,0.0,0.0,0.0,0.0,0.0,,,,,,,,,,1.344898612213,-1.259268363495,,,,,,,,,,,,,,,,,,2.0689528E3
359,L2,BPM,BPM21401,10_um_res,0.0,,,,,,,,,,0.3664798818,54.27347434,2.0689528E3,0.0,0.0,0.0,0.0,0.0,,,,,,,,,,,,,,,,,,,,,,,,,,,,,2.0689528E3
362,L2,LCAV,K21_4A,10ft,3.0441,,,,,,,,,,0.3879313638,55.87592434,2.07055525E3,0.0,0.0,0.0,0.0,0.0,2.856E3,51.449446585,-33.5000000016,16.901365456128,0.25,,,,,,,,,,,,,,,,,,,,,,,,2.07055525E3
363,L2,XCOR,XC21402,type-4al,0.0,,,,,,,,,,0.3710857385,54.68067434,2.06936E3,0.0,0.0,0.0,0.0,0.0,,,,,,,,,,,,,,,,,,,,,,,,,,,,,2.06936E3
365,L2,YCOR,YC21403,type-4al,0.0,,,,,,,,,,0.3763103135,55.05137434,2.0697307E3,0.0,0.0,0.0,0.0,0.0,,,,,,,,,,,,,,,,,,,,,,,,,,,,,2.0697307E3
367,L2,LCAV,K21_4B,10ft,3.0441,,,,,,,,,,0.43083432785,58.92002434,2.07359935E3,0.0,0.0,0.0,0.0,0.0,2.856E3,51.44944658,-33.5000000016,16.901365454486,0.25,,,,,,,,,,,,,,,,,,,,,,,,2.07359935E3
368,L2,LCAV,K21_4C,10ft,3.0441,,,,,,,,,,0.4737372919,61.96412434,2.07664345E3,0.0,0.0,0.0,0.0,0.0,2.856E3,51.44944658,-33.5000000016,16.901365454486,0.25,,,,,,,,,,,,,,,,,,,,,,,,2.07664345E3
369,L2,LCAV,K21_4D,10ft,3.0441,,,,,,,,,,0.51664025595,65.00822434,2.07968755E3,0.0,0.0,0.0,0.0,0.0,2.856E3,51.44944658,-33.5000000016,16.901365454486,0.25,,,,,,,,,,,,,,,,,,,,,,,,2.07968755E3
371,L2,QUAD,Q21501,QE,0.1068,0.027559,,-0.8207575561,,0.0,,,,,0.538091738,66.61787434,2.0812972E3,0.0,0.0,0.0,0.0,0.0,,,,,,,,,,-1.573336316623,1.473161345152,,,,,,,,,,,,,,,,,,2.0812972E3
372,L2,BPM,BPM21501,10_um_res,0.0,,,,,,,,,,0.538091738,66.61787434,2.0812972E3,0.0,0.0,0.0,0.0,0.0,,,,,,,,,,,,,,,,,,,,,,,,,,,,,2.0812972E3
375,L2,LCAV,K21_5A,10ft,3.0441,,,,,,,,,,0.55954322,68.22032434,2.08289965E3,0.0,0.0,0.0,0.0,0.0,2.856E3,51.449446586,-33.5000000016,16.901365456457,0.25,,,,,,,,,,,,,,,,,,,,,,,,2.08289965E3
376,L2,XCOR,XC21502,type-4al,0.0,,,,,,,,,,0.5427765201,67.03067434,2.08171E3,0.0,0.0,0.0,0.0,0.0,,,,,,,,,,,,,,,,,,,,,,,,,,,,,2.08171E3
378,L2,YCOR,YC21503,type-4al,0.0,,,,,,,,,,0.5481011612,67.40847434,2.0820878E3,0.0,0.0,0.0,0.0,0.0,,,,,,,,,,,,,,,,,,,,,,,,,,,,,2.0820878E3
380,L2,LCAV,K21_5B,10ft,3.0441,,,,,,,,,,0.60244618405,71.26442434,2.08594375E3,0.0,0.0,0.0,0.0,0.0,2.856E3,51.44944658,-33.5000000016,16.901365454486,0.25,,,,,,,,,,,,,,,,,,,,,,,,2.08594375E3
381,L2,LCAV,K21_5C,10ft,3.0441,,,,,,,,,,0.64534914815,74.30852434,2.08898785E3,0.0,0.0,0.0,0.0,0.0,2.856E3,51.44944658,-33.5000000016,16.901365454486,0.25,,,,,,,,,,,,,,,,,,,,,,,,2.08898785E3
382,L2,LCAV,K21_5D,10ft,3.0441,,,,,,,,,,0.6882521122,77.35262434,2.09203195E3,0.0,0.0,0.0,0.0,0.0,2.856E3,51.44944658,-33.5000000016,16.901365454486,0.25,,,,,,,,,,,,,,,,,,,,,,,,2.09203195E3
384,L2,QUAD,Q21601,QE,0.1068,0.027559,,0.7083885229,,0.0,,,,,0.7097035942,78.96227434,2.0936416E3,0.0,0.0,0.0,0.0,0.0,,,,,,,,,,1.791013907049,-1.676979313716,,,,,,,,,,,,,,,,,,2.0936416E3
385,L2,BPM,BPM21601,10_um_res,0.0,,,,,,,,,,0.7097035942,78.96227434,2.0936416E3,0.0,0.0,0.0,0.0,0.0,,,,,,,,,,,,,,,,,,,,,,,,,,,,,2.0936416E3
388,L2,LCAV,K21_6A,10ft,3.0441,,,,,,,,,,0.73115507625,80.56472434,2.09524405E3,0.0,0.0,0.0,0.0,0.0,2.856E3,51.449446578,-33.5000000016,16.901365453829,0.25,,,,,,,,,,,,,,,,,,,,,,,,2.09524405E3
389,L2,XCOR,XC21602,type-4al,0.0,,,,,,,,,,0.7143263636,79.37067434,2.09405E3,0.0,0.0,0.0,0.0,0.0,,,,,,,,,,,,,,,,,,,,,,,,,,,,,2.09405E3
391,L2,YCOR,YC21603,type-4al,0.0,,,,,,,,,,0.7198018084,79.75917434,2.0944385E3,0.0,0.0,0.0,0.0,0.0,,,,,,,,,,,,,,,,,,,,,,,,,,,,,2.0944385E3
393,L2,LCAV,K21_6B,10ft,3.0441,,,,,,,,,,0.7740580403,83.60882434,2.09828815E3,0.0,0.0,0.0,0.0,0.0,2.856E3,51.44944658,-33.5000000016,16.901365454486,0.25,,,,,,,,,,,,,,,,,,,,,,,,2.09828815E3
394,L2,LCAV,K21_6C,10ft,3.0441,,,,,,,,,,0.81696100435,86.65292434,2.10133225E3,0.0,0.0,0.0,0.0,0.0,2.856E3,51.44944658,-33.5000000016,16.901365454486,0.25,,,,,,,,,,,,,,,,,,,,,,,,2.10133225E3
395,L2,LCAV,K21_6D,10ft,3.0441,,,,,,,,,,0.8598639684,89.69702434,2.10437635E3,0.0,0.0,0.0,0.0,0.0,2.856E3,51.44944658,-33.5000000016,16.901365454486,0.25,,,,,,,,,,,,,,,,,,,,,,,,2.10437635E3
397,L2,QUAD,Q21701,QE,0.1068,0.027559,,-0.7083885229,,0.0,,,,,0.8813154504,91.30667434,2.105986E3,0.0,0.0,0.0,0.0,0.0,,,,,,,,,,-2.224095220726,2.082486161729,,,,,,,,,,,,,,,,,,2.105986E3
398,L2,BPM,BPM21701,10_um_res,0.0,,,,,,,,,,0.8813154504,91.30667434,2.105986E3,0.0,0.0,0.0,0.0,0.0,,,,,,,,,,,,,,,,,,,,,,,,,,,,,2.105986E3
401,L2,LCAV,K21_7A,10ft,3.0441,,,,,,,,,,0.90276693245,92.90912434,2.10758845E3,0.0,0.0,0.0,0.0,0.0,2.856E3,51.44944658,-33.5000000016,16.901365454486,0.25,,,,,,,,,,,,,,,,,,,,,,,,2.10758845E3
402,L2,XCOR,XC21702,type-4al,0.0,,,,,,,,,,0.8860171451,91.72067434,2.1064E3,0.0,0.0,0.0,0.0,0.0,,,,,,,,,,,,,,,,,,,,,,,,,,,,,2.1064E3
404,L2,YCOR,YC21703,type-4al,0.0,,,,,,,,,,0.8895405974,91.97067434,2.10665E3,0.0,0.0,0.0,0.0,0.0,,,,,,,,,,,,,,,,,,,,,,,,,,,,,2.10665E3
406,L2,LCAV,K21_7B,10ft,3.0441,,,,,,,,,,0.94566989655,95.95322434,2.11063255E3,0.0,0.0,0.0,0.0,0.0,2.856E3,51.44944658,-33.5000000016,16.901365454486,0.25,,,,,,,,,,,,,,,,,,,,,,,,2.11063255E3
407,L2,LCAV,K21_7C,10ft,3.0441,,,,,,,,,,0.9885728608,98.99732432,2.11367665E3,0.0,0.0,0.0,0.0,0.0,2.856E3,51.44944658,-33.5000000016,16.901365454486,0.25,,,,,,,,,,,,,,,,,,,,,,,,2.11367665E3
408,L2,LCAV,K21_7D,10ft,3.0441,,,,,,,,,,1.031475825,1.020414243E2,2.11672075E3,0.0,0.0,0.0,0.0,0.0,2.856E3,51.44944658,-33.5000000016,16.901365454486,0.25,,,,,,,,,,,,,,,,,,,,,,,,2.11672075E3
410,L2,QUAD,Q21801,QE,0.1068,0.027559,,0.7266961915,,0.0,,,,,1.052927307,1.036510743E2,2.1183304E3,0.0,0.0,0.0,0.0,0.0,,,,,,,,,,2.725848859195,-2.552292939321,,,,,,,,,,,,,,,,,,2.1183304E3
411,L2,BPM,BPM21801,10_um_res,0.0,,,,,,,,,,1.052927307,1.036510743E2,2.1183304E3,0.0,0.0,0.0,0.0,0.0,,,,,,,,,,,,,,,,,,,,,,,,,,,,,2.1183304E3
414,L2,LCAV,K21_8A,10ft,3.0441,,,,,,,,,,1.074378789,1.052535243E2,2.11993285E3,0.0,0.0,0.0,0.0,0.0,2.856E3,51.449446582,-33.5000000016,16.901365455143,0.25,,,,,,,,,,,,,,,,,,,,,,,,2.11993285E3
415,L2,XCOR,XC21802,type-4al,0.0,,,,,,,,,,1.057566989,1.040606743E2,2.11874E3,0.0,0.0,0.0,0.0,0.0,,,,,,,,,,,,,,,,,,,,,,,,,,,,,2.11874E3
417,L2,YCOR,YC21803,type-4al,0.0,,,,,,,,,,1.061090441,1.043106743E2,2.11899E3,0.0,0.0,0.0,0.0,0.0,,,,,,,,,,,,,,,,,,,,,,,,,,,,,2.11899E3
419,L2,LCAV,K21_8B,10ft,3.0441,,,,,,,,,,1.117281753,1.082976243E2,2.12297695E3,0.0,0.0,0.0,0.0,0.0,2.856E3,51.44944658,-33.5000000016,16.901365454486,0.25,,,,,,,,,,,,,,,,,,,,,,,,2.12297695E3
420,L2,LCAV,K21_8C,10ft,3.0441,,,,,,,,,,1.160184717,1.113417243E2,2.12602105E3,0.0,0.0,0.0,0.0,0.0,2.856E3,51.44944658,-33.5000000016,16.901365454486,0.25,,,,,,,,,,,,,,,,,,,,,,,,2.12602105E3
421,L2,LCAV,K21_8D,10ft,3.0441,,,,,,,,,,1.203087681,1.143858243E2,2.12906515E3,0.0,0.0,0.0,0.0,0.0,2.856E3,51.449446577,-33.5000000016,16.9013654535,0.25,,,,,,,,,,,,,,,,,,,,,,,,2.12906515E3
422,L2,XCOR,XC21900,type-4al,0.0,,,,,,,,,,1.215276712,1.152506743E2,2.12993E3,0.0,0.0,0.0,0.0,0.0,,,,,,,,,,,,,,,,,,,,,,,,,,,,,2.12993E3
424,L2,YCOR,YC21900,type-4al,0.0,,,,,,,,,,1.218800164,1.155006743E2,2.13018E3,0.0,0.0,0.0,0.0,0.0,,,,,,,,,,,,,,,,,,,,,,,,,,,,,2.13018E3
427,L2,QUAD,Q21901,QE,0.1068,0.027559,,-0.7215289261,,0.0,,,,,1.224539163,1.163145743E2,2.1309939E3,0.0,0.0,0.0,0.0,0.0,,,,,,,,,,-3.147581164764,2.947173375248,,,,,,,,,,,,,,,,,,2.1309939E3
428,L2,BPM,BPM21901,10_um_res,0.0,,,,,,,,,,1.224539163,1.163145743E2,2.1309939E3,0.0,0.0,0.0,0.0,0.0,,,,,,,,,,,,,,,,,,,,,,,,,,,,,2.1309939E3
431,L2,KICK,BKY21929,0.79K11.8,0.3,,,,,,,,,,1.224539163,1.168288743E2,2.1315082E3,0.0,0.0,0.0,0.0,0.0,,,,,,,,,,,,,,,,,,,,,,,,,,,,,2.1315082E3
433,L2,KICK,BKX21957,0.79K11.8,0.3,,,,,,,,,,1.224539163,1.173727743E2,2.1320521E3,0.0,0.0,0.0,0.0,0.0,,,,,,,,,,,,,,,,,,,,,,,,,,,,,2.1320521E3
435,L2,MARK,LI21END,,,,,,,,,,,,1.224539163,1.189206743E2,2.1336E3,0.0,0.0,0.0,0.0,0.0,,,,,,,,,,,,,,,,,,,,,,,,,,,,,2.1336E3
436,L2,MARK,LI22BEG,,,,,,,,,,,,1.224539163,1.189206743E2,2.1336E3,0.0,0.0,0.0,0.0,0.0,,,,,,,,,,,,,,,,,,,,,,,,,,,,,2.1336E3
437,L2,MARK,ZLIN05,,,,,,,,,,,,1.224539163,1.189206743E2,2.1336E3,0.0,0.0,0.0,0.0,0.0,,,,,,,,,,,,,,,,,,,,,,,,,,,,,2.1336E3
438,L2,LCAV,K22_1A,10ft,3.0441,,,,,,,,,,1.245990645,1.204427243E2,2.13512205E3,0.0,0.0,0.0,0.0,0.0,2.856E3,51.44944658,-33.5000000016,16.901365454486,0.25,,,,,,,,,,,,,,,,,,,,,,,,2.13512205E3
439,L2,LCAV,K22_1B,10ft,3.0441,,,,,,,,,,1.288893609,1.234868243E2,2.13816615E3,0.0,0.0,0.0,0.0,0.0,2.856E3,51.44944658,-33.5000000016,16.901365454486,0.25,,,,,,,,,,,,,,,,,,,,,,,,2.13816615E3
440,L2,LCAV,K22_1C,10ft,3.0441,,,,,,,,,,1.331796573,1.265309243E2,2.14121025E3,0.0,0.0,0.0,0.0,0.0,2.856E3,51.44944658,-33.5000000016,16.901365454486,0.25,,,,,,,,,,,,,,,,,,,,,,,,2.14121025E3
441,L2,LCAV,K22_1D,10ft,3.0441,,,,,,,,,,1.374699537,1.295750243E2,2.14425435E3,0.0,0.0,0.0,0.0,0.0,2.856E3,51.44944658,-33.5000000016,16.901365454486,0.25,,,,,,,,,,,,,,,,,,,,,,,,2.14425435E3
443,L2,QUAD,Q22201,QE,0.1068,0.027559,,0.6871879109,,0.0,,,,,1.396151019,1.311846743E2,2.145864E3,0.0,0.0,0.0,0.0,0.0,,,,,,,,,,3.417892735497,-3.200274096908,,,,,,,,,,,,,,,,,,2.145864E3
444,L2,BPM,BPM22201,10_um_res,0.0,,,,,,,,,,1.396151019,1.311846743E2,2.145864E3,0.0,0.0,0.0,0.0,0.0,,,,,,,,,,,,,,,,,,,,,,,,,,,,,2.145864E3
447,L2,LCAV,K22_2A,10ft,3.0441,,,,,,,,,,1.417602501,1.327871243E2,2.14746645E3,0.0,0.0,0.0,0.0,0.0,2.856E3,51.449446577,-33.5000000016,16.9013654535,0.25,,,,,,,,,,,,,,,,,,,,,,,,2.14746645E3
448,L2,XCOR,XC22202,type-4,0.0,,,,,,,,,,1.400739963,1.315906743E2,2.14627E3,0.0,0.0,0.0,0.0,0.0,,,,,,,,,,,,,,,,,,,,,,,,,,,,,2.14627E3
450,L2,YCOR,YC22203,type-4,0.0,,,,,,,,,,1.406070242,1.319688743E2,2.1466482E3,0.0,0.0,0.0,0.0,0.0,,,,,,,,,,,,,,,,,,,,,,,,,,,,,2.1466482E3
452,L2,LCAV,K22_2B,10ft,3.0441,,,,,,,,,,1.460505465,1.358312243E2,2.15051055E3,0.0,0.0,0.0,0.0,0.0,2.856E3,51.44944658,-33.5000000016,16.901365454486,0.25,,,,,,,,,,,,,,,,,,,,,,,,2.15051055E3
453,L2,LCAV,K22_2C,10ft,3.0441,,,,,,,,,,1.503408429,1.388753243E2,2.15355465E3,0.0,0.0,0.0,0.0,0.0,2.856E3,51.44944658,-33.5000000016,16.901365454486,0.25,,,,,,,,,,,,,,,,,,,,,,,,2.15355465E3
454,L2,LCAV,K22_2D,10ft,3.0441,,,,,,,,,,1.546311393,1.419194243E2,2.15659875E3,0.0,0.0,0.0,0.0,0.0,2.856E3,51.44944658,-33.5000000016,16.901365454486,0.25,,,,,,,,,,,,,,,,,,,,,,,,2.15659875E3
456,L2,QUAD,Q22301,QE,0.1068,0.027559,,-0.7702988641,,0.0,,,,,1.567762875,1.435290743E2,2.1582084E3,0.0,0.0,0.0,0.0,0.0,,,,,,,,,,-4.30219568326,4.028273111666,,,,,,,,,,,,,,,,,,2.1582084E3
457,L2,BPM,BPM22301,10_um_res,0.0,,,,,,,,,,1.567762875,1.435290743E2,2.1582084E3,0.0,0.0,0.0,0.0,0.0,,,,,,,,,,,,,,,,,,,,,,,,,,,,,2.1582084E3
460,L2,LCAV,K22_3A,10ft,3.0441,,,,,,,,,,1.589214357,1.451315243E2,2.15981085E3,0.0,0.0,0.0,0.0,0.0,2.856E3,51.449446583,-33.5000000016,16.901365455471,0.25,,,,,,,,,,,,,,,,,,,,,,,,2.15981085E3
461,L2,XCOR,XC22302,type-4,0.0,,,,,,,,,,1.572430745,1.439406743E2,2.15862E3,0.0,0.0,0.0,0.0,0.0,,,,,,,,,,,,,,,,,,,,,,,,,,,,,2.15862E3
463,L2,YCOR,YC22303,type-4,0.0,,,,,,,,,,1.575954197,1.441906743E2,2.15887E3,0.0,0.0,0.0,0.0,0.0,,,,,,,,,,,,,,,,,,,,,,,,,,,,,2.15887E3
465,L2,LCAV,K22_3B,10ft,3.0441,,,,,,,,,,1.632117321,1.481756243E2,2.16285495E3,0.0,0.0,0.0,0.0,0.0,2.856E3,51.44944658,-33.5000000016,16.901365454486,0.25,,,,,,,,,,,,,,,,,,,,,,,,2.16285495E3
466,L2,LCAV,K22_3C,10ft,3.0441,,,,,,,,,,1.6750202855,1.512197243E2,2.16589905E3,0.0,0.0,0.0,0.0,0.0,2.856E3,51.44944658,-33.5000000016,16.901365454486,0.25,,,,,,,,,,,,,,,,,,,,,,,,2.16589905E3
467,L2,LCAV,K22_3D,10ft,3.0441,,,,,,,,,,1.71792325,1.542638243E2,2.16894315E3,0.0,0.0,0.0,0.0,0.0,2.856E3,51.44944658,-33.5000000016,16.901365454486,0.25,,,,,,,,,,,,,,,,,,,,,,,,2.16894315E3
469,L2,QUAD,Q22401,QE,0.1068,0.027559,,0.754070736,,0.0,,,,,1.739374732,1.558734743E2,2.1705528E3,0.0,0.0,0.0,0.0,0.0,,,,,,,,,,4.672569553513,-4.375065125012,,,,,,,,,,,,,,,,,,2.1705528E3
470,L2,BPM,BPM22401,10_um_res,0.0,,,,,,,,,,1.739374732,1.558734743E2,2.1705528E3,0.0,0.0,0.0,0.0,0.0,,,,,,,,,,,,,,,,,,,,,,,,,,,,,2.1705528E3
473,L2,LCAV,K22_4A,10ft,3.0441,,,,,,,,,,1.760826214,1.574759243E2,2.17215525E3,0.0,0.0,0.0,0.0,0.0,2.856E3,51.449446585,-33.5000000016,16.901365456128,0.25,,,,,,,,,,,,,,,,,,,,,,,,2.17215525E3
474,L2,XCOR,XC22402,type-4,0.0,,,,,,,,,,1.743980588,1.562806743E2,2.17096E3,0.0,0.0,0.0,0.0,0.0,,,,,,,,,,,,,,,,,,,,,,,,,,,,,2.17096E3
476,L2,YCOR,YC22403,type-4,0.0,,,,,,,,,,1.747504041,1.565306743E2,2.17121E3,0.0,0.0,0.0,0.0,0.0,,,,,,,,,,,,,,,,,,,,,,,,,,,,,2.17121E3
478,L2,LCAV,K22_4B,10ft,3.0441,,,,,,,,,,1.803729178,1.605200243E2,2.17519935E3,0.0,0.0,0.0,0.0,0.0,2.856E3,51.44944658,-33.5000000016,16.901365454486,0.25,,,,,,,,,,,,,,,,,,,,,,,,2.17519935E3
479,L2,LCAV,K22_4C,10ft,3.0441,,,,,,,,,,1.846632142,1.635641243E2,2.17824345E3,0.0,0.0,0.0,0.0,0.0,2.856E3,51.44944658,-33.5000000016,16.901365454486,0.25,,,,,,,,,,,,,,,,,,,,,,,,2.17824345E3
480,L2,LCAV,K22_4D,10ft,3.0441,,,,,,,,,,1.889535106,1.666082243E2,2.18128755E3,0.0,0.0,0.0,0.0,0.0,2.856E3,51.44944658,-33.5000000016,16.901365454486,0.25,,,,,,,,,,,,,,,,,,,,,,,,2.18128755E3
482,L2,QUAD,Q22501,QE,0.1068,0.027559,,-0.8115485387,,0.0,,,,,1.910986588,1.682178743E2,2.1828972E3,0.0,0.0,0.0,0.0,0.0,,,,,,,,,,-5.52487775764,5.173106514645,,,,,,,,,,,,,,,,,,2.1828972E3
483,L2,BPM,BPM22501,10_um_res,0.0,,,,,,,,,,1.910986588,1.682178743E2,2.1828972E3,0.0,0.0,0.0,0.0,0.0,,,,,,,,,,,,,,,,,,,,,,,,,,,,,2.1828972E3
486,L2,LCAV,K22_5A,10ft,3.0441,,,,,,,,,,1.93243807,1.698203243E2,2.18449965E3,0.0,0.0,0.0,0.0,0.0,2.856E3,51.449446581,-33.5000000016,16.901365454814,0.25,,,,,,,,,,,,,,,,,,,,,,,,2.18449965E3
487,L2,XCOR,XC22502,type-4,0.0,,,,,,,,,,1.91567137,1.686306743E2,2.18331E3,0.0,0.0,0.0,0.0,0.0,,,,,,,,,,,,,,,,,,,,,,,,,,,,,2.18331E3
489,L2,YCOR,YC22503,type-4,0.0,,,,,,,,,,1.919194822,1.688806743E2,2.18356E3,0.0,0.0,0.0,0.0,0.0,,,,,,,,,,,,,,,,,,,,,,,,,,,,,2.18356E3
491,L2,LCAV,K22_5B,10ft,3.0441,,,,,,,,,,1.975341034,1.728644243E2,2.18754375E3,0.0,0.0,0.0,0.0,0.0,2.856E3,51.44944658,-33.5000000016,16.901365454486,0.25,,,,,,,,,,,,,,,,,,,,,,,,2.18754375E3
492,L2,LCAV,K22_5C,10ft,3.0441,,,,,,,,,,2.018243998,1.759085243E2,2.19058785E3,0.0,0.0,0.0,0.0,0.0,2.856E3,51.44944658,-33.5000000016,16.901365454486,0.25,,,,,,,,,,,,,,,,,,,,,,,,2.19058785E3
493,L2,LCAV,K22_5D,10ft,3.0441,,,,,,,,,,2.061146962,1.789526243E2,2.19363195E3,0.0,0.0,0.0,0.0,0.0,2.856E3,51.44944658,-33.5000000016,16.901365454486,0.25,,,,,,,,,,,,,,,,,,,,,,,,2.19363195E3
495,L2,QUAD,Q22601,QE,0.1068,0.027559,,0.8975393664,,0.0,,,,,2.082598444,1.805622743E2,2.1952416E3,0.0,0.0,0.0,0.0,0.0,,,,,,,,,,6.6590086992,-6.23502687191,,,,,,,,,,,,,,,,,,2.1952416E3
496,L2,BPM,BPM22601,10_um_res,0.0,,,,,,,,,,2.082598444,1.805622743E2,2.1952416E3,0.0,0.0,0.0,0.0,0.0,,,,,,,,,,,,,,,,,,,,,,,,,,,,,2.1952416E3
499,L2,LCAV,K22_6A,10ft,3.0441,,,,,,,,,,2.104049926,1.821647243E2,2.19684405E3,0.0,0.0,0.0,0.0,0.0,2.856E3,51.449446586,-33.5000000016,16.901365456457,0.25,,,,,,,,,,,,,,,,,,,,,,,,2.19684405E3
500,L2,XCOR,XC22602,type-4,0.0,,,,,,,,,,2.087221213,1.809706743E2,2.19565E3,0.0,0.0,0.0,0.0,0.0,,,,,,,,,,,,,,,,,,,,,,,,,,,,,2.19565E3
502,L2,YCOR,YC22603,type-4,0.0,,,,,,,,,,2.092562767,1.813496743E2,2.196029E3,0.0,0.0,0.0,0.0,0.0,,,,,,,,,,,,,,,,,,,,,,,,,,,,,2.196029E3
504,L2,LCAV,K22_6B,10ft,3.0441,,,,,,,,,,2.14695289,1.852088243E2,2.19988815E3,0.0,0.0,0.0,0.0,0.0,2.856E3,51.44944658,-33.5000000016,16.901365454486,0.25,,,,,,,,,,,,,,,,,,,,,,,,2.19988815E3
505,L2,LCAV,K22_6C,10ft,3.0441,,,,,,,,,,2.189855854,1.882529243E2,2.20293225E3,0.0,0.0,0.0,0.0,0.0,2.856E3,51.44944658,-33.5000000016,16.901365454486,0.25,,,,,,,,,,,,,,,,,,,,,,,,2.20293225E3
506,L2,LCAV,K22_6D,10ft,3.0441,,,,,,,,,,2.232758818,1.912970243E2,2.20597635E3,0.0,0.0,0.0,0.0,0.0,2.856E3,51.44944658,-33.5000000016,16.901365454486,0.25,,,,,,,,,,,,,,,,,,,,,,,,2.20597635E3
508,L2,QUAD,Q22701,QE,0.1068,0.027559,,-0.8704152663,,0.0,,,,,2.2542103,1.929066743E2,2.207586E3,0.0,0.0,0.0,0.0,0.0,,,,,,,,,,-6.989908134088,6.544857803453,,,,,,,,,,,,,,,,,,2.207586E3
509,L2,BPM,BPM22701,10_um_res,0.0,,,,,,,,,,2.2542103,1.929066743E2,2.207586E3,0.0,0.0,0.0,0.0,0.0,,,,,,,,,,,,,,,,,,,,,,,,,,,,,2.207586E3
512,L2,LCAV,K22_7A,10ft,3.0441,,,,,,,,,,2.275661782,1.945091243E2,2.20918845E3,0.0,0.0,0.0,0.0,0.0,2.856E3,51.449446579,-33.5000000016,16.901365454157,0.25,,,,,,,,,,,,,,,,,,,,,,,,2.20918845E3
513,L2,XCOR,XC22702,type-4,0.0,,,,,,,,,,2.258911995,1.933206743E2,2.208E3,0.0,0.0,0.0,0.0,0.0,,,,,,,,,,,,,,,,,,,,,,,,,,,,,2.208E3
515,L2,YCOR,YC22703,type-4,0.0,,,,,,,,,,2.264308514,1.937035743E2,2.2083829E3,0.0,0.0,0.0,0.0,0.0,,,,,,,,,,,,,,,,,,,,,,,,,,,,,2.2083829E3
517,L2,LCAV,K22_7B,10ft,3.0441,,,,,,,,,,2.318564746,1.975532243E2,2.21223255E3,0.0,0.0,0.0,0.0,0.0,2.856E3,51.44944658,-33.5000000016,16.901365454486,0.25,,,,,,,,,,,,,,,,,,,,,,,,2.21223255E3
518,L2,LCAV,K22_7C,10ft,3.0441,,,,,,,,,,2.36146771,2.005973243E2,2.21527665E3,0.0,0.0,0.0,0.0,0.0,2.856E3,51.44944658,-33.5000000016,16.901365454486,0.25,,,,,,,,,,,,,,,,,,,,,,,,2.21527665E3
519,L2,LCAV,K22_7D,10ft,3.0441,,,,,,,,,,2.4043706745,2.036414243E2,2.21832075E3,0.0,0.0,0.0,0.0,0.0,2.856E3,51.44944658,-33.5000000016,16.901365454486,0.25,,,,,,,,,,,,,,,,,,,,,,,,2.21832075E3
521,L2,QUAD,Q22801,QE,0.1068,0.027559,,0.8895403389,,0.0,,,,,2.425822157,2.052510743E2,2.2199304E3,0.0,0.0,0.0,0.0,0.0,,,,,,,,,,7.687323293655,-7.197868252486,,,,,,,,,,,,,,,,,,2.2199304E3
522,L2,BPM,BPM22801,10_um_res,0.0,,,,,,,,,,2.425822157,2.052510743E2,2.2199304E3,0.0,0.0,0.0,0.0,0.0,,,,,,,,,,,,,,,,,,,,,,,,,,,,,2.2199304E3
525,L2,LCAV,K22_8A,10ft,3.0441,,,,,,,,,,2.447273639,2.068535243E2,2.22153285E3,0.0,0.0,0.0,0.0,0.0,2.856E3,51.449446577,-33.5000000016,16.9013654535,0.25,,,,,,,,,,,,,,,,,,,,,,,,2.22153285E3
526,L2,XCOR,XC22802,type-4,0.0,,,,,,,,,,2.430461838,2.056606743E2,2.22034E3,0.0,0.0,0.0,0.0,0.0,,,,,,,,,,,,,,,,,,,,,,,,,,,,,2.22034E3
528,L2,YCOR,YC22803,type-4,0.0,,,,,,,,,,2.436055671,2.060575743E2,2.2207369E3,0.0,0.0,0.0,0.0,0.0,,,,,,,,,,,,,,,,,,,,,,,,,,,,,2.2207369E3
530,L2,LCAV,K22_8B,10ft,3.0441,,,,,,,,,,2.490176603,2.098976243E2,2.22457695E3,0.0,0.0,0.0,0.0,0.0,2.856E3,51.44944658,-33.5000000016,16.901365454486,0.25,,,,,,,,,,,,,,,,,,,,,,,,2.22457695E3
531,L2,LCAV,K22_8C,10ft,3.0441,,,,,,,,,,2.533079567,2.129417243E2,2.22762105E3,0.0,0.0,0.0,0.0,0.0,2.856E3,51.44944658,-33.5000000016,16.901365454486,0.25,,,,,,,,,,,,,,,,,,,,,,,,2.22762105E3
532,L2,LCAV,K22_8D,10ft,3.0441,,,,,,,,,,2.575982531,2.159858243E2,2.23066515E3,0.0,0.0,0.0,0.0,0.0,2.856E3,51.449446577,-33.5000000016,16.9013654535,0.25,,,,,,,,,,,,,,,,,,,,,,,,2.23066515E3
533,L2,XCOR,XC22900,type-4,0.0,,,,,,,,,,2.588171561,2.168506743E2,2.23153E3,0.0,0.0,0.0,0.0,0.0,,,,,,,,,,,,,,,,,,,,,,,,,,,,,2.23153E3
535,L2,YCOR,YC22900,type-4,0.0,,,,,,,,,,2.591695014,2.171006743E2,2.23178E3,0.0,0.0,0.0,0.0,0.0,,,,,,,,,,,,,,,,,,,,,,,,,,,,,2.23178E3
538,L2,QUAD,Q22901,QE,0.1068,0.027559,,-0.7489214964,,0.0,,,,,2.597434013,2.179145743E2,2.2325939E3,0.0,0.0,0.0,0.0,0.0,,,,,,,,,,-6.929970102928,6.488736051431,,,,,,,,,,,,,,,,,,2.2325939E3
539,L2,BPM,BPM22901,10_um_res,0.0,,,,,,,,,,2.597434013,2.179145743E2,2.2325939E3,0.0,0.0,0.0,0.0,0.0,,,,,,,,,,,,,,,,,,,,,,,,,,,,,2.2325939E3
542,L2,KICK,BKY22929,0.79K11.8,0.3,,,,,,,,,,2.597434013,2.184288743E2,2.2331082E3,0.0,0.0,0.0,0.0,0.0,,,,,,,,,,,,,,,,,,,,,,,,,,,,,2.2331082E3
544,L2,KICK,BKX22957,0.79K11.8,0.3,,,,,,,,,,2.597434013,2.189727743E2,2.2336521E3,0.0,0.0,0.0,0.0,0.0,,,,,,,,,,,,,,,,,,,,,,,,,,,,,2.2336521E3
546,L2,MARK,LI22END,,,,,,,,,,,,2.597434013,2.205206743E2,2.2352E3,0.0,0.0,0.0,0.0,0.0,,,,,,,,,,,,,,,,,,,,,,,,,,,,,2.2352E3
547,L2,MARK,LI23BEG,,,,,,,,,,,,2.597434013,2.205206743E2,2.2352E3,0.0,0.0,0.0,0.0,0.0,,,,,,,,,,,,,,,,,,,,,,,,,,,,,2.2352E3
548,L2,MARK,ZLIN06,,,,,,,,,,,,2.597434013,2.205206743E2,2.2352E3,0.0,0.0,0.0,0.0,0.0,,,,,,,,,,,,,,,,,,,,,,,,,,,,,2.2352E3
549,L2,LCAV,K23_1A,10ft,3.0441,,,,,,,,,,2.618885495,2.220427243E2,2.23672205E3,0.0,0.0,0.0,0.0,0.0,2.856E3,51.44944658,-33.5000000016,16.901365454486,0.25,,,,,,,,,,,,,,,,,,,,,,,,2.23672205E3
550,L2,LCAV,K23_1B,10ft,3.0441,,,,,,,,,,2.661788459,2.250868243E2,2.23976615E3,0.0,0.0,0.0,0.0,0.0,2.856E3,51.44944658,-33.5000000016,16.901365454486,0.25,,,,,,,,,,,,,,,,,,,,,,,,2.23976615E3
551,L2,LCAV,K23_1C,10ft,3.0441,,,,,,,,,,2.704691423,2.281309243E2,2.24281025E3,0.0,0.0,0.0,0.0,0.0,2.856E3,51.44944658,-33.5000000016,16.901365454486,0.25,,,,,,,,,,,,,,,,,,,,,,,,2.24281025E3
552,L2,LCAV,K23_1D,10ft,3.0441,,,,,,,,,,2.747594387,2.311750243E2,2.24585435E3,0.0,0.0,0.0,0.0,0.0,2.856E3,51.44944658,-33.5000000016,16.901365454486,0.25,,,,,,,,,,,,,,,,,,,,,,,,2.24585435E3
554,L2,QUAD,Q23201,QE,0.1068,0.027559,,0.6557089016,,0.0,,,,,2.769045869,2.327846743E2,2.247464E3,0.0,0.0,0.0,0.0,0.0,,,,,,,,,,6.468324089526,-6.056483229893,,,,,,,,,,,,,,,,,,2.247464E3
555,L2,BPM,BPM23201,10_um_res,0.0,,,,,,,,,,2.769045869,2.327846743E2,2.247464E3,0.0,0.0,0.0,0.0,0.0,,,,,,,,,,,,,,,,,,,,,,,,,,,,,2.247464E3
558,L2,LCAV,K23_2A,10ft,3.0441,,,,,,,,,,2.790497351,2.343871243E2,2.24906645E3,0.0,0.0,0.0,0.0,0.0,2.856E3,51.449446586,-33.5000000016,16.901365456457,0.25,,,,,,,,,,,,,,,,,,,,,,,,2.24906645E3
559,L2,XCOR,XC23202,type-4,0.0,,,,,,,,,,2.773634813,2.331906743E2,2.24787E3,0.0,0.0,0.0,0.0,0.0,,,,,,,,,,,,,,,,,,,,,,,,,,,,,2.24787E3
561,L2,YCOR,YC23203,type-4,0.0,,,,,,,,,,2.777158265,2.334406743E2,2.24812E3,0.0,0.0,0.0,0.0,0.0,,,,,,,,,,,,,,,,,,,,,,,,,,,,,2.24812E3
563,L2,LCAV,K23_2B,10ft,3.0441,,,,,,,,,,2.833400315,2.374312243E2,2.25211055E3,0.0,0.0,0.0,0.0,0.0,2.856E3,51.44944658,-33.5000000016,16.901365454486,0.25,,,,,,,,,,,,,,,,,,,,,,,,2.25211055E3
564,L2,LCAV,K23_2C,10ft,3.0441,,,,,,,,,,2.876303279,2.404753243E2,2.25515465E3,0.0,0.0,0.0,0.0,0.0,2.856E3,51.44944658,-33.5000000016,16.901365454486,0.25,,,,,,,,,,,,,,,,,,,,,,,,2.25515465E3
565,L2,LCAV,K23_2D,10ft,3.0441,,,,,,,,,,2.919206243,2.435194243E2,2.25819875E3,0.0,0.0,0.0,0.0,0.0,2.856E3,51.44944658,-33.5000000016,16.901365454486,0.25,,,,,,,,,,,,,,,,,,,,,,,,2.25819875E3
567,L2,QUAD,Q23301,QE,0.1068,0.027559,,-0.6551185398,,0.0,,,,,2.940657725,2.451290743E2,2.2598084E3,0.0,0.0,0.0,0.0,0.0,,,,,,,,,,-6.863014421262,6.426043465601,,,,,,,,,,,,,,,,,,2.2598084E3
568,L2,BPM,BPM23301,10_um_res,0.0,,,,,,,,,,2.940657725,2.451290743E2,2.2598084E3,0.0,0.0,0.0,0.0,0.0,,,,,,,,,,,,,,,,,,,,,,,,,,,,,2.2598084E3
571,L2,LCAV,K23_3A,10ft,3.0441,,,,,,,,,,2.962109207,2.467315243E2,2.26141085E3,0.0,0.0,0.0,0.0,0.0,2.856E3,51.449446578,-33.5000000016,16.901365453829,0.25,,,,,,,,,,,,,,,,,,,,,,,,2.26141085E3
572,L2,XCOR,XC23302,type-4,0.0,,,,,,,,,,2.945325595,2.455406743E2,2.26022E3,0.0,0.0,0.0,0.0,0.0,,,,,,,,,,,,,,,,,,,,,,,,,,,,,2.26022E3
574,L2,YCOR,YC23303,type-4,0.0,,,,,,,,,,2.950576948,2.459132743E2,2.2605926E3,0.0,0.0,0.0,0.0,0.0,,,,,,,,,,,,,,,,,,,,,,,,,,,,,2.2605926E3
576,L2,LCAV,K23_3B,10ft,3.0441,,,,,,,,,,3.005012171,2.497756243E2,2.26445495E3,0.0,0.0,0.0,0.0,0.0,2.856E3,51.44944658,-33.5000000016,16.901365454486,0.25,,,,,,,,,,,,,,,,,,,,,,,,2.26445495E3
577,L2,LCAV,K23_3C,10ft,3.0441,,,,,,,,,,3.047915135,2.528197243E2,2.26749905E3,0.0,0.0,0.0,0.0,0.0,2.856E3,51.44944658,-33.5000000016,16.901365454486,0.25,,,,,,,,,,,,,,,,,,,,,,,,2.26749905E3
578,L2,LCAV,K23_3D,10ft,3.0441,,,,,,,,,,3.090818099,2.558638243E2,2.27054315E3,0.0,0.0,0.0,0.0,0.0,2.856E3,51.44944658,-33.5000000016,16.901365454486,0.25,,,,,,,,,,,,,,,,,,,,,,,,2.27054315E3
580,L2,QUAD,Q23401,QE,0.1068,0.027559,,0.5673737231,,0.0,,,,,3.112269581,2.574734743E2,2.2721528E3,0.0,0.0,0.0,0.0,0.0,,,,,,,,,,6.29067097027,-5.890141357931,,,,,,,,,,,,,,,,,,2.2721528E3
581,L2,BPM,BPM23401,10_um_res,0.0,,,,,,,,,,3.112269581,2.574734743E2,2.2721528E3,0.0,0.0,0.0,0.0,0.0,,,,,,,,,,,,,,,,,,,,,,,,,,,,,2.2721528E3
584,L2,LCAV,K23_4A,10ft,3.0441,,,,,,,,,,3.1337210635,2.590759243E2,2.27375525E3,0.0,0.0,0.0,0.0,0.0,2.856E3,51.449446578,-33.5000000016,16.901365453829,0.25,,,,,,,,,,,,,,,,,,,,,,,,2.27375525E3
585,L2,XCOR,XC23402,type-4,0.0,,,,,,,,,,3.116875438,2.578806743E2,2.27256E3,0.0,0.0,0.0,0.0,0.0,,,,,,,,,,,,,,,,,,,,,,,,,,,,,2.27256E3
587,L2,YCOR,YC23403,type-4,0.0,,,,,,,,,,3.122188804,2.582576743E2,2.272937E3,0.0,0.0,0.0,0.0,0.0,,,,,,,,,,,,,,,,,,,,,,,,,,,,,2.272937E3
589,L2,LCAV,K23_4B,10ft,3.0441,,,,,,,,,,3.176624028,2.621200243E2,2.27679935E3,0.0,0.0,0.0,0.0,0.0,2.856E3,51.44944658,-33.5000000016,16.901365454486,0.25,,,,,,,,,,,,,,,,,,,,,,,,2.27679935E3
590,L2,LCAV,K23_4C,10ft,3.0441,,,,,,,,,,3.219526992,2.651641243E2,2.27984345E3,0.0,0.0,0.0,0.0,0.0,2.856E3,51.44944658,-33.5000000016,16.901365454486,0.25,,,,,,,,,,,,,,,,,,,,,,,,2.27984345E3
591,L2,LCAV,K23_4D,10ft,3.0441,,,,,,,,,,3.262429956,2.682082243E2,2.28288755E3,0.0,0.0,0.0,0.0,0.0,2.856E3,51.44944658,-33.5000000016,16.901365454486,0.25,,,,,,,,,,,,,,,,,,,,,,,,2.28288755E3
593,L2,QUAD,Q23501,QE,0.1068,0.027559,,-0.601854348,,0.0,,,,,3.283881438,2.698178743E2,2.2844972E3,0.0,0.0,0.0,0.0,0.0,,,,,,,,,,-7.040920095802,6.592621812549,,,,,,,,,,,,,,,,,,2.2844972E3
594,L2,BPM,BPM23501,10_um_res,0.0,,,,,,,,,,3.283881438,2.698178743E2,2.2844972E3,0.0,0.0,0.0,0.0,0.0,,,,,,,,,,,,,,,,,,,,,,,,,,,,,2.2844972E3
597,L2,LCAV,K23_5A,10ft,3.0441,,,,,,,,,,3.30533292,2.714203243E2,2.28609965E3,0.0,0.0,0.0,0.0,0.0,2.856E3,51.449446581,-33.5000000016,16.901365454814,0.25,,,,,,,,,,,,,,,,,,,,,,,,2.28609965E3
598,L2,XCOR,XC23502,type-4,0.0,,,,,,,,,,3.28856622,2.702306743E2,2.28491E3,0.0,0.0,0.0,0.0,0.0,,,,,,,,,,,,,,,,,,,,,,,,,,,,,2.28491E3
600,L2,YCOR,YC23503,type-4,0.0,,,,,,,,,,3.292089672,2.704806743E2,2.28516E3,0.0,0.0,0.0,0.0,0.0,,,,,,,,,,,,,,,,,,,,,,,,,,,,,2.28516E3
602,L2,LCAV,K23_5B,10ft,3.0441,,,,,,,,,,3.348235884,2.744644243E2,2.28914375E3,0.0,0.0,0.0,0.0,0.0,2.856E3,51.44944658,-33.5000000016,16.901365454486,0.25,,,,,,,,,,,,,,,,,,,,,,,,2.28914375E3
603,L2,LCAV,K23_5C,10ft,3.0441,,,,,,,,,,3.391138848,2.775085243E2,2.29218785E3,0.0,0.0,0.0,0.0,0.0,2.856E3,51.44944658,-33.5000000016,16.901365454486,0.25,,,,,,,,,,,,,,,,,,,,,,,,2.29218785E3
604,L2,LCAV,K23_5D,10ft,3.0441,,,,,,,,,,3.434041812,2.805526243E2,2.29523195E3,0.0,0.0,0.0,0.0,0.0,2.856E3,51.44944658,-33.5000000016,16.901365454486,0.25,,,,,,,,,,,,,,,,,,,,,,,,2.29523195E3
606,L2,QUAD,Q23601,QE,0.1068,0.027559,,0.6091612314,,0.0,,,,,3.455493294,2.821622743E2,2.2968416E3,0.0,0.0,0.0,0.0,0.0,,,,,,,,,,7.498818729092,-7.02136585121,,,,,,,,,,,,,,,,,,2.2968416E3
607,L2,BPM,BPM23601,10_um_res,0.0,,,,,,,,,,3.455493294,2.821622743E2,2.2968416E3,0.0,0.0,0.0,0.0,0.0,,,,,,,,,,,,,,,,,,,,,,,,,,,,,2.2968416E3
610,L2,LCAV,K23_6A,10ft,3.0441,,,,,,,,,,3.476944776,2.837647243E2,2.29844405E3,0.0,0.0,0.0,0.0,0.0,2.856E3,51.449446583,-33.5000000016,16.901365455471,0.25,,,,,,,,,,,,,,,,,,,,,,,,2.29844405E3
611,L2,XCOR,XC23602,type-4,0.0,,,,,,,,,,3.460116063,2.825706743E2,2.29725E3,0.0,0.0,0.0,0.0,0.0,,,,,,,,,,,,,,,,,,,,,,,,,,,,,2.29725E3
613,L2,YCOR,YC23603,type-4,0.0,,,,,,,,,,3.463639516,2.828206743E2,2.2975E3,0.0,0.0,0.0,0.0,0.0,,,,,,,,,,,,,,,,,,,,,,,,,,,,,2.2975E3
615,L2,LCAV,K23_6B,10ft,3.0441,,,,,,,,,,3.51984774,2.868088243E2,2.30148815E3,0.0,0.0,0.0,0.0,0.0,2.856E3,51.44944658,-33.5000000016,16.901365454486,0.25,,,,,,,,,,,,,,,,,,,,,,,,2.30148815E3
616,L2,LCAV,K23_6C,10ft,3.0441,,,,,,,,,,3.562750704,2.898529243E2,2.30453225E3,0.0,0.0,0.0,0.0,0.0,2.856E3,51.44944658,-33.5000000016,16.901365454486,0.25,,,,,,,,,,,,,,,,,,,,,,,,2.30453225E3
617,L2,LCAV,K23_6D,10ft,3.0441,,,,,,,,,,3.605653668,2.928970243E2,2.30757635E3,0.0,0.0,0.0,0.0,0.0,2.856E3,51.44944658,-33.5000000016,16.901365454486,0.25,,,,,,,,,,,,,,,,,,,,,,,,2.30757635E3
619,L2,QUAD,Q23701,QE,0.1068,0.027559,,-0.6469866913,,0.0,,,,,3.62710515,2.945066743E2,2.309186E3,0.0,0.0,0.0,0.0,0.0,,,,,,,,,,-8.35999540323,7.827711051714,,,,,,,,,,,,,,,,,,2.309186E3
620,L2,BPM,BPM23701,10_um_res,0.0,,,,,,,,,,3.62710515,2.945066743E2,2.309186E3,0.0,0.0,0.0,0.0,0.0,,,,,,,,,,,,,,,,,,,,,,,,,,,,,2.309186E3
623,L2,LCAV,K23_7A,10ft,3.0441,,,,,,,,,,3.648556632,2.961091243E2,2.31078845E3,0.0,0.0,0.0,0.0,0.0,2.856E3,51.449446585,-33.5000000016,16.901365456128,0.25,,,,,,,,,,,,,,,,,,,,,,,,2.31078845E3
624,L2,XCOR,XC23702,type-4,0.0,,,,,,,,,,3.631806845,2.949206743E2,2.3096E3,0.0,0.0,0.0,0.0,0.0,,,,,,,,,,,,,,,,,,,,,,,,,,,,,2.3096E3
626,L2,YCOR,YC23703,type-4,0.0,,,,,,,,,,3.636980682,2.952877743E2,2.3099671E3,0.0,0.0,0.0,0.0,0.0,,,,,,,,,,,,,,,,,,,,,,,,,,,,,2.3099671E3
628,L2,LCAV,K23_7B,10ft,3.0441,,,,,,,,,,3.691459596,2.991532243E2,2.31383255E3,0.0,0.0,0.0,0.0,0.0,2.856E3,51.44944658,-33.5000000016,16.901365454486,0.25,,,,,,,,,,,,,,,,,,,,,,,,2.31383255E3
629,L2,LCAV,K23_7C,10ft,3.0441,,,,,,,,,,3.73436256,3.021973243E2,2.31687665E3,0.0,0.0,0.0,0.0,0.0,2.856E3,51.44944658,-33.5000000016,16.901365454486,0.25,,,,,,,,,,,,,,,,,,,,,,,,2.31687665E3
630,L2,LCAV,K23_7D,10ft,3.0441,,,,,,,,,,3.777265524,3.052414243E2,2.31992075E3,0.0,0.0,0.0,0.0,0.0,2.856E3,51.44944658,-33.5000000016,16.901365454486,0.25,,,,,,,,,,,,,,,,,,,,,,,,2.31992075E3
632,L2,QUAD,Q23801,QE,0.1068,0.027559,,0.7134400573,,0.0,,,,,3.798717006,3.068510743E2,2.3215304E3,0.0,0.0,0.0,0.0,0.0,,,,,,,,,,9.654837680981,-9.040110188184,,,,,,,,,,,,,,,,,,2.3215304E3
633,L2,BPM,BPM23801,10_um_res,0.0,,,,,,,,,,3.798717006,3.068510743E2,2.3215304E3,0.0,0.0,0.0,0.0,0.0,,,,,,,,,,,,,,,,,,,,,,,,,,,,,2.3215304E3
636,L2,LCAV,K23_8A,10ft,3.0441,,,,,,,,,,3.820168488,3.084535243E2,2.32313285E3,0.0,0.0,0.0,0.0,0.0,2.856E3,51.449446579,-33.5000000016,16.901365454157,0.25,,,,,,,,,,,,,,,,,,,,,,,,2.32313285E3
637,L2,XCOR,XC23802,type-4,0.0,,,,,,,,,,3.803356688,3.072606743E2,2.32194E3,0.0,0.0,0.0,0.0,0.0,,,,,,,,,,,,,,,,,,,,,,,,,,,,,2.32194E3
639,L2,YCOR,YC23803,type-4,0.0,,,,,,,,,,3.809084412,3.076670743E2,2.3223464E3,0.0,0.0,0.0,0.0,0.0,,,,,,,,,,,,,,,,,,,,,,,,,,,,,2.3223464E3
641,L2,LCAV,K23_8B,10ft,3.0441,,,,,,,,,,3.863071452,3.114976243E2,2.32617695E3,0.0,0.0,0.0,0.0,0.0,2.856E3,51.44944658,-33.5000000016,16.901365454486,0.25,,,,,,,,,,,,,,,,,,,,,,,,2.32617695E3
642,L2,LCAV,K23_8C,10ft,3.0441,,,,,,,,,,3.9059744165,3.145417243E2,2.32922105E3,0.0,0.0,0.0,0.0,0.0,2.856E3,51.44944658,-33.5000000016,16.901365454486,0.25,,,,,,,,,,,,,,,,,,,,,,,,2.32922105E3
643,L2,LCAV,K23_8D,10ft,3.0441,,,,,,,,,,3.948877381,3.175858243E2,2.33226515E3,0.0,0.0,0.0,0.0,0.0,2.856E3,51.449446577,-33.5000000016,16.9013654535,0.25,,,,,,,,,,,,,,,,,,,,,,,,2.33226515E3
644,L2,XCOR,XC23900,type-4,0.0,,,,,,,,,,3.961066411,3.184506743E2,2.33313E3,0.0,0.0,0.0,0.0,0.0,,,,,,,,,,,,,,,,,,,,,,,,,,,,,2.33313E3
646,L2,YCOR,YC23900,type-4,0.0,,,,,,,,,,3.964589864,3.187006743E2,2.33338E3,0.0,0.0,0.0,0.0,0.0,,,,,,,,,,,,,,,,,,,,,,,,,,,,,2.33338E3
649,L2,QUAD,Q23901,QE,0.1068,0.027559,,-0.7167618328,,0.0,,,,,3.970328863,3.195145743E2,2.3341939E3,0.0,0.0,0.0,0.0,0.0,,,,,,,,,,-10.137990931683,9.492500872362,,,,,,,,,,,,,,,,,,2.3341939E3
650,L2,BPM,BPM23901,10_um_res,0.0,,,,,,,,,,3.970328863,3.195145743E2,2.3341939E3,0.0,0.0,0.0,0.0,0.0,,,,,,,,,,,,,,,,,,,,,,,,,,,,,2.3341939E3
653,L2,MARK,LI23END,,,,,,,,,,,,3.970328863,3.221206743E2,2.3368E3,0.0,0.0,0.0,0.0,0.0,,,,,,,,,,,,,,,,,,,,,,,,,,,,,2.3368E3
654,L2,MARK,LI24BEG,,,,,,,,,,,,3.970328863,3.221206743E2,2.3368E3,0.0,0.0,0.0,0.0,0.0,,,,,,,,,,,,,,,,,,,,,,,,,,,,,2.3368E3
655,L2,MARK,ZLIN07,,,,,,,,,,,,3.970328863,3.221206743E2,2.3368E3,0.0,0.0,0.0,0.0,0.0,,,,,,,,,,,,,,,,,,,,,,,,,,,,,2.3368E3
656,L2,LCAV,K24_1A,10ft,3.0441,,,,,,,,,,3.991780345,3.236427243E2,2.33832205E3,0.0,0.0,0.0,0.0,0.0,2.856E3,51.44944658,-33.5000000016,16.901365454486,0.25,,,,,,,,,,,,,,,,,,,,,,,,2.33832205E3
657,L2,LCAV,K24_1B,10ft,3.0441,,,,,,,,,,4.034683309,3.266868243E2,2.34136615E3,0.0,0.0,0.0,0.0,0.0,2.856E3,51.44944658,-33.5000000016,16.901365454486,0.25,,,,,,,,,,,,,,,,,,,,,,,,2.34136615E3
658,L2,LCAV,K24_1C,10ft,3.0441,,,,,,,,,,4.077586273,3.297309243E2,2.34441025E3,0.0,0.0,0.0,0.0,0.0,2.856E3,51.44944658,-33.5000000016,16.901365454486,0.25,,,,,,,,,,,,,,,,,,,,,,,,2.34441025E3
659,L2,LCAV,K24_1D,10ft,3.0441,,,,,,,,,,4.120489237,3.327750243E2,2.34745435E3,0.0,0.0,0.0,0.0,0.0,2.856E3,51.44944658,-33.5000000016,16.901365454486,0.25,,,,,,,,,,,,,,,,,,,,,,,,2.34745435E3
661,L2,QUAD,Q24201,QE,0.1068,0.027559,,0.7792933848,,0.0,,,,,4.141940719,3.343846743E2,2.349064E3,0.0,0.0,0.0,0.0,0.0,,,,,,,,,,11.49887664115,-10.766738428043,,,,,,,,,,,,,,,,,,2.349064E3
662,L2,BPM,BPM24201,10_um_res,0.0,,,,,,,,,,4.141940719,3.343846743E2,2.349064E3,0.0,0.0,0.0,0.0,0.0,,,,,,,,,,,,,,,,,,,,,,,,,,,,,2.349064E3
665,L2,LCAV,K24_2A,10ft,3.0441,,,,,,,,,,4.163392201,3.359871243E2,2.35066645E3,0.0,0.0,0.0,0.0,0.0,2.856E3,51.449446586,-33.5000000016,16.901365456457,0.25,,,,,,,,,,,,,,,,,,,,,,,,2.35066645E3
666,L2,XCOR,XC24202,type-4,0.0,,,,,,,,,,4.147177978,3.348366743E2,2.349516E3,0.0,0.0,0.0,0.0,0.0,,,,,,,,,,,,,,,,,,,,,,,,,,,,,2.349516E3
668,L2,YCOR,YC24203,type-4,0.0,,,,,,,,,,4.151138339,3.351176743E2,2.349797E3,0.0,0.0,0.0,0.0,0.0,,,,,,,,,,,,,,,,,,,,,,,,,,,,,2.349797E3
670,L2,LCAV,K24_2B,10ft,3.0441,,,,,,,,,,4.206295165,3.390312243E2,2.35371055E3,0.0,0.0,0.0,0.0,0.0,2.856E3,51.44944658,-33.5000000016,16.901365454486,0.25,,,,,,,,,,,,,,,,,,,,,,,,2.35371055E3
671,L2,LCAV,K24_2C,10ft,3.0441,,,,,,,,,,4.249198129,3.420753243E2,2.35675465E3,0.0,0.0,0.0,0.0,0.0,2.856E3,51.44944658,-33.5000000016,16.901365454486,0.25,,,,,,,,,,,,,,,,,,,,,,,,2.35675465E3
672,L2,LCAV,K24_2D,10ft,3.0441,,,,,,,,,,4.292101093,3.451194243E2,2.35979875E3,0.0,0.0,0.0,0.0,0.0,2.856E3,51.44944658,-33.5000000016,16.901365454486,0.25,,,,,,,,,,,,,,,,,,,,,,,,2.35979875E3
674,L2,QUAD,Q24301,QE,0.1068,0.027559,,-0.8564971772,,0.0,,,,,4.313552575,3.467290743E2,2.3614084E3,0.0,0.0,0.0,0.0,0.0,,,,,,,,,,-13.161687601859,12.323677529831,,,,,,,,,,,,,,,,,,2.3614084E3
675,L2,BPM,BPM24301,10_um_res,0.0,,,,,,,,,,4.313552575,3.467290743E2,2.3614084E3,0.0,0.0,0.0,0.0,0.0,,,,,,,,,,,,,,,,,,,,,,,,,,,,,2.3614084E3
678,L2,LCAV,K24_3A,10ft,3.0441,,,,,,,,,,4.335004057,3.483315243E2,2.36301085E3,0.0,0.0,0.0,0.0,0.0,2.856E3,51.449446583,-33.5000000016,16.901365455471,0.25,,,,,,,,,,,,,,,,,,,,,,,,2.36301085E3
679,L2,XCOR,XC24302,type-4,0.0,,,,,,,,,,4.318220445,3.471406743E2,2.36182E3,0.0,0.0,0.0,0.0,0.0,,,,,,,,,,,,,,,,,,,,,,,,,,,,,2.36182E3
681,L2,YCOR,YC24303,type-4,0.0,,,,,,,,,,4.321743897,3.473906743E2,2.36207E3,0.0,0.0,0.0,0.0,0.0,,,,,,,,,,,,,,,,,,,,,,,,,,,,,2.36207E3
683,L2,LCAV,K24_3B,10ft,3.0441,,,,,,,,,,4.377907021,3.513756243E2,2.36605495E3,0.0,0.0,0.0,0.0,0.0,2.856E3,51.44944658,-33.5000000016,16.901365454486,0.25,,,,,,,,,,,,,,,,,,,,,,,,2.36605495E3
684,L2,LCAV,K24_3C,10ft,3.0441,,,,,,,,,,4.420809985,3.544197243E2,2.36909905E3,0.0,0.0,0.0,0.0,0.0,2.856E3,51.44944658,-33.5000000016,16.901365454486,0.25,,,,,,,,,,,,,,,,,,,,,,,,2.36909905E3
685,L2,LCAV,K24_3D,10ft,3.0441,,,,,,,,,,4.463712949,3.574638243E2,2.37214315E3,0.0,0.0,0.0,0.0,0.0,2.856E3,51.44944658,-33.5000000016,16.901365454486,0.25,,,,,,,,,,,,,,,,,,,,,,,,2.37214315E3
687,L2,QUAD,Q24401,QE,0.1068,0.027559,,1.02481787,,0.0,,,,,4.485164431,3.590734743E2,2.3737528E3,0.0,0.0,0.0,0.0,0.0,,,,,,,,,,16.374784984463,-15.332195678336,,,,,,,,,,,,,,,,,,2.3737528E3
688,L2,BPM,BPM24401,10_um_res,0.0,,,,,,,,,,4.485164431,3.590734743E2,2.3737528E3,0.0,0.0,0.0,0.0,0.0,,,,,,,,,,,,,,,,,,,,,,,,,,,,,2.3737528E3
691,L2,LCAV,K24_4A,10ft,3.0441,,,,,,,,,,4.506615913,3.606759243E2,2.37535525E3,0.0,0.0,0.0,0.0,0.0,2.856E3,51.449446582,-33.5000000016,16.901365455143,0.25,,,,,,,,,,,,,,,,,,,,,,,,2.37535525E3
692,L2,XCOR,XC24402,type-4,0.0,,,,,,,,,,4.489770288,3.594806743E2,2.37416E3,0.0,0.0,0.0,0.0,0.0,,,,,,,,,,,,,,,,,,,,,,,,,,,,,2.37416E3
694,L2,YCOR,YC24403,type-4,0.0,,,,,,,,,,4.494066081,3.597854743E2,2.3744648E3,0.0,0.0,0.0,0.0,0.0,,,,,,,,,,,,,,,,,,,,,,,,,,,,,2.3744648E3
696,L2,LCAV,K24_4B,10ft,3.0441,,,,,,,,,,4.549518877,3.637200243E2,2.37839935E3,0.0,0.0,0.0,0.0,0.0,2.856E3,51.44944658,-33.5000000016,16.901365454486,0.25,,,,,,,,,,,,,,,,,,,,,,,,2.37839935E3
697,L2,LCAV,K24_4C,10ft,3.0441,,,,,,,,,,4.592421841,3.667641243E2,2.38144345E3,0.0,0.0,0.0,0.0,0.0,2.856E3,51.44944658,-33.5000000016,16.901365454486,0.25,,,,,,,,,,,,,,,,,,,,,,,,2.38144345E3
698,L2,LCAV,K24_4D,10ft,3.0441,,,,,,,,,,4.6353248055,3.698082243E2,2.38448755E3,0.0,0.0,0.0,0.0,0.0,2.856E3,51.44944658,-33.5000000016,16.901365454486,0.25,,,,,,,,,,,,,,,,,,,,,,,,2.38448755E3
700,L2,QUAD,Q24501,QE,0.1068,0.027559,,-0.9540035846,,0.0,,,,,4.656776288,3.714178743E2,2.3860972E3,0.0,0.0,0.0,0.0,0.0,,,,,,,,,,-15.826538135672,14.818855932277,,,,,,,,,,,,,,,,,,2.3860972E3
701,L2,BPM,BPM24501,10_um_res,0.0,,,,,,,,,,4.656776288,3.714178743E2,2.3860972E3,0.0,0.0,0.0,0.0,0.0,,,,,,,,,,,,,,,,,,,,,,,,,,,,,2.3860972E3
704,L2,LCAV,K24_5A,10ft,3.0441,,,,,,,,,,4.67822777,3.730203243E2,2.38769965E3,0.0,0.0,0.0,0.0,0.0,2.856E3,51.449446578,-33.5000000016,16.901365453829,0.25,,,,,,,,,,,,,,,,,,,,,,,,2.38769965E3
705,L2,XCOR,XC24502,type-4,0.0,,,,,,,,,,4.66146107,3.718306743E2,2.38651E3,0.0,0.0,0.0,0.0,0.0,,,,,,,,,,,,,,,,,,,,,,,,,,,,,2.38651E3
707,L2,YCOR,YC24503,type-4,0.0,,,,,,,,,,4.665756863,3.721354743E2,2.3868148E3,0.0,0.0,0.0,0.0,0.0,,,,,,,,,,,,,,,,,,,,,,,,,,,,,2.3868148E3
709,L2,LCAV,K24_5B,10ft,3.0441,,,,,,,,,,4.721130734,3.760644243E2,2.39074375E3,0.0,0.0,0.0,0.0,0.0,2.856E3,51.44944658,-33.5000000016,16.901365454486,0.25,,,,,,,,,,,,,,,,,,,,,,,,2.39074375E3
710,L2,LCAV,K24_5C,10ft,3.0441,,,,,,,,,,4.764033698,3.791085243E2,2.39378785E3,0.0,0.0,0.0,0.0,0.0,2.856E3,51.44944658,-33.5000000016,16.901365454486,0.25,,,,,,,,,,,,,,,,,,,,,,,,2.39378785E3
711,L2,LCAV,K24_5D,10ft,3.0441,,,,,,,,,,4.806936662,3.821526243E2,2.39683195E3,0.0,0.0,0.0,0.0,0.0,2.856E3,51.44944658,-33.5000000016,16.901365454486,0.25,,,,,,,,,,,,,,,,,,,,,,,,2.39683195E3
713,L2,QUAD,Q24601,QE,0.1068,0.027559,,0.6081355466,,0.0,,,,,4.828388144,3.837622743E2,2.3984416E3,0.0,0.0,0.0,0.0,0.0,,,,,,,,,,10.460516085032,-9.794490716322,,,,,,,,,,,,,,,,,,2.3984416E3
714,L2,BPM,BPM24601,10_um_res,0.0,,,,,,,,,,4.828388144,3.837622743E2,2.3984416E3,0.0,0.0,0.0,0.0,0.0,,,,,,,,,,,,,,,,,,,,,,,,,,,,,2.3984416E3
717,L2,LCAV,K24_6A,10ft,3.0441,,,,,,,,,,4.849839626,3.853647243E2,2.40004405E3,0.0,0.0,0.0,0.0,0.0,2.856E3,51.44944658,-33.5000000016,16.901365454486,0.25,,,,,,,,,,,,,,,,,,,,,,,,2.40004405E3
718,L2,XCOR,XC24602,type-4,0.0,,,,,,,,,,4.833010913,3.841706743E2,2.39885E3,0.0,0.0,0.0,0.0,0.0,,,,,,,,,,,,,,,,,,,,,,,,,,,,,2.39885E3
720,L2,YCOR,YC24603,type-4,0.0,,,,,,,,,,4.837306706,3.844754743E2,2.3991548E3,0.0,0.0,0.0,0.0,0.0,,,,,,,,,,,,,,,,,,,,,,,,,,,,,2.3991548E3
722,L2,LCAV,K24_6B,10ft,3.0441,,,,,,,,,,4.89274259,3.884088243E2,2.40308815E3,0.0,0.0,0.0,0.0,0.0,2.856E3,51.44944658,-33.5000000016,16.901365454486,0.25,,,,,,,,,,,,,,,,,,,,,,,,2.40308815E3
723,L2,LCAV,K24_6C,10ft,3.0441,,,,,,,,,,4.935645554,3.914529243E2,2.40613225E3,0.0,0.0,0.0,0.0,0.0,2.856E3,51.44944658,-33.5000000016,16.901365454486,0.25,,,,,,,,,,,,,,,,,,,,,,,,2.40613225E3
724,L2,LCAV,K24_6D,10ft,3.0441,,,,,,,,,,4.978548518,3.944970243E2,2.40917635E3,0.0,0.0,0.0,0.0,0.0,2.856E3,51.449446584,-33.5000000016,16.9013654558,0.25,,,,,,,,,,,,,,,,,,,,,,,,2.40917635E3
725,L2,XCOR,XC24702,type-4c,0.0,,,,,,,,,,4.989965208,3.953070743E2,2.4099864E3,0.0,0.0,0.0,0.0,0.0,,,,,,,,,,,,,,,,,,,,,,,,,,,,,2.4099864E3
727,L2,YCOR,YC24703,type-4c,0.0,,,,,,,,,,4.994261001,3.956118743E2,2.4102912E3,0.0,0.0,0.0,0.0,0.0,,,,,,,,,,,,,,,,,,,,,,,,,,,,,2.4102912E3
729,L2,MARK,LI24TERM,,,,,,,,,,,,5.0,3.960190743E2,2.4106984E3,0.0,0.0,0.0,0.0,0.0,,,,,,,,,,,,,,,,,,,,,,,,,,,,,2.4106984E3
730,L2,INST,ENDL2,,,,,,,,,,,,5.0,3.960190743E2,2.4106984E3,0.0,0.0,0.0,0.0,0.0,,,,,,,,,,,,,,,,,,,,,,,,,,,,,2.4106984E3
731,BC2,INST,BEGBC2,,,,,,,,,,,,5.0,3.960190743E2,2.4106984E3,0.0,0.0,0.0,0.0,0.0,,,,,,,,,,,,,,,,,,,,,,,,,,,,,2.4106984E3
733,BC2,QUAD,Q24701A,QE,0.1068,0.027559,,-1.307122793,,0.0,,,,,5.0,3.961066743E2,2.410786E3,0.0,0.0,0.0,0.0,0.0,,,,,,,,,,-23.282892854388,21.800461474146,,,,,,,,,,,,,,,,,,2.410786E3
734,BC2,MARK,ZLIN08,,,,,,,,,,,,5.0,3.961066743E2,2.410786E3,0.0,0.0,0.0,0.0,0.0,,,,,,,,,,,,,,,,,,,,,,,,,,,,,2.410786E3
737,BC2,QUAD,Q24701B,QE,0.1068,0.027559,,-1.307122793,,0.0,,,,,5.0,3.963404743E2,2.4110198E3,0.0,0.0,0.0,0.0,0.0,,,,,,,,,,-23.282892854388,21.800461474146,,,,,,,,,,,,,,,,,,2.4110198E3
738,BC2,BPM,BPM24701,10_um_res,0.0,,,,,,,,,,5.0,3.963404743E2,2.4110198E3,0.0,0.0,0.0,0.0,0.0,,,,,,,,,,,,,,,,,,,,,,,,,,,,,2.4110198E3
742,BC2,WIRE,WS24,slow,0.0,,,,,,,,,,5.0,3.967696743E2,2.411449E3,0.0,0.0,0.0,0.0,0.0,,,,,,,,,,,,,,,,,,,,,,,,,,,,,2.411449E3
744,BC2,IMON,IMBC2I,,0.0,,,,,,,,,,5.0,3.969626743E2,2.411642E3,0.0,0.0,0.0,0.0,0.0,,,,,,,,,,,,,,,,,,,,,,,,,,,,,2.411642E3
746,BC2,MARK,VV21,,,,,,,,,,,,5.0,3.975966745E2,2.412276001E3,0.0,0.0,0.0,0.0,0.0,,,,,,,,,,,,,,,,,,,,,,,,,,,,,2.412276001E3
748,BC2,QUAD,QM21,0.91Q17.72,0.46092,0.023,,0.5118959166,,0.0,,,,,5.0,3.981473749E2,2.412826701E3,0.0,0.0,0.0,0.0,0.0,,,,,,,,,,39.351067438642,-8.537504868229,,,,,,,,,,,,,,,,,,2.412826701E3
752,BC2,MARK,BC2CBEG,,,,,,,,,,,,5.0,3.987124743E2,2.4133918E3,0.0,0.0,0.0,0.0,0.0,,,,,,,,,,,,,,,,,,,,,,,,,,,,,2.4133918E3
753,BC2,BEND,BX21,1D19.7,0.549125,0.03335,-2.118300825919,0.0,,0.0,0.0,-2.118300825919,,,5.0,3.9898699E2,2.4136663E3,0.2537E-2,0.0,0.0,0.0,0.018483,,,,,,0.548999910663,0.633,-6.166153080295,1.122905181934,0.0,0.0,,,,2.4136663E3,0.5075E-2,0.0,0.0,0.0,0.0,,,,,,,,,2.4136663E3
756,BC2,QUAD,CQ21,ETB,0.108,0.043,,0.0,,0.0,,,,,5.0,4.012724367E2,2.415950264E3,0.084476,0.0,0.0,0.0,0.036971,,,,,,,,,,0.0,0.0,,,,,,,,,,,,,,,,,,2.415950264E3
759,BC2,BEND,BX22,1D19.7,0.549125,0.03335,2.118300825919,0.0,,0.0,2.118300825919,0.0,,,5.0,4.094031516E2,2.4240755E3,0.382474,0.0,0.0,0.0,0.018483,,,,,,0.548999910663,0.633,6.166153080295,-1.122905181934,0.0,0.0,,,,2.4240755E3,0.379936,0.0,0.0,0.0,0.0,,,,,,,,,2.4240755E3
763,BC2,BPM,BPMS21,40_um_res,0.0,,,,,,,,,,5.0,4.100574922E2,2.424729825E3,0.38501,0.0,0.0,0.0,0.0,,,,,,,,,,,,,,,,,,,,,,,,,,,,,2.424729825E3
765,BC2,COLL,CE21,HCOLL,0.0,,,,,,,,,,5.0,4.102219522E2,2.424894285E3,0.38501,0.0,0.0,0.0,0.0,,,,,,,,,,,,,,,,,,,,,,,,0.0,0.0,,,,2.424894285E3
767,BC2,PROF,OTR21,OTR,0.0,,,,,,,,,,5.0,4.104045582E2,2.425076891E3,0.38501,0.0,0.0,0.0,0.0,,,,,,,,,,,,,,,,,,,,,,,,,,,,,2.425076891E3
770,BC2,BEND,BX23,1D19.7,0.549125,0.03335,2.118300825919,0.0,,0.0,0.0,2.118300825919,,,5.0,4.110447828E2,2.4257171E3,0.382474,0.0,0.0,0.0,-0.018483,,,,,,0.548999910663,0.633,6.166153080295,-1.122905181934,0.0,0.0,,,,2.4257171E3,0.379936,0.0,0.0,0.0,0.0,,,,,,,,,2.4257171E3
773,BC2,QUAD,CQ22,ETB,0.108,0.043,,0.0,,0.0,,,,,5.0,4.191754978E2,2.433842337E3,0.084476,0.0,0.0,0.0,-0.036971,,,,,,,,,,0.0,0.0,,,,,,,,,,,,,,,,,,2.433842337E3
776,BC2,BEND,BX24,1D19.7,0.549125,0.03335,-2.118300825919,0.0,,0.0,-2.118300825919,0.0,,,5.0,4.214609445E2,2.4361263E3,0.2537E-2,0.0,0.0,0.0,-0.018483,,,,,,0.548999910663,0.633,-6.166153080295,1.122905181934,0.0,0.0,,,,2.4361263E3,0.5075E-2,0.0,0.0,0.0,0.0,,,,,,,,,2.4361263E3
778,BC2,MARK,CNT2,,,,,,,,,,,,5.0,4.217354601E2,2.4364008E3,0.0,0.0,0.0,0.0,0.0,,,,,,,,,,,,,,,,,,,,,,,,,,,,,2.4364008E3
779,BC2,MARK,BC2CEND,,,,,,,,,,,,5.0,4.217354601E2,2.4364008E3,0.0,0.0,0.0,0.0,0.0,,,,,,,,,,,,,,,,,,,,,,,,,,,,,2.4364008E3
782,BC2,BLMO,BL21,,0.0,,,,,,,,,,5.0,4.222506601E2,2.436916E3,0.0,0.0,0.0,0.0,0.0,,,,,,,,,,,,,,,,,,,,,,,,,,,,,2.436916E3
785,BC2,QUAD,QM22,0.91Q17.72,0.46092,0.023,,-0.5894557176,,0.0,,,,,5.0,4.226457601E2,2.4373111E3,0.0,0.0,0.0,0.0,0.0,,,,,,,,,,-45.313336057525,9.831063103689,,,,,,,,,,,,,,,,,,2.4373111E3
788,BC2,MARK,VV22,,,,,,,,,,,,5.0,4.230056601E2,2.437671E3,0.0,0.0,0.0,0.0,0.0,,,,,,,,,,,,,,,,,,,,,,,,,,,,,2.437671E3
791,BC2,QUAD,Q24901A,QE,0.1068,0.027559,,1.081452709,,0.0,,,,,5.0,4.233077601E2,2.4379731E3,0.0,0.0,0.0,0.0,0.0,,,,,,,,,,19.263184519141,-18.036689624664,,,,,,,,,,,,,,,,,,2.4379731E3
792,BC2,BPM,BPM24901,10_um_res,0.0,,,,,,,,,,5.0,4.233077601E2,2.4379731E3,0.0,0.0,0.0,0.0,0.0,,,,,,,,,,,,,,,,,,,,,,,,,,,,,2.4379731E3
795,BC2,QUAD,Q24901B,QE,0.1068,0.027559,,1.081452709,,0.0,,,,,5.0,4.235208601E2,2.4381862E3,0.0,0.0,0.0,0.0,0.0,,,,,,,,,,19.263184519141,-18.036689624664,,,,,,,,,,,,,,,,,,2.4381862E3
798,BC2,INST,ENDBC2,,,,,,,,,,,,5.0,4.237346601E2,2.4384E3,0.0,0.0,0.0,0.0,0.0,,,,,,,,,,,,,,,,,,,,,,,,,,,,,2.4384E3
799,L3,INST,BEGL3,,,,,,,,,,,,5.0,4.237346601E2,2.4384E3,0.0,0.0,0.0,0.0,0.0,,,,,,,,,,,,,,,,,,,,,,,,,,,,,2.4384E3
800,L3,MARK,LI25BEG,,,,,,,,,,,,5.0,4.237346601E2,2.4384E3,0.0,0.0,0.0,0.0,0.0,,,,,,,,,,,,,,,,,,,,,,,,,,,,,2.4384E3
801,L3,MARK,ZLIN09,,,,,,,,,,,,5.0,4.237346601E2,2.4384E3,0.0,0.0,0.0,0.0,0.0,,,,,,,,,,,,,,,,,,,,,,,,,,,,,2.4384E3
802,L3,LCAV,K25_1A,10ft,3.0441,,,,,,,,,,5.0240992345,4.252567101E2,2.43992205E3,0.0,0.0,0.0,0.0,0.0,2.856E3,48.198469202,0.0,15.833405342137,0.25,,,,,,,,,,,,,,,,,,,,,,,,2.43992205E3
803,L3,XCOR,XC24900,type-4,0.0,,,,,,,,,,5.005145857,4.240596601E2,2.438725E3,0.0,0.0,0.0,0.0,0.0,,,,,,,,,,,,,,,,,,,,,,,,,,,,,2.438725E3
805,L3,YCOR,YC24900,type-4f,0.0,,,,,,,,,,5.010291713,4.243846601E2,2.43905E3,0.0,0.0,0.0,0.0,0.0,,,,,,,,,,,,,,,,,,,,,,,,,,,,,2.43905E3
807,L3,LCAV,K25_1B,10ft,3.0441,,,,,,,,,,5.0722977035,4.283008101E2,2.44296615E3,0.0,0.0,0.0,0.0,0.0,2.856E3,48.1984692,0.0,15.83340534148,0.25,,,,,,,,,,,,,,,,,,,,,,,,2.44296615E3
809,L3,LCAV,K25_1D,10ft,3.0441,,,,,,,,,,5.1304784025,4.343890101E2,2.44905435E3,0.0,0.0,0.0,0.0,0.0,2.856E3,68.16292883,0.0,22.391816573043,0.5,,,,,,,,,,,,,,,,,,,,,,,,2.44905435E3
811,L3,QUAD,Q25201,QE,0.1068,0.027559,,0.6983539023,,0.0,,,,,5.164559867,4.359986601E2,2.450664E3,0.0,0.0,0.0,0.0,0.0,,,,,,,,,,12.848707069301,-12.030624596724,,,,,,,,,,,,,,,,,,2.450664E3
812,L3,BPM,BPM25201,10_um_res,0.0,,,,,,,,,,5.164559867,4.359986601E2,2.450664E3,0.0,0.0,0.0,0.0,0.0,,,,,,,,,,,,,,,,,,,,,,,,,,,,,2.450664E3
815,L3,LCAV,K25_2A,10ft,3.0441,,,,,,,,,,5.1886591015,4.376011101E2,2.45226645E3,0.0,0.0,0.0,0.0,0.0,2.856E3,48.198469195,0.0,15.833405339838,0.25,,,,,,,,,,,,,,,,,,,,,,,,2.45226645E3
816,L3,XCOR,XC25202,type-4f,0.0,,,,,,,,,,5.1717324,4.365320601E2,2.4511974E3,0.0,0.0,0.0,0.0,0.0,,,,,,,,,,,,,,,,,,,,,,,,,,,,,2.4511974E3
818,L3,YCOR,YC25203,type-4,0.0,,,,,,,,,,5.176759506,4.368495601E2,2.4515149E3,0.0,0.0,0.0,0.0,0.0,,,,,,,,,,,,,,,,,,,,,,,,,,,,,2.4515149E3
820,L3,LCAV,K25_2B,10ft,3.0441,,,,,,,,,,5.236857571,4.406452101E2,2.45531055E3,0.0,0.0,0.0,0.0,0.0,2.856E3,48.1984692,0.0,15.83340534148,0.25,,,,,,,,,,,,,,,,,,,,,,,,2.45531055E3
821,L3,LCAV,K25_2C,10ft,3.0441,,,,,,,,,,5.29503827,4.436893101E2,2.45835465E3,0.0,0.0,0.0,0.0,0.0,2.856E3,68.16292883,0.0,22.391816573043,0.5,,,,,,,,,,,,,,,,,,,,,,,,2.45835465E3
823,L3,IMON,IMBC2O,,0.0,,,,,,,,,,5.329119734,4.452760601E2,2.4599414E3,0.0,0.0,0.0,0.0,0.0,,,,,,,,,,,,,,,,,,,,,,,,,,,,,2.4599414E3
826,L3,TCAV,TCAV3,TRANS_DEFL,2.438,,,,,,,,,,5.329119734,4.467609601E2,2.4614263E3,0.0,0.0,0.0,0.0,0.0,2.856E3,0.0,0.0,0.0,1.0,,,,,,,,,,,,,,,,,,,,,,,,2.4614263E3
829,L3,QUAD,Q25301,QE,0.1068,0.027559,,-0.4798545313,,0.0,,,,,5.329119734,4.483430601E2,2.4630084E3,0.0,0.0,0.0,0.0,0.0,,,,,,,,,,-9.109942294793,8.529908515724,,,,,,,,,,,,,,,,,,2.4630084E3
830,L3,BPM,BPM25301,10_um_res,0.0,,,,,,,,,,5.329119734,4.483430601E2,2.4630084E3,0.0,0.0,0.0,0.0,0.0,,,,,,,,,,,,,,,,,,,,,,,,,,,,,2.4630084E3
833,L3,LCAV,K25_3A,10ft,3.0441,,,,,,,,,,5.353218969,4.499455101E2,2.46461085E3,0.0,0.0,0.0,0.0,0.0,2.856E3,48.1984692,0.0,15.83340534148,0.25,,,,,,,,,,,,,,,,,,,,,,,,2.46461085E3
834,L3,XCOR,XC25302,type-4,0.0,,,,,,,,,,5.334363758,4.487546601E2,2.46342E3,0.0,0.0,0.0,0.0,0.0,,,,,,,,,,,,,,,,,,,,,,,,,,,,,2.46342E3
836,L3,YCOR,YC25303,type-4,0.0,,,,,,,,,,5.339911784,4.491050601E2,2.4637704E3,0.0,0.0,0.0,0.0,0.0,,,,,,,,,,,,,,,,,,,,,,,,,,,,,2.4637704E3
838,L3,LCAV,K25_3B,10ft,3.0441,,,,,,,,,,5.4014174385,4.529896101E2,2.46765495E3,0.0,0.0,0.0,0.0,0.0,2.856E3,48.1984692,0.0,15.83340534148,0.25,,,,,,,,,,,,,,,,,,,,,,,,2.46765495E3
839,L3,LCAV,K25_3C,10ft,3.0441,,,,,,,,,,5.4595981375,4.560337101E2,2.47069905E3,0.0,0.0,0.0,0.0,0.0,2.856E3,68.16292883,0.0,22.391816573043,0.5,,,,,,,,,,,,,,,,,,,,,,,,2.47069905E3
841,L3,INST,PH03,,0.0,,,,,,,,,,5.493679602,4.581547601E2,2.4728201E3,0.0,0.0,0.0,0.0,0.0,,,,,,,,,,,,,,,,,,,,,,,,,,,,,2.4728201E3
843,L3,BLMO,BL22,,0.0,,,,,,,,,,5.493679602,4.587138601E2,2.4733792E3,0.0,0.0,0.0,0.0,0.0,,,,,,,,,,,,,,,,,,,,,,,,,,,,,2.4733792E3
845,*L3,BEND,BXKIK,1.92K41.2,1.0601,0.0508,0.0,0.0,,0.0,0.0,0.0,,,5.493679602,4.598586601E2,2.474524E3,0.0,0.0,0.0,0.0,0.0,,,,,,1.0601,0.0,0.0,0.0,0.0,0.0,,,,2.474524E3,0.0,0.0,0.0,0.0,0.0,,,,,,,,,2.474524E3
849,L3,QUAD,Q25401,QE,0.1068,0.027559,,0.429832166,,0.0,,,,,5.493679602,4.606874601E2,2.4753528E3,0.0,0.0,0.0,0.0,0.0,,,,,,,,,,8.412261943919,-7.876649760223,,,,,,,,,,,,,,,,,,2.4753528E3
850,L3,BPM,BPM25401,10_um_res,0.0,,,,,,,,,,5.493679602,4.606874601E2,2.4753528E3,0.0,0.0,0.0,0.0,0.0,,,,,,,,,,,,,,,,,,,,,,,,,,,,,2.4753528E3
853,L3,LCAV,K25_4A,10ft,3.0441,,,,,,,,,,5.5177788365,4.622899101E2,2.47695525E3,0.0,0.0,0.0,0.0,0.0,2.856E3,48.1984692,0.0,15.83340534148,0.25,,,,,,,,,,,,,,,,,,,,,,,,2.47695525E3
854,L3,XCOR,XC25402,type-4,0.0,,,,,,,,,,5.498853959,4.610946601E2,2.47576E3,0.0,0.0,0.0,0.0,0.0,,,,,,,,,,,,,,,,,,,,,,,,,,,,,2.47576E3
856,L3,YCOR,YC25403,type-4,0.0,,,,,,,,,,5.50281231,4.613446601E2,2.47601E3,0.0,0.0,0.0,0.0,0.0,,,,,,,,,,,,,,,,,,,,,,,,,,,,,2.47601E3
858,L3,LCAV,K25_4B,10ft,3.0441,,,,,,,,,,5.5659773055,4.653340101E2,2.47999935E3,0.0,0.0,0.0,0.0,0.0,2.856E3,48.1984692,0.0,15.83340534148,0.25,,,,,,,,,,,,,,,,,,,,,,,,2.47999935E3
859,L3,LCAV,K25_4C,10ft,3.0441,,,,,,,,,,5.6141757745,4.683781101E2,2.48304345E3,0.0,0.0,0.0,0.0,0.0,2.856E3,48.1984692,0.0,15.83340534148,0.25,,,,,,,,,,,,,,,,,,,,,,,,2.48304345E3
860,L3,LCAV,K25_4D,10ft,3.0441,,,,,,,,,,5.6623742435,4.714222101E2,2.48608755E3,0.0,0.0,0.0,0.0,0.0,2.856E3,48.1984692,0.0,15.83340534148,0.25,,,,,,,,,,,,,,,,,,,,,,,,2.48608755E3
862,L3,QUAD,Q25501,QE,0.1068,0.027559,,-0.4002162798,,0.0,,,,,5.686473478,4.730318601E2,2.4876972E3,0.0,0.0,0.0,0.0,0.0,,,,,,,,,,-8.107525374938,7.591315894137,,,,,,,,,,,,,,,,,,2.4876972E3
863,L3,BPM,BPM25501,10_um_res,0.0,,,,,,,,,,5.686473478,4.730318601E2,2.4876972E3,0.0,0.0,0.0,0.0,0.0,,,,,,,,,,,,,,,,,,,,,,,,,,,,,2.4876972E3
866,L3,LCAV,K25_5A,10ft,3.0441,,,,,,,,,,5.710572713,4.746343101E2,2.48929965E3,0.0,0.0,0.0,0.0,0.0,2.856E3,48.1984692,0.0,15.83340534148,0.25,,,,,,,,,,,,,,,,,,,,,,,,2.48929965E3
867,L3,XCOR,XC25502,type-4,0.0,,,,,,,,,,5.691647835,4.734390601E2,2.4881044E3,0.0,0.0,0.0,0.0,0.0,,,,,,,,,,,,,,,,,,,,,,,,,,,,,2.4881044E3
869,L3,YCOR,YC25503,type-4f,0.0,,,,,,,,,,5.695606187,4.736890601E2,2.4883544E3,0.0,0.0,0.0,0.0,0.0,,,,,,,,,,,,,,,,,,,,,,,,,,,,,2.4883544E3
871,L3,LCAV,K25_5B,10ft,3.0441,,,,,,,,,,5.7587711825,4.776784101E2,2.49234375E3,0.0,0.0,0.0,0.0,0.0,2.856E3,48.1984692,0.0,15.83340534148,0.25,,,,,,,,,,,,,,,,,,,,,,,,2.49234375E3
872,L3,LCAV,K25_5C,10ft,3.0441,,,,,,,,,,5.8069696515,4.807225101E2,2.49538785E3,0.0,0.0,0.0,0.0,0.0,2.856E3,48.1984692,0.0,15.83340534148,0.25,,,,,,,,,,,,,,,,,,,,,,,,2.49538785E3
873,L3,LCAV,K25_5D,10ft,3.0441,,,,,,,,,,5.8551681205,4.837666101E2,2.49843195E3,0.0,0.0,0.0,0.0,0.0,2.856E3,48.1984692,0.0,15.83340534148,0.25,,,,,,,,,,,,,,,,,,,,,,,,2.49843195E3
875,L3,QUAD,Q25601,QE,0.1068,0.027559,,0.3957989338,,0.0,,,,,5.879267355,4.853762601E2,2.5000416E3,0.0,0.0,0.0,0.0,0.0,,,,,,,,,,8.289882556986,-7.762062319275,,,,,,,,,,,,,,,,,,2.5000416E3
876,L3,BPM,BPM25601,10_um_res,0.0,,,,,,,,,,5.879267355,4.853762601E2,2.5000416E3,0.0,0.0,0.0,0.0,0.0,,,,,,,,,,,,,,,,,,,,,,,,,,,,,2.5000416E3
879,L3,LCAV,K25_6A,10ft,3.0441,,,,,,,,,,5.9033665895,4.869787101E2,2.50164405E3,0.0,0.0,0.0,0.0,0.0,2.856E3,48.198469203,0.0,15.833405342466,0.25,,,,,,,,,,,,,,,,,,,,,,,,2.50164405E3
880,L3,XCOR,XC25602,type-4f,0.0,,,,,,,,,,5.884460712,4.857846601E2,2.50045E3,0.0,0.0,0.0,0.0,0.0,,,,,,,,,,,,,,,,,,,,,,,,,,,,,2.50045E3
882,L3,YCOR,YC25603,type-4,0.0,,,,,,,,,,5.89051224,4.861668601E2,2.5008322E3,0.0,0.0,0.0,0.0,0.0,,,,,,,,,,,,,,,,,,,,,,,,,,,,,2.5008322E3
884,L3,LCAV,K25_6B,10ft,3.0441,,,,,,,,,,5.951565059,4.900228101E2,2.50468815E3,0.0,0.0,0.0,0.0,0.0,2.856E3,48.1984692,0.0,15.83340534148,0.25,,,,,,,,,,,,,,,,,,,,,,,,2.50468815E3
885,L3,LCAV,K25_6C,10ft,3.0441,,,,,,,,,,5.9997635285,4.930669101E2,2.50773225E3,0.0,0.0,0.0,0.0,0.0,2.856E3,48.1984692,0.0,15.83340534148,0.25,,,,,,,,,,,,,,,,,,,,,,,,2.50773225E3
886,L3,LCAV,K25_6D,10ft,3.0441,,,,,,,,,,6.0479619975,4.961110101E2,2.51077635E3,0.0,0.0,0.0,0.0,0.0,2.856E3,48.1984692,0.0,15.83340534148,0.25,,,,,,,,,,,,,,,,,,,,,,,,2.51077635E3
888,L3,QUAD,Q25701,QE,0.1068,0.027559,,-0.3956492863,,0.0,,,,,6.072061232,4.977206601E2,2.512386E3,0.0,0.0,0.0,0.0,0.0,,,,,,,,,,-8.558488615601,8.013566119477,,,,,,,,,,,,,,,,,,2.512386E3
889,L3,BPM,BPM25701,10_um_res,0.0,,,,,,,,,,6.072061232,4.977206601E2,2.512386E3,0.0,0.0,0.0,0.0,0.0,,,,,,,,,,,,,,,,,,,,,,,,,,,,,2.512386E3
892,L3,LCAV,K25_7A,10ft,3.0441,,,,,,,,,,6.0961604665,4.993231101E2,2.51398845E3,0.0,0.0,0.0,0.0,0.0,2.856E3,48.198469197,0.0,15.833405340495,0.25,,,,,,,,,,,,,,,,,,,,,,,,2.51398845E3
893,L3,XCOR,XC25702,type-4,0.0,,,,,,,,,,6.077343256,4.981346601E2,2.5128E3,0.0,0.0,0.0,0.0,0.0,,,,,,,,,,,,,,,,,,,,,,,,,,,,,2.5128E3
895,L3,YCOR,YC25703,type-4,0.0,,,,,,,,,,6.081301607,4.983846601E2,2.51305E3,0.0,0.0,0.0,0.0,0.0,,,,,,,,,,,,,,,,,,,,,,,,,,,,,2.51305E3
897,L3,LCAV,K25_7B,10ft,3.0441,,,,,,,,,,6.1443589355,5.023672101E2,2.51703255E3,0.0,0.0,0.0,0.0,0.0,2.856E3,48.1984692,0.0,15.83340534148,0.25,,,,,,,,,,,,,,,,,,,,,,,,2.51703255E3
898,L3,LCAV,K25_7C,10ft,3.0441,,,,,,,,,,6.192557405,5.054113101E2,2.52007665E3,0.0,0.0,0.0,0.0,0.0,2.856E3,48.1984692,0.0,15.83340534148,0.25,,,,,,,,,,,,,,,,,,,,,,,,2.52007665E3
899,L3,LCAV,K25_7D,10ft,3.0441,,,,,,,,,,6.2407558745,5.084554101E2,2.52312075E3,0.0,0.0,0.0,0.0,0.0,2.856E3,48.1984692,0.0,15.83340534148,0.25,,,,,,,,,,,,,,,,,,,,,,,,2.52312075E3
901,L3,QUAD,Q25801,QE,0.1068,0.027559,,0.4075244615,,0.0,,,,,6.264855109,5.100650601E2,2.5247304E3,0.0,0.0,0.0,0.0,0.0,,,,,,,,,,9.095263001973,-8.516163859525,,,,,,,,,,,,,,,,,,2.5247304E3
902,L3,BPM,BPM25801,10_um_res,0.0,,,,,,,,,,6.264855109,5.100650601E2,2.5247304E3,0.0,0.0,0.0,0.0,0.0,,,,,,,,,,,,,,,,,,,,,,,,,,,,,2.5247304E3
905,L3,LCAV,K25_8A,10ft,3.0441,,,,,,,,,,6.2889543435,5.116675101E2,2.52633285E3,0.0,0.0,0.0,0.0,0.0,2.856E3,48.198469203,0.0,15.833405342466,0.25,,,,,,,,,,,,,,,,,,,,,,,,2.52633285E3
906,L3,XCOR,XC25802,type-4,0.0,,,,,,,,,,6.270067466,5.104746601E2,2.52514E3,0.0,0.0,0.0,0.0,0.0,,,,,,,,,,,,,,,,,,,,,,,,,,,,,2.52514E3
908,L3,YCOR,YC25803,type-4,0.0,,,,,,,,,,6.274025817,5.107246601E2,2.52539E3,0.0,0.0,0.0,0.0,0.0,,,,,,,,,,,,,,,,,,,,,,,,,,,,,2.52539E3
910,L3,LCAV,K25_8B,10ft,3.0441,,,,,,,,,,6.3371528125,5.147116101E2,2.52937695E3,0.0,0.0,0.0,0.0,0.0,2.856E3,48.1984692,0.0,15.83340534148,0.25,,,,,,,,,,,,,,,,,,,,,,,,2.52937695E3
911,L3,LCAV,K25_8C,10ft,3.0441,,,,,,,,,,6.3853512815,5.177557101E2,2.53242105E3,0.0,0.0,0.0,0.0,0.0,2.856E3,48.1984692,0.0,15.83340534148,0.25,,,,,,,,,,,,,,,,,,,,,,,,2.53242105E3
912,L3,LCAV,K25_8D,10ft,3.0441,,,,,,,,,,6.433549751,5.207998101E2,2.53546515E3,0.0,0.0,0.0,0.0,0.0,2.856E3,48.1984692,0.0,15.83340534148,0.25,,,,,,,,,,,,,,,,,,,,,,,,2.53546515E3
913,L3,XCOR,XC25900,type-4,0.0,,,,,,,,,,6.447243272,5.216646601E2,2.53633E3,0.0,0.0,0.0,0.0,0.0,,,,,,,,,,,,,,,,,,,,,,,,,,,,,2.53633E3
915,L3,YCOR,YC25900,type-4,0.0,,,,,,,,,,6.451201623,5.219146601E2,2.53658E3,0.0,0.0,0.0,0.0,0.0,,,,,,,,,,,,,,,,,,,,,,,,,,,,,2.53658E3
918,L3,QUAD,Q25901,QE,0.1068,0.027559,,-0.3886787042,,0.0,,,,,6.457648986,5.226500601E2,2.5373154E3,0.0,0.0,0.0,0.0,0.0,,,,,,,,,,-8.941610116116,8.372294116214,,,,,,,,,,,,,,,,,,2.5373154E3
919,L3,BPM,BPM25901,10_um_res,0.0,,,,,,,,,,6.457648986,5.226500601E2,2.5373154E3,0.0,0.0,0.0,0.0,0.0,,,,,,,,,,,,,,,,,,,,,,,,,,,,,2.5373154E3
922,L3,PROF,OTR_TCAV,OTR,0.0,,,,,,,,,,6.457648986,5.232066601E2,2.537872E3,0.0,0.0,0.0,0.0,0.0,,,,,,,,,,,,,,,,,,,,,,,,,,,,,2.537872E3
924,L3,MARK,LI25END,,,,,,,,,,,,6.457648986,5.253346601E2,2.54E3,0.0,0.0,0.0,0.0,0.0,,,,,,,,,,,,,,,,,,,,,,,,,,,,,2.54E3
925,L3,MARK,LI26BEG,,,,,,,,,,,,6.457648986,5.253346601E2,2.54E3,0.0,0.0,0.0,0.0,0.0,,,,,,,,,,,,,,,,,,,,,,,,,,,,,2.54E3
926,L3,MARK,ZLIN10,,,,,,,,,,,,6.457648986,5.253346601E2,2.54E3,0.0,0.0,0.0,0.0,0.0,,,,,,,,,,,,,,,,,,,,,,,,,,,,,2.54E3
927,L3,LCAV,K26_1A,10ft,3.0441,,,,,,,,,,6.4817482205,5.268567101E2,2.54152205E3,0.0,0.0,0.0,0.0,0.0,2.856E3,48.1984692,0.0,15.83340534148,0.25,,,,,,,,,,,,,,,,,,,,,,,,2.54152205E3
928,L3,LCAV,K26_1B,10ft,3.0441,,,,,,,,,,6.5299466895,5.299008101E2,2.54456615E3,0.0,0.0,0.0,0.0,0.0,2.856E3,48.1984692,0.0,15.83340534148,0.25,,,,,,,,,,,,,,,,,,,,,,,,2.54456615E3
929,L3,LCAV,K26_1C,10ft,3.0441,,,,,,,,,,6.5781451585,5.329449101E2,2.54761025E3,0.0,0.0,0.0,0.0,0.0,2.856E3,48.1984692,0.0,15.83340534148,0.25,,,,,,,,,,,,,,,,,,,,,,,,2.54761025E3
930,L3,LCAV,K26_1D,10ft,3.0441,,,,,,,,,,6.6263436275,5.359890101E2,2.55065435E3,0.0,0.0,0.0,0.0,0.0,2.856E3,48.1984692,0.0,15.83340534148,0.25,,,,,,,,,,,,,,,,,,,,,,,,2.55065435E3
932,L3,QUAD,Q26201,QE,0.1068,0.027559,,0.3888441331,,0.0,,,,,6.650442862,5.375986601E2,2.552264E3,0.0,0.0,0.0,0.0,0.0,,,,,,,,,,9.212482283768,-8.625919741356,,,,,,,,,,,,,,,,,,2.552264E3
933,L3,BPM,BPM26201,10_um_res,0.0,,,,,,,,,,6.650442862,5.375986601E2,2.552264E3,0.0,0.0,0.0,0.0,0.0,,,,,,,,,,,,,,,,,,,,,,,,,,,,,2.552264E3
936,L3,LCAV,K26_2A,10ft,3.0441,,,,,,,,,,6.674542097,5.392011101E2,2.55386645E3,0.0,0.0,0.0,0.0,0.0,2.856E3,48.198469195,0.0,15.833405339838,0.25,,,,,,,,,,,,,,,,,,,,,,,,2.55386645E3
937,L3,XCOR,XC26202,type-4,0.0,,,,,,,,,,6.655598219,5.380046601E2,2.55267E3,0.0,0.0,0.0,0.0,0.0,,,,,,,,,,,,,,,,,,,,,,,,,,,,,2.55267E3
939,L3,YCOR,YC26203,type-4,0.0,,,,,,,,,,6.661486663,5.383765601E2,2.5530419E3,0.0,0.0,0.0,0.0,0.0,,,,,,,,,,,,,,,,,,,,,,,,,,,,,2.5530419E3
941,L3,LCAV,K26_2B,10ft,3.0441,,,,,,,,,,6.7227405665,5.422452101E2,2.55691055E3,0.0,0.0,0.0,0.0,0.0,2.856E3,48.1984692,0.0,15.83340534148,0.25,,,,,,,,,,,,,,,,,,,,,,,,2.55691055E3
942,L3,LCAV,K26_2C,10ft,3.0441,,,,,,,,,,6.7709390355,5.452893101E2,2.55995465E3,0.0,0.0,0.0,0.0,0.0,2.856E3,48.1984692,0.0,15.83340534148,0.25,,,,,,,,,,,,,,,,,,,,,,,,2.55995465E3
943,L3,LCAV,K26_2D,10ft,3.0441,,,,,,,,,,6.8191375045,5.483334101E2,2.56299875E3,0.0,0.0,0.0,0.0,0.0,2.856E3,48.1984692,0.0,15.83340534148,0.25,,,,,,,,,,,,,,,,,,,,,,,,2.56299875E3
945,L3,QUAD,Q26301,QE,0.1068,0.027559,,-0.4053811764,,0.0,,,,,6.843236739,5.499430601E2,2.5646084E3,0.0,0.0,0.0,0.0,0.0,,,,,,,,,,-9.882701811781,9.2534661159,,,,,,,,,,,,,,,,,,2.5646084E3
946,L3,BPM,BPM26301,10_um_res,0.0,,,,,,,,,,6.843236739,5.499430601E2,2.5646084E3,0.0,0.0,0.0,0.0,0.0,,,,,,,,,,,,,,,,,,,,,,,,,,,,,2.5646084E3
949,L3,LCAV,K26_3A,10ft,3.0441,,,,,,,,,,6.8673359735,5.515455101E2,2.56621085E3,0.0,0.0,0.0,0.0,0.0,2.856E3,48.198469194,0.0,15.833405339509,0.25,,,,,,,,,,,,,,,,,,,,,,,,2.56621085E3
950,L3,XCOR,XC26302,type-4,0.0,,,,,,,,,,6.848480763,5.503546601E2,2.56502E3,0.0,0.0,0.0,0.0,0.0,,,,,,,,,,,,,,,,,,,,,,,,,,,,,2.56502E3
952,L3,YCOR,YC26303,type-4,0.0,,,,,,,,,,6.852439114,5.506046601E2,2.56527E3,0.0,0.0,0.0,0.0,0.0,,,,,,,,,,,,,,,,,,,,,,,,,,,,,2.56527E3
954,L3,LCAV,K26_3B,10ft,3.0441,,,,,,,,,,6.915534443,5.545896101E2,2.56925495E3,0.0,0.0,0.0,0.0,0.0,2.856E3,48.1984692,0.0,15.83340534148,0.25,,,,,,,,,,,,,,,,,,,,,,,,2.56925495E3
955,L3,LCAV,K26_3C,10ft,3.0441,,,,,,,,,,6.9637329125,5.576337101E2,2.57229905E3,0.0,0.0,0.0,0.0,0.0,2.856E3,48.1984692,0.0,15.83340534148,0.25,,,,,,,,,,,,,,,,,,,,,,,,2.57229905E3
956,L3,LCAV,K26_3D,10ft,3.0441,,,,,,,,,,7.0119313815,5.606778101E2,2.57534315E3,0.0,0.0,0.0,0.0,0.0,2.856E3,48.1984692,0.0,15.83340534148,0.25,,,,,,,,,,,,,,,,,,,,,,,,2.57534315E3
958,L3,QUAD,Q26401,QE,0.1068,0.027559,,0.3957989338,,0.0,,,,,7.036030616,5.622874601E2,2.5769528E3,0.0,0.0,0.0,0.0,0.0,,,,,,,,,,9.920941508278,-9.289271075167,,,,,,,,,,,,,,,,,,2.5769528E3
959,L3,BPM,BPM26401,10_um_res,0.0,,,,,,,,,,7.036030616,5.622874601E2,2.5769528E3,0.0,0.0,0.0,0.0,0.0,,,,,,,,,,,,,,,,,,,,,,,,,,,,,2.5769528E3
962,L3,LCAV,K26_4A,10ft,3.0441,,,,,,,,,,7.0601298505,5.638899101E2,2.57855525E3,0.0,0.0,0.0,0.0,0.0,2.856E3,48.1984692,0.0,15.83340534148,0.25,,,,,,,,,,,,,,,,,,,,,,,,2.57855525E3
963,L3,XCOR,XC26402,type-4,0.0,,,,,,,,,,7.041204973,5.626946601E2,2.57736E3,0.0,0.0,0.0,0.0,0.0,,,,,,,,,,,,,,,,,,,,,,,,,,,,,2.57736E3
965,L3,YCOR,YC26403,type-4,0.0,,,,,,,,,,7.045163324,5.629446601E2,2.57761E3,0.0,0.0,0.0,0.0,0.0,,,,,,,,,,,,,,,,,,,,,,,,,,,,,2.57761E3
967,L3,LCAV,K26_4B,10ft,3.0441,,,,,,,,,,7.1083283195,5.669340101E2,2.58159935E3,0.0,0.0,0.0,0.0,0.0,2.856E3,48.1984692,0.0,15.83340534148,0.25,,,,,,,,,,,,,,,,,,,,,,,,2.58159935E3
968,L3,LCAV,K26_4C,10ft,3.0441,,,,,,,,,,7.156526789,5.699781101E2,2.58464345E3,0.0,0.0,0.0,0.0,0.0,2.856E3,48.1984692,0.0,15.83340534148,0.25,,,,,,,,,,,,,,,,,,,,,,,,2.58464345E3
969,L3,LCAV,K26_4D,10ft,3.0441,,,,,,,,,,7.2047252585,5.730222101E2,2.58768755E3,0.0,0.0,0.0,0.0,0.0,2.856E3,48.1984692,0.0,15.83340534148,0.25,,,,,,,,,,,,,,,,,,,,,,,,2.58768755E3
971,L3,QUAD,Q26501,QE,0.1068,0.027559,,-0.3956492863,,0.0,,,,,7.228824493,5.746318601E2,2.5892972E3,0.0,0.0,0.0,0.0,0.0,,,,,,,,,,-10.188930880008,9.540197453191,,,,,,,,,,,,,,,,,,2.5892972E3
972,L3,BPM,BPM26501,10_um_res,0.0,,,,,,,,,,7.228824493,5.746318601E2,2.5892972E3,0.0,0.0,0.0,0.0,0.0,,,,,,,,,,,,,,,,,,,,,,,,,,,,,2.5892972E3
975,L3,LCAV,K26_5A,10ft,3.0441,,,,,,,,,,7.2529237275,5.762343101E2,2.59089965E3,0.0,0.0,0.0,0.0,0.0,2.856E3,48.1984692,0.0,15.83340534148,0.25,,,,,,,,,,,,,,,,,,,,,,,,2.59089965E3
976,L3,XCOR,XC26502,type-4,0.0,,,,,,,,,,7.234087517,5.750446601E2,2.58971E3,0.0,0.0,0.0,0.0,0.0,,,,,,,,,,,,,,,,,,,,,,,,,,,,,2.58971E3
978,L3,YCOR,YC26503,type-4,0.0,,,,,,,,,,7.238045868,5.752946601E2,2.58996E3,0.0,0.0,0.0,0.0,0.0,,,,,,,,,,,,,,,,,,,,,,,,,,,,,2.58996E3
980,L3,LCAV,K26_5B,10ft,3.0441,,,,,,,,,,7.3011221965,5.792784101E2,2.59394375E3,0.0,0.0,0.0,0.0,0.0,2.856E3,48.1984692,0.0,15.83340534148,0.25,,,,,,,,,,,,,,,,,,,,,,,,2.59394375E3
981,L3,LCAV,K26_5C,10ft,3.0441,,,,,,,,,,7.3493206655,5.823225101E2,2.59698785E3,0.0,0.0,0.0,0.0,0.0,2.856E3,48.1984692,0.0,15.83340534148,0.25,,,,,,,,,,,,,,,,,,,,,,,,2.59698785E3
982,L3,LCAV,K26_5D,10ft,3.0441,,,,,,,,,,7.397519135,5.853666101E2,2.60003195E3,0.0,0.0,0.0,0.0,0.0,2.856E3,48.1984692,0.0,15.83340534148,0.25,,,,,,,,,,,,,,,,,,,,,,,,2.60003195E3
984,L3,QUAD,Q26601,QE,0.1068,0.027559,,0.3957989338,,0.0,,,,,7.42161837,5.869762601E2,2.6016416E3,0.0,0.0,0.0,0.0,0.0,,,,,,,,,,10.464627825489,-9.79834066057,,,,,,,,,,,,,,,,,,2.6016416E3
985,L3,BPM,BPM26601,10_um_res,0.0,,,,,,,,,,7.42161837,5.869762601E2,2.6016416E3,0.0,0.0,0.0,0.0,0.0,,,,,,,,,,,,,,,,,,,,,,,,,,,,,2.6016416E3
988,L3,LCAV,K26_6A,10ft,3.0441,,,,,,,,,,7.4457176045,5.885787101E2,2.60324405E3,0.0,0.0,0.0,0.0,0.0,2.856E3,48.198469196,0.0,15.833405340166,0.25,,,,,,,,,,,,,,,,,,,,,,,,2.60324405E3
989,L3,XCOR,XC26602,type-4,0.0,,,,,,,,,,7.426811727,5.873846601E2,2.60205E3,0.0,0.0,0.0,0.0,0.0,,,,,,,,,,,,,,,,,,,,,,,,,,,,,2.60205E3
991,L3,YCOR,YC26603,type-4,0.0,,,,,,,,,,7.433316089,5.877954601E2,2.6024608E3,0.0,0.0,0.0,0.0,0.0,,,,,,,,,,,,,,,,,,,,,,,,,,,,,2.6024608E3
993,L3,LCAV,K26_6B,10ft,3.0441,,,,,,,,,,7.4939160735,5.916228101E2,2.60628815E3,0.0,0.0,0.0,0.0,0.0,2.856E3,48.1984692,0.0,15.83340534148,0.25,,,,,,,,,,,,,,,,,,,,,,,,2.60628815E3
994,L3,LCAV,K26_6C,10ft,3.0441,,,,,,,,,,7.5421145425,5.946669101E2,2.60933225E3,0.0,0.0,0.0,0.0,0.0,2.856E3,48.1984692,0.0,15.83340534148,0.25,,,,,,,,,,,,,,,,,,,,,,,,2.60933225E3
995,L3,LCAV,K26_6D,10ft,3.0441,,,,,,,,,,7.5903130115,5.977110101E2,2.61237635E3,0.0,0.0,0.0,0.0,0.0,2.856E3,48.1984692,0.0,15.83340534148,0.25,,,,,,,,,,,,,,,,,,,,,,,,2.61237635E3
997,L3,QUAD,Q26701,QE,0.1068,0.027559,,-0.3956492863,,0.0,,,,,7.614412246,5.993206601E2,2.613986E3,0.0,0.0,0.0,0.0,0.0,,,,,,,,,,-10.732411633544,10.049074563243,,,,,,,,,,,,,,,,,,2.613986E3
998,L3,BPM,BPM26701,10_um_res,0.0,,,,,,,,,,7.614412246,5.993206601E2,2.613986E3,0.0,0.0,0.0,0.0,0.0,,,,,,,,,,,,,,,,,,,,,,,,,,,,,2.613986E3
1001,L3,LCAV,K26_7A,10ft,3.0441,,,,,,,,,,7.638511481,6.009231101E2,2.61558845E3,0.0,0.0,0.0,0.0,0.0,2.856E3,48.198469197,0.0,15.833405340495,0.25,,,,,,,,,,,,,,,,,,,,,,,,2.61558845E3
1002,L3,XCOR,XC26702,type-4,0.0,,,,,,,,,,7.61969427,5.997346601E2,2.6144E3,0.0,0.0,0.0,0.0,0.0,,,,,,,,,,,,,,,,,,,,,,,,,,,,,2.6144E3
1004,L3,YCOR,YC26703,type-4,0.0,,,,,,,,,,7.623652622,5.999846601E2,2.61465E3,0.0,0.0,0.0,0.0,0.0,,,,,,,,,,,,,,,,,,,,,,,,,,,,,2.61465E3
1006,L3,LCAV,K26_7B,10ft,3.0441,,,,,,,,,,7.6867099505,6.039672101E2,2.61863255E3,0.0,0.0,0.0,0.0,0.0,2.856E3,48.1984692,0.0,15.83340534148,0.25,,,,,,,,,,,,,,,,,,,,,,,,2.61863255E3
1007,L3,LCAV,K26_7C,10ft,3.0441,,,,,,,,,,7.7349084195,6.070113101E2,2.62167665E3,0.0,0.0,0.0,0.0,0.0,2.856E3,48.1984692,0.0,15.83340534148,0.25,,,,,,,,,,,,,,,,,,,,,,,,2.62167665E3
1008,L3,LCAV,K26_7D,10ft,3.0441,,,,,,,,,,7.7831068885,6.100554101E2,2.62472075E3,0.0,0.0,0.0,0.0,0.0,2.856E3,48.1984692,0.0,15.83340534148,0.25,,,,,,,,,,,,,,,,,,,,,,,,2.62472075E3
1010,L3,QUAD,Q26801,QE,0.1068,0.027559,,0.4060079606,,0.0,,,,,7.807206123,6.116650601E2,2.6263304E3,0.0,0.0,0.0,0.0,0.0,,,,,,,,,,11.292256730416,-10.57327409215,,,,,,,,,,,,,,,,,,2.6263304E3
1011,L3,BPM,BPM26801,10_um_res,0.0,,,,,,,,,,7.807206123,6.116650601E2,2.6263304E3,0.0,0.0,0.0,0.0,0.0,,,,,,,,,,,,,,,,,,,,,,,,,,,,,2.6263304E3
1014,L3,LCAV,K26_8A,10ft,3.0441,,,,,,,,,,7.8313053575,6.132675101E2,2.62793285E3,0.0,0.0,0.0,0.0,0.0,2.856E3,48.198469203,0.0,15.833405342466,0.25,,,,,,,,,,,,,,,,,,,,,,,,2.62793285E3
1015,L3,XCOR,XC26802,type-4,0.0,,,,,,,,,,7.81241848,6.120746601E2,2.62674E3,0.0,0.0,0.0,0.0,0.0,,,,,,,,,,,,,,,,,,,,,,,,,,,,,2.62674E3
1017,L3,YCOR,YC26803,type-4,0.0,,,,,,,,,,7.818451008,6.124556601E2,2.627121E3,0.0,0.0,0.0,0.0,0.0,,,,,,,,,,,,,,,,,,,,,,,,,,,,,2.627121E3
1019,L3,LCAV,K26_8B,10ft,3.0441,,,,,,,,,,7.879503827,6.163116101E2,2.63097695E3,0.0,0.0,0.0,0.0,0.0,2.856E3,48.1984692,0.0,15.83340534148,0.25,,,,,,,,,,,,,,,,,,,,,,,,2.63097695E3
1020,L3,LCAV,K26_8C,10ft,3.0441,,,,,,,,,,7.9277022965,6.193557101E2,2.63402105E3,0.0,0.0,0.0,0.0,0.0,2.856E3,48.1984692,0.0,15.83340534148,0.25,,,,,,,,,,,,,,,,,,,,,,,,2.63402105E3
1021,L3,LCAV,K26_8D,10ft,3.0441,,,,,,,,,,7.9759007655,6.223998101E2,2.63706515E3,0.0,0.0,0.0,0.0,0.0,2.856E3,48.1984692,0.0,15.83340534148,0.25,,,,,,,,,,,,,,,,,,,,,,,,2.63706515E3
1022,L3,XCOR,XC26900,type-5,0.0,,,,,,,,,,7.989594286,6.232646601E2,2.63793E3,0.0,0.0,0.0,0.0,0.0,,,,,,,,,,,,,,,,,,,,,,,,,,,,,2.63793E3
1024,L3,YCOR,YC26900,type-5,0.0,,,,,,,,,,7.993552637,6.235146601E2,2.63818E3,0.0,0.0,0.0,0.0,0.0,,,,,,,,,,,,,,,,,,,,,,,,,,,,,2.63818E3
1027,L3,QUAD,Q26901,QE,0.1068,0.027559,,-0.3887695484,,0.0,,,,,8.0,6.242500601E2,2.6389154E3,0.0,0.0,0.0,0.0,0.0,,,,,,,,,,-11.079821810439,10.374364991048,,,,,,,,,,,,,,,,,,2.6389154E3
1028,L3,BPM,BPM26901,10_um_res,0.0,,,,,,,,,,8.0,6.242500601E2,2.6389154E3,0.0,0.0,0.0,0.0,0.0,,,,,,,,,,,,,,,,,,,,,,,,,,,,,2.6389154E3
1031,L3,MARK,LI26END,,,,,,,,,,,,8.0,6.269346601E2,2.6416E3,0.0,0.0,0.0,0.0,0.0,,,,,,,,,,,,,,,,,,,,,,,,,,,,,2.6416E3
1032,L3,MARK,LI27BEG,,,,,,,,,,,,8.0,6.269346601E2,2.6416E3,0.0,0.0,0.0,0.0,0.0,,,,,,,,,,,,,,,,,,,,,,,,,,,,,2.6416E3
1033,L3,MARK,ZLIN11,,,,,,,,,,,,8.0,6.269346601E2,2.6416E3,0.0,0.0,0.0,0.0,0.0,,,,,,,,,,,,,,,,,,,,,,,,,,,,,2.6416E3
1034,L3,LCAV,K27_1A,10ft,3.0441,,,,,,,,,,8.0,6.284567101E2,2.64312205E3,0.0,0.0,0.0,0.0,0.0,2.856E3,0.0,0.0,0.0,0.25,,,,,,,,,,,,,,,,,,,,,,,,2.64312205E3
1035,L3,LCAV,K27_1B,10ft,3.0441,,,,,,,,,,8.0,6.315008101E2,2.64616615E3,0.0,0.0,0.0,0.0,0.0,2.856E3,0.0,0.0,0.0,0.25,,,,,,,,,,,,,,,,,,,,,,,,2.64616615E3
1036,L3,LCAV,K27_1C,10ft,3.0441,,,,,,,,,,8.0,6.345449101E2,2.64921025E3,0.0,0.0,0.0,0.0,0.0,2.856E3,0.0,0.0,0.0,0.25,,,,,,,,,,,,,,,,,,,,,,,,2.64921025E3
1037,L3,LCAV,K27_1D,10ft,3.0441,,,,,,,,,,8.0,6.375890101E2,2.65225435E3,0.0,0.0,0.0,0.0,0.0,2.856E3,0.0,0.0,0.0,0.25,,,,,,,,,,,,,,,,,,,,,,,,2.65225435E3
1039,L3,QUAD,Q27201,QE,0.1068,0.027559,,0.3910715633,,0.0,,,,,8.0,6.391986601E2,2.653864E3,0.0,0.0,0.0,0.0,0.0,,,,,,,,,,11.145428581859,-10.435794552302,,,,,,,,,,,,,,,,,,2.653864E3
1040,L3,BPM,BPM27201,10_um_res,0.0,,,,,,,,,,8.0,6.391986601E2,2.653864E3,0.0,0.0,0.0,0.0,0.0,,,,,,,,,,,,,,,,,,,,,,,,,,,,,2.653864E3
1043,L3,LCAV,K27_2A,10ft,3.0441,,,,,,,,,,8.0,6.408011101E2,2.65546645E3,0.0,0.0,0.0,0.0,0.0,2.856E3,0.0,0.0,0.0,0.25,,,,,,,,,,,,,,,,,,,,,,,,2.65546645E3
1044,L3,XCOR,XC27202,type-5,0.0,,,,,,,,,,8.0,6.396046601E2,2.65427E3,0.0,0.0,0.0,0.0,0.0,,,,,,,,,,,,,,,,,,,,,,,,,,,,,2.65427E3
1046,L3,YCOR,YC27203,type-5,0.0,,,,,,,,,,8.0,6.398546601E2,2.65452E3,0.0,0.0,0.0,0.0,0.0,,,,,,,,,,,,,,,,,,,,,,,,,,,,,2.65452E3
1048,L3,LCAV,K27_2B,10ft,3.0441,,,,,,,,,,8.0,6.438452101E2,2.65851055E3,0.0,0.0,0.0,0.0,0.0,2.856E3,0.0,0.0,0.0,0.25,,,,,,,,,,,,,,,,,,,,,,,,2.65851055E3
1049,L3,LCAV,K27_2C,10ft,3.0441,,,,,,,,,,8.0,6.468893101E2,2.66155465E3,0.0,0.0,0.0,0.0,0.0,2.856E3,0.0,0.0,0.0,0.25,,,,,,,,,,,,,,,,,,,,,,,,2.66155465E3
1050,L3,LCAV,K27_2D,10ft,3.0441,,,,,,,,,,8.0,6.499334101E2,2.66459875E3,0.0,0.0,0.0,0.0,0.0,2.856E3,0.0,0.0,0.0,0.25,,,,,,,,,,,,,,,,,,,,,,,,2.66459875E3
1052,L3,QUAD,Q27301,QE,0.1068,0.027559,,-0.4071718748,,0.0,,,,,8.0,6.515430601E2,2.6662084E3,0.0,0.0,0.0,0.0,0.0,,,,,,,,,,-11.604282890913,10.865433418458,,,,,,,,,,,,,,,,,,2.6662084E3
1053,L3,BPM,BPM27301,10_um_res,0.0,,,,,,,,,,8.0,6.515430601E2,2.6662084E3,0.0,0.0,0.0,0.0,0.0,,,,,,,,,,,,,,,,,,,,,,,,,,,,,2.6662084E3
1056,L3,LCAV,K27_3A,10ft,3.0441,,,,,,,,,,8.0,6.531455101E2,2.66781085E3,0.0,0.0,0.0,0.0,0.0,2.856E3,0.0,0.0,0.0,0.25,,,,,,,,,,,,,,,,,,,,,,,,2.66781085E3
1057,L3,XCOR,XC27302,type-4,0.0,,,,,,,,,,8.0,6.519546601E2,2.66662E3,0.0,0.0,0.0,0.0,0.0,,,,,,,,,,,,,,,,,,,,,,,,,,,,,2.66662E3
1059,L3,YCOR,YC27303,type-4,0.0,,,,,,,,,,8.0,6.523241601E2,2.6669895E3,0.0,0.0,0.0,0.0,0.0,,,,,,,,,,,,,,,,,,,,,,,,,,,,,2.6669895E3
1061,L3,LCAV,K27_3B,10ft,3.0441,,,,,,,,,,8.0,6.561896101E2,2.67085495E3,0.0,0.0,0.0,0.0,0.0,2.856E3,0.0,0.0,0.0,0.25,,,,,,,,,,,,,,,,,,,,,,,,2.67085495E3
1062,L3,LCAV,K27_3C,10ft,3.0441,,,,,,,,,,8.0,6.592337101E2,2.67389905E3,0.0,0.0,0.0,0.0,0.0,2.856E3,0.0,0.0,0.0,0.25,,,,,,,,,,,,,,,,,,,,,,,,2.67389905E3
1063,L3,LCAV,K27_3D,10ft,3.0441,,,,,,,,,,8.0,6.622778101E2,2.67694315E3,0.0,0.0,0.0,0.0,0.0,2.856E3,0.0,0.0,0.0,0.25,,,,,,,,,,,,,,,,,,,,,,,,2.67694315E3
1065,L3,QUAD,Q27401,QE,0.1068,0.027559,,0.3957989338,,0.0,,,,,8.0,6.638874601E2,2.6785528E3,0.0,0.0,0.0,0.0,0.0,,,,,,,,,,11.280157299649,-10.561945037125,,,,,,,,,,,,,,,,,,2.6785528E3
1066,L3,BPM,BPM27401,10_um_res,0.0,,,,,,,,,,8.0,6.638874601E2,2.6785528E3,0.0,0.0,0.0,0.0,0.0,,,,,,,,,,,,,,,,,,,,,,,,,,,,,2.6785528E3
1069,L3,LCAV,K27_4A,10ft,3.0441,,,,,,,,,,8.0,6.654899101E2,2.68015525E3,0.0,0.0,0.0,0.0,0.0,2.856E3,0.0,0.0,0.0,0.25,,,,,,,,,,,,,,,,,,,,,,,,2.68015525E3
1070,L3,XCOR,XC27402,type-4,0.0,,,,,,,,,,8.0,6.642946601E2,2.67896E3,0.0,0.0,0.0,0.0,0.0,,,,,,,,,,,,,,,,,,,,,,,,,,,,,2.67896E3
1072,L3,YCOR,YC27403,type-4,0.0,,,,,,,,,,8.0,6.645446601E2,2.67921E3,0.0,0.0,0.0,0.0,0.0,,,,,,,,,,,,,,,,,,,,,,,,,,,,,2.67921E3
1074,L3,LCAV,K27_4B,10ft,3.0441,,,,,,,,,,8.0,6.685340101E2,2.68319935E3,0.0,0.0,0.0,0.0,0.0,2.856E3,0.0,0.0,0.0,0.25,,,,,,,,,,,,,,,,,,,,,,,,2.68319935E3
1075,L3,LCAV,K27_4C,10ft,3.0441,,,,,,,,,,8.0,6.715781101E2,2.68624345E3,0.0,0.0,0.0,0.0,0.0,2.856E3,0.0,0.0,0.0,0.25,,,,,,,,,,,,,,,,,,,,,,,,2.68624345E3
1076,L3,LCAV,K27_4D,10ft,3.0441,,,,,,,,,,8.0,6.746222101E2,2.68928755E3,0.0,0.0,0.0,0.0,0.0,2.856E3,0.0,0.0,0.0,0.25,,,,,,,,,,,,,,,,,,,,,,,,2.68928755E3
1078,L3,QUAD,Q27501,QE,0.1068,0.027559,,-0.3956492863,,0.0,,,,,8.0,6.762318601E2,2.6908972E3,0.0,0.0,0.0,0.0,0.0,,,,,,,,,,-11.275892388364,10.557951674498,,,,,,,,,,,,,,,,,,2.6908972E3
1079,L3,BPM,BPM27501,10_um_res,0.0,,,,,,,,,,8.0,6.762318601E2,2.6908972E3,0.0,0.0,0.0,0.0,0.0,,,,,,,,,,,,,,,,,,,,,,,,,,,,,2.6908972E3
1082,L3,LCAV,K27_5A,10ft,3.0441,,,,,,,,,,8.0,6.778343101E2,2.69249965E3,0.0,0.0,0.0,0.0,0.0,2.856E3,0.0,0.0,0.0,0.25,,,,,,,,,,,,,,,,,,,,,,,,2.69249965E3
1083,L3,XCOR,XC27502,type-5,0.0,,,,,,,,,,8.0,6.766446601E2,2.69131E3,0.0,0.0,0.0,0.0,0.0,,,,,,,,,,,,,,,,,,,,,,,,,,,,,2.69131E3
1085,L3,YCOR,YC27503,type-5,0.0,,,,,,,,,,8.0,6.770129601E2,2.6916783E3,0.0,0.0,0.0,0.0,0.0,,,,,,,,,,,,,,,,,,,,,,,,,,,,,2.6916783E3
1087,L3,LCAV,K27_5B,10ft,3.0441,,,,,,,,,,8.0,6.808784101E2,2.69554375E3,0.0,0.0,0.0,0.0,0.0,2.856E3,0.0,0.0,0.0,0.25,,,,,,,,,,,,,,,,,,,,,,,,2.69554375E3
1088,L3,LCAV,K27_5C,10ft,3.0441,,,,,,,,,,8.0,6.839225101E2,2.69858785E3,0.0,0.0,0.0,0.0,0.0,2.856E3,0.0,0.0,0.0,0.25,,,,,,,,,,,,,,,,,,,,,,,,2.69858785E3
1089,L3,LCAV,K27_5D,10ft,3.0441,,,,,,,,,,8.0,6.869666101E2,2.70163195E3,0.0,0.0,0.0,0.0,0.0,2.856E3,0.0,0.0,0.0,0.25,,,,,,,,,,,,,,,,,,,,,,,,2.70163195E3
1091,L3,QUAD,Q27601,QE,0.1068,0.027559,,0.3957989338,,0.0,,,,,8.0,6.885762601E2,2.7032416E3,0.0,0.0,0.0,0.0,0.0,,,,,,,,,,11.280157299649,-10.561945037125,,,,,,,,,,,,,,,,,,2.7032416E3
1092,L3,BPM,BPM27601,10_um_res,0.0,,,,,,,,,,8.0,6.885762601E2,2.7032416E3,0.0,0.0,0.0,0.0,0.0,,,,,,,,,,,,,,,,,,,,,,,,,,,,,2.7032416E3
1095,L3,LCAV,K27_6A,10ft,3.0441,,,,,,,,,,8.0,6.901787101E2,2.70484405E3,0.0,0.0,0.0,0.0,0.0,2.856E3,0.0,0.0,0.0,0.25,,,,,,,,,,,,,,,,,,,,,,,,2.70484405E3
1096,L3,XCOR,XC27602,type-5,0.0,,,,,,,,,,8.0,6.889846601E2,2.70365E3,0.0,0.0,0.0,0.0,0.0,,,,,,,,,,,,,,,,,,,,,,,,,,,,,2.70365E3
1098,L3,YCOR,YC27603,type-5,0.0,,,,,,,,,,8.0,6.892346601E2,2.7039E3,0.0,0.0,0.0,0.0,0.0,,,,,,,,,,,,,,,,,,,,,,,,,,,,,2.7039E3
1100,L3,LCAV,K27_6B,10ft,3.0441,,,,,,,,,,8.0,6.932228101E2,2.70788815E3,0.0,0.0,0.0,0.0,0.0,2.856E3,0.0,0.0,0.0,0.25,,,,,,,,,,,,,,,,,,,,,,,,2.70788815E3
1101,L3,LCAV,K27_6C,10ft,3.0441,,,,,,,,,,8.0,6.962669101E2,2.71093225E3,0.0,0.0,0.0,0.0,0.0,2.856E3,0.0,0.0,0.0,0.5,,,,,,,,,,,,,,,,,,,,,,,,2.71093225E3
1103,L3,WIRE,WS27644,slow,0.0,,,,,,,,,,8.0,7.001324601E2,2.7147978E3,0.0,0.0,0.0,0.0,0.0,,,,,,,,,,,,,,,,,,,,,,,,,,,,,2.7147978E3
1105,L3,QUAD,Q27701,QE,0.1068,0.027559,,-0.3956492863,,0.0,,,,,8.0,7.009206601E2,2.715586E3,0.0,0.0,0.0,0.0,0.0,,,,,,,,,,-11.275892388364,10.557951674498,,,,,,,,,,,,,,,,,,2.715586E3
1106,L3,BPM,BPM27701,10_um_res,0.0,,,,,,,,,,8.0,7.009206601E2,2.715586E3,0.0,0.0,0.0,0.0,0.0,,,,,,,,,,,,,,,,,,,,,,,,,,,,,2.715586E3
1109,L3,LCAV,K27_7A,10ft,3.0441,,,,,,,,,,8.0,7.025231101E2,2.71718845E3,0.0,0.0,0.0,0.0,0.0,2.856E3,0.0,0.0,0.0,0.25,,,,,,,,,,,,,,,,,,,,,,,,2.71718845E3
1110,L3,XCOR,XC27702,type-4,0.0,,,,,,,,,,8.0,7.013346601E2,2.716E3,0.0,0.0,0.0,0.0,0.0,,,,,,,,,,,,,,,,,,,,,,,,,,,,,2.716E3
1112,L3,YCOR,YC27703,type-4,0.0,,,,,,,,,,8.0,7.016858601E2,2.7163512E3,0.0,0.0,0.0,0.0,0.0,,,,,,,,,,,,,,,,,,,,,,,,,,,,,2.7163512E3
1114,L3,LCAV,K27_7B,10ft,3.0441,,,,,,,,,,8.0,7.055672101E2,2.72023255E3,0.0,0.0,0.0,0.0,0.0,2.856E3,0.0,0.0,0.0,0.25,,,,,,,,,,,,,,,,,,,,,,,,2.72023255E3
1115,L3,LCAV,K27_7C,10ft,3.0441,,,,,,,,,,8.0,7.086113101E2,2.72327665E3,0.0,0.0,0.0,0.0,0.0,2.856E3,0.0,0.0,0.0,0.25,,,,,,,,,,,,,,,,,,,,,,,,2.72327665E3
1116,L3,LCAV,K27_7D,10ft,3.0441,,,,,,,,,,8.0,7.116554101E2,2.72632075E3,0.0,0.0,0.0,0.0,0.0,2.856E3,0.0,0.0,0.0,0.25,,,,,,,,,,,,,,,,,,,,,,,,2.72632075E3
1118,L3,QUAD,Q27801,QE,0.1068,0.027559,,0.4068216502,,0.0,,,,,8.0,7.132650601E2,2.7279304E3,0.0,0.0,0.0,0.0,0.0,,,,,,,,,,11.594301589195,-10.856087630332,,,,,,,,,,,,,,,,,,2.7279304E3
1119,L3,BPM,BPM27801,10_um_res,0.0,,,,,,,,,,8.0,7.132650601E2,2.7279304E3,0.0,0.0,0.0,0.0,0.0,,,,,,,,,,,,,,,,,,,,,,,,,,,,,2.7279304E3
1122,L3,LCAV,K27_8A,10ft,3.0441,,,,,,,,,,8.0,7.148675101E2,2.72953285E3,0.0,0.0,0.0,0.0,0.0,2.856E3,0.0,0.0,0.0,0.25,,,,,,,,,,,,,,,,,,,,,,,,2.72953285E3
1123,L3,XCOR,XC27802,type-4,0.0,,,,,,,,,,8.0,7.136746601E2,2.72834E3,0.0,0.0,0.0,0.0,0.0,,,,,,,,,,,,,,,,,,,,,,,,,,,,,2.72834E3
1125,L3,YCOR,YC27803,type-4,0.0,,,,,,,,,,8.0,7.139246601E2,2.72859E3,0.0,0.0,0.0,0.0,0.0,,,,,,,,,,,,,,,,,,,,,,,,,,,,,2.72859E3
1127,L3,LCAV,K27_8B,10ft,3.0441,,,,,,,,,,8.0,7.179116101E2,2.73257695E3,0.0,0.0,0.0,0.0,0.0,2.856E3,0.0,0.0,0.0,0.25,,,,,,,,,,,,,,,,,,,,,,,,2.73257695E3
1128,L3,LCAV,K27_8C,10ft,3.0441,,,,,,,,,,8.0,7.209557101E2,2.73562105E3,0.0,0.0,0.0,0.0,0.0,2.856E3,0.0,0.0,0.0,0.25,,,,,,,,,,,,,,,,,,,,,,,,2.73562105E3
1129,L3,LCAV,K27_8D,10ft,3.0441,,,,,,,,,,8.0,7.239998101E2,2.73866515E3,0.0,0.0,0.0,0.0,0.0,2.856E3,0.0,0.0,0.0,0.25,,,,,,,,,,,,,,,,,,,,,,,,2.73866515E3
1130,L3,XCOR,XC27900,type-4,0.0,,,,,,,,,,8.0,7.247188601E2,2.7393842E3,0.0,0.0,0.0,0.0,0.0,,,,,,,,,,,,,,,,,,,,,,,,,,,,,2.7393842E3
1132,L3,YCOR,YC27900,type-4,0.0,,,,,,,,,,8.0,7.251146601E2,2.73978E3,0.0,0.0,0.0,0.0,0.0,,,,,,,,,,,,,,,,,,,,,,,,,,,,,2.73978E3
1135,L3,QUAD,Q27901,QE,0.1068,0.027559,,-0.3895051387,,0.0,,,,,8.0,7.258500601E2,2.7405154E3,0.0,0.0,0.0,0.0,0.0,,,,,,,,,,-11.100785925254,10.393994312036,,,,,,,,,,,,,,,,,,2.7405154E3
1136,L3,BPM,BPM27901,10_um_res,0.0,,,,,,,,,,8.0,7.258500601E2,2.7405154E3,0.0,0.0,0.0,0.0,0.0,,,,,,,,,,,,,,,,,,,,,,,,,,,,,2.7405154E3
1139,L3,MARK,LI27END,,,,,,,,,,,,8.0,7.285346601E2,2.7432E3,0.0,0.0,0.0,0.0,0.0,,,,,,,,,,,,,,,,,,,,,,,,,,,,,2.7432E3
1140,L3,MARK,LI28BEG,,,,,,,,,,,,8.0,7.285346601E2,2.7432E3,0.0,0.0,0.0,0.0,0.0,,,,,,,,,,,,,,,,,,,,,,,,,,,,,2.7432E3
1141,L3,MARK,ZLIN12,,,,,,,,,,,,8.0,7.285346601E2,2.7432E3,0.0,0.0,0.0,0.0,0.0,,,,,,,,,,,,,,,,,,,,,,,,,,,,,2.7432E3
1142,L3,LCAV,K28_1A,10ft,3.0441,,,,,,,,,,8.0,7.300567101E2,2.74472205E3,0.0,0.0,0.0,0.0,0.0,2.856E3,0.0,0.0,0.0,0.25,,,,,,,,,,,,,,,,,,,,,,,,2.74472205E3
1143,L3,LCAV,K28_1B,10ft,3.0441,,,,,,,,,,8.0,7.331008101E2,2.74776615E3,0.0,0.0,0.0,0.0,0.0,2.856E3,0.0,0.0,0.0,0.25,,,,,,,,,,,,,,,,,,,,,,,,2.74776615E3
1144,L3,LCAV,K28_1C,10ft,3.0441,,,,,,,,,,8.0,7.361449101E2,2.75081025E3,0.0,0.0,0.0,0.0,0.0,2.856E3,0.0,0.0,0.0,0.5,,,,,,,,,,,,,,,,,,,,,,,,2.75081025E3
1146,L3,MARK,XC29092,type-4,,,,,,,,,,,8.0,7.397576601E2,2.754423E3,0.0,0.0,0.0,0.0,0.0,,,,,,,,,,,,,,,,,,,,,,,,,,,,,2.754423E3
1148,L3,MARK,YC29092,type-4,,,,,,,,,,,8.0,7.400536601E2,2.754719E3,0.0,0.0,0.0,0.0,0.0,,,,,,,,,,,,,,,,,,,,,,,,,,,,,2.754719E3
1150,L3,WIRE,WS28144,slow,0.0,,,,,,,,,,8.0,7.405079601E2,2.7551733E3,0.0,0.0,0.0,0.0,0.0,,,,,,,,,,,,,,,,,,,,,,,,,,,,,2.7551733E3
1152,L3,QUAD,Q28201,QE,0.1068,0.027559,,0.3908107213,,0.0,,,,,8.0,7.407986601E2,2.755464E3,0.0,0.0,0.0,0.0,0.0,,,,,,,,,,11.137994658877,-10.428833950259,,,,,,,,,,,,,,,,,,2.755464E3
1153,L3,BPM,BPM28201,10_um_res,0.0,,,,,,,,,,8.0,7.407986601E2,2.755464E3,0.0,0.0,0.0,0.0,0.0,,,,,,,,,,,,,,,,,,,,,,,,,,,,,2.755464E3
1156,L3,LCAV,K28_2A,10ft,3.0441,,,,,,,,,,8.0,7.424011101E2,2.75706645E3,0.0,0.0,0.0,0.0,0.0,2.856E3,0.0,0.0,0.0,0.25,,,,,,,,,,,,,,,,,,,,,,,,2.75706645E3
1157,L3,XCOR,XC28202,type-4,0.0,,,,,,,,,,8.0,7.412046601E2,2.75587E3,0.0,0.0,0.0,0.0,0.0,,,,,,,,,,,,,,,,,,,,,,,,,,,,,2.75587E3
1159,L3,YCOR,YC28203,type-4,0.0,,,,,,,,,,8.0,7.414546601E2,2.75612E3,0.0,0.0,0.0,0.0,0.0,,,,,,,,,,,,,,,,,,,,,,,,,,,,,2.75612E3
1161,L3,LCAV,K28_2B,10ft,3.0441,,,,,,,,,,8.0,7.454452101E2,2.76011055E3,0.0,0.0,0.0,0.0,0.0,2.856E3,0.0,0.0,0.0,0.25,,,,,,,,,,,,,,,,,,,,,,,,2.76011055E3
1162,L3,LCAV,K28_2C,10ft,3.0441,,,,,,,,,,8.0,7.484893101E2,2.76315465E3,0.0,0.0,0.0,0.0,0.0,2.856E3,0.0,0.0,0.0,0.25,,,,,,,,,,,,,,,,,,,,,,,,2.76315465E3
1163,L3,LCAV,K28_2D,10ft,3.0441,,,,,,,,,,8.0,7.515334101E2,2.76619875E3,0.0,0.0,0.0,0.0,0.0,2.856E3,0.0,0.0,0.0,0.25,,,,,,,,,,,,,,,,,,,,,,,,2.76619875E3
1165,L3,QUAD,Q28301,QE,0.1068,0.027559,,-0.4065100055,,0.0,,,,,8.0,7.531430601E2,2.7678084E3,0.0,0.0,0.0,0.0,0.0,,,,,,,,,,-11.585419803678,10.847771351759,,,,,,,,,,,,,,,,,,2.7678084E3
1166,L3,BPM,BPM28301,10_um_res,0.0,,,,,,,,,,8.0,7.531430601E2,2.7678084E3,0.0,0.0,0.0,0.0,0.0,,,,,,,,,,,,,,,,,,,,,,,,,,,,,2.7678084E3
1169,L3,LCAV,K28_3A,10ft,3.0441,,,,,,,,,,8.0,7.547455101E2,2.76941085E3,0.0,0.0,0.0,0.0,0.0,2.856E3,0.0,0.0,0.0,0.25,,,,,,,,,,,,,,,,,,,,,,,,2.76941085E3
1170,L3,XCOR,XC28302,type-4,0.0,,,,,,,,,,8.0,7.535546601E2,2.76822E3,0.0,0.0,0.0,0.0,0.0,,,,,,,,,,,,,,,,,,,,,,,,,,,,,2.76822E3
1172,L3,YCOR,YC28303,type-4,0.0,,,,,,,,,,8.0,7.538046601E2,2.76847E3,0.0,0.0,0.0,0.0,0.0,,,,,,,,,,,,,,,,,,,,,,,,,,,,,2.76847E3
1174,L3,LCAV,K28_3B,10ft,3.0441,,,,,,,,,,8.0,7.577896101E2,2.77245495E3,0.0,0.0,0.0,0.0,0.0,2.856E3,0.0,0.0,0.0,0.25,,,,,,,,,,,,,,,,,,,,,,,,2.77245495E3
1175,L3,LCAV,K28_3C,10ft,3.0441,,,,,,,,,,8.0,7.608337101E2,2.77549905E3,0.0,0.0,0.0,0.0,0.0,2.856E3,0.0,0.0,0.0,0.25,,,,,,,,,,,,,,,,,,,,,,,,2.77549905E3
1176,L3,LCAV,K28_3D,10ft,3.0441,,,,,,,,,,8.0,7.638778101E2,2.77854315E3,0.0,0.0,0.0,0.0,0.0,2.856E3,0.0,0.0,0.0,0.25,,,,,,,,,,,,,,,,,,,,,,,,2.77854315E3
1178,L3,QUAD,Q28401,QE,0.1068,0.027559,,0.3957989338,,0.0,,,,,8.0,7.654874601E2,2.7801528E3,0.0,0.0,0.0,0.0,0.0,,,,,,,,,,11.280157299649,-10.561945037125,,,,,,,,,,,,,,,,,,2.7801528E3
1179,L3,BPM,BPM28401,10_um_res,0.0,,,,,,,,,,8.0,7.654874601E2,2.7801528E3,0.0,0.0,0.0,0.0,0.0,,,,,,,,,,,,,,,,,,,,,,,,,,,,,2.7801528E3
1182,L3,LCAV,K28_4A,10ft,3.0441,,,,,,,,,,8.0,7.670899101E2,2.78175525E3,0.0,0.0,0.0,0.0,0.0,2.856E3,0.0,0.0,0.0,0.25,,,,,,,,,,,,,,,,,,,,,,,,2.78175525E3
1183,L3,XCOR,XC28402,type-4,0.0,,,,,,,,,,8.0,7.659478601E2,2.7806132E3,0.0,0.0,0.0,0.0,0.0,,,,,,,,,,,,,,,,,,,,,,,,,,,,,2.7806132E3
1185,L3,YCOR,YC28403,type-4,0.0,,,,,,,,,,8.0,7.662399601E2,2.7809053E3,0.0,0.0,0.0,0.0,0.0,,,,,,,,,,,,,,,,,,,,,,,,,,,,,2.7809053E3
1187,L3,LCAV,K28_4B,10ft,3.0441,,,,,,,,,,8.0,7.701340101E2,2.78479935E3,0.0,0.0,0.0,0.0,0.0,2.856E3,0.0,0.0,0.0,0.25,,,,,,,,,,,,,,,,,,,,,,,,2.78479935E3
1188,L3,LCAV,K28_4C,10ft,3.0441,,,,,,,,,,8.0,7.731781101E2,2.78784345E3,0.0,0.0,0.0,0.0,0.0,2.856E3,0.0,0.0,0.0,0.5,,,,,,,,,,,,,,,,,,,,,,,,2.78784345E3
1190,L3,MARK,XC29095,type-4,,,,,,,,,,,8.0,7.767808601E2,2.7914462E3,0.0,0.0,0.0,0.0,0.0,,,,,,,,,,,,,,,,,,,,,,,,,,,,,2.7914462E3
1192,L3,MARK,YC29095,type-4,,,,,,,,,,,8.0,7.770668601E2,2.7917322E3,0.0,0.0,0.0,0.0,0.0,,,,,,,,,,,,,,,,,,,,,,,,,,,,,2.7917322E3
1194,L3,WIRE,WS28444,slow,0.0,,,,,,,,,,8.0,7.775411601E2,2.7922065E3,0.0,0.0,0.0,0.0,0.0,,,,,,,,,,,,,,,,,,,,,,,,,,,,,2.7922065E3
1196,L3,QUAD,Q28501,QE,0.1068,0.027559,,-0.3956492863,,0.0,,,,,8.0,7.778318601E2,2.7924972E3,0.0,0.0,0.0,0.0,0.0,,,,,,,,,,-11.275892388364,10.557951674498,,,,,,,,,,,,,,,,,,2.7924972E3
1197,L3,BPM,BPM28501,10_um_res,0.0,,,,,,,,,,8.0,7.778318601E2,2.7924972E3,0.0,0.0,0.0,0.0,0.0,,,,,,,,,,,,,,,,,,,,,,,,,,,,,2.7924972E3
1200,L3,LCAV,K28_5A,10ft,3.0441,,,,,,,,,,8.0,7.794343101E2,2.79409965E3,0.0,0.0,0.0,0.0,0.0,2.856E3,0.0,0.0,0.0,0.25,,,,,,,,,,,,,,,,,,,,,,,,2.79409965E3
1201,L3,XCOR,XC28502,type-4,0.0,,,,,,,,,,8.0,7.783081601E2,2.7929735E3,0.0,0.0,0.0,0.0,0.0,,,,,,,,,,,,,,,,,,,,,,,,,,,,,2.7929735E3
1203,L3,YCOR,YC28503,type-4,0.0,,,,,,,,,,8.0,7.786192601E2,2.7932846E3,0.0,0.0,0.0,0.0,0.0,,,,,,,,,,,,,,,,,,,,,,,,,,,,,2.7932846E3
1205,L3,LCAV,K28_5B,10ft,3.0441,,,,,,,,,,8.0,7.824784101E2,2.79714375E3,0.0,0.0,0.0,0.0,0.0,2.856E3,0.0,0.0,0.0,0.25,,,,,,,,,,,,,,,,,,,,,,,,2.79714375E3
1206,L3,LCAV,K28_5C,10ft,3.0441,,,,,,,,,,8.0,7.855225101E2,2.80018785E3,0.0,0.0,0.0,0.0,0.0,2.856E3,0.0,0.0,0.0,0.5,,,,,,,,,,,,,,,,,,,,,,,,2.80018785E3
1209,L3,QUAD,Q28601,QE,0.1068,0.027559,,0.3957989338,,0.0,,,,,8.0,7.901762601E2,2.8048416E3,0.0,0.0,0.0,0.0,0.0,,,,,,,,,,11.280157299649,-10.561945037125,,,,,,,,,,,,,,,,,,2.8048416E3
1210,L3,BPM,BPM28601,10_um_res,0.0,,,,,,,,,,8.0,7.901762601E2,2.8048416E3,0.0,0.0,0.0,0.0,0.0,,,,,,,,,,,,,,,,,,,,,,,,,,,,,2.8048416E3
1213,L3,LCAV,K28_6A,10ft,3.0441,,,,,,,,,,8.0,7.917787101E2,2.80644405E3,0.0,0.0,0.0,0.0,0.0,2.856E3,0.0,0.0,0.0,0.25,,,,,,,,,,,,,,,,,,,,,,,,2.80644405E3
1214,L3,XCOR,XC28602,type-4,0.0,,,,,,,,,,8.0,7.905846601E2,2.80525E3,0.0,0.0,0.0,0.0,0.0,,,,,,,,,,,,,,,,,,,,,,,,,,,,,2.80525E3
1216,L3,YCOR,YC28603,type-4,0.0,,,,,,,,,,8.0,7.909446601E2,2.80561E3,0.0,0.0,0.0,0.0,0.0,,,,,,,,,,,,,,,,,,,,,,,,,,,,,2.80561E3
1218,L3,LCAV,K28_6B,10ft,3.0441,,,,,,,,,,8.0,7.948228101E2,2.80948815E3,0.0,0.0,0.0,0.0,0.0,2.856E3,0.0,0.0,0.0,0.25,,,,,,,,,,,,,,,,,,,,,,,,2.80948815E3
1219,L3,LCAV,K28_6C,10ft,3.0441,,,,,,,,,,8.0,7.978669101E2,2.81253225E3,0.0,0.0,0.0,0.0,0.0,2.856E3,0.0,0.0,0.0,0.25,,,,,,,,,,,,,,,,,,,,,,,,2.81253225E3
1220,L3,LCAV,K28_6D,10ft,3.0441,,,,,,,,,,8.0,8.009110101E2,2.81557635E3,0.0,0.0,0.0,0.0,0.0,2.856E3,0.0,0.0,0.0,0.25,,,,,,,,,,,,,,,,,,,,,,,,2.81557635E3
1222,L3,QUAD,Q28701,QE,0.1068,0.027559,,-0.3956492863,,0.0,,,,,8.0,8.025206601E2,2.817186E3,0.0,0.0,0.0,0.0,0.0,,,,,,,,,,-11.275892388364,10.557951674498,,,,,,,,,,,,,,,,,,2.817186E3
1223,L3,BPM,BPM28701,10_um_res,0.0,,,,,,,,,,8.0,8.025206601E2,2.817186E3,0.0,0.0,0.0,0.0,0.0,,,,,,,,,,,,,,,,,,,,,,,,,,,,,2.817186E3
1226,L3,LCAV,K28_7A,10ft,3.0441,,,,,,,,,,8.0,8.041231101E2,2.81878845E3,0.0,0.0,0.0,0.0,0.0,2.856E3,0.0,0.0,0.0,0.25,,,,,,,,,,,,,,,,,,,,,,,,2.81878845E3
1227,L3,XCOR,XC28702,type-4,0.0,,,,,,,,,,8.0,8.029346601E2,2.8176E3,0.0,0.0,0.0,0.0,0.0,,,,,,,,,,,,,,,,,,,,,,,,,,,,,2.8176E3
1229,L3,YCOR,YC28703,type-4,0.0,,,,,,,,,,8.0,8.033398601E2,2.8180052E3,0.0,0.0,0.0,0.0,0.0,,,,,,,,,,,,,,,,,,,,,,,,,,,,,2.8180052E3
1231,L3,LCAV,K28_7B,10ft,3.0441,,,,,,,,,,8.0,8.071672101E2,2.82183255E3,0.0,0.0,0.0,0.0,0.0,2.856E3,0.0,0.0,0.0,0.25,,,,,,,,,,,,,,,,,,,,,,,,2.82183255E3
1232,L3,LCAV,K28_7C,10ft,3.0441,,,,,,,,,,8.0,8.102113101E2,2.82487665E3,0.0,0.0,0.0,0.0,0.0,2.856E3,0.0,0.0,0.0,0.5,,,,,,,,,,,,,,,,,,,,,,,,2.82487665E3
1234,L3,WIRE,WS28744,slow,0.0,,,,,,,,,,8.0,8.140773601E2,2.8287427E3,0.0,0.0,0.0,0.0,0.0,,,,,,,,,,,,,,,,,,,,,,,,,,,,,2.8287427E3
1236,L3,QUAD,Q28801,QE,0.1068,0.027559,,0.4068216897,,0.0,,,,,8.0,8.148650601E2,2.8295304E3,0.0,0.0,0.0,0.0,0.0,,,,,,,,,,11.594302714934,-10.856088684395,,,,,,,,,,,,,,,,,,2.8295304E3
1237,L3,BPM,BPM28801,10_um_res,0.0,,,,,,,,,,8.0,8.148650601E2,2.8295304E3,0.0,0.0,0.0,0.0,0.0,,,,,,,,,,,,,,,,,,,,,,,,,,,,,2.8295304E3
1240,L3,LCAV,K28_8A,10ft,3.0441,,,,,,,,,,8.0,8.164675101E2,2.83113285E3,0.0,0.0,0.0,0.0,0.0,2.856E3,0.0,0.0,0.0,0.25,,,,,,,,,,,,,,,,,,,,,,,,2.83113285E3
1241,L3,XCOR,XC28802,type-4,0.0,,,,,,,,,,8.0,8.152746601E2,2.82994E3,0.0,0.0,0.0,0.0,0.0,,,,,,,,,,,,,,,,,,,,,,,,,,,,,2.82994E3
1243,L3,YCOR,YC28803,type-4,0.0,,,,,,,,,,8.0,8.155246601E2,2.83019E3,0.0,0.0,0.0,0.0,0.0,,,,,,,,,,,,,,,,,,,,,,,,,,,,,2.83019E3
1245,L3,LCAV,K28_8B,10ft,3.0441,,,,,,,,,,8.0,8.195116101E2,2.83417695E3,0.0,0.0,0.0,0.0,0.0,2.856E3,0.0,0.0,0.0,0.25,,,,,,,,,,,,,,,,,,,,,,,,2.83417695E3
1246,L3,LCAV,K28_8C,10ft,3.0441,,,,,,,,,,8.0,8.225557101E2,2.83722105E3,0.0,0.0,0.0,0.0,0.0,2.856E3,0.0,0.0,0.0,0.25,,,,,,,,,,,,,,,,,,,,,,,,2.83722105E3
1247,L3,LCAV,K28_8D,10ft,3.0441,,,,,,,,,,8.0,8.255998101E2,2.84026515E3,0.0,0.0,0.0,0.0,0.0,2.856E3,0.0,0.0,0.0,0.25,,,,,,,,,,,,,,,,,,,,,,,,2.84026515E3
1248,L3,XCOR,XC28900,type-4,0.0,,,,,,,,,,8.0,8.264646601E2,2.84113E3,0.0,0.0,0.0,0.0,0.0,,,,,,,,,,,,,,,,,,,,,,,,,,,,,2.84113E3
1250,L3,YCOR,YC28900,type-4,0.0,,,,,,,,,,8.0,8.267146601E2,2.84138E3,0.0,0.0,0.0,0.0,0.0,,,,,,,,,,,,,,,,,,,,,,,,,,,,,2.84138E3
1253,L3,QUAD,Q28901,QE,0.1068,0.027559,,-0.3895051989,,0.0,,,,,8.0,8.274500601E2,2.8421154E3,0.0,0.0,0.0,0.0,0.0,,,,,,,,,,-11.100787640937,10.393995918481,,,,,,,,,,,,,,,,,,2.8421154E3
1254,L3,BPM,BPM28901,10_um_res,0.0,,,,,,,,,,8.0,8.274500601E2,2.8421154E3,0.0,0.0,0.0,0.0,0.0,,,,,,,,,,,,,,,,,,,,,,,,,,,,,2.8421154E3
1257,L3,COLL,C29096,,0.0,,,,,,,,,,8.0,8.278386601E2,2.842504E3,0.0,0.0,0.0,0.0,0.0,,,,,,,,,,,,,,,,,,,,,,,,0.0,0.0,,,,2.842504E3
1259,L3,INST,ST28950,PPS STOPPER,0.2032,,,,,,,,,,8.0,8.286836601E2,2.843349E3,0.0,0.0,0.0,0.0,0.0,,,,,,,,,,,,,,,,,,,,,,,,,,,,,2.843349E3
1261,L3,INST,ST28960,PPS STOPPER,0.2032,,,,,,,,,,8.0,8.291026601E2,2.843768E3,0.0,0.0,0.0,0.0,0.0,,,,,,,,,,,,,,,,,,,,,,,,,,,,,2.843768E3
1263,L3,MARK,LI28END,,,,,,,,,,,,8.0,8.301346601E2,2.8448E3,0.0,0.0,0.0,0.0,0.0,,,,,,,,,,,,,,,,,,,,,,,,,,,,,2.8448E3
1264,L3,MARK,LI29BEG,,,,,,,,,,,,8.0,8.301346601E2,2.8448E3,0.0,0.0,0.0,0.0,0.0,,,,,,,,,,,,,,,,,,,,,,,,,,,,,2.8448E3
1265,L3,MARK,ZLIN13,,,,,,,,,,,,8.0,8.301346601E2,2.8448E3,0.0,0.0,0.0,0.0,0.0,,,,,,,,,,,,,,,,,,,,,,,,,,,,,2.8448E3
1266,L3,LCAV,K29_1A,10ft,3.0441,,,,,,,,,,8.0,8.316567101E2,2.84632205E3,0.0,0.0,0.0,0.0,0.0,2.856E3,0.0,0.0,0.0,0.25,,,,,,,,,,,,,,,,,,,,,,,,2.84632205E3
1267,L3,LCAV,K29_1B,10ft,3.0441,,,,,,,,,,8.0,8.347008101E2,2.84936615E3,0.0,0.0,0.0,0.0,0.0,2.856E3,0.0,0.0,0.0,0.25,,,,,,,,,,,,,,,,,,,,,,,,2.84936615E3
1268,L3,LCAV,K29_1C,10ft,3.0441,,,,,,,,,,8.0,8.377449101E2,2.85241025E3,0.0,0.0,0.0,0.0,0.0,2.856E3,0.0,0.0,0.0,0.5,,,,,,,,,,,,,,,,,,,,,,,,2.85241025E3
1270,L3,COLL,C29146,,0.0,,,,,,,,,,8.0,8.420826601E2,2.856748E3,0.0,0.0,0.0,0.0,0.0,,,,,,,,,,,,,,,,,,,,,,,,0.0,0.0,,,,2.856748E3
1273,L3,QUAD,Q29201,QE,0.1068,0.027559,,0.3908106399,,0.0,,,,,8.0,8.423986601E2,2.857064E3,0.0,0.0,0.0,0.0,0.0,,,,,,,,,,11.137992339,-10.42883177809,,,,,,,,,,,,,,,,,,2.857064E3
1274,L3,BPM,BPM29201,10_um_res,0.0,,,,,,,,,,8.0,8.423986601E2,2.857064E3,0.0,0.0,0.0,0.0,0.0,,,,,,,,,,,,,,,,,,,,,,,,,,,,,2.857064E3
1277,L3,LCAV,K29_2A,10ft,3.0441,,,,,,,,,,8.0,8.440011101E2,2.85866645E3,0.0,0.0,0.0,0.0,0.0,2.856E3,0.0,0.0,0.0,0.25,,,,,,,,,,,,,,,,,,,,,,,,2.85866645E3
1278,L3,XCOR,XC29202,type-4,0.0,,,,,,,,,,8.0,8.428046601E2,2.85747E3,0.0,0.0,0.0,0.0,0.0,,,,,,,,,,,,,,,,,,,,,,,,,,,,,2.85747E3
1280,L3,YCOR,YC29203,type-4,0.0,,,,,,,,,,8.0,8.431574601E2,2.8578228E3,0.0,0.0,0.0,0.0,0.0,,,,,,,,,,,,,,,,,,,,,,,,,,,,,2.8578228E3
1282,L3,LCAV,K29_2B,10ft,3.0441,,,,,,,,,,8.0,8.470452101E2,2.86171055E3,0.0,0.0,0.0,0.0,0.0,2.856E3,0.0,0.0,0.0,0.25,,,,,,,,,,,,,,,,,,,,,,,,2.86171055E3
1283,L3,LCAV,K29_2C,10ft,3.0441,,,,,,,,,,8.0,8.500893101E2,2.86475465E3,0.0,0.0,0.0,0.0,0.0,2.856E3,0.0,0.0,0.0,0.25,,,,,,,,,,,,,,,,,,,,,,,,2.86475465E3
1284,L3,LCAV,K29_2D,10ft,3.0441,,,,,,,,,,8.0,8.531334101E2,2.86779875E3,0.0,0.0,0.0,0.0,0.0,2.856E3,0.0,0.0,0.0,0.25,,,,,,,,,,,,,,,,,,,,,,,,2.86779875E3
1286,L3,QUAD,Q29301,QE,0.1068,0.027559,,-0.4065098172,,0.0,,,,,8.0,8.547430601E2,2.8694084E3,0.0,0.0,0.0,0.0,0.0,,,,,,,,,,-11.585414437182,10.847766326949,,,,,,,,,,,,,,,,,,2.8694084E3
1287,L3,BPM,BPM29301,10_um_res,0.0,,,,,,,,,,8.0,8.547430601E2,2.8694084E3,0.0,0.0,0.0,0.0,0.0,,,,,,,,,,,,,,,,,,,,,,,,,,,,,2.8694084E3
1290,L3,LCAV,K29_3A,10ft,3.0441,,,,,,,,,,8.0,8.563455101E2,2.87101085E3,0.0,0.0,0.0,0.0,0.0,2.856E3,0.0,0.0,0.0,0.25,,,,,,,,,,,,,,,,,,,,,,,,2.87101085E3
1291,L3,XCOR,XC29302,type-4,0.0,,,,,,,,,,8.0,8.551546601E2,2.86982E3,0.0,0.0,0.0,0.0,0.0,,,,,,,,,,,,,,,,,,,,,,,,,,,,,2.86982E3
1293,L3,YCOR,YC29303,type-4,0.0,,,,,,,,,,8.0,8.555145601E2,2.8701799E3,0.0,0.0,0.0,0.0,0.0,,,,,,,,,,,,,,,,,,,,,,,,,,,,,2.8701799E3
1295,L3,LCAV,K29_3B,10ft,3.0441,,,,,,,,,,8.0,8.593896101E2,2.87405495E3,0.0,0.0,0.0,0.0,0.0,2.856E3,0.0,0.0,0.0,0.25,,,,,,,,,,,,,,,,,,,,,,,,2.87405495E3
1296,L3,LCAV,K29_3C,10ft,3.0441,,,,,,,,,,8.0,8.624337101E2,2.87709905E3,0.0,0.0,0.0,0.0,0.0,2.856E3,0.0,0.0,0.0,0.25,,,,,,,,,,,,,,,,,,,,,,,,2.87709905E3
1297,L3,LCAV,K29_3D,10ft,3.0441,,,,,,,,,,8.0,8.654778101E2,2.88014315E3,0.0,0.0,0.0,0.0,0.0,2.856E3,0.0,0.0,0.0,0.25,,,,,,,,,,,,,,,,,,,,,,,,2.88014315E3
1299,L3,QUAD,Q29401,QE,0.1068,0.027559,,0.3957989338,,0.0,,,,,8.0,8.670874601E2,2.8817528E3,0.0,0.0,0.0,0.0,0.0,,,,,,,,,,11.280157299649,-10.561945037125,,,,,,,,,,,,,,,,,,2.8817528E3
1300,L3,BPM,BPM29401,10_um_res,0.0,,,,,,,,,,8.0,8.670874601E2,2.8817528E3,0.0,0.0,0.0,0.0,0.0,,,,,,,,,,,,,,,,,,,,,,,,,,,,,2.8817528E3
1303,L3,LCAV,K29_4A,10ft,3.0441,,,,,,,,,,8.0,8.686899101E2,2.88335525E3,0.0,0.0,0.0,0.0,0.0,2.856E3,0.0,0.0,0.0,0.25,,,,,,,,,,,,,,,,,,,,,,,,2.88335525E3
1304,L3,XCOR,XC29402,type-4,0.0,,,,,,,,,,8.0,8.674946601E2,2.88216E3,0.0,0.0,0.0,0.0,0.0,,,,,,,,,,,,,,,,,,,,,,,,,,,,,2.88216E3
1306,L3,YCOR,YC29403,type-4,0.0,,,,,,,,,,8.0,8.677446601E2,2.88241E3,0.0,0.0,0.0,0.0,0.0,,,,,,,,,,,,,,,,,,,,,,,,,,,,,2.88241E3
1308,L3,LCAV,K29_4B,10ft,3.0441,,,,,,,,,,8.0,8.717340101E2,2.88639935E3,0.0,0.0,0.0,0.0,0.0,2.856E3,0.0,0.0,0.0,0.25,,,,,,,,,,,,,,,,,,,,,,,,2.88639935E3
1309,L3,LCAV,K29_4C,10ft,3.0441,,,,,,,,,,8.0,8.747781101E2,2.88944345E3,0.0,0.0,0.0,0.0,0.0,2.856E3,0.0,0.0,0.0,0.5,,,,,,,,,,,,,,,,,,,,,,,,2.88944345E3
1311,L3,COLL,C29446,,0.0,,,,,,,,,,8.0,8.791160601E2,2.8937814E3,0.0,0.0,0.0,0.0,0.0,,,,,,,,,,,,,,,,,,,,,,,,0.0,0.0,,,,2.8937814E3
1314,L3,QUAD,Q29501,QE,0.1068,0.027559,,-0.3956492863,,0.0,,,,,8.0,8.794318601E2,2.8940972E3,0.0,0.0,0.0,0.0,0.0,,,,,,,,,,-11.275892388364,10.557951674498,,,,,,,,,,,,,,,,,,2.8940972E3
1315,L3,BPM,BPM29501,10_um_res,0.0,,,,,,,,,,8.0,8.794318601E2,2.8940972E3,0.0,0.0,0.0,0.0,0.0,,,,,,,,,,,,,,,,,,,,,,,,,,,,,2.8940972E3
1318,L3,LCAV,K29_5A,10ft,3.0441,,,,,,,,,,8.0,8.810343101E2,2.89569965E3,0.0,0.0,0.0,0.0,0.0,2.856E3,0.0,0.0,0.0,0.25,,,,,,,,,,,,,,,,,,,,,,,,2.89569965E3
1319,L3,XCOR,XC29502,type-4,0.0,,,,,,,,,,8.0,8.798922601E2,2.8945576E3,0.0,0.0,0.0,0.0,0.0,,,,,,,,,,,,,,,,,,,,,,,,,,,,,2.8945576E3
1321,L3,YCOR,YC29503,type-4,0.0,,,,,,,,,,8.0,8.801684601E2,2.8948338E3,0.0,0.0,0.0,0.0,0.0,,,,,,,,,,,,,,,,,,,,,,,,,,,,,2.8948338E3
1323,L3,LCAV,K29_5B,10ft,3.0441,,,,,,,,,,8.0,8.840784101E2,2.89874375E3,0.0,0.0,0.0,0.0,0.0,2.856E3,0.0,0.0,0.0,0.25,,,,,,,,,,,,,,,,,,,,,,,,2.89874375E3
1324,L3,LCAV,K29_5C,10ft,3.0441,,,,,,,,,,8.0,8.871225101E2,2.90178785E3,0.0,0.0,0.0,0.0,0.0,2.856E3,0.0,0.0,0.0,0.5,,,,,,,,,,,,,,,,,,,,,,,,2.90178785E3
1326,L3,COLL,C29546,,0.0,,,,,,,,,,8.0,8.914606601E2,2.906126E3,0.0,0.0,0.0,0.0,0.0,,,,,,,,,,,,,,,,,,,,,,,,0.0,0.0,,,,2.906126E3
1329,L3,QUAD,Q29601,QE,0.1068,0.027559,,0.3957989338,,0.0,,,,,8.0,8.917762601E2,2.9064416E3,0.0,0.0,0.0,0.0,0.0,,,,,,,,,,11.280157299649,-10.561945037125,,,,,,,,,,,,,,,,,,2.9064416E3
1330,L3,BPM,BPM29601,10_um_res,0.0,,,,,,,,,,8.0,8.917762601E2,2.9064416E3,0.0,0.0,0.0,0.0,0.0,,,,,,,,,,,,,,,,,,,,,,,,,,,,,2.9064416E3
1333,L3,LCAV,K29_6A,10ft,3.0441,,,,,,,,,,8.0,8.933787101E2,2.90804405E3,0.0,0.0,0.0,0.0,0.0,2.856E3,0.0,0.0,0.0,0.25,,,,,,,,,,,,,,,,,,,,,,,,2.90804405E3
1334,L3,XCOR,XC29602,type-5,0.0,,,,,,,,,,8.0,8.923064601E2,2.9069718E3,0.0,0.0,0.0,0.0,0.0,,,,,,,,,,,,,,,,,,,,,,,,,,,,,2.9069718E3
1336,L3,YCOR,YC29603,type-5,0.0,,,,,,,,,,8.0,8.926779601E2,2.9073433E3,0.0,0.0,0.0,0.0,0.0,,,,,,,,,,,,,,,,,,,,,,,,,,,,,2.9073433E3
1338,L3,LCAV,K29_6B,10ft,3.0441,,,,,,,,,,8.0,8.964228101E2,2.91108815E3,0.0,0.0,0.0,0.0,0.0,2.856E3,0.0,0.0,0.0,0.25,,,,,,,,,,,,,,,,,,,,,,,,2.91108815E3
1339,L3,LCAV,K29_6C,10ft,3.0441,,,,,,,,,,8.0,8.994669101E2,2.91413225E3,0.0,0.0,0.0,0.0,0.0,2.856E3,0.0,0.0,0.0,0.25,,,,,,,,,,,,,,,,,,,,,,,,2.91413225E3
1340,L3,LCAV,K29_6D,10ft,3.0441,,,,,,,,,,8.0,9.025110101E2,2.91717635E3,0.0,0.0,0.0,0.0,0.0,2.856E3,0.0,0.0,0.0,0.25,,,,,,,,,,,,,,,,,,,,,,,,2.91717635E3
1342,L3,QUAD,Q29701,QE,0.1068,0.027559,,-0.3956492863,,0.0,,,,,8.0,9.041206601E2,2.918786E3,0.0,0.0,0.0,0.0,0.0,,,,,,,,,,-11.275892388364,10.557951674498,,,,,,,,,,,,,,,,,,2.918786E3
1343,L3,BPM,BPM29701,10_um_res,0.0,,,,,,,,,,8.0,9.041206601E2,2.918786E3,0.0,0.0,0.0,0.0,0.0,,,,,,,,,,,,,,,,,,,,,,,,,,,,,2.918786E3
1346,L3,LCAV,K29_7A,10ft,3.0441,,,,,,,,,,8.0,9.057231101E2,2.92038845E3,0.0,0.0,0.0,0.0,0.0,2.856E3,0.0,0.0,0.0,0.25,,,,,,,,,,,,,,,,,,,,,,,,2.92038845E3
1347,L3,XCOR,XC29702,type-5,0.0,,,,,,,,,,8.0,9.045346601E2,2.9192E3,0.0,0.0,0.0,0.0,0.0,,,,,,,,,,,,,,,,,,,,,,,,,,,,,2.9192E3
1349,L3,YCOR,YC29703,type-5,0.0,,,,,,,,,,8.0,9.049334601E2,2.9195988E3,0.0,0.0,0.0,0.0,0.0,,,,,,,,,,,,,,,,,,,,,,,,,,,,,2.9195988E3
1351,L3,LCAV,K29_7B,10ft,3.0441,,,,,,,,,,8.0,9.087672101E2,2.92343255E3,0.0,0.0,0.0,0.0,0.0,2.856E3,0.0,0.0,0.0,0.25,,,,,,,,,,,,,,,,,,,,,,,,2.92343255E3
1352,L3,LCAV,K29_7C,10ft,3.0441,,,,,,,,,,8.0,9.118113101E2,2.92647665E3,0.0,0.0,0.0,0.0,0.0,2.856E3,0.0,0.0,0.0,0.25,,,,,,,,,,,,,,,,,,,,,,,,2.92647665E3
1353,L3,LCAV,K29_7D,9.4ft,2.8692,,,,,,,,,,8.0,9.147679601E2,2.9294333E3,0.0,0.0,0.0,0.0,0.0,2.856E3,0.0,0.0,0.0,0.25,,,,,,,,,,,,,,,,,,,,,,,,2.9294333E3
1355,L3,MARK,PK297,,,,,,,,,,,,8.0,9.162836601E2,2.930949E3,0.0,0.0,0.0,0.0,0.0,,,,,,,,,,,,,,,,,,,,,,,,,,,,,2.930949E3
1357,L3,QUAD,Q29801,QE,0.1068,0.027559,,0.406747755,,0.0,,,,,8.0,9.164650601E2,2.9311304E3,0.0,0.0,0.0,0.0,0.0,,,,,,,,,,11.592195596964,-10.854115727494,,,,,,,,,,,,,,,,,,2.9311304E3
1358,L3,BPM,BPM29801,10_um_res,0.0,,,,,,,,,,8.0,9.164650601E2,2.9311304E3,0.0,0.0,0.0,0.0,0.0,,,,,,,,,,,,,,,,,,,,,,,,,,,,,2.9311304E3
1361,L3,LCAV,K29_8A,10ft,3.0441,,,,,,,,,,8.0,9.180675101E2,2.93273285E3,0.0,0.0,0.0,0.0,0.0,2.856E3,0.0,0.0,0.0,0.25,,,,,,,,,,,,,,,,,,,,,,,,2.93273285E3
1362,L3,XCOR,XC29802,type-4,0.0,,,,,,,,,,8.0,9.169350601E2,2.9316004E3,0.0,0.0,0.0,0.0,0.0,,,,,,,,,,,,,,,,,,,,,,,,,,,,,2.9316004E3
1364,L3,YCOR,YC29803,type-4,0.0,,,,,,,,,,8.0,9.172140601E2,2.9318794E3,0.0,0.0,0.0,0.0,0.0,,,,,,,,,,,,,,,,,,,,,,,,,,,,,2.9318794E3
1366,L3,LCAV,K29_8B,10ft,3.0441,,,,,,,,,,8.0,9.211116101E2,2.93577695E3,0.0,0.0,0.0,0.0,0.0,2.856E3,0.0,0.0,0.0,0.25,,,,,,,,,,,,,,,,,,,,,,,,2.93577695E3
1367,L3,LCAV,K29_8C,10ft,3.0441,,,,,,,,,,8.0,9.241557101E2,2.93882105E3,0.0,0.0,0.0,0.0,0.0,2.856E3,0.0,0.0,0.0,0.25,,,,,,,,,,,,,,,,,,,,,,,,2.93882105E3
1368,L3,LCAV,K29_8D,10ft,3.0441,,,,,,,,,,8.0,9.271998101E2,2.94186515E3,0.0,0.0,0.0,0.0,0.0,2.856E3,0.0,0.0,0.0,0.25,,,,,,,,,,,,,,,,,,,,,,,,2.94186515E3
1369,L3,XCOR,XC29900,type-4,0.0,,,,,,,,,,8.0,9.281335601E2,2.9427989E3,0.0,0.0,0.0,0.0,0.0,,,,,,,,,,,,,,,,,,,,,,,,,,,,,2.9427989E3
1371,L3,YCOR,YC29900,type-4,0.0,,,,,,,,,,8.0,9.284135601E2,2.9430789E3,0.0,0.0,0.0,0.0,0.0,,,,,,,,,,,,,,,,,,,,,,,,,,,,,2.9430789E3
1374,L3,QUAD,Q29901,QE,0.1068,0.027559,,-0.3893742522,,0.0,,,,,8.0,9.291285601E2,2.9437939E3,0.0,0.0,0.0,0.0,0.0,,,,,,,,,,-11.097055697145,10.390501589087,,,,,,,,,,,,,,,,,,2.9437939E3
1375,L3,BPM,BPM29901,10_um_res,0.0,,,,,,,,,,8.0,9.291285601E2,2.9437939E3,0.0,0.0,0.0,0.0,0.0,,,,,,,,,,,,,,,,,,,,,,,,,,,,,2.9437939E3
1378,L3,PROF,P30013,PHOSPHOR,0.0,,,,,,,,,,8.0,9.294346601E2,2.9441E3,0.0,0.0,0.0,0.0,0.0,,,,,,,,,,,,,,,,,,,,,,,,,,,,,2.9441E3
1380,L3,PROF,P30014,PHOSPHOR,0.0,,,,,,,,,,8.0,9.296376601E2,2.944303E3,0.0,0.0,0.0,0.0,0.0,,,,,,,,,,,,,,,,,,,,,,,,,,,,,2.944303E3
1382,L3,COLL,C29956,,0.0,,,,,,,,,,8.0,9.305526601E2,2.945218E3,0.0,0.0,0.0,0.0,0.0,,,,,,,,,,,,,,,,,,,,,,,,0.0,0.0,,,,2.945218E3
1384,L3,MARK,PK299,,,,,,,,,,,,8.0,9.308246601E2,2.94549E3,0.0,0.0,0.0,0.0,0.0,,,,,,,,,,,,,,,,,,,,,,,,,,,,,2.94549E3
1386,L3,MARK,LI29END,,,,,,,,,,,,8.0,9.317346601E2,2.9464E3,0.0,0.0,0.0,0.0,0.0,,,,,,,,,,,,,,,,,,,,,,,,,,,,,2.9464E3
1387,L3,MARK,LI30BEG,,,,,,,,,,,,8.0,9.317346601E2,2.9464E3,0.0,0.0,0.0,0.0,0.0,,,,,,,,,,,,,,,,,,,,,,,,,,,,,2.9464E3
1388,L3,MARK,ZLIN14,,,,,,,,,,,,8.0,9.317346601E2,2.9464E3,0.0,0.0,0.0,0.0,0.0,,,,,,,,,,,,,,,,,,,,,,,,,,,,,2.9464E3
1389,L3,LCAV,K30_1A,10ft,3.0441,,,,,,,,,,8.0,9.332567101E2,2.94792205E3,0.0,0.0,0.0,0.0,0.0,2.856E3,0.0,0.0,0.0,0.25,,,,,,,,,,,,,,,,,,,,,,,,2.94792205E3
1390,L3,LCAV,K30_1B,10ft,3.0441,,,,,,,,,,8.0,9.363008101E2,2.95096615E3,0.0,0.0,0.0,0.0,0.0,2.856E3,0.0,0.0,0.0,0.25,,,,,,,,,,,,,,,,,,,,,,,,2.95096615E3
1391,L3,LCAV,K30_1C,10ft,3.0441,,,,,,,,,,8.0,9.393449101E2,2.95401025E3,0.0,0.0,0.0,0.0,0.0,2.856E3,0.0,0.0,0.0,0.25,,,,,,,,,,,,,,,,,,,,,,,,2.95401025E3
1392,L3,LCAV,K30_1D,7.1ft,2.1694,,,,,,,,,,8.0,9.419516601E2,2.956617E3,0.0,0.0,0.0,0.0,0.0,2.856E3,0.0,0.0,0.0,0.25,,,,,,,,,,,,,,,,,,,,,,,,2.956617E3
1394,L3,PROF,P30143,PHOSPHOR,0.0,,,,,,,,,,8.0,9.431696601E2,2.957835E3,0.0,0.0,0.0,0.0,0.0,,,,,,,,,,,,,,,,,,,,,,,,,,,,,2.957835E3
1396,L3,PROF,P30144,PHOSPHOR,0.0,,,,,,,,,,8.0,9.433726601E2,2.958038E3,0.0,0.0,0.0,0.0,0.0,,,,,,,,,,,,,,,,,,,,,,,,,,,,,2.958038E3
1398,L3,COLL,C30146,,0.0,,,,,,,,,,8.0,9.435876601E2,2.958253E3,0.0,0.0,0.0,0.0,0.0,,,,,,,,,,,,,,,,,,,,,,,,0.0,0.0,,,,2.958253E3
1400,L3,QUAD,Q30201,QE,0.1068,0.027559,,0.3905400484,,0.0,,,,,8.0,9.439986601E2,2.958664E3,0.0,0.0,0.0,0.0,0.0,,,,,,,,,,11.130280558034,-10.421611009395,,,,,,,,,,,,,,,,,,2.958664E3
1401,L3,BPM,BPM30201,10_um_res,0.0,,,,,,,,,,8.0,9.439986601E2,2.958664E3,0.0,0.0,0.0,0.0,0.0,,,,,,,,,,,,,,,,,,,,,,,,,,,,,2.958664E3
1404,L3,LCAV,K30_2A,10ft,3.0441,,,,,,,,,,8.0,9.456011101E2,2.96026645E3,0.0,0.0,0.0,0.0,0.0,2.856E3,0.0,0.0,0.0,0.25,,,,,,,,,,,,,,,,,,,,,,,,2.96026645E3
1405,L3,XCOR,XC30202,type-5,0.0,,,,,,,,,,8.0,9.445796601E2,2.959245E3,0.0,0.0,0.0,0.0,0.0,,,,,,,,,,,,,,,,,,,,,,,,,,,,,2.959245E3
1407,L3,YCOR,YC30203,type-5,0.0,,,,,,,,,,8.0,9.449098601E2,2.9595752E3,0.0,0.0,0.0,0.0,0.0,,,,,,,,,,,,,,,,,,,,,,,,,,,,,2.9595752E3
1409,L3,LCAV,K30_2B,10ft,3.0441,,,,,,,,,,8.0,9.486452101E2,2.96331055E3,0.0,0.0,0.0,0.0,0.0,2.856E3,0.0,0.0,0.0,0.25,,,,,,,,,,,,,,,,,,,,,,,,2.96331055E3
1410,L3,LCAV,K30_2C,10ft,3.0441,,,,,,,,,,8.0,9.516893101E2,2.96635465E3,0.0,0.0,0.0,0.0,0.0,2.856E3,0.0,0.0,0.0,0.25,,,,,,,,,,,,,,,,,,,,,,,,2.96635465E3
1411,L3,LCAV,K30_2D,10ft,3.0441,,,,,,,,,,8.0,9.547334101E2,2.96939875E3,0.0,0.0,0.0,0.0,0.0,2.856E3,0.0,0.0,0.0,0.25,,,,,,,,,,,,,,,,,,,,,,,,2.96939875E3
1413,L3,QUAD,Q30301,QE,0.1068,0.027559,,-0.4062204598,,0.0,,,,,8.0,9.563430601E2,2.9710084E3,0.0,0.0,0.0,0.0,0.0,,,,,,,,,,-11.577167833391,10.840044787819,,,,,,,,,,,,,,,,,,2.9710084E3
1414,L3,BPM,BPM30301,10_um_res,0.0,,,,,,,,,,8.0,9.563430601E2,2.9710084E3,0.0,0.0,0.0,0.0,0.0,,,,,,,,,,,,,,,,,,,,,,,,,,,,,2.9710084E3
1417,L3,LCAV,K30_3A,10ft,3.0441,,,,,,,,,,8.0,9.579455101E2,2.97261085E3,0.0,0.0,0.0,0.0,0.0,2.856E3,0.0,0.0,0.0,0.25,,,,,,,,,,,,,,,,,,,,,,,,2.97261085E3
1418,L3,XCOR,XC30302,type-5,0.0,,,,,,,,,,8.0,9.568220601E2,2.9714874E3,0.0,0.0,0.0,0.0,0.0,,,,,,,,,,,,,,,,,,,,,,,,,,,,,2.9714874E3
1420,L3,YCOR,YC30303,type-5,0.0,,,,,,,,,,8.0,9.571520601E2,2.9718174E3,0.0,0.0,0.0,0.0,0.0,,,,,,,,,,,,,,,,,,,,,,,,,,,,,2.9718174E3
1422,L3,LCAV,K30_3B,10ft,3.0441,,,,,,,,,,8.0,9.609896101E2,2.97565495E3,0.0,0.0,0.0,0.0,0.0,2.856E3,0.0,0.0,0.0,0.25,,,,,,,,,,,,,,,,,,,,,,,,2.97565495E3
1423,L3,LCAV,K30_3C,10ft,3.0441,,,,,,,,,,8.0,9.640337101E2,2.97869905E3,0.0,0.0,0.0,0.0,0.0,2.856E3,0.0,0.0,0.0,0.25,,,,,,,,,,,,,,,,,,,,,,,,2.97869905E3
1424,L3,LCAV,K30_3D,7.1ft,2.1694,,,,,,,,,,8.0,9.666404601E2,2.9813058E3,0.0,0.0,0.0,0.0,0.0,2.856E3,0.0,0.0,0.0,0.25,,,,,,,,,,,,,,,,,,,,,,,,2.9813058E3
1426,L3,MARK,PK303,,,,,,,,,,,,8.0,9.685016601E2,2.983167E3,0.0,0.0,0.0,0.0,0.0,,,,,,,,,,,,,,,,,,,,,,,,,,,,,2.983167E3
1428,L3,QUAD,Q30401,QE,0.1068,0.027559,,0.3957989338,,0.0,,,,,8.0,9.686874601E2,2.9833528E3,0.0,0.0,0.0,0.0,0.0,,,,,,,,,,11.280157299649,-10.561945037125,,,,,,,,,,,,,,,,,,2.9833528E3
1429,L3,BPM,BPM30401,10_um_res,0.0,,,,,,,,,,8.0,9.686874601E2,2.9833528E3,0.0,0.0,0.0,0.0,0.0,,,,,,,,,,,,,,,,,,,,,,,,,,,,,2.9833528E3
1432,L3,LCAV,K30_4A,10ft,3.0441,,,,,,,,,,8.0,9.702899101E2,2.98495525E3,0.0,0.0,0.0,0.0,0.0,2.856E3,0.0,0.0,0.0,0.25,,,,,,,,,,,,,,,,,,,,,,,,2.98495525E3
1433,L3,XCOR,XC30402,type-4,0.0,,,,,,,,,,8.0,9.691534601E2,2.9838188E3,0.0,0.0,0.0,0.0,0.0,,,,,,,,,,,,,,,,,,,,,,,,,,,,,2.9838188E3
1435,L3,YCOR,YC30403,type-4,0.0,,,,,,,,,,8.0,9.694324601E2,2.9840978E3,0.0,0.0,0.0,0.0,0.0,,,,,,,,,,,,,,,,,,,,,,,,,,,,,2.9840978E3
1437,L3,LCAV,K30_4B,10ft,3.0441,,,,,,,,,,8.0,9.733340101E2,2.98799935E3,0.0,0.0,0.0,0.0,0.0,2.856E3,0.0,0.0,0.0,0.25,,,,,,,,,,,,,,,,,,,,,,,,2.98799935E3
1438,L3,LCAV,K30_4C,10ft,3.0441,,,,,,,,,,8.0,9.763781101E2,2.99104345E3,0.0,0.0,0.0,0.0,0.0,2.856E3,0.0,0.0,0.0,0.25,,,,,,,,,,,,,,,,,,,,,,,,2.99104345E3
1439,L3,LCAV,K30_4D,7.1ft,2.1694,,,,,,,,,,8.0,9.789848601E2,2.9936502E3,0.0,0.0,0.0,0.0,0.0,2.856E3,0.0,0.0,0.0,0.25,,,,,,,,,,,,,,,,,,,,,,,,2.9936502E3
1441,L3,PROF,P30443,PHOSPHOR,0.0,,,,,,,,,,8.0,9.801996601E2,2.994865E3,0.0,0.0,0.0,0.0,0.0,,,,,,,,,,,,,,,,,,,,,,,,,,,,,2.994865E3
1443,L3,PROF,P30444,PHOSPHOR,0.0,,,,,,,,,,8.0,9.804026601E2,2.995068E3,0.0,0.0,0.0,0.0,0.0,,,,,,,,,,,,,,,,,,,,,,,,,,,,,2.995068E3
1445,L3,COLL,C30446,,0.0,,,,,,,,,,8.0,9.806086601E2,2.995274E3,0.0,0.0,0.0,0.0,0.0,,,,,,,,,,,,,,,,,,,,,,,,0.0,0.0,,,,2.995274E3
1447,L3,MARK,PK304,,,,,,,,,,,,8.0,9.808456601E2,2.995511E3,0.0,0.0,0.0,0.0,0.0,,,,,,,,,,,,,,,,,,,,,,,,,,,,,2.995511E3
1449,L3,QUAD,Q30501,QE,0.1068,0.027559,,-0.3956492863,,0.0,,,,,8.0,9.810318601E2,2.9956972E3,0.0,0.0,0.0,0.0,0.0,,,,,,,,,,-11.275892388364,10.557951674498,,,,,,,,,,,,,,,,,,2.9956972E3
1450,L3,BPM,BPM30501,10_um_res,0.0,,,,,,,,,,8.0,9.810318601E2,2.9956972E3,0.0,0.0,0.0,0.0,0.0,,,,,,,,,,,,,,,,,,,,,,,,,,,,,2.9956972E3
1453,L3,LCAV,K30_5A,10ft,3.0441,,,,,,,,,,8.0,9.826343101E2,2.99729965E3,0.0,0.0,0.0,0.0,0.0,2.856E3,0.0,0.0,0.0,0.25,,,,,,,,,,,,,,,,,,,,,,,,2.99729965E3
1454,L3,XCOR,XC30502,type-4,0.0,,,,,,,,,,8.0,9.814848601E2,2.9961502E3,0.0,0.0,0.0,0.0,0.0,,,,,,,,,,,,,,,,,,,,,,,,,,,,,2.9961502E3
1456,L3,YCOR,YC30503,type-4,0.0,,,,,,,,,,8.0,9.817768601E2,2.9964422E3,0.0,0.0,0.0,0.0,0.0,,,,,,,,,,,,,,,,,,,,,,,,,,,,,2.9964422E3
1458,L3,LCAV,K30_5B,10ft,3.0441,,,,,,,,,,8.0,9.856784101E2,3.00034375E3,0.0,0.0,0.0,0.0,0.0,2.856E3,0.0,0.0,0.0,0.25,,,,,,,,,,,,,,,,,,,,,,,,3.00034375E3
1459,L3,LCAV,K30_5C,10ft,3.0441,,,,,,,,,,8.0,9.887225101E2,3.00338785E3,0.0,0.0,0.0,0.0,0.0,2.856E3,0.0,0.0,0.0,0.25,,,,,,,,,,,,,,,,,,,,,,,,3.00338785E3
1460,L3,LCAV,K30_5D,7.1ft,2.1694,,,,,,,,,,8.0,9.913292601E2,3.0059946E3,0.0,0.0,0.0,0.0,0.0,2.856E3,0.0,0.0,0.0,0.25,,,,,,,,,,,,,,,,,,,,,,,,3.0059946E3
1462,L3,PROF,P30543,PHOSPHOR,0.0,,,,,,,,,,8.0,9.925456601E2,3.007211E3,0.0,0.0,0.0,0.0,0.0,,,,,,,,,,,,,,,,,,,,,,,,,,,,,3.007211E3
1464,L3,PROF,P30544,PHOSPHOR,0.0,,,,,,,,,,8.0,9.927566601E2,3.007422E3,0.0,0.0,0.0,0.0,0.0,,,,,,,,,,,,,,,,,,,,,,,,,,,,,3.007422E3
1466,L3,COLL,C30546,,0.0,,,,,,,,,,8.0,9.929676601E2,3.007633E3,0.0,0.0,0.0,0.0,0.0,,,,,,,,,,,,,,,,,,,,,,,,0.0,0.0,,,,3.007633E3
1468,L3,QUAD,Q30601,QE,0.1068,0.027559,,0.3957989338,,0.0,,,,,8.0,9.931746601E2,3.00784E3,0.0,0.0,0.0,0.0,0.0,,,,,,,,,,11.280157299649,-10.561945037125,,,,,,,,,,,,,,,,,,3.00784E3
1469,L3,BPM,BPM30601,10_um_res,0.0,,,,,,,,,,8.0,9.931746601E2,3.00784E3,0.0,0.0,0.0,0.0,0.0,,,,,,,,,,,,,,,,,,,,,,,,,,,,,3.00784E3
1472,L3,LCAV,K30_6A,10ft,3.0441,,,,,,,,,,8.0,9.949787101E2,3.00964405E3,0.0,0.0,0.0,0.0,0.0,2.856E3,0.0,0.0,0.0,0.25,,,,,,,,,,,,,,,,,,,,,,,,3.00964405E3
1473,L3,XCOR,XC30602,type-5,0.0,,,,,,,,,,8.0,9.938506601E2,3.008516E3,0.0,0.0,0.0,0.0,0.0,,,,,,,,,,,,,,,,,,,,,,,,,,,,,3.008516E3
1475,L3,MARK,Q30615A,QW,,,,,,,,,,,8.0,9.942436601E2,3.008909E3,0.0,0.0,0.0,0.0,0.0,,,,,,,,,,,,,,,,,,,,,,,,,,,,,3.008909E3
1477,L3,YCOR,YC30603,type-5,0.0,,,,,,,,,,8.0,9.946506601E2,3.009316E3,0.0,0.0,0.0,0.0,0.0,,,,,,,,,,,,,,,,,,,,,,,,,,,,,3.009316E3
1479,L3,MARK,Q30615B,QW,,,,,,,,,,,8.0,9.956316601E2,3.010297E3,0.0,0.0,0.0,0.0,0.0,,,,,,,,,,,,,,,,,,,,,,,,,,,,,3.010297E3
1481,L3,MARK,Q30615C,QW,,,,,,,,,,,8.0,9.959866601E2,3.010652E3,0.0,0.0,0.0,0.0,0.0,,,,,,,,,,,,,,,,,,,,,,,,,,,,,3.010652E3
1483,L3,LCAV,K30_6B,10ft,3.0441,,,,,,,,,,8.0,9.980228101E2,3.01268815E3,0.0,0.0,0.0,0.0,0.0,2.856E3,0.0,0.0,0.0,0.25,,,,,,,,,,,,,,,,,,,,,,,,3.01268815E3
1484,L3,LCAV,K30_6C,10ft,3.0441,,,,,,,,,,8.0,1.00106691005E3,3.01573225E3,0.0,0.0,0.0,0.0,0.0,2.856E3,0.0,0.0,0.0,0.25,,,,,,,,,,,,,,,,,,,,,,,,3.01573225E3
1485,L3,LCAV,K30_6D,9.4ft,2.8692,,,,,,,,,,8.0,1.00402356E3,3.0186889E3,0.0,0.0,0.0,0.0,0.0,2.856E3,0.0,0.0,0.0,0.25,,,,,,,,,,,,,,,,,,,,,,,,3.0186889E3
1487,L3,QUAD,Q30701,QE,0.1068,0.027559,,-0.3962310183,,0.0,,,,,8.0,1.00553466E3,3.0202E3,0.0,0.0,0.0,0.0,0.0,,,,,,,,,,-11.292471585289,10.573475267125,,,,,,,,,,,,,,,,,,3.0202E3
1488,L3,BPM,BPM30701,10_um_res,0.0,,,,,,,,,,8.0,1.00553466E3,3.0202E3,0.0,0.0,0.0,0.0,0.0,,,,,,,,,,,,,,,,,,,,,,,,,,,,,3.0202E3
1491,L3,LCAV,K30_7A,10ft,3.0441,,,,,,,,,,8.0,1.00732311E3,3.02198845E3,0.0,0.0,0.0,0.0,0.0,2.856E3,0.0,0.0,0.0,0.25,,,,,,,,,,,,,,,,,,,,,,,,3.02198845E3
1492,L3,XCOR,XC30702,type-5,0.0,,,,,,,,,,8.0,1.00618236E3,3.0208477E3,0.0,0.0,0.0,0.0,0.0,,,,,,,,,,,,,,,,,,,,,,,,,,,,,3.0208477E3
1494,L3,MARK,Q30715A,QW,,,,,,,,,,,8.0,1.00661406E3,3.0212794E3,0.0,0.0,0.0,0.0,0.0,,,,,,,,,,,,,,,,,,,,,,,,,,,,,3.0212794E3
1496,L3,YCOR,YC30703,type-5,0.0,,,,,,,,,,8.0,1.00698806E3,3.0216534E3,0.0,0.0,0.0,0.0,0.0,,,,,,,,,,,,,,,,,,,,,,,,,,,,,3.0216534E3
1498,L3,MARK,Q30715B,QW,,,,,,,,,,,8.0,1.00797906E3,3.0226444E3,0.0,0.0,0.0,0.0,0.0,,,,,,,,,,,,,,,,,,,,,,,,,,,,,3.0226444E3
1500,L3,MARK,Q30715C,QW,,,,,,,,,,,8.0,1.00833806E3,3.0230034E3,0.0,0.0,0.0,0.0,0.0,,,,,,,,,,,,,,,,,,,,,,,,,,,,,3.0230034E3
1502,L3,LCAV,K30_7B,10ft,3.0441,,,,,,,,,,8.0,1.01036721E3,3.02503255E3,0.0,0.0,0.0,0.0,0.0,2.856E3,0.0,0.0,0.0,0.25,,,,,,,,,,,,,,,,,,,,,,,,3.02503255E3
1503,L3,LCAV,K30_7C,10ft,3.0441,,,,,,,,,,8.0,1.01341131E3,3.02807665E3,0.0,0.0,0.0,0.0,0.0,2.856E3,0.0,0.0,0.0,0.25,,,,,,,,,,,,,,,,,,,,,,,,3.02807665E3
1504,L3,LCAV,K30_7D,9.4ft,2.8692,,,,,,,,,,8.0,1.01636796E3,3.0310333E3,0.0,0.0,0.0,0.0,0.0,2.856E3,0.0,0.0,0.0,0.25,,,,,,,,,,,,,,,,,,,,,,,,3.0310333E3
1506,L3,QUAD,Q30801,QE,0.1068,0.027559,,0.4805921725,,0.0,,,,,8.0,1.01786466E3,3.03253E3,0.0,0.0,0.0,0.0,0.0,,,,,,,,,,13.696740541296,-12.82466342818,,,,,,,,,,,,,,,,,,3.03253E3
1507,L3,BPM,BPM30801,10_um_res,0.0,,,,,,,,,,8.0,1.01786466E3,3.03253E3,0.0,0.0,0.0,0.0,0.0,,,,,,,,,,,,,,,,,,,,,,,,,,,,,3.03253E3
1510,L3,LCAV,K30_8A,10ft,3.0441,,,,,,,,,,8.0,1.01966751E3,3.03433285E3,0.0,0.0,0.0,0.0,0.0,2.856E3,0.0,0.0,0.0,0.25,,,,,,,,,,,,,,,,,,,,,,,,3.03433285E3
1511,L3,XCOR,XC30802,type-5,0.0,,,,,,,,,,8.0,1.01853136E3,3.0331967E3,0.0,0.0,0.0,0.0,0.0,,,,,,,,,,,,,,,,,,,,,,,,,,,,,3.0331967E3
1513,L3,YCOR,YC30803,type-5,0.0,,,,,,,,,,8.0,1.01891236E3,3.0335777E3,0.0,0.0,0.0,0.0,0.0,,,,,,,,,,,,,,,,,,,,,,,,,,,,,3.0335777E3
1515,L3,LCAV,K30_8B,10ft,3.0441,,,,,,,,,,8.0,1.02271161E3,3.03737695E3,0.0,0.0,0.0,0.0,0.0,2.856E3,0.0,0.0,0.0,0.25,,,,,,,,,,,,,,,,,,,,,,,,3.03737695E3
1516,L3,LCAV,K30_8C,10ft,3.0441,,,,,,,,,,8.0,1.02575571E3,3.04042105E3,0.0,0.0,0.0,0.0,0.0,2.856E3,0.0,0.0,0.0,0.5,,,,,,,,,,,,,,,,,,,,,,,,3.04042105E3
1517,L3,YCOR,YC30900,type-5,0.0,,,,,,,,,,8.0,1.02499566E3,3.039661E3,0.0,0.0,0.0,0.0,0.0,,,,,,,,,,,,,,,,,,,,,,,,,,,,,3.039661E3
1519,L3,XCOR,XC30900,type-5,0.0,,,,,,,,,,8.0,1.02646256E3,3.0411279E3,0.0,0.0,0.0,0.0,0.0,,,,,,,,,,,,,,,,,,,,,,,,,,,,,3.0411279E3
1522,L3,MARK,LI30TERM,,,,,,,,,,,,8.0,1.02733966E3,3.042005E3,0.0,0.0,0.0,0.0,0.0,,,,,,,,,,,,,,,,,,,,,,,,,,,,,3.042005E3
1523,L3,MARK,DBMARK29,,,,,,,,,,,,8.0,1.02733966E3,3.042005E3,0.0,0.0,0.0,0.0,0.0,,,,,,,,,,,,,,,,,,,,,,,,,,,,,3.042005E3
1524,L3,INST,ENDL3,,,,,,,,,,,,8.0,1.02733966E3,3.042005E3,0.0,0.0,0.0,0.0,0.0,,,,,,,,,,,,,,,,,,,,,,,,,,,,,3.042005E3
1525,CLTH,INST,BEGCLTH_0,,,,,,,,,,,,8.0,1.02733966E3,3.042005E3,0.0,0.0,0.0,0.0,0.0,,,,,,,,,,,,,,,,,,,,,,,,,,,,,3.042005E3
1526,CLTH,MARK,BSYBEG,,,,,,,,,,,,8.0,1.02733966E3,3.042005E3,0.0,0.0,0.0,0.0,0.0,,,,,,,,,,,,,,,,,,,,,,,,,,,,,3.042005E3
1527,CLTH,MARK,BSY1BEG,,,,,,,,,,,,8.0,1.02733966E3,3.042005E3,0.0,0.0,0.0,0.0,0.0,,,,,,,,,,,,,,,,,,,,,,,,,,,,,3.042005E3
1529,CLTH,IMON,IMBSY1,BCS toroid,0.0,,,,,,,,,,8.0,1.02806826E3,3.0427336E3,0.0,0.0,0.0,0.0,0.0,,,,,,,,,,,,,,,,,,,,,,,,,,,,,3.0427336E3
1531,CLTH,IMON,IMBSY2,BCS toroid,0.0,,,,,,,,,,8.0,1.02831831E3,3.04298365E3,0.0,0.0,0.0,0.0,0.0,,,,,,,,,,,,,,,,,,,,,,,,,,,,,3.04298365E3
1533,CLTH,IMON,IMBSY3,BCS toroid,0.0,,,,,,,,,,8.0,1.02856836E3,3.0432337E3,0.0,0.0,0.0,0.0,0.0,,,,,,,,,,,,,,,,,,,,,,,,,,,,,3.0432337E3
1535,CLTH,IMON,IMBSY34,toroid,0.0,,,,,,,,,,8.0,1.02898266E3,3.043648E3,0.0,0.0,0.0,0.0,0.0,,,,,,,,,,,,,,,,,,,,,,,,,,,,,3.043648E3
1537,CLTH,IMON,IMBSY1B,BCS backup toroi,0.0,,,,,,,,,,8.0,1.03188726E3,3.0465526E3,0.0,0.0,0.0,0.0,0.0,,,,,,,,,,,,,,,,,,,,,,,,,,,,,3.0465526E3
1539,CLTH,IMON,IMBSY2B,BCS backup toroi,0.0,,,,,,,,,,8.0,1.03220301E3,3.04686835E3,0.0,0.0,0.0,0.0,0.0,,,,,,,,,,,,,,,,,,,,,,,,,,,,,3.04686835E3
1541,CLTH,IMON,IMBSY3B,BCS backup toroi,0.0,,,,,,,,,,8.0,1.03251876E3,3.0471841E3,0.0,0.0,0.0,0.0,0.0,,,,,,,,,,,,,,,,,,,,,,,,,,,,,3.0471841E3
1543,CLTH,MARK,FFTBORGN,,,,,,,,,,,,8.0,1.03331626E3,3.0479816E3,0.0,0.0,0.0,0.0,0.0,,,,,,,,,,,,,,,,,,,,,,,,,,,,,3.0479816E3
1545,CLTH,MARK,S100,,,,,,,,,,,,8.0,1.03333466E3,3.048E3,0.0,0.0,0.0,0.0,0.0,,,,,,,,,,,,,,,,,,,,,,,,,,,,,3.048E3
1546,CLTH,MARK,ZLIN15,,,,,,,,,,,,8.0,1.03333466E3,3.048E3,0.0,0.0,0.0,0.0,0.0,,,,,,,,,,,,,,,,,,,,,,,,,,,,,3.048E3
1548,CLTH,YCOR,YCBSYQ1,class-4,0.0,,,,,,,,,,8.0,1.03391286E3,3.0485782E3,0.0,0.0,0.0,0.0,0.0,,,,,,,,,,,,,,,,,,,,,,,,,,,,,3.0485782E3
1550,CLTH,QUAD,Q50Q1,2Q10,0.263,0.0514,,-0.2315223005,,0.0,,,,,8.0,1.035478936E3,3.050144276E3,0.0,0.0,0.0,0.0,0.0,,,,,,,,,,-16.248671581267,6.178202122155,,,,,,,,,,,,,,,,,,3.050144276E3
1553,CLTH,MARK,WOODDOOR,,,,,,,,,,,,8.0,1.03584666E3,3.050512E3,0.0,0.0,0.0,0.0,0.0,,,,,,,,,,,,,,,,,,,,,,,,,,,,,3.050512E3
1554,CLTH,INST,ENDCLTH_0,,,,,,,,,,,,8.0,1.03584666E3,3.050512E3,0.0,0.0,0.0,0.0,0.0,,,,,,,,,,,,,,,,,,,,,,,,,,,,,3.050512E3
1555,CLTH,INST,BEGCLTH_1,,,,,,,,,,,,8.0,1.03584666E3,3.050512E3,0.0,0.0,0.0,0.0,0.0,,,,,,,,,,,,,,,,,,,,,,,,,,,,,3.050512E3
1557,CLTH,BPM,BPMBSYQ1,Stripline-5,0.0,,,,,,,,,,8.0,1.03606656E3,3.0507319E3,0.0,0.0,0.0,0.0,0.0,,,,,,,,,,,,,,,,,,,,,,,,,,,,,3.0507319E3
1559,CLTH,XCOR,XCBSYQ2,class-4,0.0,,,,,,,,,,8.0,1.041088536E3,3.055753876E3,0.0,0.0,0.0,0.0,0.0,,,,,,,,,,,,,,,,,,,,,,,,,,,,,3.055753876E3
1561,CLTH,QUAD,Q50Q2,50Q2,0.324302,0.02065,,0.1020743321,,0.0,,,,,8.0,1.041750687E3,3.056416027E3,0.0,0.0,0.0,0.0,0.0,,,,,,,,,,8.833553773034,-2.723866572835,,,,,,,,,,,,,,,,,,3.056416027E3
1564,CLTH,BPM,BPMBSYQ2,Stripline-6,0.0,,,,,,,,,,8.0,1.041991987E3,3.056657327E3,0.0,0.0,0.0,0.0,0.0,,,,,,,,,,,,,,,,,,,,,,,,,,,,,3.056657327E3
1566,CLTH,INST,ENDCLTH_1,,,,,,,,,,,,8.0,1.043791576E3,3.058456916E3,0.0,0.0,0.0,0.0,0.0,,,,,,,,,,,,,,,,,,,,,,,,,,,,,3.058456916E3
1567,CLTH,INST,BEGCLTH_2,,,,,,,,,,,,8.0,1.043791576E3,3.058456916E3,0.0,0.0,0.0,0.0,0.0,,,,,,,,,,,,,,,,,,,,,,,,,,,,,3.058456916E3
1577,CLTH,BPM,BPMCUS,Stripline-5,0.0,,,,,,,,,,8.0,1.050668538E3,3.065333878E3,0.0,0.0,0.0,0.0,0.0,,,,,,,,,,,,,,,,,,,,,,,,,,,,,3.065333878E3
1584,CLTH,MARK,BSY1END,,,,,,,,,,,,8.0,1.096296152E3,3.110961492E3,0.0,0.0,0.0,0.0,0.0,,,,,,,,,,,,,,,,,,,,,,,,,,,,,3.110961492E3
1585,CLTH,INST,ENDCLTH_2,,,,,,,,,,,,8.0,1.096296152E3,3.110961492E3,0.0,0.0,0.0,0.0,0.0,,,,,,,,,,,,,,,,,,,,,,,,,,,,,3.110961492E3
1586,BSYH,INST,BEGBSYH,,,,,,,,,,,,8.0,1.096296152E3,3.110961492E3,0.0,0.0,0.0,0.0,0.0,,,,,,,,,,,,,,,,,,,,,,,,,,,,,3.110961492E3
1588,BSYH,QUAD,Q50Q3,50Q3,0.286508,0.02065,,0.3848408362,,0.0,,,,,8.0,1.096939406E3,3.111604746E3,0.0,0.0,0.0,0.0,0.0,,,,,,,,,,29.423015858006,-10.269526804838,,,,,,,,,,,,,,,,,,3.111604746E3
1591,BSYH,BPM,BPMBSYQ3,Stripline-6,0.0,,,,,,,,,,8.0,1.097174356E3,3.111839696E3,0.0,0.0,0.0,0.0,0.0,,,,,,,,,,,,,,,,,,,,,,,,,,,,,3.111839696E3
1592,*BSYH,BPM,RFBBSYQ3,CavityS-1,0.0,,,,,,,,,,8.0,1.097174356E3,3.111839696E3,0.0,0.0,0.0,0.0,0.0,,,,,,,,,,,,,,,,,,,,,,,,,,,,,3.111839696E3
1595,BSYH,XCOR,XCBSYQ3,class-4,0.0,,,,,,,,,,8.0,1.098565006E3,3.113230346E3,0.0,0.0,0.0,0.0,0.0,,,,,,,,,,,,,,,,,,,,,,,,,,,,,3.113230346E3
1597,BSYH,YCOR,YCBSYQ4,class-4,0.0,,,,,,,,,,8.0,1.10058266E3,3.115248E3,0.0,0.0,0.0,0.0,0.0,,,,,,,,,,,,,,,,,,,,,,,,,,,,,3.115248E3
1599,BSYH,QUAD,Q4,0.91Q17.72,0.46092,0.023,,-0.2193967154,,0.0,,,,,8.0,1.10131312E3,3.11597846E3,0.0,0.0,0.0,0.0,0.0,,,,,,,,,,-26.98515754012,5.854629337004,,,,,,,,,,,,,,,,,,3.11597846E3
1600,BSYH,BPM,BPMBSYQ4,Stripline-7,0.0,,,,,,,,,,8.0,1.10131312E3,3.11597846E3,0.0,0.0,0.0,0.0,0.0,,,,,,,,,,,,,,,,,,,,,,,,,,,,,3.11597846E3
1603,BSYH,INST,PCBSY3,BCS plate,0.0635,,,,,,,,,,8.0,1.10248826E3,3.1171536E3,0.0,0.0,0.0,0.0,0.0,,,,,,,,,,,,,,,,,,,,,,,,,,,,,3.1171536E3
1608,BSYH,PC,PCAPM1,MPS PC,0.1824,,,,,,,,,,8.0,1.104096128E3,3.118761468E3,0.0,0.0,0.0,0.0,0.0,,,,,,,,,,,,,,,,,,,,,,,,0.0889,0.0127,,,,3.118761468E3
1615,BSYH,PC,PCAPM2,MPS PC,0.1824,,,,,,,,,,8.0,1.105746213E3,3.120411554E3,0.0,0.0,0.0,0.0,0.0,,,,,,,,,,,,,,,,,,,,,,,,0.0889,0.0127,,,,3.120411554E3
1620,BSYH,PC,PCAPM3,MPS PC,0.1824,,,,,,,,,,8.0,1.107396273E3,3.122061614E3,0.0,0.0,0.0,0.0,0.0,,,,,,,,,,,,,,,,,,,,,,,,0.0889,0.0127,,,,3.122061614E3
1625,BSYH,PC,PCAPM4,MPS PC,0.1824,,,,,,,,,,8.0,1.109046295E3,3.123711636E3,0.0,0.0,0.0,0.0,0.0,,,,,,,,,,,,,,,,,,,,,,,,0.0889,0.0127,,,,3.123711636E3
1628,*BSYH,PC,PCBSYH,MPS PC,0.45,,,,,,,,,,8.0,1.112383722E3,3.127049062E3,0.0,0.0,0.0,0.0,0.0,,,,,,,,,,,,,,,,,,,,,,,,0.0508,0.0508,,,,3.127049062E3
1630,BSYH,QUAD,Q5,0.91Q17.72,0.46092,0.023,,0.1657088535,,0.0,,,,,8.0,1.13622966E3,3.150895E3,0.0,0.0,0.0,0.0,0.0,,,,,,,,,,20.381706760457,-4.421961893703,,,,,,,,,,,,,,,,,,3.150895E3
1631,BSYH,BPM,BPMBSYQ5,Stripline-7,0.0,,,,,,,,,,8.0,1.13622966E3,3.150895E3,0.0,0.0,0.0,0.0,0.0,,,,,,,,,,,,,,,,,,,,,,,,,,,,,3.150895E3
1634,BSYH,XCOR,XCBSYQ5,class-4,0.0,,,,,,,,,,8.0,1.13696012E3,3.15162546E3,0.0,0.0,0.0,0.0,0.0,,,,,,,,,,,,,,,,,,,,,,,,,,,,,3.15162546E3
1637,BSYH,QUAD,Q6,0.91Q17.72,0.46092,0.023,,-0.1135691018,,0.0,,,,,8.0,1.155950636E3,3.170615976E3,0.0,0.0,0.0,0.0,0.0,,,,,,,,,,-13.968669030325,3.030605968568,,,,,,,,,,,,,,,,,,3.170615976E3
1638,BSYH,BPM,BPMBSYQ6,Stripline-7,0.0,,,,,,,,,,8.0,1.155950636E3,3.170615976E3,0.0,0.0,0.0,0.0,0.0,,,,,,,,,,,,,,,,,,,,,,,,,,,,,3.170615976E3
1641,*BSYH,BPM,RFBBSYQ6,CavityS-1,0.0,,,,,,,,,,8.0,1.156381096E3,3.171046436E3,0.0,0.0,0.0,0.0,0.0,,,,,,,,,,,,,,,,,,,,,,,,,,,,,3.171046436E3
1643,BSYH,YCOR,YCBSYQ6,class-4,0.0,,,,,,,,,,8.0,1.156881096E3,3.171546436E3,0.0,0.0,0.0,0.0,0.0,,,,,,,,,,,,,,,,,,,,,,,,,,,,,3.171546436E3
1645,BSYH,PC,PC90,,0.453644,,,,,,,,,,8.0,1.16133466E3,3.176E3,0.0,0.0,0.0,0.0,0.0,,,,,,,,,,,,,,,,,,,,,,,,0.0204,0.0204,,,,3.176E3
1647,BSYH,INST,PCBSY4,BCS plate,0.0635,,,,,,,,,,8.0,1.16960926E3,3.1842746E3,0.0,0.0,0.0,0.0,0.0,,,,,,,,,,,,,,,,,,,,,,,,,,,,,3.1842746E3
1649,BSYH,PC,PC119,,0.453644,,,,,,,,,,8.0,1.17633466E3,3.191E3,0.0,0.0,0.0,0.0,0.0,,,,,,,,,,,,,,,,,,,,,,,,0.0204,0.0204,,,,3.191E3
1651,BSYH,INST,D2,PPS stopper,0.43,,,,,,,,,,8.0,1.17822286E3,3.1928882E3,0.0,0.0,0.0,0.0,0.0,,,,,,,,,,,,,,,,,,,,,,,,,,,,,3.1928882E3
1653,BSYH,INST,ST60,PPS stopper,0.76,,,,,,,,,,8.0,1.17966166E3,3.194327E3,0.0,0.0,0.0,0.0,0.0,,,,,,,,,,,,,,,,,,,,,,,,,,,,,3.194327E3
1655,BSYH,INST,DM60,PPS BTM,0.0,,,,,,,,,,8.0,1.18048266E3,3.195148E3,0.0,0.0,0.0,0.0,0.0,,,,,,,,,,,,,,,,,,,,,,,,,,,,,3.195148E3
1657,BSYH,MARK,CC31BEG,,,,,,,,,,,,8.0,1.185675527E3,3.200340867E3,0.0,0.0,0.0,0.0,0.0,,,,,,,,,,,,,,,,,,,,,,,,,,,,,3.200340867E3
1658,*BSYH,BEND,BCX311,0.788D11.50,0.35,0.032,0.0,0.0,,0.0,0.0,0.0,,,8.0,1.185850527E3,3.200515867E3,0.0,0.0,0.0,0.0,0.0,,,,,,0.35,0.8436,0.0,0.0,0.0,0.0,,,,3.200515867E3,-0.5E-2,0.0,0.0,0.0,0.0,,,,,,,,,3.200515867E3
1661,*BSYH,BEND,BCX312,0.788D11.50,0.35,0.032,0.0,0.0,,0.0,0.0,0.0,,,8.0,1.186400527E3,3.201065867E3,0.0,0.0,0.0,0.0,0.0,,,,,,0.35,0.8436,0.0,0.0,0.0,0.0,,,,3.201065867E3,-0.5E-2,0.0,0.0,0.0,0.0,,,,,,,,,3.201065867E3
1664,*BSYH,BEND,BCX313,0.788D11.50,0.35,0.032,0.0,0.0,,0.0,0.0,0.0,,,8.0,1.186950527E3,3.201615867E3,0.0,0.0,0.0,0.0,0.0,,,,,,0.35,0.8436,0.0,0.0,0.0,0.0,,,,3.201615867E3,-0.5E-2,0.0,0.0,0.0,0.0,,,,,,,,,3.201615867E3
1667,*BSYH,BEND,BCX314,0.788D11.50,0.35,0.032,0.0,0.0,,0.0,0.0,0.0,,,8.0,1.187500527E3,3.202165867E3,0.0,0.0,0.0,0.0,0.0,,,,,,0.35,0.8436,0.0,0.0,0.0,0.0,,,,3.202165867E3,-0.5E-2,0.0,0.0,0.0,0.0,,,,,,,,,3.202165867E3
1669,BSYH,MARK,CC31END,,,,,,,,,,,,8.0,1.187675527E3,3.202340867E3,0.0,0.0,0.0,0.0,0.0,,,,,,,,,,,,,,,,,,,,,,,,,,,,,3.202340867E3
1671,BSYH,COLL,CXQ6,HCOLL,0.06,,,,,,,,,,8.0,1.18800666E3,3.202672E3,0.0,0.0,0.0,0.0,0.0,,,,,,,,,,,,,,,,,,,,,,,,0.34E-2,0.04,,,,3.202672E3
1673,BSYH,INST,PCBSY5,BCS plate,0.0635,,,,,,,,,,8.0,1.18834526E3,3.2030106E3,0.0,0.0,0.0,0.0,0.0,,,,,,,,,,,,,,,,,,,,,,,,,,,,,3.2030106E3
1675,BSYH,XCOR,XCA0,class-4,0.0,,,,,,,,,,8.0,1.189175527E3,3.203840867E3,0.0,0.0,0.0,0.0,0.0,,,,,,,,,,,,,,,,,,,,,,,,,,,,,3.203840867E3
1677,BSYH,YCOR,YCA0,class-4,0.0,,,,,,,,,,8.0,1.189485527E3,3.204150867E3,0.0,0.0,0.0,0.0,0.0,,,,,,,,,,,,,,,,,,,,,,,,,,,,,3.204150867E3
1679,BSYH,INST,ST61,PPS stopper,0.76,,,,,,,,,,8.0,1.190374548E3,3.205039888E3,0.0,0.0,0.0,0.0,0.0,,,,,,,,,,,,,,,,,,,,,,,,,,,,,3.205039888E3
1681,BSYH,QUAD,QA0,0.91Q17.72,0.46092,0.023,,0.1092101018,,0.0,,,,,8.0,1.191775987E3,3.206441327E3,0.0,0.0,0.0,0.0,0.0,,,,,,,,,,13.432524715206,-2.914285497528,,,,,,,,,,,,,,,,,,3.206441327E3
1682,BSYH,BPM,BPMBSYQA0,Stripline-7,0.0,,,,,,,,,,8.0,1.191775987E3,3.206441327E3,0.0,0.0,0.0,0.0,0.0,,,,,,,,,,,,,,,,,,,,,,,,,,,,,3.206441327E3
1687,BSYH,MARK,MUWALL,,,,,,,,,,,,8.0,1.192593085E3,3.207258425E3,0.0,0.0,0.0,0.0,0.0,,,,,,,,,,,,,,,,,,,,,,,,,,,,,3.207258425E3
1689,BSYH,MARK,DUMPBSYH,,,,,,,,,,,,8.0,1.19443406E3,3.2090994E3,0.0,0.0,0.0,0.0,0.0,,,,,,,,,,,,,,,,,,,,,,,,,,,,,3.2090994E3
1691,BSYH,MARK,BSYEND,,,,,,,,,,,,8.0,1.209357085E3,3.224022425E3,0.0,0.0,0.0,0.0,0.0,,,,,,,,,,,,,,,,,,,,,,,,,,,,,3.224022425E3
1692,BSYH,MARK,RWWAKE3H,WAKE,,,,,,,,,,,8.0,1.209357085E3,3.224022425E3,0.0,0.0,0.0,0.0,0.0,,,,,,,,,,,,,,,,,,,,,,,,,,,,,3.224022425E3
1693,BSYH,INST,ENDBSYH,,,,,,,,,,,,8.0,1.209357085E3,3.224022425E3,0.0,0.0,0.0,0.0,0.0,,,,,,,,,,,,,,,,,,,,,,,,,,,,,3.224022425E3
1694,LTUH,INST,BEGLTUH,,,,,,,,,,,,8.0,1.209357085E3,3.224022425E3,0.0,0.0,0.0,0.0,0.0,,,,,,,,,,,,,,,,,,,,,,,,,,,,,3.224022425E3
1696,LTUH,YCOR,YCVM1,class-5c,0.0,,,,,,,,,,8.0,1.209757085E3,3.224422425E3,0.0,0.0,0.0,0.0,0.0,,,,,,,,,,,,,,,,,,,,,,,,,,,,,3.224422425E3
1698,LTUH,QUAD,QVM1,0.91Q17.72,0.46092,0.023,,-0.3374372732,,0.0,,,,,8.0,1.210327545E3,3.224992885E3,0.0,0.0,0.0,0.0,0.0,,,,,,,,,,-41.503802646312,9.004556679318,,,,,,,,,,,,,,,,,,3.224992885E3
1699,LTUH,BPM,BPMVM1,Stripline-7,0.0,,,,,,,,,,8.0,1.210327545E3,3.224992885E3,0.0,0.0,0.0,0.0,0.0,,,,,,,,,,,,,,,,,,,,,,,,,,,,,3.224992885E3
1702,LTUH,XCOR,XCVM2,type-4,0.0,,,,,,,,,,8.0,1.210808465E3,3.225473805E3,0.0,0.0,0.0,0.0,0.0,,,,,,,,,,,,,,,,,,,,,,,,,,,,,3.225473805E3
1704,LTUH,QUAD,QVM2,0.91Q17.72,0.46092,0.023,,0.2365772594,,0.0,,,,,8.0,1.211288465E3,3.225953805E3,0.0,0.0,0.0,0.0,0.0,,,,,,,,,,29.098314455983,-6.313094345219,,,,,,,,,,,,,,,,,,3.225953805E3
1705,LTUH,BPM,BPMVM2,Stripline-7,0.0,,,,,,,,,,8.0,1.211288465E3,3.225953805E3,0.0,0.0,0.0,0.0,0.0,,,,,,,,,,,,,,,,,,,,,,,,,,,,,3.225953805E3
1708,LTUH,WIRE,WSVM2,fast,0.0,,,,,,,,,,8.0,1.211773065E3,3.226438405E3,0.0,0.0,0.0,0.0,0.0,,,,,,,,,,,,,,,,,,,,,,,,,,,,,3.226438405E3
1710,LTUH,MARK,VBIN,,,,,,,,,,,,8.0,1.212018925E3,3.226684265E3,0.0,0.0,0.0,0.0,0.0,,,,,,,,,,,,,,,,,,,,,,,,,,,,,3.226684265E3
1711,LTUH,BEND,BY1,3D39,1.025,0.034925,-0.133743085056,0.0,,90.000000011752,-0.066871542528,-0.066871542528,,,8.0,1.212531425E3,3.227196765E3,0.0,0.299E-3,0.0,-0.1167E-2,0.0,,,,,,1.024999767293,0.5,-0.622899507696,0.060770683678,0.0,0.0,,,,3.227196765E3,0.0,0.449E-3,1.570796,-0.1167E-2,0.0,,,,,,,,,3.227196765E3
1714,LTUH,QUAD,QVB1,0.91Q17.72,0.46092,0.023,,-0.4222303671,,0.0,,,,,8.0,1.220649385E3,3.235314704E3,0.0,0.018949,0.0,-0.2334E-2,0.0,,,,,,,,,,-51.933106444384,11.267271206366,,,,,,,,,,,,,,,,,,3.235314704E3
1715,LTUH,BPM,BPMVB1,Stripline-7,0.0,,,,,,,,,,8.0,1.220649385E3,3.235314704E3,0.0,0.018949,0.0,-0.2334E-2,0.0,,,,,,,,,,,,,,,,,,,,,,,,,,,,,3.235314704E3
1718,LTUH,YCOR,YCVB1,class-4,0.0,,,,,,,,,,8.0,1.221279845E3,3.235945162E3,0.0,0.020421,0.0,-0.2334E-2,0.0,,,,,,,,,,,,,,,,,,,,,,,,,,,,,3.235945162E3
1720,LTUH,XCOR,XCVB2,type-4,0.0,,,,,,,,,,8.0,1.224479845E3,3.239145153E3,0.0,0.027891,0.0,-0.2334E-2,0.0,,,,,,,,,,,,,,,,,,,,,,,,,,,,,3.239145153E3
1722,LTUH,QUAD,QVB2,0.91Q17.72,0.46092,0.023,,0.4222303671,,0.0,,,,,8.0,1.225110305E3,3.239775612E3,0.0,0.029362,0.0,-0.2334E-2,0.0,,,,,,,,,,51.933106444384,-11.267271206366,,,,,,,,,,,,,,,,,,3.239775612E3
1723,LTUH,BPM,BPMVB2,Stripline-7,0.0,,,,,,,,,,8.0,1.225110305E3,3.239775612E3,0.0,0.029362,0.0,-0.2334E-2,0.0,,,,,,,,,,,,,,,,,,,,,,,,,,,,,3.239775612E3
1726,LTUH,INST,PC01,BCS plate,0.0635,,,,,,,,,,8.0,1.226242947E3,3.240908251E3,0.0,0.032006,0.0,-0.2334E-2,0.0,,,,,,,,,,,,,,,,,,,,,,,,,,,,,3.240908251E3
1727,LTUH,INST,BTM01,PPS BTM,0.0,,,,,,,,,,8.0,1.226274697E3,3.240940001E3,0.0,0.03208,0.0,-0.2334E-2,0.0,,,,,,,,,,,,,,,,,,,,,,,,,,,,,3.240940001E3
1729,LTUH,QUAD,QVB3,0.91Q17.72,0.46092,0.023,,-0.4222303671,,0.0,,,,,8.0,1.229571225E3,3.24423652E3,0.0,0.039775,0.0,-0.2334E-2,0.0,,,,,,,,,,-51.933106444384,11.267271206366,,,,,,,,,,,,,,,,,,3.24423652E3
1730,LTUH,BPM,BPMVB3,Stripline-7,0.0,,,,,,,,,,8.0,1.229571225E3,3.24423652E3,0.0,0.039775,0.0,-0.2334E-2,0.0,,,,,,,,,,,,,,,,,,,,,,,,,,,,,3.24423652E3
1733,LTUH,YCOR,YCVB3,class-4,0.0,,,,,,,,,,8.0,1.230201685E3,3.244866978E3,0.0,0.041247,0.0,-0.2334E-2,0.0,,,,,,,,,,,,,,,,,,,,,,,,,,,,,3.244866978E3
1735,LTUH,BEND,BY2,3D39,1.025,0.034925,-0.133743085056,0.0,,90.000000011752,-0.066871542528,-0.066871542528,,,8.0,1.237689185E3,3.252354457E3,0.0,0.059024,0.0,-0.3501E-2,0.0,,,,,,1.024999767293,0.5,-0.622899507696,0.060770683678,0.0,0.0,,,,3.252354456E3,0.0,0.059173,1.570796,-0.3501E-2,0.0,,,,,,,,,3.252354457E3
1737,LTUH,MARK,CNTLT1H,CENTER,,,,,,,,,,,8.0,1.238201685E3,3.252866952E3,0.0,0.061117,0.0,-0.4669E-2,0.0,,,,,,,,,,,,,,,,,,,,,,,,,,,,,3.252866952E3
1738,LTUH,MARK,VBOUT,,,,,,,,,,,,8.0,1.238201685E3,3.252866952E3,0.0,0.061117,0.0,-0.4669E-2,0.0,,,,,,,,,,,,,,,,,,,,,,,,,,,,,3.252866952E3
1740,LTUH,XCOR,XCVM3,type-4,0.0,,,,,,,,,,8.0,1.238451685E3,3.25311695E3,0.0,0.062284,0.0,-0.4669E-2,0.0,,,,,,,,,,,,,,,,,,,,,,,,,,,,,3.25311695E3
1742,LTUH,QUAD,QVM3,0.91Q17.72,0.46092,0.023,,0.7151508252,,0.0,,,,,8.0,1.238932145E3,3.253597404E3,0.0,0.064527,0.0,-0.4669E-2,0.0,,,,,,,,,,87.961470379283,-19.083890996113,,,,,,,,,,,,,,,,,,3.253597404E3
1743,LTUH,BPM,BPMVM3,Stripline-7,0.0,,,,,,,,,,8.0,1.238932145E3,3.253597404E3,0.0,0.064527,0.0,-0.4669E-2,0.0,,,,,,,,,,,,,,,,,,,,,,,,,,,,,3.253597404E3
1746,LTUH,YCOR,YCVM4,class-5,0.0,,,,,,,,,,8.0,1.239412605E3,3.254077859E3,0.0,0.06677,0.0,-0.4669E-2,0.0,,,,,,,,,,,,,,,,,,,,,,,,,,,,,3.254077859E3
1748,LTUH,QUAD,QVM4,0.91Q17.72,0.46092,0.023,,-0.681650171,,0.0,,,,,8.0,1.239893065E3,3.254558314E3,0.0,0.069013,0.0,-0.4669E-2,0.0,,,,,,,,,,-83.840987401059,18.189921765395,,,,,,,,,,,,,,,,,,3.254558314E3
1749,LTUH,BPM,BPMVM4,Stripline-7,0.0,,,,,,,,,,8.0,1.239893065E3,3.254558314E3,0.0,0.069013,0.0,-0.4669E-2,0.0,,,,,,,,,,,,,,,,,,,,,,,,,,,,,3.254558314E3
1752,LTUH,IMON,IM31,120Hz toroid,0.0,,,,,,,,,,8.0,1.240296138E3,3.254961382E3,0.0,0.070895,0.0,-0.4669E-2,0.0,,,,,,,,,,,,,,,,,,,,,,,,,,,,,3.254961382E3
1754,LTUH,IMON,IMBCS1,120Hz toroid,0.0,,,,,,,,,,8.0,1.240402625E3,3.255067868E3,0.0,0.071392,0.0,-0.4669E-2,0.0,,,,,,,,,,,,,,,,,,,,,,,,,,,,,3.255067868E3
1756,LTUH,MARK,MM1,,,,,,,,,,,,8.0,1.240623525E3,3.255288766E3,0.0,0.072424,0.0,-0.4669E-2,0.0,,,,,,,,,,,,,,,,,,,,,,,,,,,,,3.255288766E3
1757,LTUH,MARK,DBMARK34,,,,,,,,,,,,8.0,1.240623525E3,3.255288766E3,0.0,0.072424,0.0,-0.4669E-2,0.0,,,,,,,,,,,,,,,,,,,,,,,,,,,,,3.255288766E3
1758,LTUH,BEND,BX31,0.68D102.36T,2.623008,0.0172466,0.499999821926,0.0,,0.0,0.249999910963,0.249999910963,,,8.0,1.241935029E3,3.256600252E3,-0.2861E-2,0.078546,0.2E-4,-0.4668E-2,-0.4363E-2,,,,,,2.622999676952,0.5237,2.328715856941,-0.088780356634,0.0,0.0,,,,3.256600246E3,-0.4292E-2,0.078546,0.0,-0.4668E-2,-0.4363E-2,,,,,,,,,3.256600252E3
1761,LTUH,INST,PC02,BCS plate,0.0635,,,,,,,,,,8.0,1.244265002E3,3.258930132E3,-0.020333,0.089423,0.41E-4,-0.4668E-2,-0.8727E-2,,,,,,,,,,,,,,,,,,,,,,,,,,,,,3.2589301315E3
1762,LTUH,INST,BTM02,PPS BTM,0.0,,,,,,,,,,8.0,1.244296752E3,3.25896188E3,-0.02061,0.089572,0.41E-4,-0.4668E-2,-0.8727E-2,,,,,,,,,,,,,,,,,,,,,,,,,,,,,3.25896188E3
1765,LTUH,WIRE,WSDL31,fast,0.0,,,,,,,,,,8.0,1.255337173E3,3.27000176E3,-0.116954,0.141112,0.41E-4,-0.4668E-2,-0.8727E-2,,,,,,,,,,,,,,,,,,,,,,,,,,,,,3.27000176E3
1768,LTUH,XCOR,XCDL1,class-4,0.0,,,,,,,,,,8.0,1.25561725E3,3.270281823E3,-0.119398,0.142419,0.41E-4,-0.4668E-2,-0.8727E-2,,,,,,,,,,,,,,,,,,,,,,,,,,,,,3.270281823E3
1770,LTUH,QUAD,QDL31,1.26Q12,0.32,0.032,,0.4371839702,,0.0,,,,,8.0,1.256337715E3,3.271002253E3,-0.125686,0.145783,0.41E-4,-0.4668E-2,-0.8727E-2,,,,,,,,,,37.332192040296,-11.666310012593,,,,,,,,,,,,,,,,,,3.271002253E3
1771,LTUH,BPM,BPMDL1,Stripline-10,0.0,,,,,,,,,,8.0,1.256337715E3,3.271002253E3,-0.125686,0.145783,0.41E-4,-0.4668E-2,-0.8727E-2,,,,,,,,,,,,,,,,,,,,,,,,,,,,,3.271002253E3
1774,*LTUH,BPM,RFBDL1,CavityL-1,0.0,,,,,,,,,,8.0,1.256697715E3,3.271362235E3,-0.128827,0.147463,0.41E-4,-0.4668E-2,-0.8727E-2,,,,,,,,,,,,,,,,,,,,,,,,,,,,,3.271362235E3
1776,LTUH,YCOR,YCDL1,class-4,0.0,,,,,,,,,,8.0,1.257058153E3,3.271722656E3,-0.131973,0.149146,0.41E-4,-0.4668E-2,-0.8727E-2,,,,,,,,,,,,,,,,,,,,,,,,,,,,,3.271722656E3
1778,LTUH,COLL,CEDL1,HCOLL,0.08,,,,,,,,,,8.0,1.257761957E3,3.272426425E3,-0.138114,0.152432,0.41E-4,-0.4668E-2,-0.8727E-2,,,,,,,,,,,,,,,,,,,,,,,,0.46E-2,0.04,,,,3.272426425E3
1780,*LTUH,BEND,WIG1H,SLC wiggler,0.244,0.02032,0.0,0.0,,90.000000011752,0.0,0.0,,,8.0,1.258423957E3,3.273088392E3,-0.143891,0.155522,0.41E-4,-0.4668E-2,-0.8727E-2,,,,,,0.244,0.5,0.0,0.0,0.0,0.0,,,,3.273088392E3,-0.143891,0.155522,1.570796,-0.4668E-2,-0.8727E-2,,,,,,,,,3.273088392E3
1783,*LTUH,BEND,WIG2H,SLC wiggler,0.488,0.02032,0.0,0.0,,90.000000011752,0.0,0.0,,,8.0,1.258916482E3,3.273580893E3,-0.148189,0.157821,0.41E-4,-0.4668E-2,-0.8727E-2,,,,,,0.488,0.5,0.0,0.0,0.0,0.0,,,,3.273580893E3,-0.148189,0.157821,1.570796,-0.4668E-2,-0.8727E-2,,,,,,,,,3.273580893E3
1784,*LTUH,YCOR,YCWIGH,wiggler trim,0.0,,,,,,,,,,8.0,1.258916482E3,3.273580893E3,-0.148189,0.157821,0.41E-4,-0.4668E-2,-0.8727E-2,,,,,,,,,,,,,,,,,,,,,,,,,,,,,3.273580893E3
1787,*LTUH,BEND,WIG3H,SLC wiggler,0.244,0.02032,0.0,0.0,,90.000000011752,0.0,0.0,,,8.0,1.259409007E3,3.274073394E3,-0.152487,0.160121,0.41E-4,-0.4668E-2,-0.8727E-2,,,,,,0.244,0.5,0.0,0.0,0.0,0.0,,,,3.274073394E3,-0.152487,0.160121,1.570796,-0.4668E-2,-0.8727E-2,,,,,,,,,3.274073394E3
1789,LTUH,MARK,CNTWIGH,CENTER,,,,,,,,,,,8.0,1.259531007E3,3.274195388E3,-0.153552,0.16069,0.41E-4,-0.4668E-2,-0.8727E-2,,,,,,,,,,,,,,,,,,,,,,,,,,,,,3.274195388E3
1791,LTUH,INST,PC22,BCS plate,0.2032,,,,,,,,,,8.0,1.263335882E3,3.278000077E3,-0.186755,0.178452,0.41E-4,-0.4668E-2,-0.8727E-2,,,,,,,,,,,,,,,,,,,,,,,,,,,,,3.278000077E3
1793,LTUH,COLL,CYBX32,VCOLL,0.06,,,,,,,,,,8.0,1.268588894E3,3.283252832E3,-0.232596,0.202975,0.41E-4,-0.4668E-2,-0.8727E-2,,,,,,,,,,,,,,,,,,,,,,,,0.04,0.3E-2,,,,3.2832528315E3
1795,LTUH,BEND,BX32,0.68D102.36T,2.623008,0.0172466,0.499999821926,0.0,,0.0,0.249999910963,0.249999910963,,,8.0,1.270740398E3,3.285404201E3,-0.254232,0.213019,0.61E-4,-0.4668E-2,-0.01309,,,,,,2.622999676952,0.5237,2.328715856941,-0.088780356634,0.0,0.0,,,,3.285404182E3,-0.255663,0.213019,0.0,-0.4668E-2,-0.01309,,,,,,,,,3.285404201E3
1797,LTUH,MARK,CNTLT2H,CENTER,,,,,,,,,,,8.0,1.272051902E3,3.286715537E3,-0.27426,0.219141,0.81E-4,-0.4668E-2,-0.017453,,,,,,,,,,,,,,,,,,,,,,,,,,,,,3.286715537E3
1799,LTUH,QUAD,QT11,0.91Q17.72,0.46092,0.023,,-0.4209378273,,0.0,,,,,8.0,1.272782362E3,3.287445878E3,-0.287008,0.222551,0.81E-4,-0.4668E-2,-0.017453,,,,,,,,,,-51.774127810332,11.232779616925,,,,,,,,,,,,,,,,,,3.287445878E3
1802,LTUH,XCOR,XCQT12,class-5,0.0,,,,,,,,,,8.0,1.273522809E3,3.288186204E3,-0.299931,0.226007,0.81E-4,-0.4668E-2,-0.017453,,,,,,,,,,,,,,,,,,,,,,,,,,,,,3.288186204E3
1804,LTUH,QUAD,QT12,0.91Q17.72,0.46092,0.023,,0.839614778,,0.0,,,,,8.0,1.274243282E3,3.288906559E3,-0.312505,0.22937,0.81E-4,-0.4668E-2,-0.017453,,,,,,,,,,1.032701743781E2,-22.405227453379,,,,,,,,,,,,,,,,,,3.288906559E3
1805,LTUH,BPM,BPMT12,Stripline-7,0.0,,,,,,,,,,8.0,1.274243282E3,3.288906559E3,-0.312505,0.22937,0.81E-4,-0.4668E-2,-0.017453,,,,,,,,,,,,,,,,,,,,,,,,,,,,,3.288906559E3
1808,LTUH,YCOR,YCQT12,class-5,0.0,,,,,,,,,,8.0,1.274963755E3,3.289626915E3,-0.325079,0.232733,0.81E-4,-0.4668E-2,-0.017453,,,,,,,,,,,,,,,,,,,,,,,,,,,,,3.289626915E3
1810,LTUH,QUAD,QT13,0.91Q17.72,0.46092,0.023,,-0.4209378273,,0.0,,,,,8.0,1.275704202E3,3.290367241E3,-0.338002,0.236189,0.81E-4,-0.4668E-2,-0.017453,,,,,,,,,,-51.774127810332,11.232779616925,,,,,,,,,,,,,,,,,,3.290367241E3
1813,LTUH,MARK,SS1,,,,,,,,,,,,8.0,1.276434662E3,3.291097582E3,-0.35075,0.239599,0.81E-4,-0.4668E-2,-0.017453,,,,,,,,,,,,,,,,,,,,,,,,,,,,,3.291097582E3
1815,LTUH,MARK,CC32BEG,,,,,,,,,,,,8.0,1.277850062E3,3.292512751E3,-0.375452,0.246206,0.81E-4,-0.4668E-2,-0.017453,,,,,,,,,,,,,,,,,,,,,,,,,,,,,3.292512751E3
1816,LTUH,BEND,BCX321,0.788D11.50,0.350006,0.032,0.577561909793,0.0,,0.0,0.0,0.577561909793,,,8.0,1.278025063E3,3.292687714E3,-0.378947,0.247022,0.105E-3,-0.4667E-2,-0.022494,,,,,,0.350000072469,0.8436,2.689956113422,-0.76854571448,0.0,0.0,,,,3.292687634E3,-0.383505,0.247022,0.0,-0.4668E-2,-0.017453,,,,,,,,,3.292687714E3
1819,LTUH,BEND,BCX322,0.788D11.50,0.350006,0.032,-0.577561909793,0.0,,0.0,-0.577561909793,0.0,,,8.0,1.278575083E3,3.293237543E3,-0.393207,0.249589,0.105E-3,-0.4667E-2,-0.022494,,,,,,0.350000072469,0.8436,-2.689956113422,0.76854571448,0.0,0.0,,,,3.293237545E3,-0.393104,0.249589,0.0,-0.4668E-2,-0.017453,,,,,,,,,3.293237543E3
1822,LTUH,BEND,BCX323,0.788D11.50,0.350006,0.032,-0.577561909793,0.0,,0.0,0.0,-0.577561909793,,,8.0,1.279125085E3,3.293787454E3,-0.402806,0.252157,0.58E-4,-0.4668E-2,-0.012413,,,,,,0.350000072469,0.8436,-2.689956113422,0.76854571448,0.0,0.0,,,,3.293787456E3,-0.402703,0.252157,0.0,-0.4668E-2,-0.017453,,,,,,,,,3.293787454E3
1825,LTUH,BEND,BCX324,0.788D11.50,0.350006,0.032,0.577561909793,0.0,,0.0,0.577561909793,0.0,,,8.0,1.279675105E3,3.294337445E3,-0.407744,0.254724,0.58E-4,-0.4668E-2,-0.012413,,,,,,0.350000072469,0.8436,2.689956113422,-0.76854571448,0.0,0.0,,,,3.294337365E3,-0.412302,0.254724,0.0,-0.4668E-2,-0.017453,,,,,,,,,3.294337445E3
1827,LTUH,MARK,CC32END,,,,,,,,,,,,8.0,1.279850106E3,3.294512424E3,-0.410357,0.255541,0.81E-4,-0.4668E-2,-0.017453,,,,,,,,,,,,,,,,,,,,,,,,,,,,,3.294512424E3
1829,LTUH,INST,PC03,BCS plate,0.0635,,,,,,,,,,8.0,1.280267493E3,3.294929743E3,-0.417641,0.257489,0.81E-4,-0.4668E-2,-0.017453,,,,,,,,,,,,,,,,,,,,,,,,,,,,,3.294929743E3
1830,LTUH,INST,BTM03,PPS BTM,0.0,,,,,,,,,,8.0,1.280299243E3,3.294961488E3,-0.418195,0.257638,0.81E-4,-0.4668E-2,-0.017453,,,,,,,,,,,,,,,,,,,,,,,,,,,,,3.294961488E3
1832,LTUH,BEND,BYKIK1,1.92K41.2,1.0601,0.0508,0.0,0.0,,90.000000011752,0.0,0.0,,,8.0,1.284878332E3,3.29953983E3,-0.498111,0.279012,0.81E-4,-0.4668E-2,-0.017453,,,,,,1.0601,0.5,0.0,0.0,0.0,0.0,,,,3.29953983E3,-0.498111,0.279012,1.570796,-0.4668E-2,-0.017453,,,,,,,,,3.29953983E3
1836,LTUH,BEND,BYKIK2,1.92K41.2,1.0601,0.0508,0.0,0.0,,90.000000011752,0.0,0.0,,,8.0,1.286096784E3,3.300758083E3,-0.519376,0.284699,0.81E-4,-0.4668E-2,-0.017453,,,,,,1.0601,0.5,0.0,0.0,0.0,0.0,,,,3.300758083E3,-0.519376,0.284699,1.570796,-0.4668E-2,-0.017453,,,,,,,,,3.300758083E3
1839,LTUH,XCOR,XCDL2,class-4,0.0,,,,,,,,,,8.0,1.291518426E3,3.30617884E3,-0.613997,0.310006,0.81E-4,-0.4668E-2,-0.017453,,,,,,,,,,,,,,,,,,,,,,,,,,,,,3.30617884E3
1841,LTUH,QUAD,QDL32,1.26Q12,0.32,0.032,,0.4371839702,,0.0,,,,,8.0,1.292148886E3,3.306809197E3,-0.625,0.312949,0.81E-4,-0.4668E-2,-0.017453,,,,,,,,,,37.332192040296,-11.666310012593,,,,,,,,,,,,,,,,,,3.306809197E3
1842,LTUH,BPM,BPMDL2,Stripline-10,0.0,,,,,,,,,,8.0,1.292148886E3,3.306809197E3,-0.625,0.312949,0.81E-4,-0.4668E-2,-0.017453,,,,,,,,,,,,,,,,,,,,,,,,,,,,,3.306809197E3
1845,LTUH,YCOR,YCDL2,class-4,0.0,,,,,,,,,,8.0,1.292779346E3,3.307439554E3,-0.636003,0.315892,0.81E-4,-0.4668E-2,-0.017453,,,,,,,,,,,,,,,,,,,,,,,,,,,,,3.307439554E3
1847,LTUH,INST,SPOILER,,0.0,,,,,,,,,,8.0,1.293209706E3,3.307869844E3,-0.643514,0.317901,0.81E-4,-0.4668E-2,-0.017453,,,,,,,,,,,,,,,,,,,,,,,,,,,,,3.307869844E3
1849,LTUH,INST,TDKIK,,0.6096,,,,,,,,,,8.0,1.298809706E3,3.31346893E3,-0.741247,0.34404,0.81E-4,-0.4668E-2,-0.017453,,,,,,,,,,,,,,,,,,,,,,,,,,,,,3.31346893E3
1851,LTUH,PC,PCTDKIK1,BCS PC,0.8128,,,,,,,,,,8.0,1.299778332E3,3.314437398E3,-0.758152,0.348562,0.81E-4,-0.4668E-2,-0.017453,,,,,,,,,,,,,,,,,,,,,,,,0.022225,0.022225,,,,3.314437398E3
1853,LTUH,PC,PCTDKIK2,BCS PC,0.8128,,,,,,,,,,8.0,1.300857829E3,3.315516718E3,-0.776992,0.353601,0.81E-4,-0.4668E-2,-0.017453,,,,,,,,,,,,,,,,,,,,,,,,0.022225,0.022225,,,,3.3155167185E3
1855,LTUH,PC,PCTDKIK3,BCS PC,0.8128,,,,,,,,,,8.0,1.301937326E3,3.31659604E3,-0.795832,0.35864,0.81E-4,-0.4668E-2,-0.017453,,,,,,,,,,,,,,,,,,,,,,,,0.022225,0.022225,,,,3.3165960395E3
1857,LTUH,PC,PCTDKIK4,BCS PC,0.8128,,,,,,,,,,8.0,1.303016823E3,3.31767536E3,-0.814672,0.363678,0.81E-4,-0.4668E-2,-0.017453,,,,,,,,,,,,,,,,,,,,,,,,0.022225,0.022225,,,,3.3176753605E3
1863,LTUH,MARK,CC35BEG,,,,,,,,,,,,8.0,1.305363065E3,3.32002122E3,-0.855619,0.37463,0.81E-4,-0.4668E-2,-0.017453,,,,,,,,,,,,,,,,,,,,,,,,,,,,,3.32002122E3
1864,LTUH,BEND,BCX351,0.788D11.50,0.350003,0.032,0.4083944847,0.0,,0.0,0.0,0.4083944847,,,8.0,1.305538065E3,3.320196186E3,-0.858985,0.375447,0.98E-4,-0.4667E-2,-0.021017,,,,,,0.350000036302,0.8436,1.902070102233,-0.543443942547,0.0,0.0,,,,3.320196104E3,-0.863673,0.375447,0.0,-0.4668E-2,-0.017453,,,,,,,,,3.320196186E3
1867,LTUH,BEND,BCX352,0.788D11.50,0.350003,0.032,-0.4083944847,0.0,,0.0,-0.4083944847,0.0,,,8.0,1.306088076E3,3.320746038E3,-0.87188,0.378014,0.98E-4,-0.4667E-2,-0.021017,,,,,,0.350000036302,0.8436,-1.902070102233,0.543443942547,0.0,0.0,,,,3.320746014E3,-0.873271,0.378014,0.0,-0.4668E-2,-0.017453,,,,,,,,,3.320746038E3
1870,LTUH,BEND,BCX353,0.788D11.50,0.350003,0.032,-0.4083944847,0.0,,0.0,0.0,-0.4083944847,,,8.0,1.306638076E3,3.321295948E3,-0.881479,0.380581,0.65E-4,-0.4668E-2,-0.01389,,,,,,0.350000036302,0.8436,-1.902070102233,0.543443942547,0.0,0.0,,,,3.321295924E3,-0.88287,0.380581,0.0,-0.4668E-2,-0.017453,,,,,,,,,3.321295948E3
1873,LTUH,BEND,BCX354,0.788D11.50,0.350003,0.032,0.4083944847,0.0,,0.0,0.4083944847,0.0,,,8.0,1.307188087E3,3.321845916E3,-0.887782,0.383149,0.65E-4,-0.4668E-2,-0.01389,,,,,,0.350000036302,0.8436,1.902070102233,-0.543443942547,0.0,0.0,,,,3.321845834E3,-0.892469,0.383148,0.0,-0.4668E-2,-0.017453,,,,,,,,,3.321845916E3
1875,LTUH,MARK,CC35END,,,,,,,,,,,,8.0,1.307363087E3,3.322020893E3,-0.890524,0.383966,0.81E-4,-0.4668E-2,-0.017453,,,,,,,,,,,,,,,,,,,,,,,,,,,,,3.322020893E3
1877,LTUH,YCOR,YCQT21,class-5,0.0,,,,,,,,,,8.0,1.307863087E3,3.322520812E3,-0.89925,0.3863,0.81E-4,-0.4668E-2,-0.017453,,,,,,,,,,,,,,,,,,,,,,,,,,,,,3.322520812E3
1879,LTUH,QUAD,QT21,0.91Q17.72,0.46092,0.023,,-0.4209378273,,0.0,,,,,8.0,1.308593547E3,3.323251152E3,-0.911998,0.389709,0.81E-4,-0.4668E-2,-0.017453,,,,,,,,,,-51.774127810332,11.232779616925,,,,,,,,,,,,,,,,,,3.323251152E3
1882,LTUH,XCOR,XCQT22,class-5,0.0,,,,,,,,,,8.0,1.309333994E3,3.323991478E3,-0.924921,0.393166,0.81E-4,-0.4668E-2,-0.017453,,,,,,,,,,,,,,,,,,,,,,,,,,,,,3.323991478E3
1884,LTUH,QUAD,QT22,0.91Q17.72,0.46092,0.023,,0.839614778,,0.0,,,,,8.0,1.310054467E3,3.324711834E3,-0.937495,0.396529,0.81E-4,-0.4668E-2,-0.017453,,,,,,,,,,1.032701743781E2,-22.405227453379,,,,,,,,,,,,,,,,,,3.324711834E3
1885,LTUH,BPM,BPMT22,Stripline-7,0.0,,,,,,,,,,8.0,1.310054467E3,3.324711834E3,-0.937495,0.396529,0.81E-4,-0.4668E-2,-0.017453,,,,,,,,,,,,,,,,,,,,,,,,,,,,,3.324711834E3
1888,LTUH,COLL,CXQT22,HCOLL,0.06,,,,,,,,,,8.0,1.310784927E3,3.325442175E3,-0.950243,0.399938,0.81E-4,-0.4668E-2,-0.017453,,,,,,,,,,,,,,,,,,,,,,,,0.32E-2,0.04,,,,3.325442175E3
1890,LTUH,QUAD,QT23,0.91Q17.72,0.46092,0.023,,-0.4209378273,,0.0,,,,,8.0,1.311515387E3,3.326172515E3,-0.962992,0.403348,0.81E-4,-0.4668E-2,-0.017453,,,,,,,,,,-51.774127810332,11.232779616925,,,,,,,,,,,,,,,,,,3.326172515E3
1893,LTUH,MARK,DL23BEG,,,,,,,,,,,,8.0,1.312245847E3,3.326902856E3,-0.97574,0.406757,0.81E-4,-0.4668E-2,-0.017453,,,,,,,,,,,,,,,,,,,,,,,,,,,,,3.326902856E3
1894,LTUH,BEND,BX35,0.68D102.36T,2.623008,0.0172466,-0.499999821926,0.0,,0.0,-0.249999910963,-0.249999910963,,,8.0,1.313557351E3,3.328214192E3,-0.995768,0.412879,0.61E-4,-0.4668E-2,-0.01309,,,,,,2.622999676952,0.5237,-2.328715856941,0.088780356634,0.0,0.0,,,,3.328214211E3,-0.994337,0.41288,0.0,-0.4668E-2,-0.01309,,,,,,,,,3.328214192E3
1897,LTUH,INST,PC04,BCS plate,0.0635,,,,,,,,,,8.0,1.316251572E3,3.330908252E3,-1.02214,0.425457,0.41E-4,-0.4668E-2,-0.8727E-2,,,,,,,,,,,,,,,,,,,,,,,,,,,,,3.3309082525E3
1898,LTUH,INST,BTM04,PPS BTM,0.0,,,,,,,,,,8.0,1.316283322E3,3.330940001E3,-1.022417,0.425605,0.41E-4,-0.4668E-2,-0.8727E-2,,,,,,,,,,,,,,,,,,,,,,,,,,,,,3.330940001E3
1900,LTUH,QUAD,CQ31,1.26Q3.5,0.108,0.032,,0.0,,0.0,,,,,8.0,1.320960037E3,3.335616487E3,-1.063229,0.447437,0.41E-4,-0.4668E-2,-0.8727E-2,,,,,,,,,,0.0,0.0,,,,,,,,,,,,,,,,,,3.335616487E3
1903,LTUH,INST,PC42,BCS plate,0.0635,,,,,,,,,,8.0,1.321872881E3,3.336529286E3,-1.071195,0.451699,0.41E-4,-0.4668E-2,-0.8727E-2,,,,,,,,,,,,,,,,,,,,,,,,,,,,,3.336529286E3
1904,LTUH,INST,BTM42,PPS BTM,0.0,,,,,,,,,,8.0,1.321904631E3,3.336561034E3,-1.071472,0.451847,0.41E-4,-0.4668E-2,-0.8727E-2,,,,,,,,,,,,,,,,,,,,,,,,,,,,,3.336561034E3
1906,LTUH,PROF,OTR30,OTR,0.0,,,,,,,,,,8.0,1.326825695E3,3.341481857E3,-1.114416,0.47482,0.41E-4,-0.4668E-2,-0.8727E-2,,,,,,,,,,,,,,,,,,,,,,,,,,,,,3.341481857E3
1908,LTUH,XCOR,XCDL3,class-4,0.0,,,,,,,,,,8.0,1.327410037E3,3.342066171E3,-1.119515,0.477548,0.41E-4,-0.4668E-2,-0.8727E-2,,,,,,,,,,,,,,,,,,,,,,,,,,,,,3.342066171E3
1910,LTUH,QUAD,QDL33,1.26Q12,0.32,0.032,,0.4371839702,,0.0,,,,,8.0,1.327960037E3,3.342616144E3,-1.124314,0.480116,0.41E-4,-0.4668E-2,-0.8727E-2,,,,,,,,,,37.332192040296,-11.666310012593,,,,,,,,,,,,,,,,,,3.342616144E3
1911,LTUH,BPM,BPMDL3,Stripline-10,0.0,,,,,,,,,,8.0,1.327960037E3,3.342616144E3,-1.124314,0.480116,0.41E-4,-0.4668E-2,-0.8727E-2,,,,,,,,,,,,,,,,,,,,,,,,,,,,,3.342616144E3
1914,LTUH,YCOR,YCDL3,class-4,0.0,,,,,,,,,,8.0,1.328440037E3,3.34309612E3,-1.128503,0.482356,0.41E-4,-0.4668E-2,-0.8727E-2,,,,,,,,,,,,,,,,,,,,,,,,,,,,,3.34309612E3
1916,LTUH,COLL,CEDL3,HCOLL,0.08,,,,,,,,,,8.0,1.329384279E3,3.344040316E3,-1.136743,0.486764,0.41E-4,-0.4668E-2,-0.8727E-2,,,,,,,,,,,,,,,,,,,,,,,,0.46E-2,0.04,,,,3.344040316E3
1918,LTUH,QUAD,CQ32,1.26Q3.5,0.108,0.032,,0.0,,0.0,,,,,8.0,1.334960037E3,3.349615801E3,-1.1854,0.512794,0.41E-4,-0.4668E-2,-0.8727E-2,,,,,,,,,,0.0,0.0,,,,,,,,,,,,,,,,,,3.349615801E3
1921,LTUH,COLL,CYBX36,VCOLL,0.06,,,,,,,,,,8.0,1.340211216E3,3.354866722E3,-1.231225,0.537308,0.41E-4,-0.4668E-2,-0.8727E-2,,,,,,,,,,,,,,,,,,,,,,,,0.04,0.3E-2,,,,3.3548667225E3
1923,LTUH,BEND,BX36,0.68D102.36T,2.623008,0.0172466,-0.499999821926,0.0,,0.0,-0.249999910963,-0.249999910963,,,8.0,1.34236272E3,3.357018142E3,-1.247139,0.547352,0.2E-4,-0.4668E-2,-0.4363E-2,,,,,,2.622999676952,0.5237,-2.328715856941,0.088780356634,0.0,0.0,,,,3.357018148E3,-1.245708,0.547352,0.0,-0.4668E-2,-0.4363E-2,,,,,,,,,3.357018142E3
1925,LTUH,MARK,CNTLT3H,CENTER,,,,,,,,,,,8.0,1.343674224E3,3.358329628E3,-1.25,0.553475,0.0,-0.4669E-2,0.0,,,,,,,,,,,,,,,,,,,,,,,,,,,,,3.358329628E3
1927,LTUH,QUAD,QT31,0.91Q17.72,0.46092,0.023,,-0.4209378273,,0.0,,,,,8.0,1.344404684E3,3.35906008E3,-1.25,0.556885,0.0,-0.4669E-2,0.0,,,,,,,,,,-51.774127810332,11.232779616925,,,,,,,,,,,,,,,,,,3.35906008E3
1930,LTUH,XCOR,XCQT32,class-5f,0.0,,,,,,,,,,8.0,1.345145604E3,3.359800992E3,-1.25,0.560344,0.0,-0.4669E-2,0.0,,,,,,,,,,,,,,,,,,,,,,,,,,,,,3.359800992E3
1932,LTUH,QUAD,QT32,0.91Q17.72,0.46092,0.023,,0.839614778,,0.0,,,,,8.0,1.345865604E3,3.360520984E3,-1.25,0.563705,0.0,-0.4669E-2,0.0,,,,,,,,,,1.032701743781E2,-22.405227453379,,,,,,,,,,,,,,,,,,3.360520984E3
1933,LTUH,BPM,BPMT32,Stripline-7,0.0,,,,,,,,,,8.0,1.345865604E3,3.360520984E3,-1.25,0.563705,0.0,-0.4669E-2,0.0,,,,,,,,,,,,,,,,,,,,,,,,,,,,,3.360520984E3
1936,LTUH,YCOR,YCQT32,class-5f,0.0,,,,,,,,,,8.0,1.346596524E3,3.361251896E3,-1.25,0.567118,0.0,-0.4669E-2,0.0,,,,,,,,,,,,,,,,,,,,,,,,,,,,,3.361251896E3
1938,LTUH,QUAD,QT33,0.91Q17.72,0.46092,0.023,,-0.4209378273,,0.0,,,,,8.0,1.347326524E3,3.361981888E3,-1.25,0.570526,0.0,-0.4669E-2,0.0,,,,,,,,,,-51.774127810332,11.232779616925,,,,,,,,,,,,,,,,,,3.361981888E3
1941,LTUH,MARK,SS3,,,,,,,,,,,,8.0,1.348056984E3,3.36271234E3,-1.25,0.573936,0.0,-0.4669E-2,0.0,,,,,,,,,,,,,,,,,,,,,,,,,,,,,3.36271234E3
1943,LTUH,MARK,CC36BEG,,,,,,,,,,,,8.0,1.348327304E3,3.362982657E3,-1.25,0.575198,0.0,-0.4669E-2,0.0,,,,,,,,,,,,,,,,,,,,,,,,,,,,,3.362982657E3
1944,LTUH,BEND,BCX361,0.788D11.50,0.350003,0.032,0.4083944847,0.0,,0.0,0.0,0.4083944847,,,8.0,1.348502304E3,3.363157655E3,-1.250312,0.576015,0.17E-4,-0.4668E-2,-0.3564E-2,,,,,,0.350000036302,0.8436,1.902070102233,-0.543443942547,0.0,0.0,,,,3.363157655E3,-1.255,0.576015,0.0,-0.4669E-2,0.0,,,,,,,,,3.363157655E3
1947,LTUH,BEND,BCX362,0.788D11.50,0.350003,0.032,-0.4083944847,0.0,,0.0,-0.4083944847,0.0,,,8.0,1.349052315E3,3.363707649E3,-1.253608,0.578582,0.17E-4,-0.4668E-2,-0.3564E-2,,,,,,0.350000036302,0.8436,-1.902070102233,0.543443942547,0.0,0.0,,,,3.363707649E3,-1.255,0.578582,0.0,-0.4669E-2,0.0,,,,,,,,,3.363707649E3
1950,LTUH,BEND,BCX363,0.788D11.50,0.350003,0.032,-0.4083944847,0.0,,0.0,0.0,-0.4083944847,,,8.0,1.349602315E3,3.364257643E3,-1.253608,0.58115,-0.17E-4,-0.4668E-2,0.3564E-2,,,,,,0.350000036302,0.8436,-1.902070102233,0.543443942547,0.0,0.0,,,,3.364257643E3,-1.255,0.58115,0.0,-0.4669E-2,0.0,,,,,,,,,3.364257643E3
1953,LTUH,BEND,BCX364,0.788D11.50,0.350003,0.032,0.4083944847,0.0,,0.0,0.4083944847,0.0,,,8.0,1.350152326E3,3.364807637E3,-1.250312,0.583718,-0.17E-4,-0.4668E-2,0.3564E-2,,,,,,0.350000036302,0.8436,1.902070102233,-0.543443942547,0.0,0.0,,,,3.364807637E3,-1.255,0.583718,0.0,-0.4669E-2,0.0,,,,,,,,,3.364807637E3
1955,LTUH,MARK,CC36END,,,,,,,,,,,,8.0,1.350327326E3,3.364982635E3,-1.25,0.584535,0.0,-0.4669E-2,0.0,,,,,,,,,,,,,,,,,,,,,,,,,,,,,3.364982635E3
1957,LTUH,INST,PC43,BCS plate,0.2032,,,,,,,,,,8.0,1.350553816E3,3.365209123E3,-1.25,0.585592,0.0,-0.4669E-2,0.0,,,,,,,,,,,,,,,,,,,,,,,,,,,,,3.365209123E3
1958,LTUH,INST,BTM43,PPS BTM,0.0,,,,,,,,,,8.0,1.350655416E3,3.365310722E3,-1.25,0.586066,0.0,-0.4669E-2,0.0,,,,,,,,,,,,,,,,,,,,,,,,,,,,,3.365310722E3
1960,LTUH,IMON,IMBCS2,120Hz toroid,0.0,,,,,,,,,,8.0,1.350980006E3,3.365635308E3,-1.25,0.587582,0.0,-0.4669E-2,0.0,,,,,,,,,,,,,,,,,,,,,,,,,,,,,3.365635308E3
1962,LTUH,INST,PC05,BCS plate,0.0635,,,,,,,,,,8.0,1.352273666E3,3.366928954E3,-1.25,0.593621,0.0,-0.4669E-2,0.0,,,,,,,,,,,,,,,,,,,,,,,,,,,,,3.366928954E3
1963,LTUH,INST,BTM05,PPS BTM,0.0,,,,,,,,,,8.0,1.352305416E3,3.366960704E3,-1.25,0.593769,0.0,-0.4669E-2,0.0,,,,,,,,,,,,,,,,,,,,,,,,,,,,,3.366960704E3
1965,LTUH,WIRE,WSDL4,slow,0.0,,,,,,,,,,8.0,1.360003397E3,3.374658601E3,-1.25,0.629707,0.0,-0.4669E-2,0.0,,,,,,,,,,,,,,,,,,,,,,,,,,,,,3.374658601E3
1967,LTUH,INST,DCHIRPV,,2.0,,,,,,,,,,8.0,1.36210092E3,3.376756101E3,-1.25,0.6395,0.0,-0.4669E-2,0.0,,,,,,,,,,,,,,,,,,,,,,,,,,,,,3.376756101E3
1968,LTUH,MARK,MDCHIRPV,,,,,,,,,,,,8.0,1.36210092E3,3.376756101E3,-1.25,0.6395,0.0,-0.4669E-2,0.0,,,,,,,,,,,,,,,,,,,,,,,,,,,,,3.376756101E3
1971,LTUH,QUAD,QDL34,1.26Q12,0.32,0.032,,0.4371839702,,0.0,,,,,8.0,1.363771186E3,3.378426349E3,-1.25,0.647297,0.0,-0.4669E-2,0.0,,,,,,,,,,37.332192040296,-11.666310012593,,,,,,,,,,,,,,,,,,3.378426349E3
1972,LTUH,BPM,BPMDL4,Stripline-10,0.0,,,,,,,,,,8.0,1.363771186E3,3.378426349E3,-1.25,0.647297,0.0,-0.4669E-2,0.0,,,,,,,,,,,,,,,,,,,,,,,,,,,,,3.378426349E3
1975,LTUH,INST,DCHIRPH,,2.0,,,,,,,,,,8.0,1.365441057E3,3.380096201E3,-1.25,0.655093,0.0,-0.4669E-2,0.0,,,,,,,,,,,,,,,,,,,,,,,,,,,,,3.380096201E3
1976,LTUH,MARK,MDCHIRPH,,,,,,,,,,,,8.0,1.365441057E3,3.380096201E3,-1.25,0.655093,0.0,-0.4669E-2,0.0,,,,,,,,,,,,,,,,,,,,,,,,,,,,,3.380096201E3
1979,LTUH,XCOR,XCDL4,class-5f,0.0,,,,,,,,,,8.0,1.367050174E3,3.381705301E3,-1.25,0.662605,0.0,-0.4669E-2,0.0,,,,,,,,,,,,,,,,,,,,,,,,,,,,,3.381705301E3
1981,LTUH,YCOR,YCDL4,class-4,0.0,,,,,,,,,,8.0,1.36759088E3,3.382246001E3,-1.25,0.66513,0.0,-0.4669E-2,0.0,,,,,,,,,,,,,,,,,,,,,,,,,,,,,3.382246001E3
1983,LTUH,INST,PC06,BCS plate,0.0635,,,,,,,,,,8.0,1.374773666E3,3.389428708E3,-1.25,0.698662,0.0,-0.4669E-2,0.0,,,,,,,,,,,,,,,,,,,,,,,,,,,,,3.3894287085E3
1984,LTUH,INST,BTM06,PPS BTM,0.0,,,,,,,,,,8.0,1.374805416E3,3.389460458E3,-1.25,0.698811,0.0,-0.4669E-2,0.0,,,,,,,,,,,,,,,,,,,,,,,,,,,,,3.389460458E3
1987,LTUH,QUAD,QT41,0.91Q17.72,0.46092,0.023,,-0.4209378273,,0.0,,,,,8.0,1.380215826E3,3.394870809E3,-1.25,0.724069,0.0,-0.4669E-2,0.0,,,,,,,,,,-51.774127810332,11.232779616925,,,,,,,,,,,,,,,,,,3.394870809E3
1990,LTUH,XCOR,XCQT42,class-5,0.0,,,,,,,,,,8.0,1.381021286E3,3.395676261E3,-1.25,0.727829,0.0,-0.4669E-2,0.0,,,,,,,,,,,,,,,,,,,,,,,,,,,,,3.395676261E3
1992,LTUH,QUAD,QT42,0.91Q17.72,0.46092,0.023,,0.839614778,,0.0,,,,,8.0,1.381676746E3,3.396331714E3,-1.25,0.730889,0.0,-0.4669E-2,0.0,,,,,,,,,,1.032701743781E2,-22.405227453379,,,,,,,,,,,,,,,,,,3.396331714E3
1993,LTUH,BPM,BPMT42,Stripline-7,0.0,,,,,,,,,,8.0,1.381676746E3,3.396331714E3,-1.25,0.730889,0.0,-0.4669E-2,0.0,,,,,,,,,,,,,,,,,,,,,,,,,,,,,3.396331714E3
1996,LTUH,YCOR,YCQT42,class-5f,0.0,,,,,,,,,,8.0,1.382397219E3,3.397052179E3,-1.25,0.734253,0.0,-0.4669E-2,0.0,,,,,,,,,,,,,,,,,,,,,,,,,,,,,3.397052179E3
1998,LTUH,QUAD,QT43,0.91Q17.72,0.46092,0.023,,-0.4209378273,,0.0,,,,,8.0,1.383137666E3,3.397792618E3,-1.25,0.73771,0.0,-0.4669E-2,0.0,,,,,,,,,,-51.774127810332,11.232779616925,,,,,,,,,,,,,,,,,,3.397792618E3
2001,LTUH,MARK,MM2,,,,,,,,,,,,8.0,1.383868126E3,3.39852307E3,-1.25,0.74112,0.0,-0.4669E-2,0.0,,,,,,,,,,,,,,,,,,,,,,,,,,,,,3.39852307E3
2003,LTUH,IMON,IM36,120Hz toroid,0.0,,,,,,,,,,8.0,1.384130826E3,3.398785767E3,-1.25,0.742346,0.0,-0.4669E-2,0.0,,,,,,,,,,,,,,,,,,,,,,,,,,,,,3.398785767E3
2006,LTUH,YCOR,YCEM1,class-4,0.0,,,,,,,,,,8.0,1.385568586E3,3.400223511E3,-1.25,0.749058,0.0,-0.4669E-2,0.0,,,,,,,,,,,,,,,,,,,,,,,,,,,,,3.400223511E3
2008,LTUH,QUAD,QEM1,1.26Q12,0.32,0.032,,-0.390827736,,0.0,,,,,8.0,1.386098586E3,3.400753505E3,-1.25,0.751533,0.0,-0.4669E-2,0.0,,,,,,,,,,-33.373721567036,10.429287989699,,,,,,,,,,,,,,,,,,3.400753505E3
2009,LTUH,BPM,BPMEM1,Stripline-10,0.0,,,,,,,,,,8.0,1.386098586E3,3.400753505E3,-1.25,0.751533,0.0,-0.4669E-2,0.0,,,,,,,,,,,,,,,,,,,,,,,,,,,,,3.400753505E3
2012,LTUH,QUAD,QEM2,1.26Q12,0.32,0.032,,0.4322157081,,0.0,,,,,8.0,1.390559506E3,3.405214377E3,-1.25,0.772359,0.0,-0.4669E-2,0.0,,,,,,,,,,36.907940175026,-11.533731304696,,,,,,,,,,,,,,,,,,3.405214377E3
2013,LTUH,BPM,BPMEM2,Stripline-10,0.0,,,,,,,,,,8.0,1.390559506E3,3.405214377E3,-1.25,0.772359,0.0,-0.4669E-2,0.0,,,,,,,,,,,,,,,,,,,,,,,,,,,,,3.405214377E3
2016,LTUH,XCOR,XCEM2,class-4,0.0,,,,,,,,,,8.0,1.391219506E3,3.40587437E3,-1.25,0.77544,0.0,-0.4669E-2,0.0,,,,,,,,,,,,,,,,,,,,,,,,,,,,,3.40587437E3
2018,LTUH,INST,PC07,BCS plate,0.0635,,,,,,,,,,8.0,1.395613666E3,3.410268482E3,-1.25,0.795954,0.0,-0.4669E-2,0.0,,,,,,,,,,,,,,,,,,,,,,,,,,,,,3.4102684815E3
2019,LTUH,INST,BTM07,PPS BTM,0.0,,,,,,,,,,8.0,1.395645416E3,3.410300231E3,-1.25,0.796102,0.0,-0.4669E-2,0.0,,,,,,,,,,,,,,,,,,,,,,,,,,,,,3.410300231E3
2021,LTUH,YCOR,YCEM3,class-4,0.0,,,,,,,,,,8.0,1.402490426E3,3.417145167E3,-1.25,0.828058,0.0,-0.4669E-2,0.0,,,,,,,,,,,,,,,,,,,,,,,,,,,,,3.417145167E3
2023,LTUH,QUAD,QEM3,1.26Q12,0.32,0.032,,-0.5934339505,,0.0,,,,,8.0,1.403020426E3,3.417675161E3,-1.25,0.830532,0.0,-0.4669E-2,0.0,,,,,,,,,,-50.674754138773,15.835860668367,,,,,,,,,,,,,,,,,,3.417675161E3
2024,LTUH,BPM,BPMEM3,Stripline-10,0.0,,,,,,,,,,8.0,1.403020426E3,3.417675161E3,-1.25,0.830532,0.0,-0.4669E-2,0.0,,,,,,,,,,,,,,,,,,,,,,,,,,,,,3.417675161E3
2027,LTUH,QUAD,QEM3V,1.26Q3.5,0.108,0.032,,0.0,,0.0,,,,,8.0,1.404007725E3,3.418662449E3,-1.25,0.835142,0.0,-0.4669E-2,0.0,,,,,,,,,,0.0,0.0,,,,,,,,,,,,,,,,,,3.418662449E3
2030,LTUH,XCOR,XCEM4,class-4,0.0,,,,,,,,,,8.0,1.406821346E3,3.42147604E3,-1.25,0.848277,0.0,-0.4669E-2,0.0,,,,,,,,,,,,,,,,,,,,,,,,,,,,,3.42147604E3
2032,LTUH,QUAD,QEM4,1.26Q12,0.32,0.032,,0.4204852592,,0.0,,,,,8.0,1.407481346E3,3.422136032E3,-1.25,0.851358,0.0,-0.4669E-2,0.0,,,,,,,,,,35.906248894229,-11.220702779446,,,,,,,,,,,,,,,,,,3.422136032E3
2033,LTUH,BPM,BPMEM4,Stripline-10,0.0,,,,,,,,,,8.0,1.407481346E3,3.422136032E3,-1.25,0.851358,0.0,-0.4669E-2,0.0,,,,,,,,,,,,,,,,,,,,,,,,,,,,,3.422136032E3
2036,*LTUH,BPM,RFBEM4,CavityS-1,0.0,,,,,,,,,,8.0,1.407841346E3,3.422496028E3,-1.25,0.853039,0.0,-0.4669E-2,0.0,,,,,,,,,,,,,,,,,,,,,,,,,,,,,3.422496028E3
2038,LTUH,INST,PC08,BCS plate,0.0635,,,,,,,,,,8.0,1.408563666E3,3.42321834E3,-1.25,0.856411,0.0,-0.4669E-2,0.0,,,,,,,,,,,,,,,,,,,,,,,,,,,,,3.4232183405E3
2039,LTUH,INST,BTM08,PPS BTM,0.0,,,,,,,,,,8.0,1.408595416E3,3.42325009E3,-1.25,0.856559,0.0,-0.4669E-2,0.0,,,,,,,,,,,,,,,,,,,,,,,,,,,,,3.42325009E3
2041,LTUH,MARK,DBMARK36,,,,,,,,,,,,8.0,1.409711806E3,3.424366468E3,-1.25,0.861771,0.0,-0.4669E-2,0.0,,,,,,,,,,,,,,,,,,,,,,,,,,,,,3.424366468E3
2042,LTUH,WIRE,WS31,fast,0.0,,,,,,,,,,8.0,1.409711806E3,3.424366468E3,-1.25,0.861771,0.0,-0.4669E-2,0.0,,,,,,,,,,,,,,,,,,,,,,,,,,,,,3.424366468E3
2045,LTUH,INST,PC09,BCS plate,0.0635,,,,,,,,,,8.0,1.415573666E3,3.430228264E3,-1.25,0.889137,0.0,-0.4669E-2,0.0,,,,,,,,,,,,,,,,,,,,,,,,,,,,,3.430228264E3
2046,LTUH,INST,BTM09,PPS BTM,0.0,,,,,,,,,,8.0,1.415605416E3,3.430260014E3,-1.25,0.889285,0.0,-0.4669E-2,0.0,,,,,,,,,,,,,,,,,,,,,,,,,,,,,3.430260014E3
2048,LTUH,XCOR,XCE31,class-4,0.0,,,,,,,,,,8.0,1.418047683E3,3.432702254E3,-1.25,0.900687,0.0,-0.4669E-2,0.0,,,,,,,,,,,,,,,,,,,,,,,,,,,,,3.432702254E3
2050,LTUH,QUAD,QE31,1.26Q3.5,0.108,0.032,,0.4027531982,,0.0,,,,,8.0,1.418527683E3,3.433182249E3,-1.25,0.902928,0.0,-0.4669E-2,0.0,,,,,,,,,,11.607322107313,-10.747520469735,,,,,,,,,,,,,,,,,,3.433182249E3
2051,LTUH,BPM,BPME31,Stripline-1,0.0,,,,,,,,,,8.0,1.418527683E3,3.433182249E3,-1.25,0.902928,0.0,-0.4669E-2,0.0,,,,,,,,,,,,,,,,,,,,,,,,,,,,,3.433182249E3
2057,LTUH,YCOR,YCE32,class-4,0.0,,,,,,,,,,8.0,1.435669436E3,3.450323815E3,-1.25,0.982954,0.0,-0.4669E-2,0.0,,,,,,,,,,,,,,,,,,,,,,,,,,,,,3.450323815E3
2059,LTUH,QUAD,QE32,1.26Q3.5,0.108,0.032,,-0.4027531982,,0.0,,,,,8.0,1.436159436E3,3.45081381E3,-1.25,0.985242,0.0,-0.4669E-2,0.0,,,,,,,,,,-11.607322107313,10.747520469735,,,,,,,,,,,,,,,,,,3.45081381E3
2060,LTUH,BPM,BPME32,Stripline-1,0.0,,,,,,,,,,8.0,1.436159436E3,3.45081381E3,-1.25,0.985242,0.0,-0.4669E-2,0.0,,,,,,,,,,,,,,,,,,,,,,,,,,,,,3.45081381E3
2063,*LTUH,BPM,RFBE32,CavityS-1,0.0,,,,,,,,,,8.0,1.436413436E3,3.451067807E3,-1.25,0.986427,0.0,-0.4669E-2,0.0,,,,,,,,,,,,,,,,,,,,,,,,,,,,,3.451067807E3
2067,LTUH,WIRE,WS32,fast,0.0,,,,,,,,,,8.0,1.444975313E3,3.45962959E3,-1.25,1.026399,0.0,-0.4669E-2,0.0,,,,,,,,,,,,,,,,,,,,,,,,,,,,,3.45962959E3
2070,LTUH,XCOR,XCE33,class-4,0.0,,,,,,,,,,8.0,1.453281189E3,3.467935377E3,-1.25,1.065175,0.0,-0.4669E-2,0.0,,,,,,,,,,,,,,,,,,,,,,,,,,,,,3.467935377E3
2072,LTUH,QUAD,QE33,1.26Q3.5,0.108,0.032,,0.4027531982,,0.0,,,,,8.0,1.453791189E3,3.468445371E3,-1.25,1.067555,0.0,-0.4669E-2,0.0,,,,,,,,,,11.607322107313,-10.747520469735,,,,,,,,,,,,,,,,,,3.468445371E3
2073,LTUH,BPM,BPME33,Stripline-1,0.0,,,,,,,,,,8.0,1.453791189E3,3.468445371E3,-1.25,1.067555,0.0,-0.4669E-2,0.0,,,,,,,,,,,,,,,,,,,,,,,,,,,,,3.468445371E3
2076,LTUH,PROF,YAGPSI,YAG PAL,0.0,,,,,,,,,,8.0,1.461795916E3,3.476450011E3,-1.25,1.104926,0.0,-0.4669E-2,0.0,,,,,,,,,,,,,,,,,,,,,,,,,,,,,3.476450011E3
2078,LTUH,PROF,OTR33,OTR,0.0,,,,,,,,,,8.0,1.462607066E3,3.477261152E3,-1.25,1.108712,0.0,-0.4669E-2,0.0,,,,,,,,,,,,,,,,,,,,,,,,,,,,,3.477261152E3
2080,LTUH,YCOR,YCE34,class-4,0.0,,,,,,,,,,8.0,1.470942943E3,3.485596937E3,-1.25,1.147628,0.0,-0.4669E-2,0.0,,,,,,,,,,,,,,,,,,,,,,,,,,,,,3.485596937E3
2082,LTUH,QUAD,QE34,1.26Q3.5,0.108,0.032,,-0.4027531982,,0.0,,,,,8.0,1.471422943E3,3.486076932E3,-1.25,1.149869,0.0,-0.4669E-2,0.0,,,,,,,,,,-11.607322107313,10.747520469735,,,,,,,,,,,,,,,,,,3.486076932E3
2083,LTUH,BPM,BPME34,Stripline-1,0.0,,,,,,,,,,8.0,1.471422943E3,3.486076932E3,-1.25,1.149869,0.0,-0.4669E-2,0.0,,,,,,,,,,,,,,,,,,,,,,,,,,,,,3.486076932E3
2086,*LTUH,BPM,RFBE34,CavityS-1,0.0,,,,,,,,,,8.0,1.471676943E3,3.486330929E3,-1.25,1.151055,0.0,-0.4669E-2,0.0,,,,,,,,,,,,,,,,,,,,,,,,,,,,,3.486330929E3
2088,LTUH,WIRE,WS33,fast,0.0,,,,,,,,,,8.0,1.480238819E3,3.494892713E3,-1.25,1.191026,0.0,-0.4669E-2,0.0,,,,,,,,,,,,,,,,,,,,,,,,,,,,,3.494892713E3
2091,LTUH,XCOR,XCE35,class-4,0.0,,,,,,,,,,8.0,1.488394696E3,3.503048501E3,-1.25,1.229102,0.0,-0.4669E-2,0.0,,,,,,,,,,,,,,,,,,,,,,,,,,,,,3.503048501E3
2093,LTUH,QUAD,QE35,1.26Q3.5,0.108,0.032,,0.4027531982,,0.0,,,,,8.0,1.489054696E3,3.503708493E3,-1.25,1.232183,0.0,-0.4669E-2,0.0,,,,,,,,,,11.607322107313,-10.747520469735,,,,,,,,,,,,,,,,,,3.503708493E3
2094,LTUH,BPM,BPME35,Stripline-1,0.0,,,,,,,,,,8.0,1.489054696E3,3.503708493E3,-1.25,1.232183,0.0,-0.4669E-2,0.0,,,,,,,,,,,,,,,,,,,,,,,,,,,,,3.503708493E3
2100,LTUH,YCOR,YCE36,class-4,0.0,,,,,,,,,,8.0,1.506206449E3,3.52086006E3,-1.25,1.312256,0.0,-0.4669E-2,0.0,,,,,,,,,,,,,,,,,,,,,,,,,,,,,3.52086006E3
2102,LTUH,QUAD,QE36,1.26Q3.5,0.108,0.032,,-0.4027531982,,0.0,,,,,8.0,1.506686449E3,3.521340055E3,-1.25,1.314497,0.0,-0.4669E-2,0.0,,,,,,,,,,-11.607322107313,10.747520469735,,,,,,,,,,,,,,,,,,3.521340055E3
2103,LTUH,BPM,BPME36,Stripline-1,0.0,,,,,,,,,,8.0,1.506686449E3,3.521340055E3,-1.25,1.314497,0.0,-0.4669E-2,0.0,,,,,,,,,,,,,,,,,,,,,,,,,,,,,3.521340055E3
2106,*LTUH,BPM,RFBE36,CavityS-1,0.0,,,,,,,,,,8.0,1.506940449E3,3.521594052E3,-1.25,1.315683,0.0,-0.4669E-2,0.0,,,,,,,,,,,,,,,,,,,,,,,,,,,,,3.521594052E3
2110,LTUH,WIRE,WS34,fast,0.0,,,,,,,,,,8.0,1.515502326E3,3.530155835E3,-1.25,1.355654,0.0,-0.4669E-2,0.0,,,,,,,,,,,,,,,,,,,,,,,,,,,,,3.530155835E3
2112,LTUH,MARK,DWS35,,,,,,,,,,,,8.0,1.515870626E3,3.530524131E3,-1.25,1.357373,0.0,-0.4669E-2,0.0,,,,,,,,,,,,,,,,,,,,,,,,,,,,,3.530524131E3
2115,LTUH,MARK,DWS36,,,,,,,,,,,,8.0,1.516067476E3,3.530720979E3,-1.25,1.358292,0.0,-0.4669E-2,0.0,,,,,,,,,,,,,,,,,,,,,,,,,,,,,3.530720979E3
2119,LTUH,XCOR,XCUM1,class-4f,0.0,,,,,,,,,,8.0,1.520832786E3,3.535486237E3,-1.25,1.380539,0.0,-0.4669E-2,0.0,,,,,,,,,,,,,,,,,,,,,,,,,,,,,3.535486237E3
2121,LTUH,QUAD,QUM1,1.26Q12,0.32,0.032,,0.2727414089,,0.0,,,,,8.0,1.521482786E3,3.53613623E3,-1.25,1.383574,0.0,-0.4669E-2,0.0,,,,,,,,,,23.290045720885,-7.278139287776,,,,,,,,,,,,,,,,,,3.53613623E3
2122,LTUH,BPM,BPMUM1,Stripline-10,0.0,,,,,,,,,,8.0,1.521482786E3,3.53613623E3,-1.25,1.383574,0.0,-0.4669E-2,0.0,,,,,,,,,,,,,,,,,,,,,,,,,,,,,3.53613623E3
2129,LTUH,YCOR,YCUM2,class-4f,0.0,,,,,,,,,,8.0,1.527663706E3,3.542317083E3,-1.25,1.412429,0.0,-0.4669E-2,0.0,,,,,,,,,,,,,,,,,,,,,,,,,,,,,3.542317083E3
2131,LTUH,QUAD,QUM2,1.26Q12,0.32,0.032,,-0.2706012683,,0.0,,,,,8.0,1.528193706E3,3.542847077E3,-1.25,1.414903,0.0,-0.4669E-2,0.0,,,,,,,,,,-23.107293961171,7.221029362866,,,,,,,,,,,,,,,,,,3.542847077E3
2132,LTUH,BPM,BPMUM2,Stripline-10,0.0,,,,,,,,,,8.0,1.528193706E3,3.542847077E3,-1.25,1.414903,0.0,-0.4669E-2,0.0,,,,,,,,,,,,,,,,,,,,,,,,,,,,,3.542847077E3
2136,LTUH,XCOR,XCUM3,class-4f,0.0,,,,,,,,,,8.0,1.536114626E3,3.550767911E3,-1.25,1.451882,0.0,-0.4669E-2,0.0,,,,,,,,,,,,,,,,,,,,,,,,,,,,,3.550767911E3
2138,LTUH,QUAD,QUM3,1.26Q12,0.32,0.032,,0.2787626784,,0.0,,,,,8.0,1.536654626E3,3.551307905E3,-1.25,1.454403,0.0,-0.4669E-2,0.0,,,,,,,,,,23.80421642389,-7.438817632466,,,,,,,,,,,,,,,,,,3.551307905E3
2139,LTUH,BPM,BPMUM3,Stripline-10,0.0,,,,,,,,,,8.0,1.536654626E3,3.551307905E3,-1.25,1.454403,0.0,-0.4669E-2,0.0,,,,,,,,,,,,,,,,,,,,,,,,,,,,,3.551307905E3
2143,LTUH,MARK,EOBLM,,,,,,,,,,,,8.0,1.539093025E3,3.553746277E3,-1.25,1.465787,0.0,-0.4669E-2,0.0,,,,,,,,,,,,,,,,,,,,,,,,,,,,,3.553746277E3
2145,LTUH,YCOR,YCUM4,class-4f,0.0,,,,,,,,,,8.0,1.540455546E3,3.555108783E3,-1.25,1.472148,0.0,-0.4669E-2,0.0,,,,,,,,,,,,,,,,,,,,,,,,,,,,,3.555108783E3
2147,LTUH,QUAD,QUM4,1.26Q12,0.32,0.032,,-0.2474708899,,0.0,,,,,8.0,1.541115546E3,3.555768776E3,-1.25,1.475229,0.0,-0.4669E-2,0.0,,,,,,,,,,-21.132135247098,6.603792264718,,,,,,,,,,,,,,,,,,3.555768776E3
2148,LTUH,BPM,BPMUM4,Stripline-10,0.0,,,,,,,,,,8.0,1.541115546E3,3.555768776E3,-1.25,1.475229,0.0,-0.4669E-2,0.0,,,,,,,,,,,,,,,,,,,,,,,,,,,,,3.555768776E3
2151,LTUH,BPM,RFB07,CavityX-1,0.0,,,,,,,,,,8.0,1.541873006E3,3.556526228E3,-1.25,1.478765,0.0,-0.4669E-2,0.0,,,,,,,,,,,,,,,,,,,,,,,,,,,,,3.556526228E3
2153,LTUH,IMON,IMUNDI,120Hz toroid,0.0,,,,,,,,,,8.0,1.542373006E3,3.557026222E3,-1.25,1.481099,0.0,-0.4669E-2,0.0,,,,,,,,,,,,,,,,,,,,,,,,,,,,,3.557026222E3
2155,LTUH,BLMO,BLTOF,,0.0,,,,,,,,,,8.0,1.54262455E3,3.557277763E3,-1.25,1.482274,0.0,-0.4669E-2,0.0,,,,,,,,,,,,,,,,,,,,,,,,,,,,,3.557277763E3
2157,LTUH,MARK,MUHWALL1,,,,,,,,,,,,8.0,1.542764592E3,3.557417804E3,-1.25,1.482928,0.0,-0.4669E-2,0.0,,,,,,,,,,,,,,,,,,,,,,,,,,,,,3.557417804E3
2160,LTUH,BPM,RFB08,CavityX-1,0.0,,,,,,,,,,8.0,1.544621101E3,3.559274292E3,-1.25,1.491595,0.0,-0.4669E-2,0.0,,,,,,,,,,,,,,,,,,,,,,,,,,,,,3.559274292E3
2162,LTUH,MARK,MUHWALL2,,,,,,,,,,,,8.0,1.545024592E3,3.559677779E3,-1.25,1.493478,0.0,-0.4669E-2,0.0,,,,,,,,,,,,,,,,,,,,,,,,,,,,,3.559677779E3
2166,LTUH,INST,TDUND,,0.0,,,,,,,,,,8.0,1.546332807E3,3.56098598E3,-1.25,1.499586,0.0,-0.4669E-2,0.0,,,,,,,,,,,,,,,,,,,,,,,,,,,,,3.56098598E3
2169,LTUH,PC,PCMUON,,1.1684,,,,,,,,,,8.0,1.547296358E3,3.561949521E3,-1.25,1.504084,0.0,-0.4669E-2,0.0,,,,,,,,,,,,,,,,,,,,,,,,0.432E-2,0.864E-2,,,,3.5619495205E3
2171,LTUH,MARK,VV999,installed,,,,,,,,,,,8.0,1.548067302E3,3.562720456E3,-1.25,1.507683,0.0,-0.4669E-2,0.0,,,,,,,,,,,,,,,,,,,,,,,,,,,,,3.562720456E3
2173,LTUH,MARK,RWWAKE4H,WAKE,,,,,,,,,,,8.0,1.548085417E3,3.562738571E3,-1.25,1.507768,0.0,-0.4669E-2,0.0,,,,,,,,,,,,,,,,,,,,,,,,,,,,,3.562738571E3
2174,LTUH,INST,ENDLTUH,,,,,,,,,,,,8.0,1.548085417E3,3.562738571E3,-1.25,1.507768,0.0,-0.4669E-2,0.0,,,,,,,,,,,,,,,,,,,,,,,,,,,,,3.562738571E3
2175,UNDH,INST,BEGUNDH,,,,,,,,,,,,8.0,1.548085417E3,3.562738571E3,-1.25,1.507768,0.0,-0.4669E-2,0.0,,,,,,,,,,,,,,,,,,,,,,,,,,,,,3.562738571E3
2177,UNDH,BPM,RFBHX12,CavityX-1,0.05,,,,,,,,,,8.0,1.548252028E3,3.56290518E3,-1.25,1.508546,0.0,-0.4669E-2,0.0,,,,,,,,,,,,,,,,,,,,,,,,,,,,,3.56290518E3
2179,UNDH,MARK,MM3,,,,,,,,,,,,8.0,1.548346009E3,3.56299916E3,-1.25,1.508984,0.0,-0.4669E-2,0.0,,,,,,,,,,,,,,,,,,,,,,,,,,,,,3.56299916E3
2180,UNDH,MARK,PFILT1,,,,,,,,,,,,8.0,1.548346009E3,3.56299916E3,-1.25,1.508984,0.0,-0.4669E-2,0.0,,,,,,,,,,,,,,,,,,,,,,,,,,,,,3.56299916E3
2181,UNDH,MARK,DBMARK37,,,,,,,,,,,,8.0,1.548346009E3,3.56299916E3,-1.25,1.508984,0.0,-0.4669E-2,0.0,,,,,,,,,,,,,,,,,,,,,,,,,,,,,3.56299916E3
2184,UNDH,MARK,HXRSTART,,,,,,,,,,,,8.0,1.548440401E3,3.563093551E3,-1.25,1.509425,0.0,-0.4669E-2,0.0,,,,,,,,,,,,,,,,,,,,,,,,,,,,,3.563093551E3
2185,UNDH,MARK,HXR13BEG,,,,,,,,,,,,8.0,1.548440401E3,3.563093551E3,-1.25,1.509425,0.0,-0.4669E-2,0.0,,,,,,,,,,,,,,,,,,,,,,,,,,,,,3.563093551E3
2188,UNDH,MARK,HXRCB1BEG,,,,,,,,,,,,8.0,1.548481385E3,3.563134534E3,-1.25,1.509616,0.0,-0.4669E-2,0.0,,,,,,,,,,,,,,,,,,,,,,,,,,,,,3.563134534E3
2190,UNDH,BEND,BCXCBX11,0.276D14-C,0.368,0.7E-2,0.0,0.0,,0.0,0.0,0.0,,,8.0,1.548705004E3,3.563358151E3,-1.25,1.51066,0.0,-0.4669E-2,0.0,,,,,,0.368,1.0408,0.0,0.0,0.0,0.0,,,,3.563358151E3,-1.249,1.51066,0.0,-0.4669E-2,0.0,,,,,,,,,3.563358151E3
2193,UNDH,INST,MCBX4,,0.0,,,,,,,,,,8.0,1.54936122E3,3.56401436E3,-1.25,1.513724,0.0,-0.4669E-2,0.0,,,,,,,,,,,,,,,,,,,,,,,,,,,,,3.56401436E3
2195,UNDH,PROF,YAGCBX42,,0.0,,,,,,,,,,8.0,1.54946712E3,3.564120259E3,-1.25,1.514218,0.0,-0.4669E-2,0.0,,,,,,,,,,,,,,,,,,,,,,,,,,,,,3.564120259E3
2197,UNDH,BEND,BCXCBX12,0.276D14-C,0.368,0.7E-2,0.0,0.0,,0.0,0.0,0.0,,,8.0,1.549935354E3,3.564588487E3,-1.25,1.516404,0.0,-0.4669E-2,0.0,,,,,,0.368,1.0408,0.0,0.0,0.0,0.0,,,,3.564588487E3,-1.2403,1.516404,0.0,-0.4669E-2,0.0,,,,,,,,,3.564588487E3
2200,UNDH,MARK,CENTER1,,,,,,,,,,,,8.0,1.550203235E3,3.564856366E3,-1.25,1.517655,0.0,-0.4669E-2,0.0,,,,,,,,,,,,,,,,,,,,,,,,,,,,,3.564856366E3
2202,UNDH,BEND,BCXCBX13,0.276D14-C,0.368,0.7E-2,0.0,0.0,,0.0,0.0,0.0,,,8.0,1.550471117E3,3.565124245E3,-1.25,1.518905,0.0,-0.4669E-2,0.0,,,,,,0.368,1.0408,0.0,0.0,0.0,0.0,,,,3.565124245E3,-1.2403,1.518905,0.0,-0.4669E-2,0.0,,,,,,,,,3.565124245E3
2205,UNDH,PROF,PRCBX40,,0.0,,,,,,,,,,8.0,1.551218226E3,3.565871346E3,-1.25,1.522393,0.0,-0.4669E-2,0.0,,,,,,,,,,,,,,,,,,,,,,,,,,,,,3.565871346E3
2207,UNDH,BOD,BODCBX40,,0.0,,,,,,,,,,8.0,1.551223916E3,3.565877035E3,-1.25,1.52242,0.0,-0.4669E-2,0.0,,,,,,,,,,,,,,,,,,,,,,,,,,,,,3.565877035E3
2209,UNDH,BEND,BCXCBX14,0.276D14-C,0.368,0.7E-2,0.0,0.0,,0.0,0.0,0.0,,,8.0,1.551701467E3,3.566354581E3,-1.25,1.524649,0.0,-0.4669E-2,0.0,,,,,,0.368,1.0408,0.0,0.0,0.0,0.0,,,,3.566354581E3,-1.249,1.524649,0.0,-0.4669E-2,0.0,,,,,,,,,3.566354581E3
2212,UNDH,MARK,HXRCB1END,,,,,,,,,,,,8.0,1.551985467E3,3.566638578E3,-1.25,1.525975,0.0,-0.4669E-2,0.0,,,,,,,,,,,,,,,,,,,,,,,,,,,,,3.566638578E3
2214,UNDH,QUAD,QHXH13,0.433Q3.1,0.084,0.011,,1.338359187,,0.0,,,,,8.0,1.552130829E3,3.566783938E3,-1.25,1.526654,0.0,-0.4669E-2,0.0,,,,,,,,,,29.999999927592,-35.714285628086,,,,,,,,,,,,,,,,,,3.566783938E3
2215,UNDH,XCOR,XCHX13,type-U,0.0,,,,,,,,,,8.0,1.552130829E3,3.566783938E3,-1.25,1.526654,0.0,-0.4669E-2,0.0,,,,,,,,,,,,,,,,,,,,,,,,,,,,,3.566783938E3
2216,UNDH,MARK,MUQH13,,,,,,,,,,,,8.0,1.552130829E3,3.566783938E3,-1.25,1.526654,0.0,-0.4669E-2,0.0,,,,,,,,,,,,,,,,,,,,,,,,,,,,,3.566783938E3
2217,UNDH,YCOR,YCHX13,type-U,0.0,,,,,,,,,,8.0,1.552130829E3,3.566783938E3,-1.25,1.526654,0.0,-0.4669E-2,0.0,,,,,,,,,,,,,,,,,,,,,,,,,,,,,3.566783938E3
2220,UNDH,BPM,RFBHX13,CavityX-1,0.05,,,,,,,,,,8.0,1.552260653E3,3.566913761E3,-1.25,1.52726,0.0,-0.4669E-2,0.0,,,,,,,,,,,,,,,,,,,,,,,,,,,,,3.566913761E3
2223,UNDH,MARK,HXR13END,,,,,,,,,,,,8.0,1.552453067E3,3.567106174E3,-1.25,1.528158,0.0,-0.4669E-2,0.0,,,,,,,,,,,,,,,,,,,,,,,,,,,,,3.567106174E3
2224,UNDH,MARK,HXR14BEG,,,,,,,,,,,,8.0,1.552453067E3,3.567106174E3,-1.25,1.528158,0.0,-0.4669E-2,0.0,,,,,,,,,,,,,,,,,,,,,,,,,,,,,3.567106174E3
2228,UNDH,USEG,UMAHXH14,HGVPU26,3.354,,,,,,,,,,8.0,1.554180067E3,3.568833155E3,-1.25,1.536221,0.0,-0.4669E-2,0.0,,,,,,,,,,,,,,,,,,,,,,0.026,2.0,,,,,,3.568833155E3
2229,UNDH,EFC,XCHU14,type-V,0.0,,,,,,,,,,8.0,1.554180067E3,3.568833155E3,-1.25,1.536221,0.0,-0.4669E-2,0.0,,,,,,,,,,,,,,,,,,,,,,,,,,,,,3.568833155E3
2230,UNDH,EFC,YCHU14,type-V,0.0,,,,,,,,,,8.0,1.554180067E3,3.568833155E3,-1.25,1.536221,0.0,-0.4669E-2,0.0,,,,,,,,,,,,,,,,,,,,,,,,,,,,,3.568833155E3
2234,UNDH,MARK,MBLMH14,,,,,,,,,,,,8.0,1.555917075E3,3.570570144E3,-1.25,1.54433,0.0,-0.4669E-2,0.0,,,,,,,,,,,,,,,,,,,,,,,,,,,,,3.570570144E3
2236,UNDH,QUAD,QHXH14,0.433Q3.1,0.084,0.011,,-1.338359187,,0.0,,,,,8.0,1.556010067E3,3.570663135E3,-1.25,1.544764,0.0,-0.4669E-2,0.0,,,,,,,,,,-29.999999927592,35.714285628086,,,,,,,,,,,,,,,,,,3.570663135E3
2237,UNDH,XCOR,XCHX14,type-U,0.0,,,,,,,,,,8.0,1.556010067E3,3.570663135E3,-1.25,1.544764,0.0,-0.4669E-2,0.0,,,,,,,,,,,,,,,,,,,,,,,,,,,,,3.570663135E3
2238,UNDH,MARK,MUQH14,,,,,,,,,,,,8.0,1.556010067E3,3.570663135E3,-1.25,1.544764,0.0,-0.4669E-2,0.0,,,,,,,,,,,,,,,,,,,,,,,,,,,,,3.570663135E3
2239,UNDH,YCOR,YCHX14,type-U,0.0,,,,,,,,,,8.0,1.556010067E3,3.570663135E3,-1.25,1.544764,0.0,-0.4669E-2,0.0,,,,,,,,,,,,,,,,,,,,,,,,,,,,,3.570663135E3
2242,UNDH,BPM,RFBHX14,CavityX-1,0.05,,,,,,,,,,8.0,1.556140067E3,3.570793134E3,-1.25,1.545371,0.0,-0.4669E-2,0.0,,,,,,,,,,,,,,,,,,,,,,,,,,,,,3.5707931335E3
2244,UNDH,USEG,PSHXH14,PS45,0.0495,,,,,,,,,,8.0,1.556267567E3,3.570920632E3,-1.25,1.545966,0.0,-0.4669E-2,0.0,,,,,,,,,,,,,,,,,,,,,,0.045,2.737835702998,,,,,,3.570920632E3
2245,UNDH,MARK,MPHH14,,,,,,,,,,,,8.0,1.556267567E3,3.570920632E3,-1.25,1.545966,0.0,-0.4669E-2,0.0,,,,,,,,,,,,,,,,,,,,,,,,,,,,,3.570920632E3
2248,UNDH,MARK,VVHXU14,,,,,,,,,,,,8.0,1.55637681E3,3.571029874E3,-1.25,1.546476,0.0,-0.4669E-2,0.0,,,,,,,,,,,,,,,,,,,,,,,,,,,,,3.571029874E3
2250,UNDH,MARK,HXR14END,,,,,,,,,,,,8.0,1.556465734E3,3.571118797E3,-1.25,1.546891,0.0,-0.4669E-2,0.0,,,,,,,,,,,,,,,,,,,,,,,,,,,,,3.571118797E3
2251,UNDH,MARK,HXR15BEG,,,,,,,,,,,,8.0,1.556465734E3,3.571118797E3,-1.25,1.546891,0.0,-0.4669E-2,0.0,,,,,,,,,,,,,,,,,,,,,,,,,,,,,3.571118797E3
2255,UNDH,USEG,UMAHXH15,HGVPU26,3.354,,,,,,,,,,8.0,1.558192734E3,3.572845778E3,-1.25,1.554954,0.0,-0.4669E-2,0.0,,,,,,,,,,,,,,,,,,,,,,0.026,2.0,,,,,,3.572845778E3
2256,UNDH,XCOR,XCHU15,type-V,0.0,,,,,,,,,,8.0,1.558192734E3,3.572845778E3,-1.25,1.554954,0.0,-0.4669E-2,0.0,,,,,,,,,,,,,,,,,,,,,,,,,,,,,3.572845778E3
2257,UNDH,EFC,YCHU15,type-V,0.0,,,,,,,,,,8.0,1.558192734E3,3.572845778E3,-1.25,1.554954,0.0,-0.4669E-2,0.0,,,,,,,,,,,,,,,,,,,,,,,,,,,,,3.572845778E3
2262,UNDH,EFC,QHXH15,0.433Q3.1,0.084,0.011,,1.338359187,,0.0,,,,,8.0,1.560022734E3,3.574675758E3,-1.25,1.563497,0.0,-0.4669E-2,0.0,,,,,,,,,,29.999999927592,-35.714285628086,,,,,,,,,,,,,,,,,,3.574675758E3
2263,UNDH,XCOR,XCHX15,type-U,0.0,,,,,,,,,,8.0,1.560022734E3,3.574675758E3,-1.25,1.563497,0.0,-0.4669E-2,0.0,,,,,,,,,,,,,,,,,,,,,,,,,,,,,3.574675758E3
2264,UNDH,MARK,MUQH15,,,,,,,,,,,,8.0,1.560022734E3,3.574675758E3,-1.25,1.563497,0.0,-0.4669E-2,0.0,,,,,,,,,,,,,,,,,,,,,,,,,,,,,3.574675758E3
2265,UNDH,YCOR,YCHX15,type-U,0.0,,,,,,,,,,8.0,1.560022734E3,3.574675758E3,-1.25,1.563497,0.0,-0.4669E-2,0.0,,,,,,,,,,,,,,,,,,,,,,,,,,,,,3.574675758E3
2268,UNDH,BPM,RFBHX15,CavityX-1,0.05,,,,,,,,,,8.0,1.560152734E3,3.574805756E3,-1.25,1.564104,0.0,-0.4669E-2,0.0,,,,,,,,,,,,,,,,,,,,,,,,,,,,,3.5748057565E3
2270,UNDH,USEG,PSHXH15,PS45,0.0495,,,,,,,,,,8.0,1.560280234E3,3.574933255E3,-1.25,1.564699,0.0,-0.4669E-2,0.0,,,,,,,,,,,,,,,,,,,,,,0.045,2.737835702998,,,,,,3.574933255E3
2271,UNDH,MARK,MPHH15,,,,,,,,,,,,8.0,1.560280234E3,3.574933255E3,-1.25,1.564699,0.0,-0.4669E-2,0.0,,,,,,,,,,,,,,,,,,,,,,,,,,,,,3.574933255E3
2276,UNDH,MARK,HXR15END,,,,,,,,,,,,8.0,1.560478401E3,3.57513142E3,-1.25,1.565624,0.0,-0.4669E-2,0.0,,,,,,,,,,,,,,,,,,,,,,,,,,,,,3.57513142E3
2277,UNDH,MARK,HXR16BEG,,,,,,,,,,,,8.0,1.560478401E3,3.57513142E3,-1.25,1.565624,0.0,-0.4669E-2,0.0,,,,,,,,,,,,,,,,,,,,,,,,,,,,,3.57513142E3
2281,UNDH,USEG,UMAHXH16,HGVPU26,3.354,,,,,,,,,,8.0,1.562205401E3,3.576858401E3,-1.25,1.573687,0.0,-0.4669E-2,0.0,,,,,,,,,,,,,,,,,,,,,,0.026,2.0,,,,,,3.576858401E3
2282,UNDH,EFC,XCHU16,type-V,0.0,,,,,,,,,,8.0,1.562205401E3,3.576858401E3,-1.25,1.573687,0.0,-0.4669E-2,0.0,,,,,,,,,,,,,,,,,,,,,,,,,,,,,3.576858401E3
2283,UNDH,EFC,YCHU16,type-V,0.0,,,,,,,,,,8.0,1.562205401E3,3.576858401E3,-1.25,1.573687,0.0,-0.4669E-2,0.0,,,,,,,,,,,,,,,,,,,,,,,,,,,,,3.576858401E3
2287,UNDH,MARK,MBLMH16,,,,,,,,,,,,8.0,1.563942409E3,3.57859539E3,-1.25,1.581796,0.0,-0.4669E-2,0.0,,,,,,,,,,,,,,,,,,,,,,,,,,,,,3.57859539E3
2289,UNDH,QUAD,QHXH16,0.433Q3.1,0.084,0.011,,-1.338359187,,0.0,,,,,8.0,1.564035401E3,3.578688381E3,-1.25,1.58223,0.0,-0.4669E-2,0.0,,,,,,,,,,-29.999999927592,35.714285628086,,,,,,,,,,,,,,,,,,3.578688381E3
2290,UNDH,XCOR,XCHX16,type-U,0.0,,,,,,,,,,8.0,1.564035401E3,3.578688381E3,-1.25,1.58223,0.0,-0.4669E-2,0.0,,,,,,,,,,,,,,,,,,,,,,,,,,,,,3.578688381E3
2291,UNDH,MARK,MUQH16,,,,,,,,,,,,8.0,1.564035401E3,3.578688381E3,-1.25,1.58223,0.0,-0.4669E-2,0.0,,,,,,,,,,,,,,,,,,,,,,,,,,,,,3.578688381E3
2292,UNDH,YCOR,YCHX16,type-U,0.0,,,,,,,,,,8.0,1.564035401E3,3.578688381E3,-1.25,1.58223,0.0,-0.4669E-2,0.0,,,,,,,,,,,,,,,,,,,,,,,,,,,,,3.578688381E3
2295,UNDH,BPM,RFBHX16,CavityX-1,0.05,,,,,,,,,,8.0,1.564165401E3,3.57881838E3,-1.25,1.582837,0.0,-0.4669E-2,0.0,,,,,,,,,,,,,,,,,,,,,,,,,,,,,3.5788183795E3
2297,UNDH,USEG,PSHXH16,PS45,0.0495,,,,,,,,,,8.0,1.564292901E3,3.578945878E3,-1.25,1.583432,0.0,-0.4669E-2,0.0,,,,,,,,,,,,,,,,,,,,,,0.045,2.737835702998,,,,,,3.578945878E3
2298,UNDH,MARK,MPHH16,,,,,,,,,,,,8.0,1.564292901E3,3.578945878E3,-1.25,1.583432,0.0,-0.4669E-2,0.0,,,,,,,,,,,,,,,,,,,,,,,,,,,,,3.578945878E3
2303,UNDH,MARK,HXR16END,,,,,,,,,,,,8.0,1.564491067E3,3.579144042E3,-1.25,1.584358,0.0,-0.4669E-2,0.0,,,,,,,,,,,,,,,,,,,,,,,,,,,,,3.579144042E3
2304,UNDH,MARK,HXR17BEG,,,,,,,,,,,,8.0,1.564491067E3,3.579144042E3,-1.25,1.584358,0.0,-0.4669E-2,0.0,,,,,,,,,,,,,,,,,,,,,,,,,,,,,3.579144042E3
2308,UNDH,USEG,UMAHXH17,HGVPU26,3.354,,,,,,,,,,8.0,1.566218067E3,3.580871024E3,-1.25,1.59242,0.0,-0.4669E-2,0.0,,,,,,,,,,,,,,,,,,,,,,0.026,2.0,,,,,,3.580871024E3
2309,UNDH,EFC,XCHU17,type-V,0.0,,,,,,,,,,8.0,1.566218067E3,3.580871024E3,-1.25,1.59242,0.0,-0.4669E-2,0.0,,,,,,,,,,,,,,,,,,,,,,,,,,,,,3.580871024E3
2310,UNDH,EFC,YCHU17,type-V,0.0,,,,,,,,,,8.0,1.566218067E3,3.580871024E3,-1.25,1.59242,0.0,-0.4669E-2,0.0,,,,,,,,,,,,,,,,,,,,,,,,,,,,,3.580871024E3
2315,UNDH,QUAD,QHXH17,0.433Q3.1,0.084,0.011,,1.338359187,,0.0,,,,,8.0,1.568048067E3,3.582701004E3,-1.25,1.600963,0.0,-0.4669E-2,0.0,,,,,,,,,,29.999999927592,-35.714285628086,,,,,,,,,,,,,,,,,,3.582701004E3
2316,UNDH,XCOR,XCHX17,type-U,0.0,,,,,,,,,,8.0,1.568048067E3,3.582701004E3,-1.25,1.600963,0.0,-0.4669E-2,0.0,,,,,,,,,,,,,,,,,,,,,,,,,,,,,3.582701004E3
2317,UNDH,MARK,MUQH17,,,,,,,,,,,,8.0,1.568048067E3,3.582701004E3,-1.25,1.600963,0.0,-0.4669E-2,0.0,,,,,,,,,,,,,,,,,,,,,,,,,,,,,3.582701004E3
2318,UNDH,YCOR,YCHX17,type-U,0.0,,,,,,,,,,8.0,1.568048067E3,3.582701004E3,-1.25,1.600963,0.0,-0.4669E-2,0.0,,,,,,,,,,,,,,,,,,,,,,,,,,,,,3.582701004E3
2321,UNDH,BPM,RFBHX17,CavityX-1,0.05,,,,,,,,,,8.0,1.568178067E3,3.582831002E3,-1.25,1.60157,0.0,-0.4669E-2,0.0,,,,,,,,,,,,,,,,,,,,,,,,,,,,,3.5828310025E3
2323,UNDH,USEG,PSHXH17,PS45,0.0495,,,,,,,,,,8.0,1.568305567E3,3.582958501E3,-1.25,1.602166,0.0,-0.4669E-2,0.0,,,,,,,,,,,,,,,,,,,,,,0.045,2.737835702998,,,,,,3.582958501E3
2324,UNDH,MARK,MPHH17,,,,,,,,,,,,8.0,1.568305567E3,3.582958501E3,-1.25,1.602166,0.0,-0.4669E-2,0.0,,,,,,,,,,,,,,,,,,,,,,,,,,,,,3.582958501E3
2327,UNDH,MARK,VVHXU17,,,,,,,,,,,,8.0,1.56841481E3,3.583067743E3,-1.25,1.602676,0.0,-0.4669E-2,0.0,,,,,,,,,,,,,,,,,,,,,,,,,,,,,3.583067743E3
2329,UNDH,MARK,HXR17END,,,,,,,,,,,,8.0,1.568503734E3,3.583156665E3,-1.25,1.603091,0.0,-0.4669E-2,0.0,,,,,,,,,,,,,,,,,,,,,,,,,,,,,3.583156665E3
2330,UNDH,MARK,HXR18BEG,,,,,,,,,,,,8.0,1.568503734E3,3.583156665E3,-1.25,1.603091,0.0,-0.4669E-2,0.0,,,,,,,,,,,,,,,,,,,,,,,,,,,,,3.583156665E3
2334,UNDH,USEG,UMAHXH18,HGVPU26,3.354,,,,,,,,,,8.0,1.570230734E3,3.584883647E3,-1.25,1.611153,0.0,-0.4669E-2,0.0,,,,,,,,,,,,,,,,,,,,,,0.026,2.0,,,,,,3.584883647E3
2335,UNDH,EFC,XCHU18,type-V,0.0,,,,,,,,,,8.0,1.570230734E3,3.584883647E3,-1.25,1.611153,0.0,-0.4669E-2,0.0,,,,,,,,,,,,,,,,,,,,,,,,,,,,,3.584883647E3
2336,UNDH,EFC,YCHU18,type-V,0.0,,,,,,,,,,8.0,1.570230734E3,3.584883647E3,-1.25,1.611153,0.0,-0.4669E-2,0.0,,,,,,,,,,,,,,,,,,,,,,,,,,,,,3.584883647E3
2340,UNDH,MARK,MBLMH18,,,,,,,,,,,,8.0,1.571967742E3,3.586620636E3,-1.25,1.619262,0.0,-0.4669E-2,0.0,,,,,,,,,,,,,,,,,,,,,,,,,,,,,3.586620636E3
2342,UNDH,QUAD,QHXH18,0.433Q3.1,0.084,0.011,,-1.338359187,,0.0,,,,,8.0,1.572060734E3,3.586713627E3,-1.25,1.619697,0.0,-0.4669E-2,0.0,,,,,,,,,,-29.999999927592,35.714285628086,,,,,,,,,,,,,,,,,,3.586713627E3
2343,UNDH,XCOR,XCHX18,type-U,0.0,,,,,,,,,,8.0,1.572060734E3,3.586713627E3,-1.25,1.619697,0.0,-0.4669E-2,0.0,,,,,,,,,,,,,,,,,,,,,,,,,,,,,3.586713627E3
2344,UNDH,MARK,MUQH18,,,,,,,,,,,,8.0,1.572060734E3,3.586713627E3,-1.25,1.619697,0.0,-0.4669E-2,0.0,,,,,,,,,,,,,,,,,,,,,,,,,,,,,3.586713627E3
2345,UNDH,YCOR,YCHX18,type-U,0.0,,,,,,,,,,8.0,1.572060734E3,3.586713627E3,-1.25,1.619697,0.0,-0.4669E-2,0.0,,,,,,,,,,,,,,,,,,,,,,,,,,,,,3.586713627E3
2348,UNDH,BPM,RFBHX18,CavityX-1,0.05,,,,,,,,,,8.0,1.572190734E3,3.586843626E3,-1.25,1.620303,0.0,-0.4669E-2,0.0,,,,,,,,,,,,,,,,,,,,,,,,,,,,,3.5868436255E3
2350,UNDH,USEG,PSHXH18,PS45,0.0495,,,,,,,,,,8.0,1.572318234E3,3.586971124E3,-1.25,1.620899,0.0,-0.4669E-2,0.0,,,,,,,,,,,,,,,,,,,,,,0.045,2.737835702998,,,,,,3.586971124E3
2351,UNDH,MARK,MPHH18,,,,,,,,,,,,8.0,1.572318234E3,3.586971124E3,-1.25,1.620899,0.0,-0.4669E-2,0.0,,,,,,,,,,,,,,,,,,,,,,,,,,,,,3.586971124E3
2356,UNDH,MARK,HXR18END,,,,,,,,,,,,8.0,1.572516401E3,3.587169288E3,-1.25,1.621824,0.0,-0.4669E-2,0.0,,,,,,,,,,,,,,,,,,,,,,,,,,,,,3.587169288E3
2357,UNDH,MARK,HXR19BEG,,,,,,,,,,,,8.0,1.572516401E3,3.587169288E3,-1.25,1.621824,0.0,-0.4669E-2,0.0,,,,,,,,,,,,,,,,,,,,,,,,,,,,,3.587169288E3
2361,UNDH,USEG,UMAHXH19,HGVPU26,3.354,,,,,,,,,,8.0,1.574243401E3,3.58889627E3,-1.25,1.629886,0.0,-0.4669E-2,0.0,,,,,,,,,,,,,,,,,,,,,,0.026,2.0,,,,,,3.58889627E3
2362,UNDH,EFC,XCHU19,type-V,0.0,,,,,,,,,,8.0,1.574243401E3,3.58889627E3,-1.25,1.629886,0.0,-0.4669E-2,0.0,,,,,,,,,,,,,,,,,,,,,,,,,,,,,3.58889627E3
2363,UNDH,EFC,YCHU19,type-V,0.0,,,,,,,,,,8.0,1.574243401E3,3.58889627E3,-1.25,1.629886,0.0,-0.4669E-2,0.0,,,,,,,,,,,,,,,,,,,,,,,,,,,,,3.58889627E3
2368,UNDH,QUAD,QHXH19,0.433Q3.1,0.084,0.011,,1.338359187,,0.0,,,,,8.0,1.576073401E3,3.59072625E3,-1.25,1.63843,0.0,-0.4669E-2,0.0,,,,,,,,,,29.999999927592,-35.714285628086,,,,,,,,,,,,,,,,,,3.59072625E3
2369,UNDH,XCOR,XCHX19,type-U,0.0,,,,,,,,,,8.0,1.576073401E3,3.59072625E3,-1.25,1.63843,0.0,-0.4669E-2,0.0,,,,,,,,,,,,,,,,,,,,,,,,,,,,,3.59072625E3
2370,UNDH,MARK,MUQH19,,,,,,,,,,,,8.0,1.576073401E3,3.59072625E3,-1.25,1.63843,0.0,-0.4669E-2,0.0,,,,,,,,,,,,,,,,,,,,,,,,,,,,,3.59072625E3
2371,UNDH,YCOR,YCHX19,type-U,0.0,,,,,,,,,,8.0,1.576073401E3,3.59072625E3,-1.25,1.63843,0.0,-0.4669E-2,0.0,,,,,,,,,,,,,,,,,,,,,,,,,,,,,3.59072625E3
2374,UNDH,BPM,RFBHX19,CavityX-1,0.05,,,,,,,,,,8.0,1.576203401E3,3.590856248E3,-1.25,1.639037,0.0,-0.4669E-2,0.0,,,,,,,,,,,,,,,,,,,,,,,,,,,,,3.590856248E3
2376,UNDH,USEG,PSHXH19,PS45,0.0495,,,,,,,,,,8.0,1.576330901E3,3.590983747E3,-1.25,1.639632,0.0,-0.4669E-2,0.0,,,,,,,,,,,,,,,,,,,,,,0.045,2.737835702998,,,,,,3.590983747E3
2377,UNDH,MARK,MPHH19,,,,,,,,,,,,8.0,1.576330901E3,3.590983747E3,-1.25,1.639632,0.0,-0.4669E-2,0.0,,,,,,,,,,,,,,,,,,,,,,,,,,,,,3.590983747E3
2382,UNDH,MARK,HXR19END,,,,,,,,,,,,8.0,1.576529067E3,3.591181911E3,-1.25,1.640557,0.0,-0.4669E-2,0.0,,,,,,,,,,,,,,,,,,,,,,,,,,,,,3.591181911E3
2383,UNDH,MARK,HXR20BEG,,,,,,,,,,,,8.0,1.576529067E3,3.591181911E3,-1.25,1.640557,0.0,-0.4669E-2,0.0,,,,,,,,,,,,,,,,,,,,,,,,,,,,,3.591181911E3
2387,UNDH,USEG,UMAHXH20,HGVPU26,3.354,,,,,,,,,,8.0,1.578256067E3,3.592908892E3,-1.25,1.648619,0.0,-0.4669E-2,0.0,,,,,,,,,,,,,,,,,,,,,,0.026,2.0,,,,,,3.592908892E3
2388,UNDH,EFC,XCHU20,type-V,0.0,,,,,,,,,,8.0,1.578256067E3,3.592908892E3,-1.25,1.648619,0.0,-0.4669E-2,0.0,,,,,,,,,,,,,,,,,,,,,,,,,,,,,3.592908892E3
2389,UNDH,EFC,YCHU20,type-V,0.0,,,,,,,,,,8.0,1.578256067E3,3.592908892E3,-1.25,1.648619,0.0,-0.4669E-2,0.0,,,,,,,,,,,,,,,,,,,,,,,,,,,,,3.592908892E3
2393,UNDH,MARK,MBLMH20,,,,,,,,,,,,8.0,1.579993075E3,3.594645882E3,-1.25,1.656729,0.0,-0.4669E-2,0.0,,,,,,,,,,,,,,,,,,,,,,,,,,,,,3.594645882E3
2395,UNDH,QUAD,QHXH20,0.433Q3.1,0.084,0.011,,-1.338359187,,0.0,,,,,8.0,1.580086067E3,3.594738873E3,-1.25,1.657163,0.0,-0.4669E-2,0.0,,,,,,,,,,-29.999999927592,35.714285628086,,,,,,,,,,,,,,,,,,3.594738873E3
2396,UNDH,XCOR,XCHX20,type-U,0.0,,,,,,,,,,8.0,1.580086067E3,3.594738873E3,-1.25,1.657163,0.0,-0.4669E-2,0.0,,,,,,,,,,,,,,,,,,,,,,,,,,,,,3.594738873E3
2397,UNDH,MARK,MUQH20,,,,,,,,,,,,8.0,1.580086067E3,3.594738873E3,-1.25,1.657163,0.0,-0.4669E-2,0.0,,,,,,,,,,,,,,,,,,,,,,,,,,,,,3.594738873E3
2398,UNDH,YCOR,YCHX20,type-U,0.0,,,,,,,,,,8.0,1.580086067E3,3.594738873E3,-1.25,1.657163,0.0,-0.4669E-2,0.0,,,,,,,,,,,,,,,,,,,,,,,,,,,,,3.594738873E3
2401,UNDH,BPM,RFBHX20,CavityX-1,0.05,,,,,,,,,,8.0,1.580216067E3,3.594868871E3,-1.25,1.65777,0.0,-0.4669E-2,0.0,,,,,,,,,,,,,,,,,,,,,,,,,,,,,3.594868871E3
2403,UNDH,USEG,PSHXH20,PS45,0.0495,,,,,,,,,,8.0,1.580343567E3,3.59499637E3,-1.25,1.658365,0.0,-0.4669E-2,0.0,,,,,,,,,,,,,,,,,,,,,,0.045,2.737835702998,,,,,,3.59499637E3
2404,UNDH,MARK,MPHH20,,,,,,,,,,,,8.0,1.580343567E3,3.59499637E3,-1.25,1.658365,0.0,-0.4669E-2,0.0,,,,,,,,,,,,,,,,,,,,,,,,,,,,,3.59499637E3
2407,UNDH,MARK,VVHXU20,,,,,,,,,,,,8.0,1.58045281E3,3.595105612E3,-1.25,1.658875,0.0,-0.4669E-2,0.0,,,,,,,,,,,,,,,,,,,,,,,,,,,,,3.595105612E3
2409,UNDH,MARK,HXR20END,,,,,,,,,,,,8.0,1.580541734E3,3.595194534E3,-1.25,1.65929,0.0,-0.4669E-2,0.0,,,,,,,,,,,,,,,,,,,,,,,,,,,,,3.595194534E3
2410,UNDH,MARK,HXR21BEG,,,,,,,,,,,,8.0,1.580541734E3,3.595194534E3,-1.25,1.65929,0.0,-0.4669E-2,0.0,,,,,,,,,,,,,,,,,,,,,,,,,,,,,3.595194534E3
2413,UNDH,MARK,HXRCB2BEG,,,,,,,,,,,,8.0,1.580582718E3,3.595235518E3,-1.25,1.659481,0.0,-0.4669E-2,0.0,,,,,,,,,,,,,,,,,,,,,,,,,,,,,3.595235518E3
2415,UNDH,BEND,BCXCBX21,0.276D14-C,0.368,0.7E-2,0.0,0.0,,0.0,0.0,0.0,,,8.0,1.580806344E3,3.595459141E3,-1.25,1.660525,0.0,-0.4669E-2,0.0,,,,,,0.368,1.0408,0.0,0.0,0.0,0.0,,,,3.595459141E3,-1.249,1.660525,0.0,-0.4669E-2,0.0,,,,,,,,,3.595459141E3
2418,UNDH,PROF,DSSCBX11,,0.0,,,,,,,,,,8.0,1.581411467E3,3.596064257E3,-1.25,1.66335,0.0,-0.4669E-2,0.0,,,,,,,,,,,,,,,,,,,,,,,,,,,,,3.596064257E3
2420,UNDH,INST,MCBX1,,0.0,,,,,,,,,,8.0,1.581461657E3,3.596114447E3,-1.25,1.663585,0.0,-0.4669E-2,0.0,,,,,,,,,,,,,,,,,,,,,,,,,,,,,3.596114447E3
2422,UNDH,BEND,BCXCBX22,0.276D14-C,0.368,0.7E-2,0.0,0.0,,0.0,0.0,0.0,,,8.0,1.582036694E3,3.596689478E3,-1.25,1.666269,0.0,-0.4669E-2,0.0,,,,,,0.368,1.0408,0.0,0.0,0.0,0.0,,,,3.596689478E3,-1.2403,1.666269,0.0,-0.4669E-2,0.0,,,,,,,,,3.596689478E3
2425,UNDH,MARK,CENTER2,,,,,,,,,,,,8.0,1.582304575E3,3.596957357E3,-1.25,1.66752,0.0,-0.4669E-2,0.0,,,,,,,,,,,,,,,,,,,,,,,,,,,,,3.596957357E3
2427,UNDH,BEND,BCXCBX23,0.276D14-C,0.368,0.7E-2,0.0,0.0,,0.0,0.0,0.0,,,8.0,1.582572457E3,3.597225235E3,-1.25,1.668771,0.0,-0.4669E-2,0.0,,,,,,0.368,1.0408,0.0,0.0,0.0,0.0,,,,3.597225235E3,-1.2403,1.668771,0.0,-0.4669E-2,0.0,,,,,,,,,3.597225235E3
2430,UNDH,BEND,BCXCBX24,0.276D14-C,0.368,0.7E-2,0.0,0.0,,0.0,0.0,0.0,,,8.0,1.583802807E3,3.598455572E3,-1.25,1.674514,0.0,-0.4669E-2,0.0,,,,,,0.368,1.0408,0.0,0.0,0.0,0.0,,,,3.598455572E3,-1.249,1.674514,0.0,-0.4669E-2,0.0,,,,,,,,,3.598455572E3
2433,UNDH,MARK,HXRCB2END,,,,,,,,,,,,8.0,1.584086807E3,3.598739569E3,-1.25,1.67584,0.0,-0.4669E-2,0.0,,,,,,,,,,,,,,,,,,,,,,,,,,,,,3.598739569E3
2435,UNDH,QUAD,QHXH21,0.433Q3.1,0.084,0.011,,1.338359187,,0.0,,,,,8.0,1.584232169E3,3.598884929E3,-1.25,1.676519,0.0,-0.4669E-2,0.0,,,,,,,,,,29.999999927592,-35.714285628086,,,,,,,,,,,,,,,,,,3.598884929E3
2436,UNDH,XCOR,XCHX21,type-U,0.0,,,,,,,,,,8.0,1.584232169E3,3.598884929E3,-1.25,1.676519,0.0,-0.4669E-2,0.0,,,,,,,,,,,,,,,,,,,,,,,,,,,,,3.598884929E3
2437,UNDH,MARK,MUQH21,,,,,,,,,,,,8.0,1.584232169E3,3.598884929E3,-1.25,1.676519,0.0,-0.4669E-2,0.0,,,,,,,,,,,,,,,,,,,,,,,,,,,,,3.598884929E3
2438,UNDH,YCOR,YCHX21,type-U,0.0,,,,,,,,,,8.0,1.584232169E3,3.598884929E3,-1.25,1.676519,0.0,-0.4669E-2,0.0,,,,,,,,,,,,,,,,,,,,,,,,,,,,,3.598884929E3
2441,UNDH,BPM,RFBHX21,CavityX-1,0.05,,,,,,,,,,8.0,1.584361993E3,3.599014752E3,-1.25,1.677125,0.0,-0.4669E-2,0.0,,,,,,,,,,,,,,,,,,,,,,,,,,,,,3.5990147515E3
2444,UNDH,MARK,HXR21END,,,,,,,,,,,,8.0,1.584554401E3,3.599207157E3,-1.25,1.678023,0.0,-0.4669E-2,0.0,,,,,,,,,,,,,,,,,,,,,,,,,,,,,3.599207157E3
2445,UNDH,MARK,HXR22BEG,,,,,,,,,,,,8.0,1.584554401E3,3.599207157E3,-1.25,1.678023,0.0,-0.4669E-2,0.0,,,,,,,,,,,,,,,,,,,,,,,,,,,,,3.599207157E3
2449,UNDH,USEG,UMAHXH22,HGVPU26,3.354,,,,,,,,,,8.0,1.586281401E3,3.600934138E3,-1.25,1.686086,0.0,-0.4669E-2,0.0,,,,,,,,,,,,,,,,,,,,,,0.026,2.0,,,,,,3.600934138E3
2450,UNDH,EFC,XCHU22,type-V,0.0,,,,,,,,,,8.0,1.586281401E3,3.600934138E3,-1.25,1.686086,0.0,-0.4669E-2,0.0,,,,,,,,,,,,,,,,,,,,,,,,,,,,,3.600934138E3
2451,UNDH,EFC,YCHU22,type-V,0.0,,,,,,,,,,8.0,1.586281401E3,3.600934138E3,-1.25,1.686086,0.0,-0.4669E-2,0.0,,,,,,,,,,,,,,,,,,,,,,,,,,,,,3.600934138E3
2455,UNDH,MARK,MBLMH22,,,,,,,,,,,,8.0,1.588018409E3,3.602671127E3,-1.25,1.694195,0.0,-0.4669E-2,0.0,,,,,,,,,,,,,,,,,,,,,,,,,,,,,3.602671127E3
2457,UNDH,QUAD,QHXH22,0.433Q3.1,0.084,0.011,,-1.338359187,,0.0,,,,,8.0,1.588111401E3,3.602764118E3,-1.25,1.694629,0.0,-0.4669E-2,0.0,,,,,,,,,,-29.999999927592,35.714285628086,,,,,,,,,,,,,,,,,,3.602764118E3
2458,UNDH,XCOR,XCHX22,type-U,0.0,,,,,,,,,,8.0,1.588111401E3,3.602764118E3,-1.25,1.694629,0.0,-0.4669E-2,0.0,,,,,,,,,,,,,,,,,,,,,,,,,,,,,3.602764118E3
2459,UNDH,MARK,MUQH22,,,,,,,,,,,,8.0,1.588111401E3,3.602764118E3,-1.25,1.694629,0.0,-0.4669E-2,0.0,,,,,,,,,,,,,,,,,,,,,,,,,,,,,3.602764118E3
2460,UNDH,YCOR,YCHX22,type-U,0.0,,,,,,,,,,8.0,1.588111401E3,3.602764118E3,-1.25,1.694629,0.0,-0.4669E-2,0.0,,,,,,,,,,,,,,,,,,,,,,,,,,,,,3.602764118E3
2463,UNDH,BPM,RFBHX22,CavityX-1,0.05,,,,,,,,,,8.0,1.588241401E3,3.602894117E3,-1.25,1.695236,0.0,-0.4669E-2,0.0,,,,,,,,,,,,,,,,,,,,,,,,,,,,,3.602894117E3
2465,UNDH,USEG,PSHXH22,PS45,0.0495,,,,,,,,,,8.0,1.588368901E3,3.603021616E3,-1.25,1.695831,0.0,-0.4669E-2,0.0,,,,,,,,,,,,,,,,,,,,,,0.045,2.737835702998,,,,,,3.603021616E3
2466,UNDH,MARK,MPHH22,,,,,,,,,,,,8.0,1.588368901E3,3.603021616E3,-1.25,1.695831,0.0,-0.4669E-2,0.0,,,,,,,,,,,,,,,,,,,,,,,,,,,,,3.603021616E3
2469,UNDH,MARK,VVHXU22,,,,,,,,,,,,8.0,1.588478144E3,3.603130857E3,-1.25,1.696341,0.0,-0.4669E-2,0.0,,,,,,,,,,,,,,,,,,,,,,,,,,,,,3.603130857E3
2471,UNDH,MARK,HXR22END,,,,,,,,,,,,8.0,1.588567067E3,3.60321978E3,-1.25,1.696756,0.0,-0.4669E-2,0.0,,,,,,,,,,,,,,,,,,,,,,,,,,,,,3.60321978E3
2472,UNDH,MARK,HXR23BEG,,,,,,,,,,,,8.0,1.588567067E3,3.60321978E3,-1.25,1.696756,0.0,-0.4669E-2,0.0,,,,,,,,,,,,,,,,,,,,,,,,,,,,,3.60321978E3
2476,UNDH,USEG,UMAHXH23,HGVPU26,3.354,,,,,,,,,,8.0,1.590294067E3,3.604946761E3,-1.25,1.704819,0.0,-0.4669E-2,0.0,,,,,,,,,,,,,,,,,,,,,,0.026,2.0,,,,,,3.604946761E3
2477,UNDH,EFC,XCHU23,type-V,0.0,,,,,,,,,,8.0,1.590294067E3,3.604946761E3,-1.25,1.704819,0.0,-0.4669E-2,0.0,,,,,,,,,,,,,,,,,,,,,,,,,,,,,3.604946761E3
2478,UNDH,EFC,YCHU23,type-V,0.0,,,,,,,,,,8.0,1.590294067E3,3.604946761E3,-1.25,1.704819,0.0,-0.4669E-2,0.0,,,,,,,,,,,,,,,,,,,,,,,,,,,,,3.604946761E3
2483,UNDH,QUAD,QHXH23,0.433Q3.1,0.084,0.011,,1.338359187,,0.0,,,,,8.0,1.592124067E3,3.606776741E3,-1.25,1.713362,0.0,-0.4669E-2,0.0,,,,,,,,,,29.999999927592,-35.714285628086,,,,,,,,,,,,,,,,,,3.606776741E3
2484,UNDH,XCOR,XCHX23,type-U,0.0,,,,,,,,,,8.0,1.592124067E3,3.606776741E3,-1.25,1.713362,0.0,-0.4669E-2,0.0,,,,,,,,,,,,,,,,,,,,,,,,,,,,,3.606776741E3
2485,UNDH,MARK,MUQH23,,,,,,,,,,,,8.0,1.592124067E3,3.606776741E3,-1.25,1.713362,0.0,-0.4669E-2,0.0,,,,,,,,,,,,,,,,,,,,,,,,,,,,,3.606776741E3
2486,UNDH,YCOR,YCHX23,type-U,0.0,,,,,,,,,,8.0,1.592124067E3,3.606776741E3,-1.25,1.713362,0.0,-0.4669E-2,0.0,,,,,,,,,,,,,,,,,,,,,,,,,,,,,3.606776741E3
2489,UNDH,BPM,RFBHX23,CavityX-1,0.05,,,,,,,,,,8.0,1.592254067E3,3.60690674E3,-1.25,1.713969,0.0,-0.4669E-2,0.0,,,,,,,,,,,,,,,,,,,,,,,,,,,,,3.60690674E3
2491,UNDH,USEG,PSHXH23,PS45,0.0495,,,,,,,,,,8.0,1.592381567E3,3.607034239E3,-1.25,1.714564,0.0,-0.4669E-2,0.0,,,,,,,,,,,,,,,,,,,,,,0.045,2.737835702998,,,,,,3.607034239E3
2492,UNDH,MARK,MPHH23,,,,,,,,,,,,8.0,1.592381567E3,3.607034239E3,-1.25,1.714564,0.0,-0.4669E-2,0.0,,,,,,,,,,,,,,,,,,,,,,,,,,,,,3.607034239E3
2497,UNDH,MARK,HXR23END,,,,,,,,,,,,8.0,1.592579734E3,3.607232403E3,-1.25,1.715489,0.0,-0.4669E-2,0.0,,,,,,,,,,,,,,,,,,,,,,,,,,,,,3.607232403E3
2498,UNDH,MARK,HXR24BEG,,,,,,,,,,,,8.0,1.592579734E3,3.607232403E3,-1.25,1.715489,0.0,-0.4669E-2,0.0,,,,,,,,,,,,,,,,,,,,,,,,,,,,,3.607232403E3
2502,UNDH,USEG,UMAHXH24,HGVPU26,3.354,,,,,,,,,,8.0,1.594306734E3,3.608959384E3,-1.25,1.723552,0.0,-0.4669E-2,0.0,,,,,,,,,,,,,,,,,,,,,,0.026,2.0,,,,,,3.608959384E3
2503,UNDH,EFC,XCHU24,type-V,0.0,,,,,,,,,,8.0,1.594306734E3,3.608959384E3,-1.25,1.723552,0.0,-0.4669E-2,0.0,,,,,,,,,,,,,,,,,,,,,,,,,,,,,3.608959384E3
2504,UNDH,EFC,YCHU24,type-V,0.0,,,,,,,,,,8.0,1.594306734E3,3.608959384E3,-1.25,1.723552,0.0,-0.4669E-2,0.0,,,,,,,,,,,,,,,,,,,,,,,,,,,,,3.608959384E3
2508,UNDH,MARK,MBLMH24,,,,,,,,,,,,8.0,1.596043742E3,3.610696373E3,-1.25,1.731661,0.0,-0.4669E-2,0.0,,,,,,,,,,,,,,,,,,,,,,,,,,,,,3.610696373E3
2510,UNDH,QUAD,QHXH24,0.433Q3.1,0.084,0.011,,-1.338359187,,0.0,,,,,8.0,1.596136734E3,3.610789364E3,-1.25,1.732095,0.0,-0.4669E-2,0.0,,,,,,,,,,-29.999999927592,35.714285628086,,,,,,,,,,,,,,,,,,3.610789364E3
2511,UNDH,XCOR,XCHX24,type-U,0.0,,,,,,,,,,8.0,1.596136734E3,3.610789364E3,-1.25,1.732095,0.0,-0.4669E-2,0.0,,,,,,,,,,,,,,,,,,,,,,,,,,,,,3.610789364E3
2512,UNDH,MARK,MUQH24,,,,,,,,,,,,8.0,1.596136734E3,3.610789364E3,-1.25,1.732095,0.0,-0.4669E-2,0.0,,,,,,,,,,,,,,,,,,,,,,,,,,,,,3.610789364E3
2513,UNDH,YCOR,YCHX24,type-U,0.0,,,,,,,,,,8.0,1.596136734E3,3.610789364E3,-1.25,1.732095,0.0,-0.4669E-2,0.0,,,,,,,,,,,,,,,,,,,,,,,,,,,,,3.610789364E3
2516,UNDH,BPM,RFBHX24,CavityX-1,0.05,,,,,,,,,,8.0,1.596266734E3,3.610919363E3,-1.25,1.732702,0.0,-0.4669E-2,0.0,,,,,,,,,,,,,,,,,,,,,,,,,,,,,3.610919363E3
2518,UNDH,USEG,PSHXH24,PS45,0.0495,,,,,,,,,,8.0,1.596394234E3,3.611046861E3,-1.25,1.733297,0.0,-0.4669E-2,0.0,,,,,,,,,,,,,,,,,,,,,,0.045,2.737835702998,,,,,,3.611046861E3
2519,UNDH,MARK,MPHH24,,,,,,,,,,,,8.0,1.596394234E3,3.611046861E3,-1.25,1.733297,0.0,-0.4669E-2,0.0,,,,,,,,,,,,,,,,,,,,,,,,,,,,,3.611046861E3
2522,UNDH,MARK,VVHXU24,,,,,,,,,,,,8.0,1.596503477E3,3.611156103E3,-1.25,1.733807,0.0,-0.4669E-2,0.0,,,,,,,,,,,,,,,,,,,,,,,,,,,,,3.611156103E3
2524,UNDH,MARK,HXR24END,,,,,,,,,,,,8.0,1.596592401E3,3.611245026E3,-1.25,1.734223,0.0,-0.4669E-2,0.0,,,,,,,,,,,,,,,,,,,,,,,,,,,,,3.611245026E3
2525,UNDH,MARK,HXR25BEG,,,,,,,,,,,,8.0,1.596592401E3,3.611245026E3,-1.25,1.734223,0.0,-0.4669E-2,0.0,,,,,,,,,,,,,,,,,,,,,,,,,,,,,3.611245026E3
2529,UNDH,USEG,UMAHXH25,HGVPU26,3.354,,,,,,,,,,8.0,1.598319401E3,3.612972007E3,-1.25,1.742285,0.0,-0.4669E-2,0.0,,,,,,,,,,,,,,,,,,,,,,0.026,2.0,,,,,,3.612972007E3
2530,UNDH,EFC,XCHU25,type-V,0.0,,,,,,,,,,8.0,1.598319401E3,3.612972007E3,-1.25,1.742285,0.0,-0.4669E-2,0.0,,,,,,,,,,,,,,,,,,,,,,,,,,,,,3.612972007E3
2531,UNDH,EFC,YCHU25,type-V,0.0,,,,,,,,,,8.0,1.598319401E3,3.612972007E3,-1.25,1.742285,0.0,-0.4669E-2,0.0,,,,,,,,,,,,,,,,,,,,,,,,,,,,,3.612972007E3
2536,UNDH,QUAD,QHXH25,0.433Q3.1,0.084,0.011,,1.338359187,,0.0,,,,,8.0,1.600149401E3,3.614801987E3,-1.25,1.750828,0.0,-0.4669E-2,0.0,,,,,,,,,,29.999999927592,-35.714285628086,,,,,,,,,,,,,,,,,,3.614801987E3
2537,UNDH,XCOR,XCHX25,type-U,0.0,,,,,,,,,,8.0,1.600149401E3,3.614801987E3,-1.25,1.750828,0.0,-0.4669E-2,0.0,,,,,,,,,,,,,,,,,,,,,,,,,,,,,3.614801987E3
2538,UNDH,MARK,MUQH25,,,,,,,,,,,,8.0,1.600149401E3,3.614801987E3,-1.25,1.750828,0.0,-0.4669E-2,0.0,,,,,,,,,,,,,,,,,,,,,,,,,,,,,3.614801987E3
2539,UNDH,YCOR,YCHX25,type-U,0.0,,,,,,,,,,8.0,1.600149401E3,3.614801987E3,-1.25,1.750828,0.0,-0.4669E-2,0.0,,,,,,,,,,,,,,,,,,,,,,,,,,,,,3.614801987E3
2542,UNDH,BPM,RFBHX25,CavityX-1,0.05,,,,,,,,,,8.0,1.600279401E3,3.614931986E3,-1.25,1.751435,0.0,-0.4669E-2,0.0,,,,,,,,,,,,,,,,,,,,,,,,,,,,,3.614931986E3
2544,UNDH,USEG,PSHXH25,PS45,0.0495,,,,,,,,,,8.0,1.600406901E3,3.615059484E3,-1.25,1.752031,0.0,-0.4669E-2,0.0,,,,,,,,,,,,,,,,,,,,,,0.045,2.737835702998,,,,,,3.615059484E3
2545,UNDH,MARK,MPHH25,,,,,,,,,,,,8.0,1.600406901E3,3.615059484E3,-1.25,1.752031,0.0,-0.4669E-2,0.0,,,,,,,,,,,,,,,,,,,,,,,,,,,,,3.615059484E3
2550,UNDH,MARK,HXR25END,,,,,,,,,,,,8.0,1.600605067E3,3.615257649E3,-1.25,1.752956,0.0,-0.4669E-2,0.0,,,,,,,,,,,,,,,,,,,,,,,,,,,,,3.615257649E3
2551,UNDH,MARK,HXR26BEG,,,,,,,,,,,,8.0,1.600605067E3,3.615257649E3,-1.25,1.752956,0.0,-0.4669E-2,0.0,,,,,,,,,,,,,,,,,,,,,,,,,,,,,3.615257649E3
2555,UNDH,USEG,UMAHXH26,HGVPU26,3.354,,,,,,,,,,8.0,1.602332067E3,3.61698463E3,-1.25,1.761018,0.0,-0.4669E-2,0.0,,,,,,,,,,,,,,,,,,,,,,0.026,2.0,,,,,,3.61698463E3
2556,UNDH,EFC,XCHU26,type-V,0.0,,,,,,,,,,8.0,1.602332067E3,3.61698463E3,-1.25,1.761018,0.0,-0.4669E-2,0.0,,,,,,,,,,,,,,,,,,,,,,,,,,,,,3.61698463E3
2557,UNDH,EFC,YCHU26,type-V,0.0,,,,,,,,,,8.0,1.602332067E3,3.61698463E3,-1.25,1.761018,0.0,-0.4669E-2,0.0,,,,,,,,,,,,,,,,,,,,,,,,,,,,,3.61698463E3
2561,UNDH,MARK,MBLMH26,,,,,,,,,,,,8.0,1.604069075E3,3.618721619E3,-1.25,1.769127,0.0,-0.4669E-2,0.0,,,,,,,,,,,,,,,,,,,,,,,,,,,,,3.618721619E3
2563,UNDH,QUAD,QHXH26,0.433Q3.1,0.084,0.011,,-1.338359187,,0.0,,,,,8.0,1.604162067E3,3.61881461E3,-1.25,1.769562,0.0,-0.4669E-2,0.0,,,,,,,,,,-29.999999927592,35.714285628086,,,,,,,,,,,,,,,,,,3.61881461E3
2564,UNDH,XCOR,XCHX26,type-U,0.0,,,,,,,,,,8.0,1.604162067E3,3.61881461E3,-1.25,1.769562,0.0,-0.4669E-2,0.0,,,,,,,,,,,,,,,,,,,,,,,,,,,,,3.61881461E3
2565,UNDH,MARK,MUQH26,,,,,,,,,,,,8.0,1.604162067E3,3.61881461E3,-1.25,1.769562,0.0,-0.4669E-2,0.0,,,,,,,,,,,,,,,,,,,,,,,,,,,,,3.61881461E3
2566,UNDH,YCOR,YCHX26,type-U,0.0,,,,,,,,,,8.0,1.604162067E3,3.61881461E3,-1.25,1.769562,0.0,-0.4669E-2,0.0,,,,,,,,,,,,,,,,,,,,,,,,,,,,,3.61881461E3
2569,UNDH,BPM,RFBHX26,CavityX-1,0.05,,,,,,,,,,8.0,1.604292067E3,3.618944608E3,-1.25,1.770168,0.0,-0.4669E-2,0.0,,,,,,,,,,,,,,,,,,,,,,,,,,,,,3.6189446085E3
2571,UNDH,USEG,PSHXH26,PS45,0.0495,,,,,,,,,,8.0,1.604419567E3,3.619072107E3,-1.25,1.770764,0.0,-0.4669E-2,0.0,,,,,,,,,,,,,,,,,,,,,,0.045,2.737835702998,,,,,,3.619072107E3
2572,UNDH,MARK,MPHH26,,,,,,,,,,,,8.0,1.604419567E3,3.619072107E3,-1.25,1.770764,0.0,-0.4669E-2,0.0,,,,,,,,,,,,,,,,,,,,,,,,,,,,,3.619072107E3
2577,UNDH,MARK,HXR26END,,,,,,,,,,,,8.0,1.604617734E3,3.619270272E3,-1.25,1.771689,0.0,-0.4669E-2,0.0,,,,,,,,,,,,,,,,,,,,,,,,,,,,,3.619270272E3
2578,UNDH,MARK,HXR27BEG,,,,,,,,,,,,8.0,1.604617734E3,3.619270272E3,-1.25,1.771689,0.0,-0.4669E-2,0.0,,,,,,,,,,,,,,,,,,,,,,,,,,,,,3.619270272E3
2582,UNDH,USEG,UMAHXH27,HGVPU26,3.354,,,,,,,,,,8.0,1.606344734E3,3.620997253E3,-1.25,1.779751,0.0,-0.4669E-2,0.0,,,,,,,,,,,,,,,,,,,,,,0.026,2.0,,,,,,3.620997253E3
2583,UNDH,EFC,XCHU27,type-V,0.0,,,,,,,,,,8.0,1.606344734E3,3.620997253E3,-1.25,1.779751,0.0,-0.4669E-2,0.0,,,,,,,,,,,,,,,,,,,,,,,,,,,,,3.620997253E3
2584,UNDH,EFC,YCHU27,type-V,0.0,,,,,,,,,,8.0,1.606344734E3,3.620997253E3,-1.25,1.779751,0.0,-0.4669E-2,0.0,,,,,,,,,,,,,,,,,,,,,,,,,,,,,3.620997253E3
2589,UNDH,QUAD,QHXH27,0.433Q3.1,0.084,0.011,,1.338359187,,0.0,,,,,8.0,1.608174734E3,3.622827233E3,-1.25,1.788295,0.0,-0.4669E-2,0.0,,,,,,,,,,29.999999927592,-35.714285628086,,,,,,,,,,,,,,,,,,3.622827233E3
2590,UNDH,XCOR,XCHX27,type-U,0.0,,,,,,,,,,8.0,1.608174734E3,3.622827233E3,-1.25,1.788295,0.0,-0.4669E-2,0.0,,,,,,,,,,,,,,,,,,,,,,,,,,,,,3.622827233E3
2591,UNDH,MARK,MUQH27,,,,,,,,,,,,8.0,1.608174734E3,3.622827233E3,-1.25,1.788295,0.0,-0.4669E-2,0.0,,,,,,,,,,,,,,,,,,,,,,,,,,,,,3.622827233E3
2592,UNDH,YCOR,YCHX27,type-U,0.0,,,,,,,,,,8.0,1.608174734E3,3.622827233E3,-1.25,1.788295,0.0,-0.4669E-2,0.0,,,,,,,,,,,,,,,,,,,,,,,,,,,,,3.622827233E3
2595,UNDH,BPM,RFBHX27,CavityX-1,0.05,,,,,,,,,,8.0,1.608304734E3,3.622957232E3,-1.25,1.788902,0.0,-0.4669E-2,0.0,,,,,,,,,,,,,,,,,,,,,,,,,,,,,3.6229572315E3
2597,UNDH,USEG,PSHXH27,PS45,0.0495,,,,,,,,,,8.0,1.608432234E3,3.62308473E3,-1.25,1.789497,0.0,-0.4669E-2,0.0,,,,,,,,,,,,,,,,,,,,,,0.045,2.737835702998,,,,,,3.62308473E3
2598,UNDH,MARK,MPHH27,,,,,,,,,,,,8.0,1.608432234E3,3.62308473E3,-1.25,1.789497,0.0,-0.4669E-2,0.0,,,,,,,,,,,,,,,,,,,,,,,,,,,,,3.62308473E3
2601,UNDH,MARK,VVHXU27,,,,,,,,,,,,8.0,1.608541477E3,3.623193972E3,-1.25,1.790007,0.0,-0.4669E-2,0.0,,,,,,,,,,,,,,,,,,,,,,,,,,,,,3.623193972E3
2603,UNDH,MARK,HXR27END,,,,,,,,,,,,8.0,1.608630401E3,3.623282895E3,-1.25,1.790422,0.0,-0.4669E-2,0.0,,,,,,,,,,,,,,,,,,,,,,,,,,,,,3.623282895E3
2604,UNDH,MARK,HXR28BEG,,,,,,,,,,,,8.0,1.608630401E3,3.623282895E3,-1.25,1.790422,0.0,-0.4669E-2,0.0,,,,,,,,,,,,,,,,,,,,,,,,,,,,,3.623282895E3
2607,UNDH,MARK,HXRSSBEG,,,,,,,,,,,,8.0,1.608671385E3,3.623323878E3,-1.25,1.790613,0.0,-0.4669E-2,0.0,,,,,,,,,,,,,,,,,,,,,,,,,,,,,3.623323878E3
2609,UNDH,BEND,BCXHS1,0.315D14-C,0.363602,0.8001E-2,0.0,0.0,,0.0,0.0,0.0,,,8.0,1.608932401E3,3.623584892E3,-1.25,1.791832,0.0,-0.4669E-2,0.0,,,,,,0.363602,0.5,0.0,0.0,0.0,0.0,,,,3.623584892E3,-1.25,1.791832,0.0,-0.4669E-2,0.0,,,,,,,,,3.623584892E3
2612,UNDH,BEND,BCXHS2,0.315D14-C,0.363602,0.8001E-2,0.0,0.0,,0.0,0.0,0.0,,,8.0,1.609889401E3,3.624541881E3,-1.25,1.7963,0.0,-0.4669E-2,0.0,,,,,,0.363602,0.5,0.0,0.0,0.0,0.0,,,,3.624541881E3,-1.25239,1.7963,0.0,-0.4669E-2,0.0,,,,,,,,,3.624541881E3
2615,UNDH,INST,DIAMOND,,0.0,,,,,,,,,,8.0,1.610357401E3,3.625009876E3,-1.25,1.798484,0.0,-0.4669E-2,0.0,,,,,,,,,,,,,,,,,,,,,,,,,,,,,3.625009876E3
2617,UNDH,BEND,BCXHS3,0.315D14-C,0.363602,0.8001E-2,0.0,0.0,,0.0,0.0,0.0,,,8.0,1.610825401E3,3.625477871E3,-1.25,1.800669,0.0,-0.4669E-2,0.0,,,,,,0.363602,0.5,0.0,0.0,0.0,0.0,,,,3.625477871E3,-1.25239,1.800669,0.0,-0.4669E-2,0.0,,,,,,,,,3.625477871E3
2620,UNDH,BEND,BCXHS4,0.315D14-C,0.363602,0.8001E-2,0.0,0.0,,0.0,0.0,0.0,,,8.0,1.611782401E3,3.62643486E3,-1.25,1.805137,0.0,-0.4669E-2,0.0,,,,,,0.363602,0.5,0.0,0.0,0.0,0.0,,,,3.62643486E3,-1.25,1.805137,0.0,-0.4669E-2,0.0,,,,,,,,,3.62643486E3
2623,UNDH,MARK,HXRSSEND,,,,,,,,,,,,8.0,1.612043417E3,3.626695874E3,-1.25,1.806356,0.0,-0.4669E-2,0.0,,,,,,,,,,,,,,,,,,,,,,,,,,,,,3.626695874E3
2626,UNDH,QUAD,QHXH28,0.433Q3.1,0.084,0.011,,-1.338359187,,0.0,,,,,8.0,1.612187401E3,3.626839856E3,-1.25,1.807028,0.0,-0.4669E-2,0.0,,,,,,,,,,-29.999999927592,35.714285628086,,,,,,,,,,,,,,,,,,3.626839856E3
2627,UNDH,XCOR,XCHX28,type-U,0.0,,,,,,,,,,8.0,1.612187401E3,3.626839856E3,-1.25,1.807028,0.0,-0.4669E-2,0.0,,,,,,,,,,,,,,,,,,,,,,,,,,,,,3.626839856E3
2628,UNDH,MARK,MUQH28,,,,,,,,,,,,8.0,1.612187401E3,3.626839856E3,-1.25,1.807028,0.0,-0.4669E-2,0.0,,,,,,,,,,,,,,,,,,,,,,,,,,,,,3.626839856E3
2629,UNDH,YCOR,YCHX28,type-U,0.0,,,,,,,,,,8.0,1.612187401E3,3.626839856E3,-1.25,1.807028,0.0,-0.4669E-2,0.0,,,,,,,,,,,,,,,,,,,,,,,,,,,,,3.626839856E3
2632,UNDH,BPM,RFBHX28,CavityX-1,0.05,,,,,,,,,,8.0,1.612317401E3,3.626969855E3,-1.25,1.807635,0.0,-0.4669E-2,0.0,,,,,,,,,,,,,,,,,,,,,,,,,,,,,3.6269698545E3
2637,UNDH,MARK,HXR28END,,,,,,,,,,,,8.0,1.612643067E3,3.627295518E3,-1.25,1.809155,0.0,-0.4669E-2,0.0,,,,,,,,,,,,,,,,,,,,,,,,,,,,,3.627295518E3
2638,UNDH,MARK,HXR29BEG,,,,,,,,,,,,8.0,1.612643067E3,3.627295518E3,-1.25,1.809155,0.0,-0.4669E-2,0.0,,,,,,,,,,,,,,,,,,,,,,,,,,,,,3.627295518E3
2642,UNDH,USEG,UMAHXH29,HGVPU26,3.354,,,,,,,,,,8.0,1.614370067E3,3.629022499E3,-1.25,1.817218,0.0,-0.4669E-2,0.0,,,,,,,,,,,,,,,,,,,,,,0.026,2.0,,,,,,3.629022499E3
2643,UNDH,EFC,XCHU29,type-V,0.0,,,,,,,,,,8.0,1.614370067E3,3.629022499E3,-1.25,1.817218,0.0,-0.4669E-2,0.0,,,,,,,,,,,,,,,,,,,,,,,,,,,,,3.629022499E3
2644,UNDH,EFC,YCHU29,type-V,0.0,,,,,,,,,,8.0,1.614370067E3,3.629022499E3,-1.25,1.817218,0.0,-0.4669E-2,0.0,,,,,,,,,,,,,,,,,,,,,,,,,,,,,3.629022499E3
2649,UNDH,QUAD,QHXH29,0.433Q3.1,0.084,0.011,,1.338359187,,0.0,,,,,8.0,1.616200067E3,3.630852479E3,-1.25,1.825761,0.0,-0.4669E-2,0.0,,,,,,,,,,29.999999927592,-35.714285628086,,,,,,,,,,,,,,,,,,3.630852479E3
2650,UNDH,XCOR,XCHX29,type-U,0.0,,,,,,,,,,8.0,1.616200067E3,3.630852479E3,-1.25,1.825761,0.0,-0.4669E-2,0.0,,,,,,,,,,,,,,,,,,,,,,,,,,,,,3.630852479E3
2651,UNDH,MARK,MUQH29,,,,,,,,,,,,8.0,1.616200067E3,3.630852479E3,-1.25,1.825761,0.0,-0.4669E-2,0.0,,,,,,,,,,,,,,,,,,,,,,,,,,,,,3.630852479E3
2652,UNDH,YCOR,YCHX29,type-U,0.0,,,,,,,,,,8.0,1.616200067E3,3.630852479E3,-1.25,1.825761,0.0,-0.4669E-2,0.0,,,,,,,,,,,,,,,,,,,,,,,,,,,,,3.630852479E3
2655,UNDH,BPM,RFBHX29,CavityX-1,0.05,,,,,,,,,,8.0,1.616330067E3,3.630982478E3,-1.25,1.826368,0.0,-0.4669E-2,0.0,,,,,,,,,,,,,,,,,,,,,,,,,,,,,3.6309824775E3
2657,UNDH,USEG,PSHXH29,PS45,0.0495,,,,,,,,,,8.0,1.616457567E3,3.631109976E3,-1.25,1.826963,0.0,-0.4669E-2,0.0,,,,,,,,,,,,,,,,,,,,,,0.045,2.737835702998,,,,,,3.631109976E3
2658,UNDH,MARK,MPHH29,,,,,,,,,,,,8.0,1.616457567E3,3.631109976E3,-1.25,1.826963,0.0,-0.4669E-2,0.0,,,,,,,,,,,,,,,,,,,,,,,,,,,,,3.631109976E3
2661,UNDH,MARK,VVHXU29,,,,,,,,,,,,8.0,1.61656681E3,3.631219218E3,-1.25,1.827473,0.0,-0.4669E-2,0.0,,,,,,,,,,,,,,,,,,,,,,,,,,,,,3.631219218E3
2663,UNDH,MARK,HXR29END,,,,,,,,,,,,8.0,1.616655734E3,3.631308141E3,-1.25,1.827888,0.0,-0.4669E-2,0.0,,,,,,,,,,,,,,,,,,,,,,,,,,,,,3.631308141E3
2664,UNDH,MARK,HXR30BEG,,,,,,,,,,,,8.0,1.616655734E3,3.631308141E3,-1.25,1.827888,0.0,-0.4669E-2,0.0,,,,,,,,,,,,,,,,,,,,,,,,,,,,,3.631308141E3
2668,UNDH,USEG,UMAHXH30,HGVPU26,3.354,,,,,,,,,,8.0,1.618382734E3,3.633035122E3,-1.25,1.835951,0.0,-0.4669E-2,0.0,,,,,,,,,,,,,,,,,,,,,,0.026,2.0,,,,,,3.633035122E3
2669,UNDH,EFC,XCHU30,type-V,0.0,,,,,,,,,,8.0,1.618382734E3,3.633035122E3,-1.25,1.835951,0.0,-0.4669E-2,0.0,,,,,,,,,,,,,,,,,,,,,,,,,,,,,3.633035122E3
2670,UNDH,EFC,YCHU30,type-V,0.0,,,,,,,,,,8.0,1.618382734E3,3.633035122E3,-1.25,1.835951,0.0,-0.4669E-2,0.0,,,,,,,,,,,,,,,,,,,,,,,,,,,,,3.633035122E3
2674,UNDH,MARK,MBLMH30,,,,,,,,,,,,8.0,1.620119742E3,3.634772111E3,-1.25,1.84406,0.0,-0.4669E-2,0.0,,,,,,,,,,,,,,,,,,,,,,,,,,,,,3.634772111E3
2676,UNDH,QUAD,QHXH30,0.433Q3.1,0.084,0.011,,-1.338359187,,0.0,,,,,8.0,1.620212734E3,3.634865102E3,-1.25,1.844494,0.0,-0.4669E-2,0.0,,,,,,,,,,-29.999999927592,35.714285628086,,,,,,,,,,,,,,,,,,3.634865102E3
2677,UNDH,XCOR,XCHX30,type-U,0.0,,,,,,,,,,8.0,1.620212734E3,3.634865102E3,-1.25,1.844494,0.0,-0.4669E-2,0.0,,,,,,,,,,,,,,,,,,,,,,,,,,,,,3.634865102E3
2678,UNDH,MARK,MUQH30,,,,,,,,,,,,8.0,1.620212734E3,3.634865102E3,-1.25,1.844494,0.0,-0.4669E-2,0.0,,,,,,,,,,,,,,,,,,,,,,,,,,,,,3.634865102E3
2679,UNDH,YCOR,YCHX30,type-U,0.0,,,,,,,,,,8.0,1.620212734E3,3.634865102E3,-1.25,1.844494,0.0,-0.4669E-2,0.0,,,,,,,,,,,,,,,,,,,,,,,,,,,,,3.634865102E3
2682,UNDH,BPM,RFBHX30,CavityX-1,0.05,,,,,,,,,,8.0,1.620342734E3,3.634995101E3,-1.25,1.845101,0.0,-0.4669E-2,0.0,,,,,,,,,,,,,,,,,,,,,,,,,,,,,3.6349951005E3
2684,UNDH,USEG,PSHXH30,PS45,0.0495,,,,,,,,,,8.0,1.620470234E3,3.635122599E3,-1.25,1.845696,0.0,-0.4669E-2,0.0,,,,,,,,,,,,,,,,,,,,,,0.045,2.737835702998,,,,,,3.635122599E3
2685,UNDH,MARK,MPHH30,,,,,,,,,,,,8.0,1.620470234E3,3.635122599E3,-1.25,1.845696,0.0,-0.4669E-2,0.0,,,,,,,,,,,,,,,,,,,,,,,,,,,,,3.635122599E3
2690,UNDH,MARK,HXR30END,,,,,,,,,,,,8.0,1.620668401E3,3.635320764E3,-1.25,1.846621,0.0,-0.4669E-2,0.0,,,,,,,,,,,,,,,,,,,,,,,,,,,,,3.635320764E3
2691,UNDH,MARK,HXR31BEG,,,,,,,,,,,,8.0,1.620668401E3,3.635320764E3,-1.25,1.846621,0.0,-0.4669E-2,0.0,,,,,,,,,,,,,,,,,,,,,,,,,,,,,3.635320764E3
2695,UNDH,USEG,UMAHXH31,HGVPU26,3.354,,,,,,,,,,8.0,1.622395401E3,3.637047745E3,-1.25,1.854684,0.0,-0.4669E-2,0.0,,,,,,,,,,,,,,,,,,,,,,0.026,2.0,,,,,,3.637047745E3
2696,UNDH,EFC,XCHU31,type-V,0.0,,,,,,,,,,8.0,1.622395401E3,3.637047745E3,-1.25,1.854684,0.0,-0.4669E-2,0.0,,,,,,,,,,,,,,,,,,,,,,,,,,,,,3.637047745E3
2697,UNDH,EFC,YCHU31,type-V,0.0,,,,,,,,,,8.0,1.622395401E3,3.637047745E3,-1.25,1.854684,0.0,-0.4669E-2,0.0,,,,,,,,,,,,,,,,,,,,,,,,,,,,,3.637047745E3
2702,UNDH,QUAD,QHXH31,0.433Q3.1,0.084,0.011,,1.338359187,,0.0,,,,,8.0,1.624225401E3,3.638877725E3,-1.25,1.863227,0.0,-0.4669E-2,0.0,,,,,,,,,,29.999999927592,-35.714285628086,,,,,,,,,,,,,,,,,,3.638877725E3
2703,UNDH,XCOR,XCHX31,type-U,0.0,,,,,,,,,,8.0,1.624225401E3,3.638877725E3,-1.25,1.863227,0.0,-0.4669E-2,0.0,,,,,,,,,,,,,,,,,,,,,,,,,,,,,3.638877725E3
2704,UNDH,MARK,MUQH31,,,,,,,,,,,,8.0,1.624225401E3,3.638877725E3,-1.25,1.863227,0.0,-0.4669E-2,0.0,,,,,,,,,,,,,,,,,,,,,,,,,,,,,3.638877725E3
2705,UNDH,YCOR,YCHX31,type-U,0.0,,,,,,,,,,8.0,1.624225401E3,3.638877725E3,-1.25,1.863227,0.0,-0.4669E-2,0.0,,,,,,,,,,,,,,,,,,,,,,,,,,,,,3.638877725E3
2708,UNDH,BPM,RFBHX31,CavityX-1,0.05,,,,,,,,,,8.0,1.624355401E3,3.639007724E3,-1.25,1.863834,0.0,-0.4669E-2,0.0,,,,,,,,,,,,,,,,,,,,,,,,,,,,,3.6390077235E3
2710,UNDH,USEG,PSHXH31,PS45,0.0495,,,,,,,,,,8.0,1.624482901E3,3.639135222E3,-1.25,1.864429,0.0,-0.4669E-2,0.0,,,,,,,,,,,,,,,,,,,,,,0.045,2.737835702998,,,,,,3.639135222E3
2711,UNDH,MARK,MPHH31,,,,,,,,,,,,8.0,1.624482901E3,3.639135222E3,-1.25,1.864429,0.0,-0.4669E-2,0.0,,,,,,,,,,,,,,,,,,,,,,,,,,,,,3.639135222E3
2716,UNDH,MARK,HXR31END,,,,,,,,,,,,8.0,1.624681067E3,3.639333387E3,-1.25,1.865354,0.0,-0.4669E-2,0.0,,,,,,,,,,,,,,,,,,,,,,,,,,,,,3.639333387E3
2717,UNDH,MARK,HXR32BEG,,,,,,,,,,,,8.0,1.624681067E3,3.639333387E3,-1.25,1.865354,0.0,-0.4669E-2,0.0,,,,,,,,,,,,,,,,,,,,,,,,,,,,,3.639333387E3
2721,UNDH,USEG,UMAHXH32,HGVPU26,3.354,,,,,,,,,,8.0,1.626408067E3,3.641060368E3,-1.25,1.873417,0.0,-0.4669E-2,0.0,,,,,,,,,,,,,,,,,,,,,,0.026,2.0,,,,,,3.641060368E3
2722,UNDH,EFC,XCHU32,type-V,0.0,,,,,,,,,,8.0,1.626408067E3,3.641060368E3,-1.25,1.873417,0.0,-0.4669E-2,0.0,,,,,,,,,,,,,,,,,,,,,,,,,,,,,3.641060368E3
2723,UNDH,EFC,YCHU32,type-V,0.0,,,,,,,,,,8.0,1.626408067E3,3.641060368E3,-1.25,1.873417,0.0,-0.4669E-2,0.0,,,,,,,,,,,,,,,,,,,,,,,,,,,,,3.641060368E3
2727,UNDH,MARK,MBLMH32,,,,,,,,,,,,8.0,1.628145075E3,3.642797357E3,-1.25,1.881526,0.0,-0.4669E-2,0.0,,,,,,,,,,,,,,,,,,,,,,,,,,,,,3.642797357E3
2729,UNDH,QUAD,QHXH32,0.433Q3.1,0.084,0.011,,-1.338359187,,0.0,,,,,8.0,1.628238067E3,3.642890348E3,-1.25,1.88196,0.0,-0.4669E-2,0.0,,,,,,,,,,-29.999999927592,35.714285628086,,,,,,,,,,,,,,,,,,3.642890348E3
2730,UNDH,XCOR,XCHX32,type-U,0.0,,,,,,,,,,8.0,1.628238067E3,3.642890348E3,-1.25,1.88196,0.0,-0.4669E-2,0.0,,,,,,,,,,,,,,,,,,,,,,,,,,,,,3.642890348E3
2731,UNDH,MARK,MUQH32,,,,,,,,,,,,8.0,1.628238067E3,3.642890348E3,-1.25,1.88196,0.0,-0.4669E-2,0.0,,,,,,,,,,,,,,,,,,,,,,,,,,,,,3.642890348E3
2732,UNDH,YCOR,YCHX32,type-U,0.0,,,,,,,,,,8.0,1.628238067E3,3.642890348E3,-1.25,1.88196,0.0,-0.4669E-2,0.0,,,,,,,,,,,,,,,,,,,,,,,,,,,,,3.642890348E3
2735,UNDH,BPM,RFBHX32,CavityX-1,0.05,,,,,,,,,,8.0,1.628368067E3,3.643020346E3,-1.25,1.882567,0.0,-0.4669E-2,0.0,,,,,,,,,,,,,,,,,,,,,,,,,,,,,3.6430203465E3
2737,UNDH,USEG,PSHXH32,PS45,0.0495,,,,,,,,,,8.0,1.628495567E3,3.643147845E3,-1.25,1.883162,0.0,-0.4669E-2,0.0,,,,,,,,,,,,,,,,,,,,,,0.045,2.737835702998,,,,,,3.643147845E3
2738,UNDH,MARK,MPHH32,,,,,,,,,,,,8.0,1.628495567E3,3.643147845E3,-1.25,1.883162,0.0,-0.4669E-2,0.0,,,,,,,,,,,,,,,,,,,,,,,,,,,,,3.643147845E3
2741,UNDH,MARK,VVHXU32,,,,,,,,,,,,8.0,1.62860481E3,3.643257087E3,-1.25,1.883672,0.0,-0.4669E-2,0.0,,,,,,,,,,,,,,,,,,,,,,,,,,,,,3.643257087E3
2743,UNDH,MARK,HXR32END,,,,,,,,,,,,8.0,1.628693734E3,3.643346009E3,-1.25,1.884088,0.0,-0.4669E-2,0.0,,,,,,,,,,,,,,,,,,,,,,,,,,,,,3.643346009E3
2744,UNDH,MARK,HXR33BEG,,,,,,,,,,,,8.0,1.628693734E3,3.643346009E3,-1.25,1.884088,0.0,-0.4669E-2,0.0,,,,,,,,,,,,,,,,,,,,,,,,,,,,,3.643346009E3
2748,UNDH,USEG,UMAHXH33,HGVPU26,3.354,,,,,,,,,,8.0,1.630420734E3,3.645072991E3,-1.25,1.89215,0.0,-0.4669E-2,0.0,,,,,,,,,,,,,,,,,,,,,,0.026,2.0,,,,,,3.645072991E3
2749,UNDH,EFC,XCHU33,type-V,0.0,,,,,,,,,,8.0,1.630420734E3,3.645072991E3,-1.25,1.89215,0.0,-0.4669E-2,0.0,,,,,,,,,,,,,,,,,,,,,,,,,,,,,3.645072991E3
2750,UNDH,EFC,YCHU33,type-V,0.0,,,,,,,,,,8.0,1.630420734E3,3.645072991E3,-1.25,1.89215,0.0,-0.4669E-2,0.0,,,,,,,,,,,,,,,,,,,,,,,,,,,,,3.645072991E3
2755,UNDH,QUAD,QHXH33,0.433Q3.1,0.084,0.011,,1.338359187,,0.0,,,,,8.0,1.632250734E3,3.646902971E3,-1.25,1.900693,0.0,-0.4669E-2,0.0,,,,,,,,,,29.999999927592,-35.714285628086,,,,,,,,,,,,,,,,,,3.646902971E3
2756,UNDH,XCOR,XCHX33,type-U,0.0,,,,,,,,,,8.0,1.632250734E3,3.646902971E3,-1.25,1.900693,0.0,-0.4669E-2,0.0,,,,,,,,,,,,,,,,,,,,,,,,,,,,,3.646902971E3
2757,UNDH,MARK,MUQH33,,,,,,,,,,,,8.0,1.632250734E3,3.646902971E3,-1.25,1.900693,0.0,-0.4669E-2,0.0,,,,,,,,,,,,,,,,,,,,,,,,,,,,,3.646902971E3
2758,UNDH,YCOR,YCHX33,type-U,0.0,,,,,,,,,,8.0,1.632250734E3,3.646902971E3,-1.25,1.900693,0.0,-0.4669E-2,0.0,,,,,,,,,,,,,,,,,,,,,,,,,,,,,3.646902971E3
2761,UNDH,BPM,RFBHX33,CavityX-1,0.05,,,,,,,,,,8.0,1.632380734E3,3.64703297E3,-1.25,1.9013,0.0,-0.4669E-2,0.0,,,,,,,,,,,,,,,,,,,,,,,,,,,,,3.6470329695E3
2763,UNDH,USEG,PSHXH33,PS45,0.0495,,,,,,,,,,8.0,1.632508234E3,3.647160468E3,-1.25,1.901896,0.0,-0.4669E-2,0.0,,,,,,,,,,,,,,,,,,,,,,0.045,2.737835702998,,,,,,3.647160468E3
2764,UNDH,MARK,MPHH33,,,,,,,,,,,,8.0,1.632508234E3,3.647160468E3,-1.25,1.901896,0.0,-0.4669E-2,0.0,,,,,,,,,,,,,,,,,,,,,,,,,,,,,3.647160468E3
2769,UNDH,MARK,HXR33END,,,,,,,,,,,,8.0,1.632706401E3,3.647358632E3,-1.25,1.902821,0.0,-0.4669E-2,0.0,,,,,,,,,,,,,,,,,,,,,,,,,,,,,3.647358632E3
2770,UNDH,MARK,HXR34BEG,,,,,,,,,,,,8.0,1.632706401E3,3.647358632E3,-1.25,1.902821,0.0,-0.4669E-2,0.0,,,,,,,,,,,,,,,,,,,,,,,,,,,,,3.647358632E3
2774,UNDH,USEG,UMAHXH34,HGVPU26,3.354,,,,,,,,,,8.0,1.634433401E3,3.649085614E3,-1.25,1.910883,0.0,-0.4669E-2,0.0,,,,,,,,,,,,,,,,,,,,,,0.026,2.0,,,,,,3.649085614E3
2775,UNDH,EFC,XCHU34,type-V,0.0,,,,,,,,,,8.0,1.634433401E3,3.649085614E3,-1.25,1.910883,0.0,-0.4669E-2,0.0,,,,,,,,,,,,,,,,,,,,,,,,,,,,,3.649085614E3
2776,UNDH,EFC,YCHU34,type-V,0.0,,,,,,,,,,8.0,1.634433401E3,3.649085614E3,-1.25,1.910883,0.0,-0.4669E-2,0.0,,,,,,,,,,,,,,,,,,,,,,,,,,,,,3.649085614E3
2780,UNDH,MARK,MBLMH34,,,,,,,,,,,,8.0,1.636170409E3,3.650822603E3,-1.25,1.918992,0.0,-0.4669E-2,0.0,,,,,,,,,,,,,,,,,,,,,,,,,,,,,3.650822603E3
2782,UNDH,QUAD,QHXH34,0.433Q3.1,0.084,0.011,,-1.338359187,,0.0,,,,,8.0,1.636263401E3,3.650915594E3,-1.25,1.919427,0.0,-0.4669E-2,0.0,,,,,,,,,,-29.999999927592,35.714285628086,,,,,,,,,,,,,,,,,,3.650915594E3
2783,UNDH,XCOR,XCHX34,type-U,0.0,,,,,,,,,,8.0,1.636263401E3,3.650915594E3,-1.25,1.919427,0.0,-0.4669E-2,0.0,,,,,,,,,,,,,,,,,,,,,,,,,,,,,3.650915594E3
2784,UNDH,MARK,MUQH34,,,,,,,,,,,,8.0,1.636263401E3,3.650915594E3,-1.25,1.919427,0.0,-0.4669E-2,0.0,,,,,,,,,,,,,,,,,,,,,,,,,,,,,3.650915594E3
2785,UNDH,YCOR,YCHX34,type-U,0.0,,,,,,,,,,8.0,1.636263401E3,3.650915594E3,-1.25,1.919427,0.0,-0.4669E-2,0.0,,,,,,,,,,,,,,,,,,,,,,,,,,,,,3.650915594E3
2788,UNDH,BPM,RFBHX34,CavityX-1,0.05,,,,,,,,,,8.0,1.636393401E3,3.651045593E3,-1.25,1.920033,0.0,-0.4669E-2,0.0,,,,,,,,,,,,,,,,,,,,,,,,,,,,,3.6510455925E3
2790,UNDH,USEG,PSHXH34,PS45,0.0495,,,,,,,,,,8.0,1.636520901E3,3.651173091E3,-1.25,1.920629,0.0,-0.4669E-2,0.0,,,,,,,,,,,,,,,,,,,,,,0.045,2.737835702998,,,,,,3.651173091E3
2791,UNDH,MARK,MPHH34,,,,,,,,,,,,8.0,1.636520901E3,3.651173091E3,-1.25,1.920629,0.0,-0.4669E-2,0.0,,,,,,,,,,,,,,,,,,,,,,,,,,,,,3.651173091E3
2796,UNDH,MARK,HXR34END,,,,,,,,,,,,8.0,1.636719067E3,3.651371255E3,-1.25,1.921554,0.0,-0.4669E-2,0.0,,,,,,,,,,,,,,,,,,,,,,,,,,,,,3.651371255E3
2797,UNDH,MARK,HXR35BEG,,,,,,,,,,,,8.0,1.636719067E3,3.651371255E3,-1.25,1.921554,0.0,-0.4669E-2,0.0,,,,,,,,,,,,,,,,,,,,,,,,,,,,,3.651371255E3
2801,UNDH,USEG,UMAHXH35,HGVPU26,3.354,,,,,,,,,,8.0,1.638446067E3,3.653098237E3,-1.25,1.929616,0.0,-0.4669E-2,0.0,,,,,,,,,,,,,,,,,,,,,,0.026,2.0,,,,,,3.653098237E3
2802,UNDH,EFC,XCHU35,type-V,0.0,,,,,,,,,,8.0,1.638446067E3,3.653098237E3,-1.25,1.929616,0.0,-0.4669E-2,0.0,,,,,,,,,,,,,,,,,,,,,,,,,,,,,3.653098237E3
2803,UNDH,EFC,YCHU35,type-V,0.0,,,,,,,,,,8.0,1.638446067E3,3.653098237E3,-1.25,1.929616,0.0,-0.4669E-2,0.0,,,,,,,,,,,,,,,,,,,,,,,,,,,,,3.653098237E3
2808,UNDH,QUAD,QHXH35,0.433Q3.1,0.084,0.011,,1.338359187,,0.0,,,,,8.0,1.640276067E3,3.654928217E3,-1.25,1.93816,0.0,-0.4669E-2,0.0,,,,,,,,,,29.999999927592,-35.714285628086,,,,,,,,,,,,,,,,,,3.654928217E3
2809,UNDH,XCOR,XCHX35,type-U,0.0,,,,,,,,,,8.0,1.640276067E3,3.654928217E3,-1.25,1.93816,0.0,-0.4669E-2,0.0,,,,,,,,,,,,,,,,,,,,,,,,,,,,,3.654928217E3
2810,UNDH,MARK,MUQH35,,,,,,,,,,,,8.0,1.640276067E3,3.654928217E3,-1.25,1.93816,0.0,-0.4669E-2,0.0,,,,,,,,,,,,,,,,,,,,,,,,,,,,,3.654928217E3
2811,UNDH,YCOR,YCHX35,type-U,0.0,,,,,,,,,,8.0,1.640276067E3,3.654928217E3,-1.25,1.93816,0.0,-0.4669E-2,0.0,,,,,,,,,,,,,,,,,,,,,,,,,,,,,3.654928217E3
2814,UNDH,BPM,RFBHX35,CavityX-1,0.05,,,,,,,,,,8.0,1.640406067E3,3.655058215E3,-1.25,1.938767,0.0,-0.4669E-2,0.0,,,,,,,,,,,,,,,,,,,,,,,,,,,,,3.655058215E3
2816,UNDH,USEG,PSHXH35,PS45,0.0495,,,,,,,,,,8.0,1.640533567E3,3.655185714E3,-1.25,1.939362,0.0,-0.4669E-2,0.0,,,,,,,,,,,,,,,,,,,,,,0.045,2.737835702998,,,,,,3.655185714E3
2817,UNDH,MARK,MPHH35,,,,,,,,,,,,8.0,1.640533567E3,3.655185714E3,-1.25,1.939362,0.0,-0.4669E-2,0.0,,,,,,,,,,,,,,,,,,,,,,,,,,,,,3.655185714E3
2820,UNDH,MARK,VVHXU35,,,,,,,,,,,,8.0,1.64064281E3,3.655294956E3,-1.25,1.939872,0.0,-0.4669E-2,0.0,,,,,,,,,,,,,,,,,,,,,,,,,,,,,3.655294956E3
2822,UNDH,MARK,HXR35END,,,,,,,,,,,,8.0,1.640731734E3,3.655383878E3,-1.25,1.940287,0.0,-0.4669E-2,0.0,,,,,,,,,,,,,,,,,,,,,,,,,,,,,3.655383878E3
2823,UNDH,MARK,HXR36BEG,,,,,,,,,,,,8.0,1.640731734E3,3.655383878E3,-1.25,1.940287,0.0,-0.4669E-2,0.0,,,,,,,,,,,,,,,,,,,,,,,,,,,,,3.655383878E3
2827,UNDH,USEG,UMAHXH36,HGVPU26,3.354,,,,,,,,,,8.0,1.642458734E3,3.657110859E3,-1.25,1.948349,0.0,-0.4669E-2,0.0,,,,,,,,,,,,,,,,,,,,,,0.026,2.0,,,,,,3.657110859E3
2828,UNDH,EFC,XCHU36,type-V,0.0,,,,,,,,,,8.0,1.642458734E3,3.657110859E3,-1.25,1.948349,0.0,-0.4669E-2,0.0,,,,,,,,,,,,,,,,,,,,,,,,,,,,,3.657110859E3
2829,UNDH,EFC,YCHU36,type-V,0.0,,,,,,,,,,8.0,1.642458734E3,3.657110859E3,-1.25,1.948349,0.0,-0.4669E-2,0.0,,,,,,,,,,,,,,,,,,,,,,,,,,,,,3.657110859E3
2833,UNDH,MARK,MBLMH36,,,,,,,,,,,,8.0,1.644195742E3,3.658847849E3,-1.25,1.956459,0.0,-0.4669E-2,0.0,,,,,,,,,,,,,,,,,,,,,,,,,,,,,3.658847849E3
2835,UNDH,QUAD,QHXH36,0.433Q3.1,0.084,0.011,,-1.338359187,,0.0,,,,,8.0,1.644288734E3,3.65894084E3,-1.25,1.956893,0.0,-0.4669E-2,0.0,,,,,,,,,,-29.999999927592,35.714285628086,,,,,,,,,,,,,,,,,,3.65894084E3
2836,UNDH,XCOR,XCHX36,type-U,0.0,,,,,,,,,,8.0,1.644288734E3,3.65894084E3,-1.25,1.956893,0.0,-0.4669E-2,0.0,,,,,,,,,,,,,,,,,,,,,,,,,,,,,3.65894084E3
2837,UNDH,MARK,MUQH36,,,,,,,,,,,,8.0,1.644288734E3,3.65894084E3,-1.25,1.956893,0.0,-0.4669E-2,0.0,,,,,,,,,,,,,,,,,,,,,,,,,,,,,3.65894084E3
2838,UNDH,YCOR,YCHX36,type-U,0.0,,,,,,,,,,8.0,1.644288734E3,3.65894084E3,-1.25,1.956893,0.0,-0.4669E-2,0.0,,,,,,,,,,,,,,,,,,,,,,,,,,,,,3.65894084E3
2841,UNDH,BPM,RFBHX36,CavityX-1,0.05,,,,,,,,,,8.0,1.644418734E3,3.659070838E3,-1.25,1.9575,0.0,-0.4669E-2,0.0,,,,,,,,,,,,,,,,,,,,,,,,,,,,,3.659070838E3
2843,UNDH,USEG,PSHXH36,PS45,0.0495,,,,,,,,,,8.0,1.644546234E3,3.659198337E3,-1.25,1.958095,0.0,-0.4669E-2,0.0,,,,,,,,,,,,,,,,,,,,,,0.045,2.737835702998,,,,,,3.659198337E3
2844,UNDH,MARK,MPHH36,,,,,,,,,,,,8.0,1.644546234E3,3.659198337E3,-1.25,1.958095,0.0,-0.4669E-2,0.0,,,,,,,,,,,,,,,,,,,,,,,,,,,,,3.659198337E3
2849,UNDH,MARK,HXR36END,,,,,,,,,,,,8.0,1.644744401E3,3.659396501E3,-1.25,1.95902,0.0,-0.4669E-2,0.0,,,,,,,,,,,,,,,,,,,,,,,,,,,,,3.659396501E3
2850,UNDH,MARK,HXR37BEG,,,,,,,,,,,,8.0,1.644744401E3,3.659396501E3,-1.25,1.95902,0.0,-0.4669E-2,0.0,,,,,,,,,,,,,,,,,,,,,,,,,,,,,3.659396501E3
2854,UNDH,USEG,UMAHXH37,HGVPU26,3.354,,,,,,,,,,8.0,1.646471401E3,3.661123482E3,-1.25,1.967083,0.0,-0.4669E-2,0.0,,,,,,,,,,,,,,,,,,,,,,0.026,2.0,,,,,,3.661123482E3
2855,UNDH,EFC,XCHU37,type-V,0.0,,,,,,,,,,8.0,1.646471401E3,3.661123482E3,-1.25,1.967083,0.0,-0.4669E-2,0.0,,,,,,,,,,,,,,,,,,,,,,,,,,,,,3.661123482E3
2856,UNDH,EFC,YCHU37,type-V,0.0,,,,,,,,,,8.0,1.646471401E3,3.661123482E3,-1.25,1.967083,0.0,-0.4669E-2,0.0,,,,,,,,,,,,,,,,,,,,,,,,,,,,,3.661123482E3
2861,UNDH,QUAD,QHXH37,0.433Q3.1,0.084,0.011,,1.338359187,,0.0,,,,,8.0,1.648301401E3,3.662953462E3,-1.25,1.975626,0.0,-0.4669E-2,0.0,,,,,,,,,,29.999999927592,-35.714285628086,,,,,,,,,,,,,,,,,,3.662953462E3
2862,UNDH,XCOR,XCHX37,type-U,0.0,,,,,,,,,,8.0,1.648301401E3,3.662953462E3,-1.25,1.975626,0.0,-0.4669E-2,0.0,,,,,,,,,,,,,,,,,,,,,,,,,,,,,3.662953462E3
2863,UNDH,MARK,MUQH37,,,,,,,,,,,,8.0,1.648301401E3,3.662953462E3,-1.25,1.975626,0.0,-0.4669E-2,0.0,,,,,,,,,,,,,,,,,,,,,,,,,,,,,3.662953462E3
2864,UNDH,YCOR,YCHX37,type-U,0.0,,,,,,,,,,8.0,1.648301401E3,3.662953462E3,-1.25,1.975626,0.0,-0.4669E-2,0.0,,,,,,,,,,,,,,,,,,,,,,,,,,,,,3.662953462E3
2867,UNDH,BPM,RFBHX37,CavityX-1,0.05,,,,,,,,,,8.0,1.648431401E3,3.663083461E3,-1.25,1.976233,0.0,-0.4669E-2,0.0,,,,,,,,,,,,,,,,,,,,,,,,,,,,,3.663083461E3
2869,UNDH,USEG,PSHXH37,PS45,0.0495,,,,,,,,,,8.0,1.648558901E3,3.66321096E3,-1.25,1.976828,0.0,-0.4669E-2,0.0,,,,,,,,,,,,,,,,,,,,,,0.045,2.737835702998,,,,,,3.66321096E3
2870,UNDH,MARK,MPHH37,,,,,,,,,,,,8.0,1.648558901E3,3.66321096E3,-1.25,1.976828,0.0,-0.4669E-2,0.0,,,,,,,,,,,,,,,,,,,,,,,,,,,,,3.66321096E3
2873,UNDH,MARK,VVHXU37,,,,,,,,,,,,8.0,1.648668144E3,3.663320201E3,-1.25,1.977338,0.0,-0.4669E-2,0.0,,,,,,,,,,,,,,,,,,,,,,,,,,,,,3.663320201E3
2875,UNDH,MARK,HXR37END,,,,,,,,,,,,8.0,1.648757067E3,3.663409124E3,-1.25,1.977753,0.0,-0.4669E-2,0.0,,,,,,,,,,,,,,,,,,,,,,,,,,,,,3.663409124E3
2876,UNDH,MARK,HXR38BEG,,,,,,,,,,,,8.0,1.648757067E3,3.663409124E3,-1.25,1.977753,0.0,-0.4669E-2,0.0,,,,,,,,,,,,,,,,,,,,,,,,,,,,,3.663409124E3
2880,UNDH,USEG,UMAHXH38,HGVPU26,3.354,,,,,,,,,,8.0,1.650484067E3,3.665136105E3,-1.25,1.985816,0.0,-0.4669E-2,0.0,,,,,,,,,,,,,,,,,,,,,,0.026,2.0,,,,,,3.665136105E3
2881,UNDH,EFC,XCHU38,type-V,0.0,,,,,,,,,,8.0,1.650484067E3,3.665136105E3,-1.25,1.985816,0.0,-0.4669E-2,0.0,,,,,,,,,,,,,,,,,,,,,,,,,,,,,3.665136105E3
2882,UNDH,EFC,YCHU38,type-V,0.0,,,,,,,,,,8.0,1.650484067E3,3.665136105E3,-1.25,1.985816,0.0,-0.4669E-2,0.0,,,,,,,,,,,,,,,,,,,,,,,,,,,,,3.665136105E3
2886,UNDH,MARK,MBLMH38,,,,,,,,,,,,8.0,1.652221075E3,3.666873094E3,-1.25,1.993925,0.0,-0.4669E-2,0.0,,,,,,,,,,,,,,,,,,,,,,,,,,,,,3.666873094E3
2888,UNDH,QUAD,QHXH38,0.433Q3.1,0.084,0.011,,-1.338359187,,0.0,,,,,8.0,1.652314067E3,3.666966085E3,-1.25,1.994359,0.0,-0.4669E-2,0.0,,,,,,,,,,-29.999999927592,35.714285628086,,,,,,,,,,,,,,,,,,3.666966085E3
2889,UNDH,XCOR,XCHX38,type-U,0.0,,,,,,,,,,8.0,1.652314067E3,3.666966085E3,-1.25,1.994359,0.0,-0.4669E-2,0.0,,,,,,,,,,,,,,,,,,,,,,,,,,,,,3.666966085E3
2890,UNDH,MARK,MUQH38,,,,,,,,,,,,8.0,1.652314067E3,3.666966085E3,-1.25,1.994359,0.0,-0.4669E-2,0.0,,,,,,,,,,,,,,,,,,,,,,,,,,,,,3.666966085E3
2891,UNDH,YCOR,YCHX38,type-U,0.0,,,,,,,,,,8.0,1.652314067E3,3.666966085E3,-1.25,1.994359,0.0,-0.4669E-2,0.0,,,,,,,,,,,,,,,,,,,,,,,,,,,,,3.666966085E3
2894,UNDH,BPM,RFBHX38,CavityX-1,0.05,,,,,,,,,,8.0,1.652444067E3,3.667096084E3,-1.25,1.994966,0.0,-0.4669E-2,0.0,,,,,,,,,,,,,,,,,,,,,,,,,,,,,3.667096084E3
2896,UNDH,USEG,PSHXH38,PS45,0.0495,,,,,,,,,,8.0,1.652571567E3,3.667223583E3,-1.25,1.995561,0.0,-0.4669E-2,0.0,,,,,,,,,,,,,,,,,,,,,,0.045,2.737835702998,,,,,,3.667223583E3
2897,UNDH,MARK,MPHH38,,,,,,,,,,,,8.0,1.652571567E3,3.667223583E3,-1.25,1.995561,0.0,-0.4669E-2,0.0,,,,,,,,,,,,,,,,,,,,,,,,,,,,,3.667223583E3
2902,UNDH,MARK,HXR38END,,,,,,,,,,,,8.0,1.652769734E3,3.667421747E3,-1.25,1.996486,0.0,-0.4669E-2,0.0,,,,,,,,,,,,,,,,,,,,,,,,,,,,,3.667421747E3
2903,UNDH,MARK,HXR39BEG,,,,,,,,,,,,8.0,1.652769734E3,3.667421747E3,-1.25,1.996486,0.0,-0.4669E-2,0.0,,,,,,,,,,,,,,,,,,,,,,,,,,,,,3.667421747E3
2907,UNDH,USEG,UMAHXH39,HGVPU26,3.354,,,,,,,,,,8.0,1.654496734E3,3.669148728E3,-1.25,2.004549,0.0,-0.4669E-2,0.0,,,,,,,,,,,,,,,,,,,,,,0.026,2.0,,,,,,3.669148728E3
2908,UNDH,EFC,XCHU39,type-V,0.0,,,,,,,,,,8.0,1.654496734E3,3.669148728E3,-1.25,2.004549,0.0,-0.4669E-2,0.0,,,,,,,,,,,,,,,,,,,,,,,,,,,,,3.669148728E3
2909,UNDH,EFC,YCHU39,type-V,0.0,,,,,,,,,,8.0,1.654496734E3,3.669148728E3,-1.25,2.004549,0.0,-0.4669E-2,0.0,,,,,,,,,,,,,,,,,,,,,,,,,,,,,3.669148728E3
2914,UNDH,QUAD,QHXH39,0.433Q3.1,0.084,0.011,,1.338359187,,0.0,,,,,8.0,1.656326734E3,3.670978708E3,-1.25,2.013092,0.0,-0.4669E-2,0.0,,,,,,,,,,29.999999927592,-35.714285628086,,,,,,,,,,,,,,,,,,3.670978708E3
2915,UNDH,XCOR,XCHX39,type-U,0.0,,,,,,,,,,8.0,1.656326734E3,3.670978708E3,-1.25,2.013092,0.0,-0.4669E-2,0.0,,,,,,,,,,,,,,,,,,,,,,,,,,,,,3.670978708E3
2916,UNDH,MARK,MUQH39,,,,,,,,,,,,8.0,1.656326734E3,3.670978708E3,-1.25,2.013092,0.0,-0.4669E-2,0.0,,,,,,,,,,,,,,,,,,,,,,,,,,,,,3.670978708E3
2917,UNDH,YCOR,YCHX39,type-U,0.0,,,,,,,,,,8.0,1.656326734E3,3.670978708E3,-1.25,2.013092,0.0,-0.4669E-2,0.0,,,,,,,,,,,,,,,,,,,,,,,,,,,,,3.670978708E3
2920,UNDH,BPM,RFBHX39,CavityX-1,0.05,,,,,,,,,,8.0,1.656456734E3,3.671108707E3,-1.25,2.013699,0.0,-0.4669E-2,0.0,,,,,,,,,,,,,,,,,,,,,,,,,,,,,3.671108707E3
2922,UNDH,USEG,PSHXH39,PS45,0.0495,,,,,,,,,,8.0,1.656584234E3,3.671236206E3,-1.25,2.014294,0.0,-0.4669E-2,0.0,,,,,,,,,,,,,,,,,,,,,,0.045,2.737835702998,,,,,,3.671236206E3
2923,UNDH,MARK,MPHH39,,,,,,,,,,,,8.0,1.656584234E3,3.671236206E3,-1.25,2.014294,0.0,-0.4669E-2,0.0,,,,,,,,,,,,,,,,,,,,,,,,,,,,,3.671236206E3
2928,UNDH,MARK,HXR39END,,,,,,,,,,,,8.0,1.656782401E3,3.67143437E3,-1.25,2.015219,0.0,-0.4669E-2,0.0,,,,,,,,,,,,,,,,,,,,,,,,,,,,,3.67143437E3
2929,UNDH,MARK,HXR40BEG,,,,,,,,,,,,8.0,1.656782401E3,3.67143437E3,-1.25,2.015219,0.0,-0.4669E-2,0.0,,,,,,,,,,,,,,,,,,,,,,,,,,,,,3.67143437E3
2933,UNDH,USEG,UMAHXH40,HGVPU26,3.354,,,,,,,,,,8.0,1.658509401E3,3.673161351E3,-1.25,2.023282,0.0,-0.4669E-2,0.0,,,,,,,,,,,,,,,,,,,,,,0.026,2.0,,,,,,3.673161351E3
2934,UNDH,EFC,XCHU40,type-V,0.0,,,,,,,,,,8.0,1.658509401E3,3.673161351E3,-1.25,2.023282,0.0,-0.4669E-2,0.0,,,,,,,,,,,,,,,,,,,,,,,,,,,,,3.673161351E3
2935,UNDH,EFC,YCHU40,type-V,0.0,,,,,,,,,,8.0,1.658509401E3,3.673161351E3,-1.25,2.023282,0.0,-0.4669E-2,0.0,,,,,,,,,,,,,,,,,,,,,,,,,,,,,3.673161351E3
2939,UNDH,MARK,MBLMH40,,,,,,,,,,,,8.0,1.660246409E3,3.67489834E3,-1.25,2.031391,0.0,-0.4669E-2,0.0,,,,,,,,,,,,,,,,,,,,,,,,,,,,,3.67489834E3
2941,UNDH,QUAD,QHXH40,0.433Q3.1,0.084,0.011,,-1.338359187,,0.0,,,,,8.0,1.660339401E3,3.674991331E3,-1.25,2.031825,0.0,-0.4669E-2,0.0,,,,,,,,,,-29.999999927592,35.714285628086,,,,,,,,,,,,,,,,,,3.674991331E3
2942,UNDH,XCOR,XCHX40,type-U,0.0,,,,,,,,,,8.0,1.660339401E3,3.674991331E3,-1.25,2.031825,0.0,-0.4669E-2,0.0,,,,,,,,,,,,,,,,,,,,,,,,,,,,,3.674991331E3
2943,UNDH,MARK,MUQH40,,,,,,,,,,,,8.0,1.660339401E3,3.674991331E3,-1.25,2.031825,0.0,-0.4669E-2,0.0,,,,,,,,,,,,,,,,,,,,,,,,,,,,,3.674991331E3
2944,UNDH,YCOR,YCHX40,type-U,0.0,,,,,,,,,,8.0,1.660339401E3,3.674991331E3,-1.25,2.031825,0.0,-0.4669E-2,0.0,,,,,,,,,,,,,,,,,,,,,,,,,,,,,3.674991331E3
2947,UNDH,BPM,RFBHX40,CavityX-1,0.05,,,,,,,,,,8.0,1.660469401E3,3.67512133E3,-1.25,2.032432,0.0,-0.4669E-2,0.0,,,,,,,,,,,,,,,,,,,,,,,,,,,,,3.67512133E3
2949,UNDH,USEG,PSHXH40,PS45,0.0495,,,,,,,,,,8.0,1.660596901E3,3.675248828E3,-1.25,2.033027,0.0,-0.4669E-2,0.0,,,,,,,,,,,,,,,,,,,,,,0.045,2.737835702998,,,,,,3.675248828E3
2950,UNDH,MARK,MPHH40,,,,,,,,,,,,8.0,1.660596901E3,3.675248828E3,-1.25,2.033027,0.0,-0.4669E-2,0.0,,,,,,,,,,,,,,,,,,,,,,,,,,,,,3.675248828E3
2953,UNDH,MARK,VVHXU40,,,,,,,,,,,,8.0,1.660706144E3,3.67535807E3,-1.25,2.033537,0.0,-0.4669E-2,0.0,,,,,,,,,,,,,,,,,,,,,,,,,,,,,3.67535807E3
2955,UNDH,MARK,HXR40END,,,,,,,,,,,,8.0,1.660795067E3,3.675446993E3,-1.25,2.033953,0.0,-0.4669E-2,0.0,,,,,,,,,,,,,,,,,,,,,,,,,,,,,3.675446993E3
2956,UNDH,MARK,HXR41BEG,,,,,,,,,,,,8.0,1.660795067E3,3.675446993E3,-1.25,2.033953,0.0,-0.4669E-2,0.0,,,,,,,,,,,,,,,,,,,,,,,,,,,,,3.675446993E3
2960,UNDH,USEG,UMAHXH41,HGVPU26,3.354,,,,,,,,,,8.0,1.662522067E3,3.677173974E3,-1.25,2.042015,0.0,-0.4669E-2,0.0,,,,,,,,,,,,,,,,,,,,,,0.026,2.0,,,,,,3.677173974E3
2961,UNDH,EFC,XCHU41,type-V,0.0,,,,,,,,,,8.0,1.662522067E3,3.677173974E3,-1.25,2.042015,0.0,-0.4669E-2,0.0,,,,,,,,,,,,,,,,,,,,,,,,,,,,,3.677173974E3
2962,UNDH,EFC,YCHU41,type-V,0.0,,,,,,,,,,8.0,1.662522067E3,3.677173974E3,-1.25,2.042015,0.0,-0.4669E-2,0.0,,,,,,,,,,,,,,,,,,,,,,,,,,,,,3.677173974E3
2967,UNDH,QUAD,QHXH41,0.433Q3.1,0.084,0.011,,1.338359187,,0.0,,,,,8.0,1.664352067E3,3.679003954E3,-1.25,2.050558,0.0,-0.4669E-2,0.0,,,,,,,,,,29.999999927592,-35.714285628086,,,,,,,,,,,,,,,,,,3.679003954E3
2968,UNDH,XCOR,XCHX41,type-U,0.0,,,,,,,,,,8.0,1.664352067E3,3.679003954E3,-1.25,2.050558,0.0,-0.4669E-2,0.0,,,,,,,,,,,,,,,,,,,,,,,,,,,,,3.679003954E3
2969,UNDH,MARK,MUQH41,,,,,,,,,,,,8.0,1.664352067E3,3.679003954E3,-1.25,2.050558,0.0,-0.4669E-2,0.0,,,,,,,,,,,,,,,,,,,,,,,,,,,,,3.679003954E3
2970,UNDH,YCOR,YCHX41,type-U,0.0,,,,,,,,,,8.0,1.664352067E3,3.679003954E3,-1.25,2.050558,0.0,-0.4669E-2,0.0,,,,,,,,,,,,,,,,,,,,,,,,,,,,,3.679003954E3
2973,UNDH,BPM,RFBHX41,CavityX-1,0.05,,,,,,,,,,8.0,1.664482067E3,3.679133953E3,-1.25,2.051165,0.0,-0.4669E-2,0.0,,,,,,,,,,,,,,,,,,,,,,,,,,,,,3.679133953E3
2975,UNDH,USEG,PSHXH41,PS45,0.0495,,,,,,,,,,8.0,1.664609567E3,3.679261451E3,-1.25,2.051761,0.0,-0.4669E-2,0.0,,,,,,,,,,,,,,,,,,,,,,0.045,2.737835702998,,,,,,3.679261451E3
2976,UNDH,MARK,MPHH41,,,,,,,,,,,,8.0,1.664609567E3,3.679261451E3,-1.25,2.051761,0.0,-0.4669E-2,0.0,,,,,,,,,,,,,,,,,,,,,,,,,,,,,3.679261451E3
2981,UNDH,MARK,HXR41END,,,,,,,,,,,,8.0,1.664807734E3,3.679459616E3,-1.25,2.052686,0.0,-0.4669E-2,0.0,,,,,,,,,,,,,,,,,,,,,,,,,,,,,3.679459616E3
2982,UNDH,MARK,HXR42BEG,,,,,,,,,,,,8.0,1.664807734E3,3.679459616E3,-1.25,2.052686,0.0,-0.4669E-2,0.0,,,,,,,,,,,,,,,,,,,,,,,,,,,,,3.679459616E3
2986,UNDH,USEG,UMAHXH42,HGVPU26,3.354,,,,,,,,,,8.0,1.666534734E3,3.681186597E3,-1.25,2.060748,0.0,-0.4669E-2,0.0,,,,,,,,,,,,,,,,,,,,,,0.026,2.0,,,,,,3.681186597E3
2987,UNDH,EFC,XCHU42,type-V,0.0,,,,,,,,,,8.0,1.666534734E3,3.681186597E3,-1.25,2.060748,0.0,-0.4669E-2,0.0,,,,,,,,,,,,,,,,,,,,,,,,,,,,,3.681186597E3
2988,UNDH,EFC,YCHU42,type-V,0.0,,,,,,,,,,8.0,1.666534734E3,3.681186597E3,-1.25,2.060748,0.0,-0.4669E-2,0.0,,,,,,,,,,,,,,,,,,,,,,,,,,,,,3.681186597E3
2992,UNDH,MARK,MBLMH42,,,,,,,,,,,,8.0,1.668271742E3,3.682923586E3,-1.25,2.068857,0.0,-0.4669E-2,0.0,,,,,,,,,,,,,,,,,,,,,,,,,,,,,3.682923586E3
2994,UNDH,QUAD,QHXH42,0.433Q3.1,0.084,0.011,,-1.338359187,,0.0,,,,,8.0,1.668364734E3,3.683016577E3,-1.25,2.069292,0.0,-0.4669E-2,0.0,,,,,,,,,,-29.999999927592,35.714285628086,,,,,,,,,,,,,,,,,,3.683016577E3
2995,UNDH,XCOR,XCHX42,type-U,0.0,,,,,,,,,,8.0,1.668364734E3,3.683016577E3,-1.25,2.069292,0.0,-0.4669E-2,0.0,,,,,,,,,,,,,,,,,,,,,,,,,,,,,3.683016577E3
2996,UNDH,MARK,MUQH42,,,,,,,,,,,,8.0,1.668364734E3,3.683016577E3,-1.25,2.069292,0.0,-0.4669E-2,0.0,,,,,,,,,,,,,,,,,,,,,,,,,,,,,3.683016577E3
2997,UNDH,YCOR,YCHX42,type-U,0.0,,,,,,,,,,8.0,1.668364734E3,3.683016577E3,-1.25,2.069292,0.0,-0.4669E-2,0.0,,,,,,,,,,,,,,,,,,,,,,,,,,,,,3.683016577E3
3000,UNDH,BPM,RFBHX42,CavityX-1,0.05,,,,,,,,,,8.0,1.668494734E3,3.683146576E3,-1.25,2.069898,0.0,-0.4669E-2,0.0,,,,,,,,,,,,,,,,,,,,,,,,,,,,,3.6831465755E3
3002,UNDH,USEG,PSHXH42,PS45,0.0495,,,,,,,,,,8.0,1.668622234E3,3.683274074E3,-1.25,2.070494,0.0,-0.4669E-2,0.0,,,,,,,,,,,,,,,,,,,,,,0.045,2.737835702998,,,,,,3.683274074E3
3003,UNDH,MARK,MPHH42,,,,,,,,,,,,8.0,1.668622234E3,3.683274074E3,-1.25,2.070494,0.0,-0.4669E-2,0.0,,,,,,,,,,,,,,,,,,,,,,,,,,,,,3.683274074E3
3008,UNDH,MARK,HXR42END,,,,,,,,,,,,8.0,1.668820401E3,3.683472239E3,-1.25,2.071419,0.0,-0.4669E-2,0.0,,,,,,,,,,,,,,,,,,,,,,,,,,,,,3.683472239E3
3009,UNDH,MARK,HXR43BEG,,,,,,,,,,,,8.0,1.668820401E3,3.683472239E3,-1.25,2.071419,0.0,-0.4669E-2,0.0,,,,,,,,,,,,,,,,,,,,,,,,,,,,,3.683472239E3
3013,UNDH,USEG,UMAHXH43,HGVPU26,3.354,,,,,,,,,,8.0,1.670547401E3,3.68519922E3,-1.25,2.079481,0.0,-0.4669E-2,0.0,,,,,,,,,,,,,,,,,,,,,,0.026,2.0,,,,,,3.68519922E3
3014,UNDH,EFC,XCHU43,type-V,0.0,,,,,,,,,,8.0,1.670547401E3,3.68519922E3,-1.25,2.079481,0.0,-0.4669E-2,0.0,,,,,,,,,,,,,,,,,,,,,,,,,,,,,3.68519922E3
3015,UNDH,EFC,YCHU43,type-V,0.0,,,,,,,,,,8.0,1.670547401E3,3.68519922E3,-1.25,2.079481,0.0,-0.4669E-2,0.0,,,,,,,,,,,,,,,,,,,,,,,,,,,,,3.68519922E3
3020,UNDH,QUAD,QHXH43,0.433Q3.1,0.084,0.011,,1.338359187,,0.0,,,,,8.0,1.672377401E3,3.6870292E3,-1.25,2.088025,0.0,-0.4669E-2,0.0,,,,,,,,,,29.999999927592,-35.714285628086,,,,,,,,,,,,,,,,,,3.6870292E3
3021,UNDH,XCOR,XCHX43,type-U,0.0,,,,,,,,,,8.0,1.672377401E3,3.6870292E3,-1.25,2.088025,0.0,-0.4669E-2,0.0,,,,,,,,,,,,,,,,,,,,,,,,,,,,,3.6870292E3
3022,UNDH,MARK,MUQH43,,,,,,,,,,,,8.0,1.672377401E3,3.6870292E3,-1.25,2.088025,0.0,-0.4669E-2,0.0,,,,,,,,,,,,,,,,,,,,,,,,,,,,,3.6870292E3
3023,UNDH,YCOR,YCHX43,type-U,0.0,,,,,,,,,,8.0,1.672377401E3,3.6870292E3,-1.25,2.088025,0.0,-0.4669E-2,0.0,,,,,,,,,,,,,,,,,,,,,,,,,,,,,3.6870292E3
3026,UNDH,BPM,RFBHX43,CavityX-1,0.05,,,,,,,,,,8.0,1.672507401E3,3.687159198E3,-1.25,2.088632,0.0,-0.4669E-2,0.0,,,,,,,,,,,,,,,,,,,,,,,,,,,,,3.6871591985E3
3028,UNDH,USEG,PSHXH43,PS45,0.0495,,,,,,,,,,8.0,1.672634901E3,3.687286697E3,-1.25,2.089227,0.0,-0.4669E-2,0.0,,,,,,,,,,,,,,,,,,,,,,0.045,2.737835702998,,,,,,3.687286697E3
3029,UNDH,MARK,MPHH43,,,,,,,,,,,,8.0,1.672634901E3,3.687286697E3,-1.25,2.089227,0.0,-0.4669E-2,0.0,,,,,,,,,,,,,,,,,,,,,,,,,,,,,3.687286697E3
3032,UNDH,MARK,VVHXU43,,,,,,,,,,,,8.0,1.672744144E3,3.687395939E3,-1.25,2.089737,0.0,-0.4669E-2,0.0,,,,,,,,,,,,,,,,,,,,,,,,,,,,,3.687395939E3
3034,UNDH,MARK,HXR43END,,,,,,,,,,,,8.0,1.672833067E3,3.687484862E3,-1.25,2.090152,0.0,-0.4669E-2,0.0,,,,,,,,,,,,,,,,,,,,,,,,,,,,,3.687484862E3
3035,UNDH,MARK,HXR44BEG,,,,,,,,,,,,8.0,1.672833067E3,3.687484862E3,-1.25,2.090152,0.0,-0.4669E-2,0.0,,,,,,,,,,,,,,,,,,,,,,,,,,,,,3.687484862E3
3039,UNDH,USEG,UMAHXH44,HGVPU26,3.354,,,,,,,,,,8.0,1.674560067E3,3.689211843E3,-1.25,2.098214,0.0,-0.4669E-2,0.0,,,,,,,,,,,,,,,,,,,,,,0.026,2.0,,,,,,3.689211843E3
3040,UNDH,EFC,XCHU44,type-V,0.0,,,,,,,,,,8.0,1.674560067E3,3.689211843E3,-1.25,2.098214,0.0,-0.4669E-2,0.0,,,,,,,,,,,,,,,,,,,,,,,,,,,,,3.689211843E3
3041,UNDH,EFC,YCHU44,type-V,0.0,,,,,,,,,,8.0,1.674560067E3,3.689211843E3,-1.25,2.098214,0.0,-0.4669E-2,0.0,,,,,,,,,,,,,,,,,,,,,,,,,,,,,3.689211843E3
3045,UNDH,MARK,MBLMH44,,,,,,,,,,,,8.0,1.676297075E3,3.690948832E3,-1.25,2.106324,0.0,-0.4669E-2,0.0,,,,,,,,,,,,,,,,,,,,,,,,,,,,,3.690948832E3
3047,UNDH,QUAD,QHXH44,0.433Q3.1,0.084,0.011,,-1.338359187,,0.0,,,,,8.0,1.676390067E3,3.691041823E3,-1.25,2.106758,0.0,-0.4669E-2,0.0,,,,,,,,,,-29.999999927592,35.714285628086,,,,,,,,,,,,,,,,,,3.691041823E3
3048,UNDH,XCOR,XCHX44,type-U,0.0,,,,,,,,,,8.0,1.676390067E3,3.691041823E3,-1.25,2.106758,0.0,-0.4669E-2,0.0,,,,,,,,,,,,,,,,,,,,,,,,,,,,,3.691041823E3
3049,UNDH,MARK,MUQH44,,,,,,,,,,,,8.0,1.676390067E3,3.691041823E3,-1.25,2.106758,0.0,-0.4669E-2,0.0,,,,,,,,,,,,,,,,,,,,,,,,,,,,,3.691041823E3
3050,UNDH,YCOR,YCHX44,type-U,0.0,,,,,,,,,,8.0,1.676390067E3,3.691041823E3,-1.25,2.106758,0.0,-0.4669E-2,0.0,,,,,,,,,,,,,,,,,,,,,,,,,,,,,3.691041823E3
3053,UNDH,BPM,RFBHX44,CavityX-1,0.05,,,,,,,,,,8.0,1.676520067E3,3.691171822E3,-1.25,2.107365,0.0,-0.4669E-2,0.0,,,,,,,,,,,,,,,,,,,,,,,,,,,,,3.6911718215E3
3055,UNDH,USEG,PSHXH44,PS45,0.0495,,,,,,,,,,8.0,1.676647567E3,3.69129932E3,-1.25,2.10796,0.0,-0.4669E-2,0.0,,,,,,,,,,,,,,,,,,,,,,0.045,2.737835702998,,,,,,3.69129932E3
3056,UNDH,MARK,MPHH44,,,,,,,,,,,,8.0,1.676647567E3,3.69129932E3,-1.25,2.10796,0.0,-0.4669E-2,0.0,,,,,,,,,,,,,,,,,,,,,,,,,,,,,3.69129932E3
3061,UNDH,MARK,HXR44END,,,,,,,,,,,,8.0,1.676845734E3,3.691497485E3,-1.25,2.108885,0.0,-0.4669E-2,0.0,,,,,,,,,,,,,,,,,,,,,,,,,,,,,3.691497485E3
3062,UNDH,MARK,HXR45BEG,,,,,,,,,,,,8.0,1.676845734E3,3.691497485E3,-1.25,2.108885,0.0,-0.4669E-2,0.0,,,,,,,,,,,,,,,,,,,,,,,,,,,,,3.691497485E3
3066,UNDH,USEG,UMAHXH45,HGVPU26,3.354,,,,,,,,,,8.0,1.678572734E3,3.693224466E3,-1.25,2.116948,0.0,-0.4669E-2,0.0,,,,,,,,,,,,,,,,,,,,,,0.026,2.0,,,,,,3.693224466E3
3067,UNDH,EFC,XCHU45,type-V,0.0,,,,,,,,,,8.0,1.678572734E3,3.693224466E3,-1.25,2.116948,0.0,-0.4669E-2,0.0,,,,,,,,,,,,,,,,,,,,,,,,,,,,,3.693224466E3
3068,UNDH,EFC,YCHU45,type-V,0.0,,,,,,,,,,8.0,1.678572734E3,3.693224466E3,-1.25,2.116948,0.0,-0.4669E-2,0.0,,,,,,,,,,,,,,,,,,,,,,,,,,,,,3.693224466E3
3073,UNDH,QUAD,QHXH45,0.433Q3.1,0.084,0.011,,1.338359187,,0.0,,,,,8.0,1.680402734E3,3.695054446E3,-1.25,2.125491,0.0,-0.4669E-2,0.0,,,,,,,,,,29.999999927592,-35.714285628086,,,,,,,,,,,,,,,,,,3.695054446E3
3074,UNDH,XCOR,XCHX45,type-U,0.0,,,,,,,,,,8.0,1.680402734E3,3.695054446E3,-1.25,2.125491,0.0,-0.4669E-2,0.0,,,,,,,,,,,,,,,,,,,,,,,,,,,,,3.695054446E3
3075,UNDH,MARK,MUQH45,,,,,,,,,,,,8.0,1.680402734E3,3.695054446E3,-1.25,2.125491,0.0,-0.4669E-2,0.0,,,,,,,,,,,,,,,,,,,,,,,,,,,,,3.695054446E3
3076,UNDH,YCOR,YCHX45,type-U,0.0,,,,,,,,,,8.0,1.680402734E3,3.695054446E3,-1.25,2.125491,0.0,-0.4669E-2,0.0,,,,,,,,,,,,,,,,,,,,,,,,,,,,,3.695054446E3
3079,UNDH,BPM,RFBHX45,CavityX-1,0.05,,,,,,,,,,8.0,1.680532734E3,3.695184444E3,-1.25,2.126098,0.0,-0.4669E-2,0.0,,,,,,,,,,,,,,,,,,,,,,,,,,,,,3.6951844445E3
3081,UNDH,USEG,PSHXH45,PS45,0.0495,,,,,,,,,,8.0,1.680660234E3,3.695311943E3,-1.25,2.126693,0.0,-0.4669E-2,0.0,,,,,,,,,,,,,,,,,,,,,,0.045,2.737835702998,,,,,,3.695311943E3
3082,UNDH,MARK,MPHH45,,,,,,,,,,,,8.0,1.680660234E3,3.695311943E3,-1.25,2.126693,0.0,-0.4669E-2,0.0,,,,,,,,,,,,,,,,,,,,,,,,,,,,,3.695311943E3
3085,UNDH,MARK,VVHXU45,,,,,,,,,,,,8.0,1.680769477E3,3.695421185E3,-1.25,2.127203,0.0,-0.4669E-2,0.0,,,,,,,,,,,,,,,,,,,,,,,,,,,,,3.695421185E3
3087,UNDH,MARK,HXR45END,,,,,,,,,,,,8.0,1.680858401E3,3.695510108E3,-1.25,2.127618,0.0,-0.4669E-2,0.0,,,,,,,,,,,,,,,,,,,,,,,,,,,,,3.695510108E3
3088,UNDH,MARK,HXR46BEG,,,,,,,,,,,,8.0,1.680858401E3,3.695510108E3,-1.25,2.127618,0.0,-0.4669E-2,0.0,,,,,,,,,,,,,,,,,,,,,,,,,,,,,3.695510108E3
3092,UNDH,USEG,UMAHXH46,HGVPU26,3.354,,,,,,,,,,8.0,1.682585401E3,3.697237089E3,-1.25,2.135681,0.0,-0.4669E-2,0.0,,,,,,,,,,,,,,,,,,,,,,0.026,2.0,,,,,,3.697237089E3
3093,UNDH,EFC,XCHU46,type-V,0.0,,,,,,,,,,8.0,1.682585401E3,3.697237089E3,-1.25,2.135681,0.0,-0.4669E-2,0.0,,,,,,,,,,,,,,,,,,,,,,,,,,,,,3.697237089E3
3094,UNDH,EFC,YCHU46,type-V,0.0,,,,,,,,,,8.0,1.682585401E3,3.697237089E3,-1.25,2.135681,0.0,-0.4669E-2,0.0,,,,,,,,,,,,,,,,,,,,,,,,,,,,,3.697237089E3
3098,UNDH,MARK,MBLMH46,,,,,,,,,,,,8.0,1.684322409E3,3.698974078E3,-1.25,2.14379,0.0,-0.4669E-2,0.0,,,,,,,,,,,,,,,,,,,,,,,,,,,,,3.698974078E3
3100,UNDH,QUAD,QHXH46,0.433Q3.1,0.084,0.011,,-1.73462426,,0.0,,,,,8.0,1.684415401E3,3.699067069E3,-1.25,2.144224,0.0,-0.4669E-2,0.0,,,,,,,,,,-38.882482505348,46.288669649224,,,,,,,,,,,,,,,,,,3.699067069E3
3101,UNDH,XCOR,XCHX46,type-U,0.0,,,,,,,,,,8.0,1.684415401E3,3.699067069E3,-1.25,2.144224,0.0,-0.4669E-2,0.0,,,,,,,,,,,,,,,,,,,,,,,,,,,,,3.699067069E3
3102,UNDH,MARK,MUQH46,,,,,,,,,,,,8.0,1.684415401E3,3.699067069E3,-1.25,2.144224,0.0,-0.4669E-2,0.0,,,,,,,,,,,,,,,,,,,,,,,,,,,,,3.699067069E3
3103,UNDH,YCOR,YCHX46,type-U,0.0,,,,,,,,,,8.0,1.684415401E3,3.699067069E3,-1.25,2.144224,0.0,-0.4669E-2,0.0,,,,,,,,,,,,,,,,,,,,,,,,,,,,,3.699067069E3
3106,UNDH,BPM,RFBHX46,CavityX-1,0.05,,,,,,,,,,8.0,1.684545401E3,3.699197068E3,-1.25,2.144831,0.0,-0.4669E-2,0.0,,,,,,,,,,,,,,,,,,,,,,,,,,,,,3.6991970675E3
3108,UNDH,USEG,PSHXH46,PS45,0.0495,,,,,,,,,,8.0,1.684672901E3,3.699324566E3,-1.25,2.145426,0.0,-0.4669E-2,0.0,,,,,,,,,,,,,,,,,,,,,,0.045,2.737835702998,,,,,,3.699324566E3
3109,UNDH,MARK,MPHH46,,,,,,,,,,,,8.0,1.684672901E3,3.699324566E3,-1.25,2.145426,0.0,-0.4669E-2,0.0,,,,,,,,,,,,,,,,,,,,,,,,,,,,,3.699324566E3
3114,UNDH,MARK,HXR46END,,,,,,,,,,,,8.0,1.684871067E3,3.699522731E3,-1.25,2.146351,0.0,-0.4669E-2,0.0,,,,,,,,,,,,,,,,,,,,,,,,,,,,,3.699522731E3
3115,UNDH,MARK,HXR47BEG,,,,,,,,,,,,8.0,1.684871067E3,3.699522731E3,-1.25,2.146351,0.0,-0.4669E-2,0.0,,,,,,,,,,,,,,,,,,,,,,,,,,,,,3.699522731E3
3119,UNDH,USEG,UMAHXH47,HGVPU26,3.354,,,,,,,,,,8.0,1.686598067E3,3.701249712E3,-1.25,2.154414,0.0,-0.4669E-2,0.0,,,,,,,,,,,,,,,,,,,,,,0.026,2.0,,,,,,3.701249712E3
3120,UNDH,EFC,XCHU47,type-V,0.0,,,,,,,,,,8.0,1.686598067E3,3.701249712E3,-1.25,2.154414,0.0,-0.4669E-2,0.0,,,,,,,,,,,,,,,,,,,,,,,,,,,,,3.701249712E3
3121,UNDH,EFC,YCHU47,type-V,0.0,,,,,,,,,,8.0,1.686598067E3,3.701249712E3,-1.25,2.154414,0.0,-0.4669E-2,0.0,,,,,,,,,,,,,,,,,,,,,,,,,,,,,3.701249712E3
3126,UNDH,QUAD,QHXH47,0.433Q3.1,0.084,0.011,,0.0,,0.0,,,,,8.0,1.688428067E3,3.703079692E3,-1.25,2.162957,0.0,-0.4669E-2,0.0,,,,,,,,,,0.0,0.0,,,,,,,,,,,,,,,,,,3.703079692E3
3127,UNDH,XCOR,XCHX47,type-U,0.0,,,,,,,,,,8.0,1.688428067E3,3.703079692E3,-1.25,2.162957,0.0,-0.4669E-2,0.0,,,,,,,,,,,,,,,,,,,,,,,,,,,,,3.703079692E3
3128,UNDH,MARK,MUQH47,,,,,,,,,,,,8.0,1.688428067E3,3.703079692E3,-1.25,2.162957,0.0,-0.4669E-2,0.0,,,,,,,,,,,,,,,,,,,,,,,,,,,,,3.703079692E3
3129,UNDH,YCOR,YCHX47,type-U,0.0,,,,,,,,,,8.0,1.688428067E3,3.703079692E3,-1.25,2.162957,0.0,-0.4669E-2,0.0,,,,,,,,,,,,,,,,,,,,,,,,,,,,,3.703079692E3
3132,UNDH,BPM,RFBHX47,CavityX-1,0.05,,,,,,,,,,8.0,1.688558067E3,3.70320969E3,-1.25,2.163564,0.0,-0.4669E-2,0.0,,,,,,,,,,,,,,,,,,,,,,,,,,,,,3.7032096905E3
3138,UNDH,MARK,HXR47END,,,,,,,,,,,,8.0,1.688883734E3,3.703535354E3,-1.25,2.165084,0.0,-0.4669E-2,0.0,,,,,,,,,,,,,,,,,,,,,,,,,,,,,3.703535354E3
3139,UNDH,MARK,HXR48BEG,,,,,,,,,,,,8.0,1.688883734E3,3.703535354E3,-1.25,2.165084,0.0,-0.4669E-2,0.0,,,,,,,,,,,,,,,,,,,,,,,,,,,,,3.703535354E3
3152,UNDH,MARK,HXR48END,,,,,,,,,,,,8.0,1.692896401E3,3.707547977E3,-1.25,2.183818,0.0,-0.4669E-2,0.0,,,,,,,,,,,,,,,,,,,,,,,,,,,,,3.707547977E3
3153,UNDH,MARK,HXR49BEG,,,,,,,,,,,,8.0,1.692896401E3,3.707547977E3,-1.25,2.183818,0.0,-0.4669E-2,0.0,,,,,,,,,,,,,,,,,,,,,,,,,,,,,3.707547977E3
3166,UNDH,MARK,HXR49END,,,,,,,,,,,,8.0,1.696909067E3,3.711560599E3,-1.25,2.202551,0.0,-0.4669E-2,0.0,,,,,,,,,,,,,,,,,,,,,,,,,,,,,3.711560599E3
3167,UNDH,MARK,HXR50BEG,,,,,,,,,,,,8.0,1.696909067E3,3.711560599E3,-1.25,2.202551,0.0,-0.4669E-2,0.0,,,,,,,,,,,,,,,,,,,,,,,,,,,,,3.711560599E3
3180,UNDH,MARK,HXR50END,,,,,,,,,,,,8.0,1.700921734E3,3.715573222E3,-1.25,2.221284,0.0,-0.4669E-2,0.0,,,,,,,,,,,,,,,,,,,,,,,,,,,,,3.715573222E3
3181,UNDH,MARK,RWWAKE5H,WAKE,,,,,,,,,,,8.0,1.700921734E3,3.715573222E3,-1.25,2.221284,0.0,-0.4669E-2,0.0,,,,,,,,,,,,,,,,,,,,,,,,,,,,,3.715573222E3
3182,UNDH,MARK,HXRTERM,,,,,,,,,,,,8.0,1.700921734E3,3.715573222E3,-1.25,2.221284,0.0,-0.4669E-2,0.0,,,,,,,,,,,,,,,,,,,,,,,,,,,,,3.715573222E3
3184,UNDH,BPM,RFBHX51,CavityX-1,0.05,,,,,,,,,,8.0,1.703749909E3,3.718401367E3,-1.25,2.234487,0.0,-0.4669E-2,0.0,,,,,,,,,,,,,,,,,,,,,,,,,,,,,3.7184013665E3
3186,UNDH,INST,ENDUNDH,,,,,,,,,,,,8.0,1.703831909E3,3.718483365E3,-1.25,2.23487,0.0,-0.4669E-2,0.0,,,,,,,,,,,,,,,,,,,,,,,,,,,,,3.718483365E3
3187,DMPH,INST,BEGDMPH_1,,,,,,,,,,,,8.0,1.703831909E3,3.718483365E3,-1.25,2.23487,0.0,-0.4669E-2,0.0,,,,,,,,,,,,,,,,,,,,,,,,,,,,,3.718483365E3
3188,DMPH,MARK,UEBEG,,,,,,,,,,,,8.0,1.703831909E3,3.718483365E3,-1.25,2.23487,0.0,-0.4669E-2,0.0,,,,,,,,,,,,,,,,,,,,,,,,,,,,,3.718483365E3
3190,DMPH,MARK,VV36,,,,,,,,,,,,8.0,1.703931909E3,3.718583364E3,-1.25,2.235337,0.0,-0.4669E-2,0.0,,,,,,,,,,,,,,,,,,,,,,,,,,,,,3.718583364E3
3192,DMPH,MARK,MIMUNDO,,,,,,,,,,,,8.0,1.705431909E3,3.720083348E3,-1.25,2.24234,0.0,-0.4669E-2,0.0,,,,,,,,,,,,,,,,,,,,,,,,,,,,,3.720083348E3
3195,DMPH,YCOR,YCUE1,class-4,0.0,,,,,,,,,,8.0,1.706431909E3,3.721083337E3,-1.25,2.247008,0.0,-0.4669E-2,0.0,,,,,,,,,,,,,,,,,,,,,,,,,,,,,3.721083337E3
3197,DMPH,INST,PH31,2805 MHz,0.0,,,,,,,,,,8.0,1.707061464E3,3.721712885E3,-1.25,2.249947,0.0,-0.4669E-2,0.0,,,,,,,,,,,,,,,,,,,,,,,,,,,,,3.721712885E3
3199,DMPH,INST,PH32,2805 MHz,0.0,,,,,,,,,,8.0,1.707237464E3,3.721888883E3,-1.25,2.250769,0.0,-0.4669E-2,0.0,,,,,,,,,,,,,,,,,,,,,,,,,,,,,3.721888883E3
3201,DMPH,INST,PH33,2604 MHz,0.0,,,,,,,,,,8.0,1.707413464E3,3.722064881E3,-1.25,2.25159,0.0,-0.4669E-2,0.0,,,,,,,,,,,,,,,,,,,,,,,,,,,,,3.722064881E3
3203,DMPH,INST,PH34,2604 MHz,0.0,,,,,,,,,,8.0,1.707589464E3,3.722240879E3,-1.25,2.252412,0.0,-0.4669E-2,0.0,,,,,,,,,,,,,,,,,,,,,,,,,,,,,3.722240879E3
3205,DMPH,XCOR,XCUE2,class-4,0.0,,,,,,,,,,8.0,1.708171964E3,3.722823373E3,-1.25,2.255131,0.0,-0.4669E-2,0.0,,,,,,,,,,,,,,,,,,,,,,,,,,,,,3.722823373E3
3207,DMPH,QUAD,QUE1,3.25Q20,0.55,0.08255,,0.1691092525,,0.0,,,,,8.0,1.709001964E3,3.723653364E3,-1.25,2.259006,0.0,-0.4669E-2,0.0,,,,,,,,,,24.819860861279,-4.512701974778,,,,,,,,,,,,,,,,,,3.723653364E3
3210,DMPH,BPM,BPMUE1,Stripline-13,0.0,,,,,,,,,,8.0,1.709643785E3,3.724295178E3,-1.25,2.262003,0.0,-0.4669E-2,0.0,,,,,,,,,,,,,,,,,,,,,,,,,,,,,3.724295178E3
3212,*DMPH,INST,TRUE1,,0.0,,,,,,,,,,8.0,1.710855517E3,3.725506897E3,-1.25,2.26766,0.0,-0.4669E-2,0.0,,,,,,,,,,,,,,,,,,,,,,,,,,,,,3.725506897E3
3216,DMPH,PC,PCTCX,,0.0,,,,,,,,,,8.0,1.712652393E3,3.727303753E3,-1.25,2.276048,0.0,-0.4669E-2,0.0,,,,,,,,,,,,,,,,,,,,,,,,0.9E-2,0.9E-2,,,,3.727303753E3
3218,DMPH,MARK,VVTCX,,,,,,,,,,,,8.0,1.713049393E3,3.727700749E3,-1.25,2.277902,0.0,-0.4669E-2,0.0,,,,,,,,,,,,,,,,,,,,,,,,,,,,,3.727700749E3
3220,DMPH,MARK,MTCX01,,,,,,,,,,,,8.0,1.713369393E3,3.728020745E3,-1.25,2.279396,0.0,-0.4669E-2,0.0,,,,,,,,,,,,,,,,,,,,,,,,,,,,,3.728020745E3
3221,DMPH,TCAV,TCX01,TRANS_DEFL,1.0,,,,,,,,,,8.0,1.713869393E3,3.72852074E3,-1.25,2.28173,0.0,-0.4669E-2,0.0,1.1424E4,0.0,0.0,0.0,1.0,,,,,,,,,,,,,,,,,,,,,,,,3.72852074E3
3224,DMPH,MARK,MTCX,,,,,,,,,,,,8.0,1.714555893E3,3.729207232E3,-1.25,2.284935,0.0,-0.4669E-2,0.0,,,,,,,,,,,,,,,,,,,,,,,,,,,,,3.729207232E3
3226,DMPH,TCAV,TCX02,TRANS_DEFL,1.0,,,,,,,,,,8.0,1.715242393E3,3.729893725E3,-1.25,2.28814,0.0,-0.4669E-2,0.0,1.1424E4,0.0,0.0,0.0,1.0,,,,,,,,,,,,,,,,,,,,,,,,3.729893725E3
3229,DMPH,INST,SPTCX,,0.0,,,,,,,,,,8.0,1.716123393E3,3.730774715E3,-1.25,2.292253,0.0,-0.4669E-2,0.0,,,,,,,,,,,,,,,,,,,,,,,,,,,,,3.730774715E3
3231,DMPH,QUAD,QUE2,3.25Q20,0.55,0.08255,,-0.1378408162,,0.0,,,,,8.0,1.716792393E3,3.731443708E3,-1.25,2.295376,0.0,-0.4669E-2,0.0,,,,,,,,,,-20.230648699066,3.678299763466,,,,,,,,,,,,,,,,,,3.731443708E3
3234,DMPH,BPM,BPMUE2,Stripline-13,0.0,,,,,,,,,,8.0,1.717434214E3,3.732085522E3,-1.25,2.298372,0.0,-0.4669E-2,0.0,,,,,,,,,,,,,,,,,,,,,,,,,,,,,3.732085522E3
3236,DMPH,INST,BTMQUE,,0.0,,,,,,,,,,8.0,1.717749192E3,3.732400497E3,-1.25,2.299843,0.0,-0.4669E-2,0.0,,,,,,,,,,,,,,,,,,,,,,,,,,,,,3.732400497E3
3238,DMPH,PC,PCPM0,,0.076,,,,,,,,,,8.0,1.718054592E3,3.732705894E3,-1.25,2.301269,0.0,-0.4669E-2,0.0,,,,,,,,,,,,,,,,,,,,,,,,0.035,0.035,,,,3.7327058935E3
3240,DMPH,INST,BTM0,,0.0,,,,,,,,,,8.0,1.718142592E3,3.732793892E3,-1.25,2.301679,0.0,-0.4669E-2,0.0,,,,,,,,,,,,,,,,,,,,,,,,,,,,,3.732793892E3
3242,DMPH,MARK,MIMBCS3,,,,,,,,,,,,8.0,1.718229647E3,3.732880946E3,-1.25,2.302086,0.0,-0.4669E-2,0.0,,,,,,,,,,,,,,,,,,,,,,,,,,,,,3.732880946E3
3244,DMPH,MARK,MDLWALL,,,,,,,,,,,,8.0,1.718345416E3,3.732996714E3,-1.25,2.302626,0.0,-0.4669E-2,0.0,,,,,,,,,,,,,,,,,,,,,,,,,,,,,3.732996714E3
3246,DMPH,MARK,UEEND,,,,,,,,,,,,8.0,1.718596242E3,3.733247537E3,-1.25,2.303797,0.0,-0.4669E-2,0.0,,,,,,,,,,,,,,,,,,,,,,,,,,,,,3.733247537E3
3247,DMPH,MARK,DLSTART,,,,,,,,,,,,8.0,1.718596242E3,3.733247537E3,-1.25,2.303797,0.0,-0.4669E-2,0.0,,,,,,,,,,,,,,,,,,,,,,,,,,,,,3.733247537E3
3249,DMPH,YCOR,YCD3,class-5,0.0,,,,,,,,,,8.0,1.718856392E3,3.733507685E3,-1.25,2.305012,0.0,-0.4669E-2,0.0,,,,,,,,,,,,,,,,,,,,,,,,,,,,,3.733507685E3
3251,DMPH,XCOR,XCD3,class-5,0.0,,,,,,,,,,8.0,1.719200392E3,3.733851681E3,-1.25,2.306618,0.0,-0.4669E-2,0.0,,,,,,,,,,,,,,,,,,,,,,,,,,,,,3.733851681E3
3253,DMPH,MARK,VV37,,,,,,,,,,,,8.0,1.719526852E3,3.734178137E3,-1.25,2.308142,0.0,-0.4669E-2,0.0,,,,,,,,,,,,,,,,,,,,,,,,,,,,,3.734178137E3
3256,DMPH,INST,ENDDMPH_1,,,,,,,,,,,,8.0,1.719755747E3,3.73440703E3,-1.25,2.30921,0.0,-0.4669E-2,0.0,,,,,,,,,,,,,,,,,,,,,,,,,,,,,3.73440703E3
3257,DMPH,INST,BEGDMPH_2,,,,,,,,,,,,8.0,1.719755747E3,3.73440703E3,-1.25,2.30921,0.0,-0.4669E-2,0.0,,,,,,,,,,,,,,,,,,,,,,,,,,,,,3.73440703E3
3258,DMPH,MARK,RODMP1H,,0.0,,9.999241008571,,,,,,,,8.0,1.719755747E3,3.73440703E3,-1.25,2.30921,0.08726,-0.4669E-2,0.0,,,,,,,,,,,,,,,,,,,,,,,,,,,,,3.73440703E3
3259,DMPH,BEND,BYDSH,1.26D18.43,0.5,0.032,0.034377467708,0.0,,90.000000011752,0.017188733854,0.017188733854,,,8.0,1.720005747E3,3.734657027E3,-1.249993,2.310341,0.17452,-0.4373E-2,0.52E-4,,,,,,0.4999999925,0.5,0.160110765368,-0.032022153074,0.0,0.0,,,,3.734657027E3,-1.24999,2.310322,0.17452,-0.4373E-2,0.52E-4,,,,,,,,,3.734657027E3
3262,DMPH,BEND,BYD1,1.69VD55.1,1.45203,0.043,1.283467580366,0.0,,90.000000011752,0.641733790183,0.641733790183,,,8.0,1.721297638E3,3.735948909E3,-1.249159,2.311641,0.17452,0.6953E-2,0.2049E-2,,,,,,1.451999641091,0.57,5.977664741467,-0.411676393839,0.0,0.0,,,,3.735948895E3,-1.248806,2.309639,0.17452,0.6953E-2,0.2049E-2,,,,,,,,,3.735948909E3
3265,DMPH,BEND,BYD2,1.69VD55.1,1.45203,0.043,1.283467580366,0.0,,90.000000011752,0.641733790183,0.641733790183,,,8.0,1.722997614E3,3.737648566E3,-1.242371,2.281073,0.17452,0.029013,0.594E-2,,,,,,1.451999641091,0.57,5.977664741467,-0.411676393839,0.0,0.0,,,,3.737648506E3,-1.242018,2.279072,0.17452,0.029013,0.594E-2,,,,,,,,,3.737648566E3
3268,DMPH,BEND,BYD3,1.69VD55.1,1.45203,0.043,1.283467580366,0.0,,90.000000011752,0.641733790183,0.641733790183,,,8.0,1.724697591E3,3.739347097E3,-1.228974,2.21302,0.17452,0.051073,0.9836E-2,,,,,,1.451999641091,0.57,5.977664741467,-0.411676393839,0.0,0.0,,,,3.739346991E3,-1.228622,2.211021,0.17452,0.051073,0.9836E-2,,,,,,,,,3.739347097E3
3271,DMPH,PC,PCPM1L,,0.076,,,,,,,,,,8.0,1.726039287E3,3.740686356E3,-1.213895,2.133748,0.17452,0.062103,0.011787,,,,,,,,,,,,,,,,,,,,,,,,0.028575,0.028575,,,,3.740686356E3
3272,DMPH,INST,BTM1L,,0.0,,,,,,,,,,8.0,1.726077287E3,3.74072428E3,-1.213448,2.13139,0.17452,0.062103,0.011787,,,,,,,,,,,,,,,,,,,,,,,,,,,,,3.74072428E3
3274,DMPH,MARK,MIMDUMP,,,,,,,,,,,,8.0,1.727077375E3,3.74172237E3,-1.201684,2.069322,0.17452,0.062103,0.011787,,,,,,,,,,,,,,,,,,,,,,,,,,,,,3.74172237E3
3276,DMPH,MARK,MIMBCS4,,,,,,,,,,,,8.0,1.727382175E3,3.742026561E3,-1.198098,2.050405,0.17452,0.062103,0.011787,,,,,,,,,,,,,,,,,,,,,,,,,,,,,3.742026561E3
3278,DMPH,YCOR,YCDD,class-5,0.0,,,,,,,,,,8.0,1.736204887E3,3.750831654E3,-1.094309,1.502844,0.17452,0.062103,0.011787,,,,,,,,,,,,,,,,,,,,,,,,,,,,,3.750831654E3
3280,DMPH,PC,PCPM2L,,0.076,,,,,,,,,,8.0,1.736492525E3,3.751118718E3,-1.090925,1.484993,0.17452,0.062103,0.011787,,,,,,,,,,,,,,,,,,,,,,,,0.0762,0.0762,,,,3.751118718E3
3281,DMPH,INST,BTM2L,,0.0,,,,,,,,,,8.0,1.736530525E3,3.751156642E3,-1.090478,1.482634,0.17452,0.062103,0.011787,,,,,,,,,,,,,,,,,,,,,,,,,,,,,3.751156642E3
3283,DMPH,QUAD,QDMP1,3.94Q17,0.43,0.1,,-0.1552127101,,0.0,,,,,8.0,1.737154765E3,3.751779635E3,-1.083135,1.443892,0.17452,0.062103,0.011787,,,,,,,,,,-17.810045163137,4.141870968171,,,,,,,,,,,,,,,,,,3.751779635E3
3286,DMPH,BPM,BPMQD,Stripline-11,0.0,,,,,,,,,,8.0,1.737671828E3,3.752295665E3,-1.077052,1.411802,0.17452,0.062103,0.011787,,,,,,,,,,,,,,,,,,,,,,,,,,,,,3.752295665E3
3288,DMPH,MARK,MQDMP,,,,,,,,,,,,8.0,1.737679765E3,3.752303587E3,-1.076959,1.411309,0.17452,0.062103,0.011787,,,,,,,,,,,,,,,,,,,,,,,,,,,,,3.752303587E3
3290,DMPH,QUAD,QDMP2,3.94Q17,0.43,0.1,,-0.1552127101,,0.0,,,,,8.0,1.738204765E3,3.752827538E3,-1.070783,1.378726,0.17452,0.062103,0.011787,,,,,,,,,,-17.810045163137,4.141870968171,,,,,,,,,,,,,,,,,,3.752827538E3
3293,DMPH,XCOR,XCDD,class-5,0.0,,,,,,,,,,8.0,1.738894765E3,3.75351616E3,-1.062666,1.335903,0.17452,0.062103,0.011787,,,,,,,,,,,,,,,,,,,,,,,,,,,,,3.75351616E3
3297,DMPH,BPM,BPMDD,Stripline-8,0.0,,,,,,,,,,8.0,1.746448286E3,3.761054596E3,-0.973807,0.867112,0.17452,0.062103,0.011787,,,,,,,,,,,,,,,,,,,,,,,,,,,,,3.761054596E3
3299,DMPH,PROF,OTRDMP,OTR,0.0,,,,,,,,,,8.0,1.746602E3,3.761208003E3,-0.971999,0.857572,0.17452,0.062103,0.011787,,,,,,,,,,,,,,,,,,,,,,,,,,,,,3.761208003E3
3301,DMPH,PC,PCEBD,gasket coll,0.0,,,,,,,,,,8.0,1.746677965E3,3.761283816E3,-0.971106,0.852857,0.17452,0.062103,0.011787,,,,,,,,,,,,,,,,,,,,,,,,0.068,0.068,,,,3.761283816E3
3303,*DMPH,BPM,RFBDD,CavityL-1,0.0,,,,,,,,,,8.0,1.74682278E3,3.761428342E3,-0.969402,0.84387,0.17452,0.062103,0.011787,,,,,,,,,,,,,,,,,,,,,,,,,,,,,3.761428342E3
3305,*DMPH,WIRE,WSDUMP,special,0.0,,,,,,,,,,8.0,1.74704356E3,3.761648681E3,-0.966805,0.830167,0.17452,0.062103,0.011787,,,,,,,,,,,,,,,,,,,,,,,,,,,,,3.761648681E3
3307,DMPH,MARK,RODMP2H,,0.0,,-10.021802757281,,,,,,,,8.0,1.749330635E3,3.763931189E3,-0.9399,0.688225,0.08726,0.062103,0.011787,,,,,,,,,,,,,,,,,,,,,,,,,,,,,3.763931189E3
3308,DMPH,INST,DUMPFACE,,0.0,,,,,,,,,,8.0,1.749330635E3,3.763931189E3,-0.9399,0.688225,0.0,0.062103,0.011787,,,,,,,,,,,,,,,,,,,,,,,,,,,,,3.763931189E3
3310,DMPH,MARK,DMPEND,,,,,,,,,,,,8.0,1.750883083E3,3.765480537E3,-0.921637,0.591876,0.0,0.062103,0.011787,,,,,,,,,,,,,,,,,,,,,,,,,,,,,3.765480537E3
3311,DMPH,INST,BTMDUMP,,0.0,,,,,,,,,,8.0,1.750883083E3,3.765480537E3,-0.921637,0.591876,0.0,0.062103,0.011787,,,,,,,,,,,,,,,,,,,,,,,,,,,,,3.765480537E3
3312,DMPH,MARK,DBMARK38,,,,,,,,,,,,8.0,1.750883083E3,3.765480537E3,-0.921637,0.591876,0.0,0.062103,0.011787,,,,,,,,,,,,,,,,,,,,,,,,,,,,,3.765480537E3
3313,DMPH,INST,ENDDMPH_2,,,,,,,,,,,,8.0,1.750883083E3,3.765480537E3,-0.921637,0.591876,0.0,0.062103,0.011787,,,,,,,,,,,,,,,,,,,,,,,,,,,,,3.765480537E3
3257,SFTH,INST,BEGSFTH_1,,,,,,,,,,,,8.0,1.719755747E3,3.73440703E3,-1.25,2.30921,0.0,-0.4669E-2,0.0,,,,,,,,,,,,,,,,,,,,,,,,,,,,,3.73440703E3
3266,SFTH,MARK,VV38,,,,,,,,,,,,8.0,1.725898116E3,3.740549332E3,-1.25,2.337886,0.0,-0.4669E-2,0.0,,,,,,,,,,,,,,,,,,,,,,,,,,,,,3.740549332E3
3268,SFTH,PC,PCPM1,,0.076,,,,,,,,,,8.0,1.726030416E3,3.740681631E3,-1.25,2.338504,0.0,-0.4669E-2,0.0,,,,,,,,,,,,,,,,,,,,,,,,0.016,0.016,,,,3.7406816305E3
3270,SFTH,INST,BTM1,,0.0,,,,,,,,,,8.0,1.726083416E3,3.74073463E3,-1.25,2.338751,0.0,-0.4669E-2,0.0,,,,,,,,,,,,,,,,,,,,,,,,,,,,,3.74073463E3
3272,SFTH,INST,TV1L0_VGC_1,GATE VALVE,0.0,,,,,,,,,,8.0,1.726924215E3,3.74157542E3,-1.25,2.342676,0.0,-0.4669E-2,0.0,,,,,,,,,,,,,,,,,,,,,,,,,,,,,3.74157542E3
3274,SFTH,INST,TP_HXTES0,treaty flange,0.0,,,,,,,,,,8.0,1.726961716E3,3.741612921E3,-1.25,2.342851,0.0,-0.4669E-2,0.0,,,,,,,,,,,,,,,,,,,,,,,,,,,,,3.741612921E3
3276,SFTH,INST,TV1L0_VRM_1,RIGHT ANGLE VALV,0.0,,,,,,,,,,8.0,1.727839917E3,3.742491112E3,-1.25,2.346951,0.0,-0.4669E-2,0.0,,,,,,,,,,,,,,,,,,,,,,,,,,,,,3.742491112E3
3277,SFTH,INST,TV1L0_GCC_1,COLD CATHODE GAU,0.0,,,,,,,,,,8.0,1.727839917E3,3.742491112E3,-1.25,2.346951,0.0,-0.4669E-2,0.0,,,,,,,,,,,,,,,,,,,,,,,,,,,,,3.742491112E3
3278,SFTH,INST,TV1L0_GPI_1,PIRANI GAUGE,0.0,,,,,,,,,,8.0,1.727839917E3,3.742491112E3,-1.25,2.346951,0.0,-0.4669E-2,0.0,,,,,,,,,,,,,,,,,,,,,,,,,,,,,3.742491112E3
3281,SFTH,PROF,RTDSL0,RAPID TRNAD DIAG,0.0,,,,,,,,,,8.0,1.728238416E3,3.742889607E3,-1.25,2.348812,0.0,-0.4669E-2,0.0,,,,,,,,,,,,,,,,,,,,,,,,,,,,,3.742889607E3
3284,SFTH,PROF,RTDSL0_YAGXRAY,PROFILE MON (RTD,0.0,,,,,,,,,,8.0,1.729473416E3,3.744124593E3,-1.25,2.354577,0.0,-0.4669E-2,0.0,,,,,,,,,,,,,,,,,,,,,,,,,,,,,3.744124593E3
3287,SFTH,INST,IM1L0_XTES_VGC_1,GATE VALVE,0.0,,,,,,,,,,8.0,1.732390113E3,3.747041258E3,-1.25,2.368194,0.0,-0.4669E-2,0.0,,,,,,,,,,,,,,,,,,,,,,,,,,,,,3.747041258E3
3289,SFTH,INST,IM1L0_XTES_VRM_1,RIGHT ANGLE VALV,0.0,,,,,,,,,,8.0,1.732532515E3,3.747183659E3,-1.25,2.368859,0.0,-0.4669E-2,0.0,,,,,,,,,,,,,,,,,,,,,,,,,,,,,3.747183659E3
3291,SFTH,INST,IM1L0_XTES,IMAGER,0.0,,,,,,,,,,8.0,1.732903099E3,3.747554239E3,-1.25,2.370589,0.0,-0.4669E-2,0.0,,,,,,,,,,,,,,,,,,,,,,,,,,,,,3.747554239E3
3293,SFTH,PC,PCPM2,,0.076,,,,,,,,,,8.0,1.733300382E3,3.747951518E3,-1.25,2.372443,0.0,-0.4669E-2,0.0,,,,,,,,,,,,,,,,,,,,,,,,0.0254,0.0254,,,,3.7479515175E3
3294,SFTH,INST,BTM2,,0.0,,,,,,,,,,8.0,1.733338382E3,3.747989517E3,-1.25,2.372621,0.0,-0.4669E-2,0.0,,,,,,,,,,,,,,,,,,,,,,,,,,,,,3.747989517E3
3296,SFTH,INST,MBXPM1_PIP_1,ION PUMP,0.0,,,,,,,,,,8.0,1.733527026E3,3.748178159E3,-1.25,2.373502,0.0,-0.4669E-2,0.0,,,,,,,,,,,,,,,,,,,,,,,,,,,,,3.748178159E3
3298,SFTH,INST,ENDSFTH_1,,,,,,,,,,,,8.0,1.733873416E3,3.748524545E3,-1.25,2.375119,0.0,-0.4669E-2,0.0,,,,,,,,,,,,,,,,,,,,,,,,,,,,,3.748524545E3
3299,SFTH,INST,BEGSFTH_2,,,,,,,,,,,,8.0,1.733873416E3,3.748524545E3,-1.25,2.375119,0.0,-0.4669E-2,0.0,,,,,,,,,,,,,,,,,,,,,,,,,,,,,3.748524545E3
3300,SFTH,BEND,BXPM1,4D36-C,0.944019,0.052,0.638593394413,0.0,,0.0,0.0,0.638593394184,,,8.0,1.734345418E3,3.74899654E3,-1.251315,2.377322,0.26E-4,-0.4668E-2,-0.5573E-2,,,,,,0.943999455239,0.5,2.974206186671,-0.315057873483,0.0,0.0,,,,3.74899654E3,-1.215,2.377322,0.0,-0.4669E-2,0.0,,,,,,,,,3.74899654E3
3303,SFTH,BEND,BXPM2,4D36-C,0.944136,0.052,0.638672739901,0.0,,0.0,-0.638593394184,1.277266134429,,,8.0,1.7355895E3,3.750240527E3,-1.265181,2.38313,0.78E-4,-0.4668E-2,-0.016719,,,,,,0.944131111967,0.5,2.974575732992,-0.315057971838,0.0,0.0,,,,3.750240527E3,-1.215,2.38313,0.0,-0.4669E-2,0.0,,,,,,,,,3.750240527E3
3306,SFTH,MARK,MVV10,,,,,,,,,,,,8.0,1.744334095E3,3.75898288E3,-1.458788,2.423944,0.104E-3,-0.4667E-2,-0.022293,,,,,,,,,,,,,,,,,,,,,,,,,,,,,3.75898288E3
3310,SFTH,MARK,MBTM3,,,,,,,,,,,,8.0,1.744927794E3,3.759576425E3,-1.472022,2.426715,0.104E-3,-0.4667E-2,-0.022293,,,,,,,,,,,,,,,,,,,,,,,,,,,,,3.759576425E3
3312,SFTH,INST,SFTDMP,,0.0,,,,,,,,,,8.0,1.747348395E3,3.761996398E3,-1.525979,2.438013,0.104E-3,-0.4667E-2,-0.022293,,,,,,,,,,,,,,,,,,,,,,,,,,,,,3.761996398E3
3314,SFTH,INST,BTMSFT,,0.0,,,,,,,,,,8.0,1.747424614E3,3.762072598E3,-1.527678,2.438368,0.104E-3,-0.4667E-2,-0.022293,,,,,,,,,,,,,,,,,,,,,,,,,,,,,3.762072598E3
3315,SFTH,INST,ENDSFTH_2,,,,,,,,,,,,8.0,1.747424614E3,3.762072598E3,-1.527678,2.438368,0.104E-3,-0.4667E-2,-0.022293,,,,,,,,,,,,,,,,,,,,,,,,,,,,,3.762072598E3
3299,HXTES,INST,BEGHXTES_1,,,,,,,,,,,,8.0,1.733873416E3,3.748524545E3,-1.25,2.375119,0.0,-0.4669E-2,0.0,,,,,,,,,,,,,,,,,,,,,,,,,,,,,3.748524545E3
3301,HXTES,INST,MBXPM1,MAGNET,0.0,,,,,,,,,,8.0,1.734345415E3,3.748996539E3,-1.25,2.377322,0.0,-0.4669E-2,0.0,,,,,,,,,,,,,,,,,,,,,,,,,,,,,3.748996539E3
3303,HXTES,INST,MBXPM2,MAGNET,0.0,,,,,,,,,,8.0,1.735589415E3,3.750240526E3,-1.25,2.38313,0.0,-0.4669E-2,0.0,,,,,,,,,,,,,,,,,,,,,,,,,,,,,3.750240526E3
3305,HXTES,INST,TV2L0_PIP_1,ION PUMP,0.0,,,,,,,,,,8.0,1.739275415E3,3.753926485E3,-1.25,2.400338,0.0,-0.4669E-2,0.0,,,,,,,,,,,,,,,,,,,,,,,,,,,,,3.753926485E3
3307,HXTES,INST,TV2L0_VRM_1,RIGHT ANGLE VALV,0.0,,,,,,,,,,8.0,1.740685623E3,3.755336678E3,-1.25,2.406921,0.0,-0.4669E-2,0.0,,,,,,,,,,,,,,,,,,,,,,,,,,,,,3.755336678E3
3308,HXTES,INST,TV2L0_GCC_1,COLD CATHODE GAU,0.0,,,,,,,,,,8.0,1.740685623E3,3.755336678E3,-1.25,2.406921,0.0,-0.4669E-2,0.0,,,,,,,,,,,,,,,,,,,,,,,,,,,,,3.755336678E3
3309,HXTES,INST,TV2L0_GPI_1,PIRANI GAUGE,0.0,,,,,,,,,,8.0,1.740685623E3,3.755336678E3,-1.25,2.406921,0.0,-0.4669E-2,0.0,,,,,,,,,,,,,,,,,,,,,,,,,,,,,3.755336678E3
3311,HXTES,INST,TV2L0_VGC_1,GATE VALVE,0.0,,,,,,,,,,8.0,1.744331863E3,3.758982879E3,-1.25,2.423944,0.0,-0.4669E-2,0.0,,,,,,,,,,,,,,,,,,,,,,,,,,,,,3.758982879E3
3313,HXTES,INST,TV2L0_PIP_2,ION PUMP,0.0,,,,,,,,,,8.0,1.744474138E3,3.759125152E3,-1.25,2.424608,0.0,-0.4669E-2,0.0,,,,,,,,,,,,,,,,,,,,,,,,,,,,,3.759125152E3
3314,HXTES,INST,TV2L0_VRM_2,RIGHT ANGLE VALV,0.0,,,,,,,,,,8.0,1.744474138E3,3.759125152E3,-1.25,2.424608,0.0,-0.4669E-2,0.0,,,,,,,,,,,,,,,,,,,,,,,,,,,,,3.759125152E3
3316,HXTES,PC,PCPM3,ELECTRON COLL,0.08,,,,,,,,,,8.0,1.744885415E3,3.759536424E3,-1.25,2.426528,0.0,-0.4669E-2,0.0,,,,,,,,,,,,,,,,,,,,,,,,0.016,0.016,,,,3.7595364245E3
3317,HXTES,INST,BTM3,BTM,0.0,,,,,,,,,,8.0,1.744925415E3,3.759576424E3,-1.25,2.426715,0.0,-0.4669E-2,0.0,,,,,,,,,,,,,,,,,,,,,,,,,,,,,3.759576424E3
3319,HXTES,INST,TV2L0_GFS_1,FAST VALVE SENSO,0.0,,,,,,,,,,8.0,1.745182265E3,3.759833271E3,-1.25,2.427914,0.0,-0.4669E-2,0.0,,,,,,,,,,,,,,,,,,,,,,,,,,,,,3.759833271E3
3320,HXTES,INST,TV2L0_GCC_2,COLD CATHODE GAU,0.0,,,,,,,,,,8.0,1.745182265E3,3.759833271E3,-1.25,2.427914,0.0,-0.4669E-2,0.0,,,,,,,,,,,,,,,,,,,,,,,,,,,,,3.759833271E3
3321,HXTES,INST,TV2L0_GPI_2,PIRANI GAUGE,0.0,,,,,,,,,,8.0,1.745182265E3,3.759833271E3,-1.25,2.427914,0.0,-0.4669E-2,0.0,,,,,,,,,,,,,,,,,,,,,,,,,,,,,3.759833271E3
3323,HXTES,INST,MSFTDMP,SAFETY DUMP,0.0,,,,,,,,,,8.0,1.747345415E3,3.761996397E3,-1.25,2.438013,0.0,-0.4669E-2,0.0,,,,,,,,,,,,,,,,,,,,,,,,,,,,,3.761996397E3
3325,HXTES,INST,MBTMSFT,BTM,0.0,,,,,,,,,,8.0,1.747421615E3,3.762072597E3,-1.25,2.438368,0.0,-0.4669E-2,0.0,,,,,,,,,,,,,,,,,,,,,,,,,,,,,3.762072597E3
3327,HXTES,INST,TV2L0_PIP_3,ION PUMP,0.0,,,,,,,,,,8.0,1.747641594E3,3.762292574E3,-1.25,2.439395,0.0,-0.4669E-2,0.0,,,,,,,,,,,,,,,,,,,,,,,,,,,,,3.762292574E3
3329,HXTES,INST,TP_WALL1HE,EAST WALL,0.0,,,,,,,,,,8.0,1.752925415E3,3.767576337E3,-1.25,2.464063,0.0,-0.4669E-2,0.0,,,,,,,,,,,,,,,,,,,,,,,,,,,,,3.767576337E3
3331,HXTES,INST,TP_WALL1HW,WEST WALL,0.0,,,,,,,,,,8.0,1.755265415E3,3.769916311E3,-1.25,2.474987,0.0,-0.4669E-2,0.0,,,,,,,,,,,,,,,,,,,,,,,,,,,,,3.769916311E3
3333,HXTES,INST,TV2L0_VGC_2,GATE VALVE,0.0,,,,,,,,,,8.0,1.755480543E3,3.770131437E3,-1.25,2.475991,0.0,-0.4669E-2,0.0,,,,,,,,,,,,,,,,,,,,,,,,,,,,,3.770131437E3
3335,HXTES,INST,SL1L0_PWR_VRM_1,RIGHT ANGLE VALV,0.0,,,,,,,,,,8.0,1.755622819E3,3.770273711E3,-1.25,2.476656,0.0,-0.4669E-2,0.0,,,,,,,,,,,,,,,,,,,,,,,,,,,,,3.770273711E3
3336,HXTES,INST,SL1L0_PWR_GCC_1,COLD CATHODE GAU,0.0,,,,,,,,,,8.0,1.755622819E3,3.770273711E3,-1.25,2.476656,0.0,-0.4669E-2,0.0,,,,,,,,,,,,,,,,,,,,,,,,,,,,,3.770273711E3
3337,HXTES,INST,SL1L0_PWR_GPI_1,PIRANI GAUGE,0.0,,,,,,,,,,8.0,1.755622819E3,3.770273711E3,-1.25,2.476656,0.0,-0.4669E-2,0.0,,,,,,,,,,,,,,,,,,,,,,,,,,,,,3.770273711E3
3339,HXTES,INST,SL1L0_PWR,ADJ APER,0.0,,,,,,,,,,8.0,1.757777275E3,3.772428144E3,-1.25,2.486714,0.0,-0.4669E-2,0.0,,,,,,,,,,,,,,,,,,,,,,,,,,,,,3.772428144E3
3341,HXTES,INST,SL1L0_PWR_PIP_1,ION PUMP,0.0,,,,,,,,,,8.0,1.757855275E3,3.772506143E3,-1.25,2.487078,0.0,-0.4669E-2,0.0,,,,,,,,,,,,,,,,,,,,,,,,,,,,,3.772506143E3
3343,HXTES,INST,EM1L0_GEM,GAS ENERGY MONIT,0.0,,,,,,,,,,8.0,1.759543415E3,3.774194265E3,-1.25,2.494959,0.0,-0.4669E-2,0.0,,,,,,,,,,,,,,,,,,,,,,,,,,,,,3.774194265E3
3345,HXTES,INST,AT1L0_GAS,GAS ATTENUATOR,0.0,,,,,,,,,,8.0,1.76264141E3,3.777292226E3,-1.25,2.509422,0.0,-0.4669E-2,0.0,,,,,,,,,,,,,,,,,,,,,,,,,,,,,3.777292226E3
3347,HXTES,INST,EM2L0_GEM,GAS ENERGY MONIT,0.0,,,,,,,,,,8.0,1.765739415E3,3.780390197E3,-1.25,2.523885,0.0,-0.4669E-2,0.0,,,,,,,,,,,,,,,,,,,,,,,,,,,,,3.780390197E3
3349,HXTES,INST,AT2L0_SOL_PIP_1,ION PUMP,0.0,,,,,,,,,,8.0,1.767360116E3,3.78201088E3,-1.25,2.531451,0.0,-0.4669E-2,0.0,,,,,,,,,,,,,,,,,,,,,,,,,,,,,3.78201088E3
3350,HXTES,INST,AT2L0_SOL_VRM_1,RIGHT ANGLE VALV,0.0,,,,,,,,,,8.0,1.767360116E3,3.78201088E3,-1.25,2.531451,0.0,-0.4669E-2,0.0,,,,,,,,,,,,,,,,,,,,,,,,,,,,,3.78201088E3
3351,HXTES,INST,AT2L0_SOL_GCC_1,COLD CATHODE GAU,0.0,,,,,,,,,,8.0,1.767360116E3,3.78201088E3,-1.25,2.531451,0.0,-0.4669E-2,0.0,,,,,,,,,,,,,,,,,,,,,,,,,,,,,3.78201088E3
3352,HXTES,INST,AT2L0_SOL_GPI_1,PIRANI GAUGE,0.0,,,,,,,,,,8.0,1.767360116E3,3.78201088E3,-1.25,2.531451,0.0,-0.4669E-2,0.0,,,,,,,,,,,,,,,,,,,,,,,,,,,,,3.78201088E3
3354,HXTES,INST,AT2L0_SOL,SOLID ATTEN,0.0,,,,,,,,,,8.0,1.767868116E3,3.782518875E3,-1.25,2.533823,0.0,-0.4669E-2,0.0,,,,,,,,,,,,,,,,,,,,,,,,,,,,,3.782518875E3
3356,HXTES,INST,PC1L0_XTES_VGC_1,GATE VALVE,0.0,,,,,,,,,,8.0,1.768283777E3,3.782934531E3,-1.25,2.535763,0.0,-0.4669E-2,0.0,,,,,,,,,,,,,,,,,,,,,,,,,,,,,3.782934531E3
3358,HXTES,INST,PC1L0_XTES,PHOTON COLL,0.0,,,,,,,,,,8.0,1.768556513E3,3.783207265E3,-1.25,2.537037,0.0,-0.4669E-2,0.0,,,,,,,,,,,,,,,,,,,,,,,,,,,,,3.783207265E3
3360,HXTES,INST,BT1L0_XTES,BTM,0.0,,,,,,,,,,8.0,1.768678954E3,3.783329704E3,-1.25,2.537608,0.0,-0.4669E-2,0.0,,,,,,,,,,,,,,,,,,,,,,,,,,,,,3.783329704E3
3362,HXTES,INST,BS1L0_XTES,BREMSS COLL,0.0,,,,,,,,,,8.0,1.768731646E3,3.783382396E3,-1.25,2.537854,0.0,-0.4669E-2,0.0,,,,,,,,,,,,,,,,,,,,,,,,,,,,,3.783382396E3
3364,HXTES,INST,PF1L0_WFS,WAVEFRONT SENSOR,0.0,,,,,,,,,,8.0,1.769027156E3,3.783677902E3,-1.25,2.539234,0.0,-0.4669E-2,0.0,,,,,,,,,,,,,,,,,,,,,,,,,,,,,3.783677902E3
3366,HXTES,INST,SL2L0_PWR,ADJ APER,0.0,,,,,,,,,,8.0,1.769438045E3,3.784088787E3,-1.25,2.541152,0.0,-0.4669E-2,0.0,,,,,,,,,,,,,,,,,,,,,,,,,,,,,3.784088787E3
3368,HXTES,INST,IM2L0_XTES,IMAGER,0.0,,,,,,,,,,8.0,1.769853895E3,3.784504632E3,-1.25,2.543093,0.0,-0.4669E-2,0.0,,,,,,,,,,,,,,,,,,,,,,,,,,,,,3.784504632E3
3370,HXTES,INST,SP1L0_KMONO,K MONO,0.0,,,,,,,,,,8.0,1.770662594E3,3.785313323E3,-1.25,2.546869,0.0,-0.4669E-2,0.0,,,,,,,,,,,,,,,,,,,,,,,,,,,,,3.785313323E3
3372,HXTES,INST,PA1L0_RGA_1,RGA,0.0,,,,,,,,,,8.0,1.77119162E3,3.785842343E3,-1.25,2.549339,0.0,-0.4669E-2,0.0,,,,,,,,,,,,,,,,,,,,,,,,,,,,,3.785842343E3
3374,HXTES,INST,PA1L0,DIFF PUMP,0.0,,,,,,,,,,8.0,1.771675998E3,3.786326716E3,-1.25,2.5516,0.0,-0.4669E-2,0.0,,,,,,,,,,,,,,,,,,,,,,,,,,,,,3.786326716E3
3376,HXTES,INST,PA1L0_VFS_1,FAST SHUTTER,0.0,,,,,,,,,,8.0,1.772114002E3,3.786764715E3,-1.25,2.553645,0.0,-0.4669E-2,0.0,,,,,,,,,,,,,,,,,,,,,,,,,,,,,3.786764715E3
3378,HXTES,INST,ND1H,NEUTRON DETECTOR,0.0,,,,,,,,,,8.0,1.772245743E3,3.786896454E3,-1.25,2.55426,0.0,-0.4669E-2,0.0,,,,,,,,,,,,,,,,,,,,,,,,,,,,,3.786896454E3
3380,HXTES,INST,PA1L0_VRM_1,RIGHT ANGLE VALV,0.0,,,,,,,,,,8.0,1.772248838E3,3.786899549E3,-1.25,2.554274,0.0,-0.4669E-2,0.0,,,,,,,,,,,,,,,,,,,,,,,,,,,,,3.786899549E3
3381,HXTES,INST,PA1L0_GCC_1,COLD CATHODE GAU,0.0,,,,,,,,,,8.0,1.772248838E3,3.786899549E3,-1.25,2.554274,0.0,-0.4669E-2,0.0,,,,,,,,,,,,,,,,,,,,,,,,,,,,,3.786899549E3
3382,HXTES,INST,PA1L0_GCC_2,COLD CATHODE GAU,0.0,,,,,,,,,,8.0,1.772248838E3,3.786899549E3,-1.25,2.554274,0.0,-0.4669E-2,0.0,,,,,,,,,,,,,,,,,,,,,,,,,,,,,3.786899549E3
3383,HXTES,INST,PA1L0_GPI_1,PIRANI GAUGE,0.0,,,,,,,,,,8.0,1.772248838E3,3.786899549E3,-1.25,2.554274,0.0,-0.4669E-2,0.0,,,,,,,,,,,,,,,,,,,,,,,,,,,,,3.786899549E3
3385,HXTES,INST,MR1L0_HOMS_VGC_1,GATE VALVE,0.0,,,,,,,,,,8.0,1.772391213E3,3.787041922E3,-1.25,2.554939,0.0,-0.4669E-2,0.0,,,,,,,,,,,,,,,,,,,,,,,,,,,,,3.787041922E3
3387,HXTES,INST,ENDHXTES_1,,,,,,,,,,,,8.0,1.773345415E3,3.787996114E3,-1.25,2.559394,0.0,-0.4669E-2,0.0,,,,,,,,,,,,,,,,,,,,,,,,,,,,,3.787996114E3
3388,HXTES,INST,BEGHXTES_2,,,,,,,,,,,,8.0,1.773345415E3,3.787996114E3,-1.25,2.559394,0.0,-0.4669E-2,0.0,,,,,,,,,,,,,,,,,,,,,,,,,,,,,3.787996114E3
3389,HXTES,INST,MR1L0_HOMS_XTES,MIRROR,0.0,0.0,,,,,,,,,8.0,1.773345415E3,3.787996114E3,-1.25,2.559394,-0.2E-4,-0.4668E-2,0.42E-2,,,,,,,,,,,,,,,,,,,,,,,,,,,,,3.787996114E3
3391,HXTES,INST,BT2L0_PLEG_VGC_1,GATE VALVE,0.0,,,,,,,,,,8.0,1.775788202E3,3.790438853E3,-1.23974,2.570798,-0.2E-4,-0.4668E-2,0.42E-2,,,,,,,,,,,,,,,,,,,,,,,,,,,,,3.790438853E3
3393,HXTES,INST,BT2L0_PLEG_PIP_1,ION PUMP,0.0,,,,,,,,,,8.0,1.776020946E3,3.790671593E3,-1.238763,2.571884,-0.2E-4,-0.4668E-2,0.42E-2,,,,,,,,,,,,,,,,,,,,,,,,,,,,,3.790671593E3
3394,HXTES,INST,BT2L0_PLEG_VRM_1,RIGHT ANGLE VALV,0.0,,,,,,,,,,8.0,1.776020946E3,3.790671593E3,-1.238763,2.571884,-0.2E-4,-0.4668E-2,0.42E-2,,,,,,,,,,,,,,,,,,,,,,,,,,,,,3.790671593E3
3395,HXTES,INST,BT2L0_PLEG_GCC_1,COLD CATHODE GAU,0.0,,,,,,,,,,8.0,1.776020946E3,3.790671593E3,-1.238763,2.571884,-0.2E-4,-0.4668E-2,0.42E-2,,,,,,,,,,,,,,,,,,,,,,,,,,,,,3.790671593E3
3396,HXTES,INST,BT2L0_PLEG_GPI_1,PIRANI GAUGE,0.0,,,,,,,,,,8.0,1.776020946E3,3.790671593E3,-1.238763,2.571884,-0.2E-4,-0.4668E-2,0.42E-2,,,,,,,,,,,,,,,,,,,,,,,,,,,,,3.790671593E3
3398,HXTES,INST,BT2L0_PLEG_XTES,BTM U/S FACE,0.0,,,,,,,,,,8.0,1.776397708E3,3.791048347E3,-1.23718,2.573643,-0.2E-4,-0.4668E-2,0.42E-2,,,,,,,,,,,,,,,,,,,,,,,,,,,,,3.791048347E3
3400,HXTES,INST,IM3L0_PPM_PGT_1,GETTER PUMP,0.0,,,,,,,,,,8.0,1.777967585E3,3.792618193E3,-1.230587,2.580972,-0.2E-4,-0.4668E-2,0.42E-2,,,,,,,,,,,,,,,,,,,,,,,,,,,,,3.792618193E3
3401,HXTES,INST,IM3L0_PPM_VRM_1,ROUGH OUT VALVE,0.0,,,,,,,,,,8.0,1.777967585E3,3.792618193E3,-1.230587,2.580972,-0.2E-4,-0.4668E-2,0.42E-2,,,,,,,,,,,,,,,,,,,,,,,,,,,,,3.792618193E3
3403,HXTES,INST,IM3L0_PPM,IMAGER,0.0,,,,,,,,,,8.0,1.779345485E3,3.793996065E3,-1.2248,2.587405,-0.2E-4,-0.4668E-2,0.42E-2,,,,,,,,,,,,,,,,,,,,,,,,,,,,,3.793996065E3
3405,HXTES,INST,PC2L0_XTES,PHOTON COLL,0.0,,,,,,,,,,8.0,1.7796176E3,3.794268175E3,-1.223657,2.588675,-0.2E-4,-0.4668E-2,0.42E-2,,,,,,,,,,,,,,,,,,,,,,,,,,,,,3.794268175E3
3407,HXTES,INST,BT3L0_L2SI,BTM,0.0,,,,,,,,,,8.0,1.779669436E3,3.794320011E3,-1.223439,2.588917,-0.2E-4,-0.4668E-2,0.42E-2,,,,,,,,,,,,,,,,,,,,,,,,,,,,,3.794320011E3
3409,HXTES,INST,MR2L0_HOMS_VGC_1,VAT VALVE,0.0,,,,,,,,,,8.0,1.779937387E3,3.794587957E3,-1.222314,2.590168,-0.2E-4,-0.4668E-2,0.42E-2,,,,,,,,,,,,,,,,,,,,,,,,,,,,,3.794587957E3
3411,HXTES,INST,MR2L0_HOMS,MIRROR,0.0,0.0,,,,,,,,,8.0,1.780631479E3,3.795282035E3,-1.219399,2.593408,0.0,-0.4669E-2,0.0,,,,,,,,,,,,,,,,,,,,,,,,,,,,,3.795282035E3
3412,HXTES,INST,MR2L0_HOMS_GBC_1,BCS VAC SENSOR,0.0,,,,,,,,,,8.0,1.780631479E3,3.795282035E3,-1.219399,2.593408,0.0,-0.4669E-2,0.0,,,,,,,,,,,,,,,,,,,,,,,,,,,,,3.795282035E3
3414,HXTES,INST,MR2L0_HOMS_VGC_2,GATE VALVE,0.0,,,,,,,,,,8.0,1.781432478E3,3.796083025E3,-1.219399,2.597148,0.0,-0.4669E-2,0.0,,,,,,,,,,,,,,,,,,,,,,,,,,,,,3.796083025E3
3416,HXTES,INST,TV3L0_VFS_1,FAST SHUTTER,0.0,,,,,,,,,,8.0,1.782144959E3,3.796795498E3,-1.219399,2.600474,0.0,-0.4669E-2,0.0,,,,,,,,,,,,,,,,,,,,,,,,,,,,,3.796795498E3
3418,HXTES,INST,TV3L0_PIP_1,ION PUMP,0.0,,,,,,,,,,8.0,1.782389102E3,3.797039638E3,-1.219399,2.601614,0.0,-0.4669E-2,0.0,,,,,,,,,,,,,,,,,,,,,,,,,,,,,3.797039638E3
3420,HXTES,INST,PC3L0_XTES,PHOTON COLL,0.0,,,,,,,,,,8.0,1.785072353E3,3.79972286E3,-1.219399,2.61414,0.0,-0.4669E-2,0.0,,,,,,,,,,,,,,,,,,,,,,,,,,,,,3.79972286E3
3422,HXTES,INST,BT4L0_COMBO,BTM,0.0,,,,,,,,,,8.0,1.785124184E3,3.79977469E3,-1.219399,2.614382,0.0,-0.4669E-2,0.0,,,,,,,,,,,,,,,,,,,,,,,,,,,,,3.79977469E3
3424,HXTES,INST,TP_LUSI,LUSI WP,0.0,,,,,,,,,,8.0,1.785188479E3,3.799838985E3,-1.219399,2.614683,0.0,-0.4669E-2,0.0,,,,,,,,,,,,,,,,,,,,,,,,,,,,,3.799838985E3
3426,HXTES,INST,BS3L0_LUSI,BREMSS COLL,0.0,,,,,,,,,,8.0,1.785284407E3,3.799934912E3,-1.219399,2.61513,0.0,-0.4669E-2,0.0,,,,,,,,,,,,,,,,,,,,,,,,,,,,,3.799934912E3
3428,HXTES,INST,SL3L0_PWR_FUT,POWER SLITS (F),0.0,,,,,,,,,,8.0,1.786509339E3,3.801159831E3,-1.219399,2.620849,0.0,-0.4669E-2,0.0,,,,,,,,,,,,,,,,,,,,,,,,,,,,,3.801159831E3
3430,HXTES,INST,EM3L0_IPM_FUT,IPM (F),0.0,,,,,,,,,,8.0,1.786670093E3,3.801320583E3,-1.219399,2.621599,0.0,-0.4669E-2,0.0,,,,,,,,,,,,,,,,,,,,,,,,,,,,,3.801320583E3
3432,HXTES,INST,IM4L0_XTES,IMAGER,0.0,,,,,,,,,,8.0,1.786904221E3,3.801554708E3,-1.219399,2.622693,0.0,-0.4669E-2,0.0,,,,,,,,,,,,,,,,,,,,,,,,,,,,,3.801554708E3
3434,HXTES,INST,ST1L0_PPS,PPS STOPPER,0.0,,,,,,,,,,8.0,1.788605895E3,3.803256364E3,-1.219399,2.630637,0.0,-0.4669E-2,0.0,,,,,,,,,,,,,,,,,,,,,,,,,,,,,3.803256364E3
3435,HXTES,INST,ST1L0_PPS_GBC_1,BCS VAC SENSOR,0.0,,,,,,,,,,8.0,1.788605895E3,3.803256364E3,-1.219399,2.630637,0.0,-0.4669E-2,0.0,,,,,,,,,,,,,,,,,,,,,,,,,,,,,3.803256364E3
3437,HXTES,INST,PC4L0_XTES,PHOTON COLL,0.0,,,,,,,,,,8.0,1.78909351E3,3.803743974E3,-1.219399,2.632913,0.0,-0.4669E-2,0.0,,,,,,,,,,,,,,,,,,,,,,,,,,,,,3.803743974E3
3439,HXTES,INST,BT5L0_COMBO,BTM,0.0,,,,,,,,,,8.0,1.78914534E3,3.803795803E3,-1.219399,2.633155,0.0,-0.4669E-2,0.0,,,,,,,,,,,,,,,,,,,,,,,,,,,,,3.803795803E3
3441,HXTES,INST,BS4L0_LUSI,BREMSS COLL,0.0,,,,,,,,,,8.0,1.789305564E3,3.803956025E3,-1.219399,2.633903,0.0,-0.4669E-2,0.0,,,,,,,,,,,,,,,,,,,,,,,,,,,,,3.803956025E3
3443,HXTES,INST,TP_WALL2HE,FEE WALL 2 SHLDG,0.0,,,,,,,,,,8.0,1.789705479E3,3.804355936E3,-1.219399,2.63577,0.0,-0.4669E-2,0.0,,,,,,,,,,,,,,,,,,,,,,,,,,,,,3.804355936E3
3445,HXTES,INST,TP_WALL2HW,HUTCH 1 WALL 1,0.0,,,,,,,,,,8.0,1.791635479E3,3.806285915E3,-1.219399,2.64478,0.0,-0.4669E-2,0.0,,,,,,,,,,,,,,,,,,,,,,,,,,,,,3.806285915E3
3447,HXTES,INST,TP_XPP,INTERFACE (2.75,0.0,,,,,,,,,,8.0,1.792407409E3,3.807057836E3,-1.219399,2.648384,0.0,-0.4669E-2,0.0,,,,,,,,,,,,,,,,,,,,,,,,,,,,,3.807057836E3
3448,HXTES,INST,ENDHXTES_2,,,,,,,,,,,,8.0,1.792407409E3,3.807057836E3,-1.219399,2.648384,0.0,-0.4669E-2,0.0,,,,,,,,,,,,,,,,,,,,,,,,,,,,,3.807057836E3
3388,HXTES,INST,BEGHXTES_3,,,,,,,,,,,,8.0,1.773345415E3,3.787996114E3,-1.25,2.559394,0.0,-0.4669E-2,0.0,,,,,,,,,,,,,,,,,,,,,,,,,,,,,3.787996114E3
3389,HXTES,INST,MR1L0_HOMS_TXI,MIRROR,0.0,0.0,,,,,,,,,8.0,1.773345415E3,3.787996114E3,-1.25,2.559394,-0.65E-4,-0.4668E-2,0.014,,,,,,,,,,,,,,,,,,,,,,,,,,,,,3.787996114E3
3391,HXTES,INST,MR1L1_TXI,MIRROR,0.0,0.0,,,,,,,,,8.0,1.774945572E3,3.789596097E3,-1.227599,2.566863,-0.131E-3,-0.4667E-2,0.028,,,,,,,,,,,,,,,,,,,,,,,,,,,,,3.789596097E3
3392,HXTES,INST,MR1L1_TXI_GBC_1,BCS VAC SENSOR,0.0,,,,,,,,,,8.0,1.774945572E3,3.789596097E3,-1.227599,2.566863,-0.131E-3,-0.4667E-2,0.028,,,,,,,,,,,,,,,,,,,,,,,,,,,,,3.789596097E3
3394,HXTES,INST,BT2L0_PLEG_TXI,BTM U/S FACE,0.0,,,,,,,,,,8.0,1.776398407E3,3.791048347E3,-1.186924,2.573643,-0.131E-3,-0.4667E-2,0.028,,,,,,,,,,,,,,,,,,,,,,,,,,,,,3.791048347E3
3396,HXTES,INST,TP_TXI_FEE,INTERFACE (2.75,0.0,,,,,,,,,,8.0,1.776880486E3,3.791530232E3,-1.173428,2.575893,-0.131E-3,-0.4667E-2,0.028,,,,,,,,,,,,,,,,,,,,,,,,,,,,,3.791530232E3
3398,HXTES,INST,IM1L1_PPM_PGT_1,GETTER PUMP,0.0,,,,,,,,,,8.0,1.77823899E3,3.792888188E3,-1.135395,2.582232,-0.131E-3,-0.4667E-2,0.028,,,,,,,,,,,,,,,,,,,,,,,,,,,,,3.792888188E3
3399,HXTES,INST,IM1L1_PPM_VRM_1,ROUGH OUT VALVE,0.0,,,,,,,,,,8.0,1.77823899E3,3.792888188E3,-1.135395,2.582232,-0.131E-3,-0.4667E-2,0.028,,,,,,,,,,,,,,,,,,,,,,,,,,,,,3.792888188E3
3401,HXTES,INST,IM1L1_PPM,IMAGER,0.0,,,,,,,,,,8.0,1.778751689E3,3.79340068E3,-1.121041,2.584625,-0.131E-3,-0.4667E-2,0.028,,,,,,,,,,,,,,,,,,,,,,,,,,,,,3.79340068E3
3403,HXTES,INST,PC1L1_L2SI,PHOTON COLL,0.0,,,,,,,,,,8.0,1.778968859E3,3.793617763E3,-1.114961,2.585639,-0.131E-3,-0.4667E-2,0.028,,,,,,,,,,,,,,,,,,,,,,,,,,,,,3.793617763E3
3405,HXTES,INST,BT1L1_COMBO,BTM,0.0,,,,,,,,,,8.0,1.779025247E3,3.793674128E3,-1.113383,2.585902,-0.131E-3,-0.4667E-2,0.028,,,,,,,,,,,,,,,,,,,,,,,,,,,,,3.793674128E3
3407,HXTES,INST,BS1L1_MINI,BREMSS COLL,0.0,,,,,,,,,,8.0,1.779070869E3,3.793719732E3,-1.112105,2.586115,-0.131E-3,-0.4667E-2,0.028,,,,,,,,,,,,,,,,,,,,,,,,,,,,,3.793719732E3
3409,HXTES,INST,TV1L1_VGC_1,VAT VALVE - TXI,0.0,,,,,,,,,,8.0,1.779865693E3,3.794514236E3,-1.089853,2.589824,-0.131E-3,-0.4667E-2,0.028,,,,,,,,,,,,,,,,,,,,,,,,,,,,,3.794514236E3
3411,HXTES,INST,PC2L1_L2SI_VGC_1,GATE VALVE,0.0,,,,,,,,,,8.0,1.782666479E3,3.797313894E3,-1.011441,2.602894,-0.131E-3,-0.4667E-2,0.028,,,,,,,,,,,,,,,,,,,,,,,,,,,,,3.797313894E3
3413,HXTES,INST,PC2L1_L2SI_PIP_1,ION PUMP,0.0,,,,,,,,,,8.0,1.782808755E3,3.797456112E3,-1.007458,2.603558,-0.131E-3,-0.4667E-2,0.028,,,,,,,,,,,,,,,,,,,,,,,,,,,,,3.797456112E3
3415,HXTES,INST,PC2L1_L2SI,PHOTON COLL,0.0,,,,,,,,,,8.0,1.7829656E3,3.797612894E3,-1.003067,2.60429,-0.131E-3,-0.4667E-2,0.028,,,,,,,,,,,,,,,,,,,,,,,,,,,,,3.797612894E3
3417,HXTES,INST,BT2L1_L2SI,BTM,0.0,,,,,,,,,,8.0,1.783021988E3,3.797669259E3,-1.001488,2.604553,-0.131E-3,-0.4667E-2,0.028,,,,,,,,,,,,,,,,,,,,,,,,,,,,,3.797669259E3
3419,HXTES,INST,ST1L1_PPS,PPS STOPPER,0.0,,,,,,,,,,8.0,1.787654811E3,3.802300215E3,-0.871786,2.626173,-0.131E-3,-0.4667E-2,0.028,,,,,,,,,,,,,,,,,,,,,,,,,,,,,3.802300215E3
3420,HXTES,INST,ST1L1_PPS_GBC_1,BCS VAC SENSOR,0.0,,,,,,,,,,8.0,1.787654811E3,3.802300215E3,-0.871786,2.626173,-0.131E-3,-0.4667E-2,0.028,,,,,,,,,,,,,,,,,,,,,,,,,,,,,3.802300215E3
3422,HXTES,INST,PC3L1_L2SI,PHOTON COLL,0.0,,,,,,,,,,8.0,1.789050549E3,3.803695392E3,-0.832711,2.632686,-0.131E-3,-0.4667E-2,0.028,,,,,,,,,,,,,,,,,,,,,,,,,,,,,3.803695392E3
3424,HXTES,INST,BT3L1_COMBO,BTM,0.0,,,,,,,,,,8.0,1.789106937E3,3.803751757E3,-0.831132,2.63295,-0.131E-3,-0.4667E-2,0.028,,,,,,,,,,,,,,,,,,,,,,,,,,,,,3.803751757E3
3426,HXTES,INST,BS2L1_LUSI,BREMSS COLL,0.0,,,,,,,,,,8.0,1.78926716E3,3.803911916E3,-0.826646,2.633697,-0.131E-3,-0.4667E-2,0.028,,,,,,,,,,,,,,,,,,,,,,,,,,,,,3.803911916E3
3428,HXTES,INST,BS2L1_LUSI_VRM_1,RIGHT ANGLE VALV,0.0,,,,,,,,,,8.0,1.789543811E3,3.804188454E3,-0.818901,2.634988,-0.131E-3,-0.4667E-2,0.028,,,,,,,,,,,,,,,,,,,,,,,,,,,,,3.804188454E3
3430,HXTES,INST,TP_TXI,INTERFACE (3.38,0.0,,,,,,,,,,8.0,1.791713014E3,3.806356784E3,-0.758171,2.645111,-0.131E-3,-0.4667E-2,0.028,,,,,,,,,,,,,,,,,,,,,,,,,,,,,3.806356784E3
3431,HXTES,INST,ENDHXTES_3,,,,,,,,,,,,8.0,1.791713014E3,3.806356784E3,-0.758171,2.645111,-0.131E-3,-0.4667E-2,0.028,,,,,,,,,,,,,,,,,,,,,,,,,,,,,3.806356784E3
1567,CLTS,INST,BEGCLTS,,,,,,,,,,,,8.0,1.043791576E3,3.058456916E3,0.0,0.0,0.0,0.0,0.0,,,,,,,,,,,,,,,,,,,,,,,,,,,,,3.058456916E3
1568,CLTS,BEND,BRCUSDC1,3D8.8MK3,0.2691,0.0515874,0.0,0.0,,51.390160365164,0.0,0.0,,,8.0,1.043926115E3,3.058591455E3,0.0,0.0,0.0,0.0,0.0,,,,,,0.2691,0.3041,0.0,0.0,0.0,0.0,,,,3.058591466E3,0.0,0.0,0.896928,0.0,0.0,,,,,,,,,3.058591455E3
1571,CLTS,KICK,BKRCUS,1.92K41.2,1.0601,0.0254,-0.050034288934,0.0,,51.390160365164,0.0,-0.050034288934,,,8.0,1.044942888E3,3.059608228E3,0.72E-4,0.9E-4,0.0,-0.341E-3,0.272E-3,,,,,,1.0601,0.5,-0.233031367058,0.021982017457,0.0,0.0,,,,3.059608228E3,0.0,0.0,0.896928,0.0,0.0,,,,,,,,,3.059608228E3
1574,CLTS,BEND,BRCUSDC2,3D8.8MK3,0.2691,0.0515874,0.0,0.0,,51.390160365164,0.0,0.0,,,8.0,1.045959658E3,3.060624998E3,0.554E-3,0.694E-3,0.0,-0.682E-3,0.545E-3,,,,,,0.2691,0.3041,0.0,0.0,0.0,0.0,,,,3.06062499E3,0.0,0.0,0.896928,0.0,0.0,,,,,,,,,3.060624998E3
1577,CLTS,BPM,BPMCUS?,Stripline-5,0.0,,,,,,,,,,8.0,1.05066854E3,3.065333878E3,0.312E-2,0.3907E-2,0.0,-0.682E-3,0.545E-3,,,,,,,,,,,,,,,,,,,,,,,,,,,,,3.065333878E3
1579,CLTS,SEPT,BLRCUS,0.625SD38.98,1.000014,0.0159,0.52200911224,0.0,,-38.609839635129,0.0,0.52200911224,,,8.0,1.062119846E3,3.076785178E3,0.847E-2,0.012432,0.7E-5,-0.3525E-2,-0.3015E-2,,,,,,1.0,0.5,2.431222660155,-0.243118862351,0.0,0.0,,,,3.076785178E3,-0.2496E-2,-0.3126E-2,-0.673869,0.0,0.0,,,,,,,,,3.076785178E3
1581,CLTS,MARK,CNTCUS1,CENTER,,,,,,,,,,,8.0,1.062619858E3,3.077285178E3,0.6073E-2,0.014905,0.25E-4,-0.6368E-2,-0.6574E-2,,,,,,,,,,,,,,,,,,,,,,,,,,,,,3.077285178E3
1582,CLTS,MARK,ROCUS1,,0.0,,-0.142723106093E-2,,,,,,,,8.0,1.062619858E3,3.077285178E3,0.6073E-2,0.014905,0.12E-4,-0.6368E-2,-0.6574E-2,,,,,,,,,,,,,,,,,,,,,,,,,,,,,3.077285178E3
1589,CLTS,MARK,CNTCUS5,CENTER,,,,,,,,,,,8.0,1.091519858E3,3.106183968E3,-0.183924,0.198926,0.0,-0.6368E-2,-0.6574E-2,,,,,,,,,,,,,,,,,,,,,,,,,,,,,3.106183968E3
1591,CLTS,QUAD,QCUS1,2Q10,0.263,0.0514,,0.4922970925,,0.0,,,,,8.0,1.092151358E3,3.106815441E3,-0.188075,0.202948,0.0,-0.6368E-2,-0.6574E-2,,,,,,,,,,34.550338171182,-13.137010711476,,,,,,,,,,,,,,,,,,3.106815441E3
1594,CLTS,BPM,BPMCUS1,Stripline-5,0.0,,,,,,,,,,8.0,1.092746941E3,3.107411E3,-0.191991,0.20674,0.0,-0.6368E-2,-0.6574E-2,,,,,,,,,,,,,,,,,,,,,,,,,,,,,3.107411E3
1596,CLTS,XCOR,XCCUS1,class-4,0.0,,,,,,,,,,8.0,1.093493973E3,3.108158E3,-0.196902,0.211497,0.0,-0.6368E-2,-0.6574E-2,,,,,,,,,,,,,,,,,,,,,,,,,,,,,3.108158E3
1598,CLTS,QUAD,QCUS2,2Q10,0.263,0.0514,,-0.423724073,,0.0,,,,,8.0,1.097548034E3,3.112211891E3,-0.223555,0.237311,0.0,-0.6368E-2,-0.6574E-2,,,,,,,,,,-29.737754369168,11.307130938847,,,,,,,,,,,,,,,,,,3.112211891E3
1601,CLTS,BPM,BPMCUS2,Stripline-5,0.0,,,,,,,,,,8.0,1.098143168E3,3.112807E3,-0.227467,0.241101,0.0,-0.6368E-2,-0.6574E-2,,,,,,,,,,,,,,,,,,,,,,,,,,,,,3.112807E3
1603,CLTS,YCOR,YCCUS2,class-4,0.0,,,,,,,,,,8.0,1.098890199E3,3.113554E3,-0.232378,0.245857,0.0,-0.6368E-2,-0.6574E-2,,,,,,,,,,,,,,,,,,,,,,,,,,,,,3.113554E3
1605,CLTS,BPM,BPMCUS3,Stripline-5,0.0,,,,,,,,,,8.0,1.10152331E3,3.116187E3,-0.249689,0.262624,0.0,-0.6368E-2,-0.6574E-2,,,,,,,,,,,,,,,,,,,,,,,,,,,,,3.116187E3
1607,CLTS,QUAD,QCUS3,2Q10,0.263,0.0514,,-0.3022667323,,0.0,,,,,8.0,1.10204471E3,3.116708379E3,-0.253117,0.265944,0.0,-0.6368E-2,-0.6574E-2,,,,,,,,,,-21.213649192663,8.066026308997,,,,,,,,,,,,,,,,,,3.116708379E3
1610,CLTS,YCOR,YCCUS3,class-4,0.0,,,,,,,,,,8.0,1.10260471E3,3.117268355E3,-0.256799,0.26951,0.0,-0.6368E-2,-0.6574E-2,,,,,,,,,,,,,,,,,,,,,,,,,,,,,3.117268355E3
1613,CLTS,QUAD,QCUS4,1.085Q4.31,0.1068,0.027559,,2.374032642,,0.0,,,,,8.0,1.109101349E3,3.123764722E3,-0.299509,0.310877,0.0,-0.6368E-2,-0.6574E-2,,,,,,,,,,67.65925663103,-63.351363886732,,,,,,,,,,,,,,,,,,3.123764722E3
1614,CLTS,BPM,BPMCUS4,Stripline-2,0.0,,,,,,,,,,8.0,1.109101349E3,3.123764722E3,-0.299509,0.310877,0.0,-0.6368E-2,-0.6574E-2,,,,,,,,,,,,,,,,,,,,,,,,,,,,,3.123764722E3
1617,CLTS,XCOR,XCCUS4,class-4,0.0,,,,,,,,,,8.0,1.109554749E3,3.124218103E3,-0.30249,0.313764,0.0,-0.6368E-2,-0.6574E-2,,,,,,,,,,,,,,,,,,,,,,,,,,,,,3.124218103E3
1619,CLTS,BEND,BYCUS1,3D8.8MK3,0.2691,0.0515874,0.022918311805,0.0,,90.000000011752,0.011459155903,0.011459155903,,,8.0,1.110622849E3,3.125286158E3,-0.309512,0.320552,0.0,-0.6168E-2,-0.6574E-2,,,,,,0.269099998206,0.5,0.106740510246,-0.039665741451,0.0,0.0,,,,3.125286158E3,-0.309512,0.320545,1.570796,-0.6168E-2,-0.6574E-2,,,,,,,,,3.125286158E3
1621,CLTS,MARK,CNTCUS3,CENTER,,,,,,,,,,,8.0,1.110757399E3,3.125420703E3,-0.310397,0.321368,0.0,-0.5968E-2,-0.6574E-2,,,,,,,,,,,,,,,,,,,,,,,,,,,,,3.125420703E3
1622,CLTS,MARK,ROCUS3,,0.0,,0.0,,,,,,,,8.0,1.110757399E3,3.125420703E3,-0.310397,0.321368,0.0,-0.5968E-2,-0.6574E-2,,,,,,,,,,,,,,,,,,,,,,,,,,,,,3.125420703E3
1625,CLTS,QUAD,QCUS5,1.085Q4.31,0.1068,0.027559,,-1.402669754,,0.0,,,,,8.0,1.112100949E3,3.1267642E3,-0.31923,0.329386,0.0,-0.5968E-2,-0.6574E-2,,,,,,,,,,-39.975689961246,37.430421312028,,,,,,,,,,,,,,,,,,3.1267642E3
1626,CLTS,BPM,BPMCUS5,Stripline-2,0.0,,,,,,,,,,8.0,1.112100949E3,3.1267642E3,-0.31923,0.329386,0.0,-0.5968E-2,-0.6574E-2,,,,,,,,,,,,,,,,,,,,,,,,,,,,,3.1267642E3
1629,CLTS,MARK,MIDCUSXR,,,,,,,,,,,,8.0,1.112304349E3,3.126967592E3,-0.320567,0.3306,0.0,-0.5968E-2,-0.6574E-2,,,,,,,,,,,,,,,,,,,,,,,,,,,,,3.126967592E3
1631,CLTS,QUAD,QCUS6,1.085Q4.31,0.1068,0.027559,,-1.402669754,,0.0,,,,,8.0,1.112507749E3,3.127170984E3,-0.321904,0.331813,0.0,-0.5968E-2,-0.6574E-2,,,,,,,,,,-39.975689961246,37.430421312028,,,,,,,,,,,,,,,,,,3.127170984E3
1634,CLTS,YCOR,YCCUS6,class-4,0.0,,,,,,,,,,8.0,1.112961149E3,3.127624366E3,-0.324885,0.334519,0.0,-0.5968E-2,-0.6574E-2,,,,,,,,,,,,,,,,,,,,,,,,,,,,,3.127624366E3
1636,CLTS,MARK,ROCUS4,,0.0,,0.0,,,,,,,,8.0,1.113851299E3,3.128514481E3,-0.330737,0.339831,0.0,-0.5968E-2,-0.6574E-2,,,,,,,,,,,,,,,,,,,,,,,,,,,,,3.128514481E3
1637,CLTS,BEND,BYCUS2,3D8.8MK3,0.2691,0.0515874,-0.022918311805,0.0,,90.000000011752,-0.011459155903,-0.011459155903,,,8.0,1.113985849E3,3.128649026E3,-0.331621,0.340647,0.0,-0.6168E-2,-0.6574E-2,,,,,,0.269099998206,0.5,-0.106740510246,0.039665741451,0.0,0.0,,,,3.128649026E3,-0.331621,0.340654,1.570796,-0.6168E-2,-0.6574E-2,,,,,,,,,3.128649026E3
1639,CLTS,MARK,CNTCUS4,CENTER,,,,,,,,,,,8.0,1.114120399E3,3.12878357E3,-0.332506,0.341491,0.0,-0.6368E-2,-0.6574E-2,,,,,,,,,,,,,,,,,,,,,,,,,,,,,3.12878357E3
1642,CLTS,QUAD,QCUS7,1.085Q4.31,0.1068,0.027559,,2.374032642,,0.0,,,,,8.0,1.115507349E3,3.130170462E3,-0.341624,0.350322,0.0,-0.6368E-2,-0.6574E-2,,,,,,,,,,67.65925663103,-63.351363886732,,,,,,,,,,,,,,,,,,3.130170462E3
1643,CLTS,BPM,BPMCUS7,Stripline-2,0.0,,,,,,,,,,8.0,1.115507349E3,3.130170462E3,-0.341624,0.350322,0.0,-0.6368E-2,-0.6574E-2,,,,,,,,,,,,,,,,,,,,,,,,,,,,,3.130170462E3
1646,CLTS,XCOR,XCCUS7,class-4,0.0,,,,,,,,,,8.0,1.115960749E3,3.130623843E3,-0.344605,0.353209,0.0,-0.6368E-2,-0.6574E-2,,,,,,,,,,,,,,,,,,,,,,,,,,,,,3.130623843E3
1648,CLTS,BPM,BPMCUS8,Stripline-5,0.0,,,,,,,,,,8.0,1.122042161E3,3.136705E3,-0.384586,0.391933,0.0,-0.6368E-2,-0.6574E-2,,,,,,,,,,,,,,,,,,,,,,,,,,,,,3.136705E3
1650,CLTS,QUAD,QCUS8,2Q10,0.263,0.0514,,-0.3022667323,,0.0,,,,,8.0,1.122563988E3,3.137226805E3,-0.388016,0.395256,0.0,-0.6368E-2,-0.6574E-2,,,,,,,,,,-21.213649192663,8.066026308997,,,,,,,,,,,,,,,,,,3.137226805E3
1653,CLTS,YCOR,YCCUS8,class-4,0.0,,,,,,,,,,8.0,1.123123988E3,3.137786782E3,-0.391698,0.398821,0.0,-0.6368E-2,-0.6574E-2,,,,,,,,,,,,,,,,,,,,,,,,,,,,,3.137786782E3
1655,CLTS,INST,STCLTS,PPS stopper,0.3,,,,,,,,,,8.0,1.125388301E3,3.140051E3,-0.406584,0.413239,0.0,-0.6368E-2,-0.6574E-2,,,,,,,,,,,,,,,,,,,,,,,,,,,,,3.140051E3
1656,CLTS,INST,BTMCLTS,PPS BTM,0.0,,,,,,,,,,8.0,1.125538301E3,3.140200994E3,-0.40757,0.414195,0.0,-0.6368E-2,-0.6574E-2,,,,,,,,,,,,,,,,,,,,,,,,,,,,,3.140200994E3
1658,CLTS,BPM,BPMCUS9,Stripline-5,0.0,,,,,,,,,,8.0,1.126538349E3,3.141201E3,-0.414145,0.420562,0.0,-0.6368E-2,-0.6574E-2,,,,,,,,,,,,,,,,,,,,,,,,,,,,,3.141201E3
1660,CLTS,QUAD,QCUS9,2Q10,0.263,0.0514,,-0.4660501575,,0.0,,,,,8.0,1.127060664E3,3.141723293E3,-0.417579,0.423888,0.0,-0.6368E-2,-0.6574E-2,,,,,,,,,,-32.70827878464,12.436607902905,,,,,,,,,,,,,,,,,,3.141723293E3
1663,CLTS,YCOR,YCCUS9,class-4,0.0,,,,,,,,,,8.0,1.127620664E3,3.142283269E3,-0.42126,0.427454,0.0,-0.6368E-2,-0.6574E-2,,,,,,,,,,,,,,,,,,,,,,,,,,,,,3.142283269E3
1665,CLTS,XCOR,XCCUS10,class-4,0.0,,,,,,,,,,8.0,1.13111454E3,3.145777E3,-0.44423,0.449701,0.0,-0.6368E-2,-0.6574E-2,,,,,,,,,,,,,,,,,,,,,,,,,,,,,3.145777E3
1667,CLTS,BPM,BPMCUS10,Stripline-5,0.0,,,,,,,,,,8.0,1.131935575E3,3.146598E3,-0.449628,0.454929,0.0,-0.6368E-2,-0.6574E-2,,,,,,,,,,,,,,,,,,,,,,,,,,,,,3.146598E3
1669,CLTS,QUAD,QCUS10,2Q10,0.263,0.0514,,0.4977713731,,0.0,,,,,8.0,1.132457339E3,3.147119742E3,-0.453058,0.458252,0.0,-0.6368E-2,-0.6574E-2,,,,,,,,,,34.934533505372,-13.283092587594,,,,,,,,,,,,,,,,,,3.147119742E3
1672,CLTS,MARK,ROCUS2,,0.0,,0.119930382683E-2,,,,,,,,8.0,1.161988845E3,3.176650011E3,-0.647206,0.646294,1.0E-5,-0.6368E-2,-0.6574E-2,,,,,,,,,,,,,,,,,,,,,,,,,,,,,3.176650011E3
1673,CLTS,BEND,BRCUS1,1.0D38.37,1.000004,0.0254,-0.524401443655,0.0,,-44.084731876281,-0.262200721828,-0.262200721828,,,8.0,1.162488846E3,3.17715E3,-0.649672,0.648682,0.5E-5,-0.3184E-2,-0.3287E-2,,,,,,1.000000509621,0.4861,-2.442364784328,0.244235501491,0.0,0.0,,,,3.177150003E3,-0.649261,0.648284,-0.769424,-0.3184E-2,-0.3287E-2,,,,,,,,,3.17715E3
1675,CLTS,MARK,CNTCUS2,CENTER,,,,,,,,,,,8.0,1.162988848E3,3.17765E3,-0.650494,0.649478,0.0,0.0,0.0,,,,,,,,,,,,,,,,,,,,,,,,,,,,,3.17765E3
1676,CLTS,INST,ENDCLTS,,,,,,,,,,,,8.0,1.162988848E3,3.17765E3,-0.650494,0.649478,0.0,0.0,0.0,,,,,,,,,,,,,,,,,,,,,,,,,,,,,3.17765E3
35,GSPEC,INST,BEGGSPEC,,,,,,,,,,,,0.6E-2,0.9778443,2.018712486E3,9.888066,0.0,0.0,0.0,-0.610865,,,,,,,,,,,,,,,,,,,,,,,,,,,,,2.018712486E3
36,GSPEC,BEND,BXG,BXG,0.291216,0.043,85.000000000276,0.0,,0.0,24.249999999506,24.249999999506,,,0.6E-2,1.123452756,2.018791539E3,9.769754,0.0,0.0,0.0,-1.35263,,,,,,0.265235884561,0.492,0.295832620242,-0.101585290727,0.0,0.0,,,,2.018766364E3,9.764172,0.0,0.0,0.0,-1.35263,,,,,,,,,2.018791539E3
39,GSPEC,QUAD,QG02,QG,0.076,0.04,,-35.48540433,,0.0,,,,,0.6E-2,1.443465512,2.018682691E3,9.478078,0.0,0.0,0.0,-2.094395,,,,,,,,,,-0.537790488849,0.707619064276,,,,,,,,,,,,,,,,,,2.018682691E3
40,GSPEC,XCOR,XCG1,class-G,0.0,,,,,,,,,,0.6E-2,1.443465512,2.018682691E3,9.478078,0.0,0.0,0.0,-2.094395,,,,,,,,,,,,,,,,,,,,,,,,,,,,,2.018682691E3
41,GSPEC,YCOR,YCG1,class-G,0.0,,,,,,,,,,0.6E-2,1.443465512,2.018682691E3,9.478078,0.0,0.0,0.0,-2.094395,,,,,,,,,,,,,,,,,,,,,,,,,,,,,2.018682691E3
44,GSPEC,BPM,BPMG1,25_um_res,0.0,,,,,,,,,,0.6E-2,1.558485512,2.018625181E3,9.378468,0.0,0.0,0.0,-2.094395,,,,,,,,,,,,,,,,,,,,,,,,,,,,,2.018625181E3
46,GSPEC,QUAD,QG03,QG,0.076,0.04,,80.16050904,,0.0,,,,,0.6E-2,1.673465512,2.018567691E3,9.278892,0.0,0.0,0.0,-2.094395,,,,,,,,,,1.214853265927,-1.598491139378,,,,,,,,,,,,,,,,,,2.018567691E3
47,GSPEC,XCOR,XCG2,class-G,0.0,,,,,,,,,,0.6E-2,1.673465512,2.018567691E3,9.278892,0.0,0.0,0.0,-2.094395,,,,,,,,,,,,,,,,,,,,,,,,,,,,,2.018567691E3
48,GSPEC,YCOR,YCG2,class-G,0.0,,,,,,,,,,0.6E-2,1.673465512,2.018567691E3,9.278892,0.0,0.0,0.0,-2.094395,,,,,,,,,,,,,,,,,,,,,,,,,,,,,2.018567691E3
51,GSPEC,PROF,YAGG1,YAG,0.0,,,,,,,,,,0.6E-2,1.838635512,2.018485106E3,9.135851,0.0,0.0,0.0,-2.094395,,,,,,,,,,,,,,,,,,,,,,,,,,,,,2.018485106E3
53,GSPEC,INST,CRG1,,0.0,,,,,,,,,,0.6E-2,1.845925512,2.018481461E3,9.129537,0.0,0.0,0.0,-2.094395,,,,,,,,,,,,,,,,,,,,,,,,,,,,,2.018481461E3
55,GSPEC,INST,FCG1,,0.0,,,,,,,,,,0.6E-2,1.865905512,2.018471471E3,9.112234,0.0,0.0,0.0,-2.094395,,,,,,,,,,,,,,,,,,,,,,,,,,,,,2.018471471E3
57,GSPEC,MARK,DBMARK97,,,,,,,,,,,,0.6E-2,1.915905512,2.018446471E3,9.068933,0.0,0.0,0.0,-2.094395,,,,,,,,,,,,,,,,,,,,,,,,,,,,,2.018446471E3
58,GSPEC,INST,ENDGSPEC,,,,,,,,,,,,0.6E-2,1.915905512,2.018446471E3,9.068933,0.0,0.0,0.0,-2.094395,,,,,,,,,,,,,,,,,,,,,,,,,,,,,2.018446471E3
182,SPEC,INST,BEGSPEC,,,,,,,,,,,,0.135,17.19283599,2.031991836E3,0.589765,0.0,0.0,0.0,-0.610865,,,,,,,,,,,,,,,,,,,,,,,,,,,,,2.031991836E3
186,SPEC,XCOR,XCS1,class-1a,0.0,,,,,,,,,,0.135,17.95443559,2.032615702E3,0.152929,0.0,0.0,0.0,-0.610865,,,,,,,,,,,,,,,,,,,,,,,,,,,,,2.032615702E3
187,SPEC,YCOR,YCS1,class-1a,0.0,,,,,,,,,,0.135,17.95443559,2.032615702E3,0.152929,0.0,0.0,0.0,-0.610865,,,,,,,,,,,,,,,,,,,,,,,,,,,,,2.032615702E3
191,SPEC,MARK,VVS1,,,,,,,,,,,,0.135,18.44334449,2.033016192E3,-0.127497,0.0,0.0,0.0,-0.610865,,,,,,,,,,,,,,,,,,,,,,,,,,,,,2.033016192E3
193,SPEC,PROF,YAGS1,YAG,0.0,,,,,,,,,,0.135,18.58846599,2.033135069E3,-0.210736,0.0,0.0,0.0,-0.610865,,,,,,,,,,,,,,,,,,,,,,,,,,,,,2.033135069E3
195,SPEC,BPM,BPMS1,20_um_res,0.0,,,,,,,,,,0.135,18.76026199,2.033275796E3,-0.309274,0.0,0.0,0.0,-0.610865,,,,,,,,,,,,,,,,,,,,,,,,,,,,,2.033275796E3
197,SPEC,BEND,BXS,BXS,0.5435,0.034,-35.000000000114,0.0,,0.0,-7.290000001697,-7.290000001697,,,0.135,19.28383599,2.033724857E3,-0.573439,0.0,0.0,0.0,-0.305433,,,,,,0.53508889297,0.391,-2.75077688514,0.506122701958,0.0,0.0,,,,2.033731048E3,-0.553803,0.0,0.0,0.0,-0.305433,,,,,,,,,2.033724857E3
200,SPEC,QUAD,QS01,ETA,0.108,0.032,,9.682244192,,0.0,,,,,0.135,20.08783599,2.034524652E3,-0.614618,0.0,0.0,0.0,0.0,,,,,,,,,,4.70879454296,-4.359994947185,,,,,,,,,,,,,,,,,,2.034524652E3
201,SPEC,BPM,BPMS2,20_um_res,0.0,,,,,,,,,,0.135,20.08783599,2.034524652E3,-0.614618,0.0,0.0,0.0,0.0,,,,,,,,,,,,,,,,,,,,,,,,,,,,,2.034524652E3
204,SPEC,XCOR,XCS2,class-1a,0.0,,,,,,,,,,0.135,20.34146199,2.034778278E3,-0.614618,0.0,0.0,0.0,0.0,,,,,,,,,,,,,,,,,,,,,,,,,,,,,2.034778278E3
205,SPEC,YCOR,YCS2,class-1a,0.0,,,,,,,,,,0.135,20.34146199,2.034778278E3,-0.614618,0.0,0.0,0.0,0.0,,,,,,,,,,,,,,,,,,,,,,,,,,,,,2.034778278E3
207,SPEC,QUAD,QS02,ETA,0.108,0.032,,-5.648980372,,0.0,,,,,0.135,20.59583599,2.035032652E3,-0.614618,0.0,0.0,0.0,0.0,,,,,,,,,,-2.747285383583,2.543782762577,,,,,,,,,,,,,,,,,,2.035032652E3
210,SPEC,IMON,IMS1,,0.0,,,,,,,,,,0.135,20.93711099,2.035373927E3,-0.614618,0.0,0.0,0.0,0.0,,,,,,,,,,,,,,,,,,,,,,,,,,,,,2.035373927E3
212,SPEC,BPM,BPMS3,20_um_res,0.0,,,,,,,,,,0.135,21.19470619,2.035631522E3,-0.614618,0.0,0.0,0.0,0.0,,,,,,,,,,,,,,,,,,,,,,,,,,,,,2.035631522E3
214,SPEC,PROF,YAGS2,YAG,0.0,,,,,,,,,,0.135,21.41383099,2.035850647E3,-0.614618,0.0,0.0,0.0,0.0,,,,,,,,,,,,,,,,,,,,,,,,,,,,,2.035850647E3
216,SPEC,PROF,OTRS1,OTR,0.0,,,,,,,,,,0.135,21.78222339,2.036219039E3,-0.614618,0.0,0.0,0.0,0.0,,,,,,,,,,,,,,,,,,,,,,,,,,,,,2.036219039E3
219,SPEC,INST,SDMP,,0.0,,,,,,,,,,0.135,22.33765539,2.036774471E3,-0.614618,0.0,0.0,0.0,0.0,,,,,,,,,,,,,,,,,,,,,,,,,,,,,2.036774471E3
220,SPEC,MARK,DBMARK98,,,,,,,,,,,,0.135,22.33765539,2.036774471E3,-0.614618,0.0,0.0,0.0,0.0,,,,,,,,,,,,,,,,,,,,,,,,,,,,,2.036774471E3
221,SPEC,INST,ENDSPEC,,,,,,,,,,,,0.135,22.33765539,2.036774471E3,-0.614618,0.0,0.0,0.0,0.0,,,,,,,,,,,,,,,,,,,,,,,,,,,,,2.036774471E3
MAD #,AREA,KeyW,ELEMENT,Eng_Name,L_EFF,APER,ANGLE,K1,K2,TILT,E1,E2,H1,H2,ENERGY,SUML,MAD Z,MAD X,MAD Y,MAD Psi,MAD Phi,MAD Theta,RF_Frequency,RF_Amplitude,RF_Phase,RF_Gradient,RF_Power_Fraction,Z_Length,Fringe_Field_Integral,Integrated_Field_BL,Field_B,Integrated_Field_Gradient_GL,Field_Gradient_G,XAL_Scale_Name,XAL_Scale_Value,XAL_Polarity,Magnet_MAD_Z,Magnet_MAD_X,Magnet_MAD_Y,Magnet_MAD_Psi,Magnet_MAD_Phi,Magnet_MAD_Theta,Solenoid_Strength_KS,Undulator_Period_Length,Undulator_Strength_K,X_Size,Y_Size,Section,Distance_From_Section_Start,XAL_Keyword,S_Display
,,,,,m,m,deg,1/m^2,1/m^3,deg,deg,deg,1/m,1/m,GeV,m,m,m,m,rad,rad,rad,MHz,MeV,deg,MeV/m,1,m,1,kG-m,T,kG,T/m,,,,m,m,m,rad,rad,rad,1/m,m,1,m,m,,m,,m
