Solid Edge,AREA,KeyW,ELEMENT,Eng_Name,L_EFF,APER,ANGLE,K1,K2,TILT,E1,E2,H1,H2,ENERGY,SUML,X Coor,Y Coor,Z Coor,X Angle,Y Angle,Z Angle,RF_Frequency,RF_Amplitude,RF_Phase,RF_Gradient,RF_Power_Fraction,Z_Length,Fringe_Field_Integral,Integrated_Field_BL,Field_B,Integrated_Field_Gradient_GL,Field_Gradient_G,XAL_Scale_Name,XAL_Scale_Value,XAL_Polarity,Magnet_X_Coor,Magnet_Y_Coor,Magnet_Z_Coor,Magnet_X_Angle,Magnet_Y_Angle,Magnet_Z_Angle,Solenoid_Strength_KS,Undulator_Period_Length,Undulator_Strength_K,X_Size,Y_Size,Section,Distance_From_Section_Start,XAL_Keyword,S_Display
,,,,,m,m,deg,1/m^2,1/m^3,deg,deg,deg,1/m,1/m,GeV,m,m,m,m,rad,rad,rad,MHz,MeV,deg,MeV/m,1,m,1,kG-m,T,kG,T/m,,,,m,m,m,rad,rad,rad,1/m,m,1,m,m,,m,,m
2793,SPD,INST,BEGSPD_1,,,,,,,,,,,,4.0,0.0,-2.67718047E2,-0.650494,1.89934,0.0,0.4669E-2,0.0,,,,,,,,,,,,,,,,,,,,,,,,,,,,,2.780276003E3
2812,SPD,BPM,BPMSPH,Stripline-5,0.0,,,,,,,,,,4.0,9.704627,-2.58013526E2,-0.650494,1.854034,0.0,0.4669E-2,0.0,,,,,,,,,,,,,,,,,,,,,,,,,,,,,2.78998063E3
2817,SPD,BPM,BPMSP1,Stripline-5,0.0,,,,,,,,,,4.0,46.523172,-2.21195382E2,-0.650494,1.682146,0.0,0.4669E-2,0.0,,,,,,,,,,,,,,,,,,,,,,,,,,,,,2.826799175E3
2820,SPD,QUAD,QSP1,2Q10,0.263,0.0514,,0.5273873311,,0.0,,,,,4.0,68.8575,-1.98861298E2,-0.650494,1.577879,0.0,0.4669E-2,0.0,,,,,,,,,,18.506518525891,-7.036699059274,,,,,,,,,,,,,,,,,,2.849133503E3
2823,SPD,XCOR,XCSP1,class-4,0.0,,,,,,,,,,4.0,69.5803,-1.98138505E2,-0.650494,1.574504,0.0,0.4669E-2,0.0,,,,,,,,,,,,,,,,,,,,,,,,,,,,,2.849856303E3
2825,SPD,BPM,BPMSP2,Stripline-5,0.0,,,,,,,,,,4.0,70.277139,-1.97441674E2,-0.650494,1.571251,0.0,0.4669E-2,0.0,,,,,,,,,,,,,,,,,,,,,,,,,,,,,2.850553142E3
2827,SPD,QUAD,QSP2,2Q10,0.263,0.0514,,-0.5218304253,,0.0,,,,,4.0,70.9205,-1.9679832E2,-0.650494,1.568248,0.0,0.4669E-2,0.0,,,,,,,,,,-18.311521463827,6.962555689668,,,,,,,,,,,,,,,,,,2.851196503E3
2830,SPD,YCOR,YCSP2,class-4,0.0,,,,,,,,,,4.0,71.4805,-1.96238326E2,-0.650494,1.565633,0.0,0.4669E-2,0.0,,,,,,,,,,,,,,,,,,,,,,,,,,,,,2.851756503E3
2832,SPD,INST,ENDSPD_1,,,,,,,,,,,,4.0,87.176,-1.80542997E2,-0.650494,1.492359,0.0,0.4669E-2,0.0,,,,,,,,,,,,,,,,,,,,,,,,,,,,,2.867452003E3
2833,SPS,INST,BEGSPS,,,,,,,,,,,,4.0,87.176,-1.80542997E2,-0.650494,1.492359,0.0,0.4669E-2,0.0,,,,,,,,,,,,,,,,,,,,,,,,,,,,,2.867452003E3
2834,*SPS,KICK,BKYSP0S,0.787K35.4,1.0,0.02,0.0,0.0,,90.000000011752,0.0,0.0,,,4.0,87.676,-1.80043003E2,-0.650494,1.490025,0.0,0.4669E-2,0.0,,,,,,1.0,0.5,0.0,0.0,0.0,0.0,,,,-1.80043003E2,-0.650494,1.490425,0.0,0.4669E-2,0.0,,,,,,,,,2.867952003E3
2837,SPS,KICK,BKYSP1S,0.787K35.4,1.0,0.02,-0.014323943687,0.0,,90.000000011752,0.0,-0.014323943687,,,4.0,88.97600001,-1.78743017E2,-0.650494,1.483987,0.0,0.4544E-2,0.0,,,,,,1.0,0.5,-0.033356406472,0.333564064724E-2,0.0,0.0,,,,-1.78743017E2,-0.650494,1.484355,0.0,0.4669E-2,0.0,,,,,,,,,2.869252003E3
2840,SPS,KICK,BKYSP2S,0.787K35.4,1.0,0.02,-0.01432394458,0.0,,90.000000011752,0.014323943687,-0.028647888267,,,4.0,90.27600006,-1.77443029E2,-0.650494,1.478243,0.0,0.4294E-2,0.0,,,,,,1.0,0.5,-0.033356408554,0.333564085538E-2,0.0,0.0,,,,-1.77443031E2,-0.650494,1.478286,0.0,0.4669E-2,0.0,,,,,,,,,2.870552003E3
2843,SPS,KICK,BKYSP3S,0.787K35.4,1.0,0.02,-0.014323946368,0.0,,90.000000011752,0.028647888267,-0.042971834635,,,4.0,91.57600023,-1.7614304E2,-0.650494,1.472824,0.0,0.4044E-2,0.0,,,,,,1.0,0.5,-0.033356412717,0.333564127167E-2,0.0,0.0,,,,-1.76143045E2,-0.650494,1.472217,0.0,0.4669E-2,0.0,,,,,,,,,2.871852003E3
2846,*SPS,KICK,BKYSP4S,0.787K35.4,1.0,0.02,0.0,0.0,,90.000000011752,0.0,0.0,,,4.0,92.87600055,-1.7484305E2,-0.650494,1.467698,0.0,0.3919E-2,0.0,,,,,,1.0,0.5,0.0,0.0,0.0,0.0,,,,-1.74843059E2,-0.650494,1.466148,0.0,0.4669E-2,0.0,,,,,,,,,2.873152003E3
2849,*SPS,KICK,BKYSP5S,1.378K35.4,1.0,0.035,0.0,0.0,,90.000000011752,0.0,0.0,,,4.0,94.17600092,-1.7354306E2,-0.650494,1.462604,0.0,0.3919E-2,0.0,,,,,,1.0,0.5,0.0,0.0,0.0,0.0,,,,-1.73543073E2,-0.650494,1.460079,0.0,0.4669E-2,0.0,,,,,,,,,2.874452003E3
2852,SPS,BPM,BPMSPS?,Stripline-5,0.0,,,,,,,,,,4.0,96.90216519,-1.70816916E2,-0.650494,1.451922,0.0,0.3919E-2,0.0,,,,,,,,,,,,,,,,,,,,,,,,,,,,,2.877178166E3
2854,SPS,SEPT,BLXSPS,0.625SD38.98,1.000021,0.0159,0.63343047705,0.0,,0.0,0.0,0.633430477222,,,4.0,1.10276008E2,-1.57443179E2,-0.651876,1.399516,-0.22E-4,0.3918E-2,-0.5528E-2,,,,,,1.0,0.5,1.475080112494,-0.147504913646,0.0,0.0,,,,-1.57443249E2,-0.650494,1.384516,0.0,0.4669E-2,0.0,,,,,,,,,2.890552003E3
2856,SPS,MARK,ROSP1S,,0.0,,-0.475063269439E-3,,,,,,,,4.0,1.10776026E2,-1.56943182E2,-0.656022,1.397557,-0.47E-4,0.3918E-2,-0.011056,,,,,,,,,,,,,,,,,,,,,,,,,,,,,2.891052003E3
2858,SPS,BEND,BYSP1S,1.0D22.625,0.6,0.0254,0.180748555976,0.0,,90.000000011752,0.090374277988,0.090374277988,,,4.0,1.300349249E2,-1.37685609E2,-0.868933,1.321859,-0.52E-4,0.5496E-2,-0.011056,,,,,,0.599999751203,0.4725,0.42091217575,-0.070152029292,0.0,0.0,,,,-1.3768561E2,-0.868933,1.321741,1.570796,0.5496E-2,-0.011056,,,,,,,,,2.91030972E3
2861,SPS,BEND,BYSP2S,1.0D22.625,0.6,0.0254,-0.137779347436,0.0,,90.000000011752,-0.068889673718,-0.068889673718,,,4.0,1.424349251E2,-1.25286674E2,-1.006018,1.234572,-0.52E-4,0.5871E-2,-0.011056,,,,,,0.599999855435,0.4725,-0.320849063438,0.053474843906,0.0,0.0,,,,-1.25286674E2,-1.006018,1.234662,1.570796,0.5871E-2,-0.011056,,,,,,,,,2.922708927E3
2863,SPS,MARK,CNTSP1S,CENTER,,,,,,,,,,,4.0,1.427349252E2,-1.24986697E2,-1.009334,1.232992,-0.52E-4,0.4668E-2,-0.011056,,,,,,,,,,,,,,,,,,,,,,,,,,,,,2.923008909E3
2865,SPS,QUAD,QSP1S,1.26Q12,0.32,0.032,,0.6335905238,,0.0,,,,,4.0,1.436735252E2,-1.24048164E2,-1.019711,1.22861,-0.52E-4,0.4668E-2,-0.011056,,,,,,,,,,27.051910153333,-8.453721922916,,,,,,,,,,,,,,,,,,2.923947451E3
2868,*SPS,SEXT,SSP1S,1.38S3.00,0.1,0.035052,,,12.70134596,0.0,,,,,4.0,1.44118001E2,-1.23603721E2,-1.024624,1.226535,-0.52E-4,0.4668E-2,-0.011056,,,,,,,,,,1.69468517535E2,-1.69468517535E2,,,,,,,,,,,,,,,,,,2.9243919E3
2871,SPS,BPM,BPMSP1S,Stripline-5,0.0,,,,,,,,,,4.0,1.44624732E2,-1.23097026E2,-1.030226,1.224169,-0.52E-4,0.4668E-2,-0.011056,,,,,,,,,,,,,,,,,,,,,,,,,,,,,2.9248986E3
2873,SPS,XCOR,XCSP1S,class-4,0.0,,,,,,,,,,4.0,1.452248686E2,-1.22496933E2,-1.036861,1.221368,-0.52E-4,0.4668E-2,-0.011056,,,,,,,,,,,,,,,,,,,,,,,,,,,,,2.9254987E3
2875,SPS,QUAD,QSP2S,1.26Q12,0.32,0.032,,-0.5585674126,,0.0,,,,,4.0,1.460435252E2,-1.21678335E2,-1.045911,1.217546,-0.52E-4,0.4668E-2,-0.011056,,,,,,,,,,-23.848708105054,7.452721282829,,,,,,,,,,,,,,,,,,2.926317307E3
2878,SPS,BPM,BPMSP2S,Stripline-5,0.0,,,,,,,,,,4.0,1.468487252E2,-1.20873193E2,-1.054813,1.213787,-0.52E-4,0.4668E-2,-0.011056,,,,,,,,,,,,,,,,,,,,,,,,,,,,,2.927122457E3
2880,SPS,YCOR,YCSP2S,class-4,0.0,,,,,,,,,,4.0,1.474932252E2,-1.2022874E2,-1.061938,1.210779,-0.52E-4,0.4668E-2,-0.011056,,,,,,,,,,,,,,,,,,,,,,,,,,,,,2.927766918E3
2882,SPS,IMON,IMSP0S,ICT,0.0,,,,,,,,,,4.0,1.546592298E2,-1.13063251E2,-1.14116,1.177326,-0.52E-4,0.4668E-2,-0.011056,,,,,,,,,,,,,,,,,,,,,,,,,,,,,2.934932485E3
2884,SPS,BEND,BXSP1S,1.0D38.37,1.000006,0.0254,-0.633430655183,0.0,,0.0,-0.316715327591,-0.316715327591,,,4.0,1.555035277E2,-1.12219001E2,-1.149112,1.173385,-0.26E-4,0.4668E-2,-0.5528E-2,,,,,,1.000000907353,0.4861,-1.475080527314,0.147507167688,0.0,0.0,,,,-1.12218997E2,-1.148421,1.173385,0.0,0.4668E-2,-0.5528E-2,,,,,,,,,2.935776744E3
2887,SPS,XCOR,XCSP3S,class-4,0.0,,,,,,,,,,4.0,1.619892303E2,-1.05733372E2,-1.150494,1.143106,0.0,0.4669E-2,0.0,,,,,,,,,,,,,,,,,,,,,,,,,,,,,2.942262444E3
2889,SPS,QUAD,QSP3S,1.26Q12,0.32,0.032,,0.6520936724,,0.0,,,,,4.0,1.627865303E2,-1.0493608E2,-1.150494,1.139384,0.0,0.4669E-2,0.0,,,,,,,,,,27.841924357584,-8.700601361745,,,,,,,,,,,,,,,,,,2.943059744E3
2892,SPS,BPM,BPMSP3S,Stripline-5,0.0,,,,,,,,,,4.0,1.635917303E2,-1.04130889E2,-1.150494,1.135625,0.0,0.4669E-2,0.0,,,,,,,,,,,,,,,,,,,,,,,,,,,,,2.943864944E3
2894,SPS,YCOR,YCSP4S,class-4,0.0,,,,,,,,,,4.0,1.650343303E2,-1.02688305E2,-1.150494,1.12889,0.0,0.4669E-2,0.0,,,,,,,,,,,,,,,,,,,,,,,,,,,,,2.945307544E3
2896,SPS,QUAD,QSP4S,2Q10,0.263,0.0514,,-0.4979690548,,0.0,,,,,4.0,1.657815303E2,-1.01941113E2,-1.150494,1.125402,0.0,0.4669E-2,0.0,,,,,,,,,,-17.47420348296,6.644183833825,,,,,,,,,,,,,,,,,,2.946054744E3
2899,SPS,BPM,BPMSP4S,Stripline-5,0.0,,,,,,,,,,4.0,1.663601303E2,-1.01362519E2,-1.150494,1.122701,0.0,0.4669E-2,0.0,,,,,,,,,,,,,,,,,,,,,,,,,,,,,2.946633344E3
2902,SPS,XCOR,XCSP5S,class-4,0.0,,,,,,,,,,4.0,1.838833303E2,-83.83951,-1.150494,1.040894,0.0,0.4669E-2,0.0,,,,,,,,,,,,,,,,,,,,,,,,,,,,,2.964156544E3
2904,SPS,QUAD,QSP5S,2Q10,0.263,0.0514,,0.1845477048,,0.0,,,,,4.0,1.843765303E2,-83.346316,-1.150494,1.038591,0.0,0.4669E-2,0.0,,,,,,,,,,6.475952902904,-2.462339506808,,,,,,,,,,,,,,,,,,2.964649744E3
2907,SPS,BPM,BPMSP5S,Stripline-5,0.0,,,,,,,,,,4.0,1.849551303E2,-82.767722,-1.150494,1.03589,0.0,0.4669E-2,0.0,,,,,,,,,,,,,,,,,,,,,,,,,,,,,2.965228344E3
2911,SPS,YCOR,YCSP6S,class-4,0.0,,,,,,,,,,4.0,2.024783303E2,-65.244713,-1.150494,0.954083,0.0,0.4669E-2,0.0,,,,,,,,,,,,,,,,,,,,,,,,,,,,,2.982751544E3
2913,SPS,QUAD,QSP6S,2Q10,0.263,0.0514,,-0.4979690548,,0.0,,,,,4.0,2.029715303E2,-64.751518,-1.150494,0.951781,0.0,0.4669E-2,0.0,,,,,,,,,,-17.47420348296,6.644183833825,,,,,,,,,,,,,,,,,,2.983244744E3
2916,SPS,BPM,BPMSP6S,Stripline-5,0.0,,,,,,,,,,4.0,2.035501303E2,-64.172925,-1.150494,0.949079,0.0,0.4669E-2,0.0,,,,,,,,,,,,,,,,,,,,,,,,,,,,,2.983823344E3
2918,SPS,XCOR,XCSP7S,class-4,0.0,,,,,,,,,,4.0,2.051692303E2,-62.553842,-1.150494,0.941521,0.0,0.4669E-2,0.0,,,,,,,,,,,,,,,,,,,,,,,,,,,,,2.985442444E3
2920,SPS,QUAD,QSP7S,1.26Q12,0.32,0.032,,0.6520936724,,0.0,,,,,4.0,2.059665303E2,-61.756551,-1.150494,0.937799,0.0,0.4669E-2,0.0,,,,,,,,,,27.841924357584,-8.700601361745,,,,,,,,,,,,,,,,,,2.986239744E3
2923,SPS,BPM,BPMSP7S,Stripline-5,0.0,,,,,,,,,,4.0,2.067717303E2,-60.95136,-1.150494,0.934039,0.0,0.4669E-2,0.0,,,,,,,,,,,,,,,,,,,,,,,,,,,,,2.987044944E3
2925,SPS,BEND,BXSP2S,1.0D38.37,1.000006,0.0254,-0.633430655183,0.0,,0.0,-0.316715327591,-0.316715327591,,,4.0,2.132495328E2,-54.47363,-1.149112,0.903798,0.26E-4,0.4668E-2,0.5528E-2,,,,,,1.000000907353,0.4861,-1.475080527314,0.147507167688,0.0,0.0,,,,-54.473634,-1.148421,0.903798,0.0,0.4668E-2,0.5528E-2,,,,,,,,,2.993522744E3
2931,SPS,YCOR,YCSP8S,class-4,0.0,,,,,,,,,,4.0,2.219122354E2,-45.811539,-1.054726,0.863358,0.52E-4,0.4668E-2,0.011056,,,,,,,,,,,,,,,,,,,,,,,,,,,,,3.00218493E3
2933,SPS,QUAD,QSP8S,1.26Q12,0.32,0.032,,-0.5585674126,,0.0,,,,,4.0,2.227095354E2,-45.014296,-1.045911,0.859636,0.52E-4,0.4668E-2,0.011056,,,,,,,,,,-23.848708105054,7.452721282829,,,,,,,,,,,,,,,,,,3.002982181E3
2936,SPS,BPM,BPMSP8S,Stripline-5,0.0,,,,,,,,,,4.0,2.235147354E2,-44.209154,-1.03701,0.855878,0.52E-4,0.4668E-2,0.011056,,,,,,,,,,,,,,,,,,,,,,,,,,,,,3.003787332E3
2938,SPS,XCOR,XCSP9S,class-4,0.0,,,,,,,,,,4.0,2.241806444E2,-43.543293,-1.029648,0.852769,0.52E-4,0.4668E-2,0.011056,,,,,,,,,,,,,,,,,,,,,,,,,,,,,3.0044532E3
2940,*SPS,SEXT,SSP2S,1.38S3.00,0.1,0.035052,,,12.69923705,0.0,,,,,4.0,2.246350722E2,-43.088898,-1.024624,0.850648,0.52E-4,0.4668E-2,0.011056,,,,,,,,,,1.69440379269E2,-1.69440379269E2,,,,,,,,,,,,,,,,,,3.0049076E3
2943,SPS,QUAD,QSP9S,1.26Q12,0.32,0.032,,0.6335905238,,0.0,,,,,4.0,2.250795354E2,-42.644467,-1.019711,0.848573,0.52E-4,0.4668E-2,0.011056,,,,,,,,,,27.051910153333,-8.453721922916,,,,,,,,,,,,,,,,,,3.005352036E3
2946,SPS,BPM,BPMSP9S,Stripline-5,0.0,,,,,,,,,,4.0,2.258847354E2,-41.839325,-1.010809,0.844814,0.52E-4,0.4668E-2,0.011056,,,,,,,,,,,,,,,,,,,,,,,,,,,,,3.006157187E3
2948,*SPS,ACM,IMBCSS1,BCS ACM,0.0,,,,,,,,,,4.0,2.505059527E2,-17.21988,-0.738616,0.729877,0.52E-4,0.4668E-2,0.011056,,,,,,,,,,,,,,,,,,,,,,,,,,,,,3.0307769E3
2950,*SPS,ACM,IMBCSS2,BCS ACM,0.0,,,,,,,,,,4.0,2.508119714E2,-16.913884,-0.735233,0.728448,0.52E-4,0.4668E-2,0.011056,,,,,,,,,,,,,,,,,,,,,,,,,,,,,3.0310829E3
2952,SPS,BEND,BXSP3S,1.0D38.37,1.000006,0.0254,0.633430655183,0.0,,0.0,0.316715327591,0.316715327591,,,4.0,2.584770043E2,-9.24939,-0.651876,0.692666,0.26E-4,0.4668E-2,0.5528E-2,,,,,,1.000000907353,0.4861,1.475080527314,-0.147507167688,0.0,0.0,,,,-9.249386,-0.652567,0.692666,0.0,0.4668E-2,0.5528E-2,,,,,,,,,3.038747477E3
2954,SPS,MARK,CNTSP2S,CENTER,,,,,,,,,,,4.0,2.589770068E2,-8.749396,-0.650494,0.690332,0.0,0.4669E-2,0.0,,,,,,,,,,,,,,,,,,,,,,,,,,,,,3.039247477E3
2959,SPS,MARK,S100B,,,,,,,,,,,,4.0,2.677295299E2,0.3032E-2,-0.650494,0.649471,0.0,0.4669E-2,0.0,,,,,,,,,,,,,,,,,,,,,,,,,,,,,3.048E3
2961,SPS,MARK,WOODDOOR_SPS,,,,,,,,,,,,4.0,2.702415299E2,2.515005,-0.650494,0.637744,0.0,0.4669E-2,0.0,,,,,,,,,,,,,,,,,,,,,,,,,,,,,3.050512E3
2962,SPS,INST,ENDSPS,,,,,,,,,,,,4.0,2.702415299E2,2.515005,-0.650494,0.637744,0.0,0.4669E-2,0.0,,,,,,,,,,,,,,,,,,,,,,,,,,,,,3.050512E3
2963,SLTS,INST,BEGSLTS,,,,,,,,,,,,4.0,2.702415299E2,2.515005,-0.650494,0.637744,0.0,0.4669E-2,0.0,,,,,,,,,,,,,,,,,,,,,,,,,,,,,3.050512E3
2965,SLTS,QUAD,QBP36,2Q4W,0.1244,0.0538,,0.5818852089,,0.0,,,,,4.0,2.714695529E2,3.743014,-0.650494,0.632011,0.0,0.4669E-2,0.0,,,,,,,,,,9.658217538813,-7.763840465284,,,,,,,,,,,,,,,,,,3.051740023E3
2968,SLTS,BPM,BPMBP36,Stripline-5,0.0,,,,,,,,,,4.0,2.719915529E2,4.265009,-0.650494,0.629574,0.0,0.4669E-2,0.0,,,,,,,,,,,,,,,,,,,,,,,,,,,,,3.052262023E3
2972,SLTS,QUAD,QBP30,2Q4W,0.1244,0.0538,,-0.5899383328,,0.0,,,,,4.0,2.769798529E2,9.253254,-0.650494,0.606286,0.0,0.4669E-2,0.0,,,,,,,,,,-9.791884491166,7.871289783896,,,,,,,,,,,,,,,,,,3.057250323E3
2975,*SLTS,BPM,RFBBP30,CavityS-1,0.0,,,,,,,,,,4.0,2.775018529E2,9.775249,-0.650494,0.603849,0.0,0.4669E-2,0.0,,,,,,,,,,,,,,,,,,,,,,,,,,,,,3.057772323E3
2977,SLTS,XCOR,XCBP30,class-4,0.0,,,,,,,,,,4.0,2.782451529E2,10.51854,-0.650494,0.600379,0.0,0.4669E-2,0.0,,,,,,,,,,,,,,,,,,,,,,,,,,,,,3.058515623E3
2979,SLTS,YCOR,YCBP30,class-4,0.0,,,,,,,,,,4.0,2.785245529E2,10.797937,-0.650494,0.599074,0.0,0.4669E-2,0.0,,,,,,,,,,,,,,,,,,,,,,,,,,,,,3.058795023E3
2982,SLTS,COLL,CXBP30,HCOLL,0.06,,,,,,,,,,4.0,3.287590329E2,61.03187,-0.650494,0.364555,0.0,0.4669E-2,0.0,,,,,,,,,,,,,,,,,,,,,,,,0.44E-2,0.04,,,,3.109029503E3
2984,SLTS,QUAD,QBP31,2Q4W,0.1244,0.0538,,0.6142110223,,0.0,,,,,4.0,3.298512329E2,62.124058,-0.650494,0.359456,0.0,0.4669E-2,0.0,,,,,,,,,,10.194766213983,-8.195149689697,,,,,,,,,,,,,,,,,,3.110121703E3
2987,SLTS,BPM,BPMBP31,Stripline-5,0.0,,,,,,,,,,4.0,3.303732329E2,62.646052,-0.650494,0.357019,0.0,0.4669E-2,0.0,,,,,,,,,,,,,,,,,,,,,,,,,,,,,3.110643703E3
2989,SLTS,XCOR,XCBP31,class-4,0.0,,,,,,,,,,4.0,3.311165329E2,63.389344,-0.650494,0.353549,0.0,0.4669E-2,0.0,,,,,,,,,,,,,,,,,,,,,,,,,,,,,3.111387003E3
2991,SLTS,YCOR,YCBP31,class-4,0.0,,,,,,,,,,4.0,3.313959329E2,63.668741,-0.650494,0.352244,0.0,0.4669E-2,0.0,,,,,,,,,,,,,,,,,,,,,,,,,,,,,3.111666403E3
2993,SLTS,INST,PCSP1S,BCS plate,0.0635,,,,,,,,,,4.0,3.326977799E2,64.970574,-0.650494,0.346167,0.0,0.4669E-2,0.0,,,,,,,,,,,,,,,,,,,,,,,,,,,,,3.11296825E3
2995,SLTS,BPM,BPMBP32,Stripline-5,0.0,,,,,,,,,,4.0,3.339250496E2,66.19783,-0.650494,0.340437,0.0,0.4669E-2,0.0,,,,,,,,,,,,,,,,,,,,,,,,,,,,,3.114195519E3
2997,SLTS,QUAD,QBP32,2Q4W,0.1244,0.0538,,-0.4902511869,,0.0,,,,,4.0,3.344470236E2,66.719799,-0.650494,0.338,0.0,0.4669E-2,0.0,,,,,,,,,,-8.137262366047,6.541207689749,,,,,,,,,,,,,,,,,,3.114717493E3
3001,SLTS,XCOR,XCBP32,class-4,0.0,,,,,,,,,,4.0,3.363219236E2,68.594678,-0.650494,0.329248,0.0,0.4669E-2,0.0,,,,,,,,,,,,,,,,,,,,,,,,,,,,,3.116592393E3
3003,SLTS,YCOR,YCBP32,class-4,0.0,,,,,,,,,,4.0,3.366013236E2,68.874075,-0.650494,0.327943,0.0,0.4669E-2,0.0,,,,,,,,,,,,,,,,,,,,,,,,,,,,,3.116871793E3
3005,SLTS,INST,PCSP2S,BCS plate,0.0635,,,,,,,,,,4.0,3.429977796E2,75.270462,-0.650494,0.298081,0.0,0.4669E-2,0.0,,,,,,,,,,,,,,,,,,,,,,,,,,,,,3.123268249E3
3009,SLTS,MARK,MRGCUSXR,,,,,,,,,,,,4.0,3.973795301E2,1.2965162E2,-0.650494,0.0442,0.0,0.4669E-2,0.0,,,,,,,,,,,,,,,,,,,,,,,,,,,,,3.17765E3
3010,SLTS,INST,ENDSLTS,,,,,,,,,,,,4.0,3.973795301E2,1.2965162E2,-0.650494,0.0442,0.0,0.4669E-2,0.0,,,,,,,,,,,,,,,,,,,,,,,,,,,,,3.17765E3
3011,BSYS,INST,BEGBSYS,,,,,,,,,,,,4.0,3.973795301E2,1.2965162E2,-0.650494,0.0442,0.0,0.4669E-2,0.0,,,,,,,,,,,,,,,,,,,,,,,,,,,,,3.17765E3
3013,BSYS,INST,PCBP33,BCS plate,0.0635,,,,,,,,,,4.0,3.995319701E2,1.31804036E2,-0.650494,0.034152,0.0,0.4669E-2,0.0,,,,,,,,,,,,,,,,,,,,,,,,,,,,,3.17980244E3
3015,BSYS,INST,STBP34A,PPS stopper,0.29845,,,,,,,,,,4.0,4.046295301E2,1.3690154E2,-0.650494,0.010354,0.0,0.4669E-2,0.0,,,,,,,,,,,,,,,,,,,,,,,,,,,,,3.1849E3
3016,BSYS,INST,BTMBP34A,PPS BTM,0.0,,,,,,,,,,4.0,4.047787551E2,1.37050764E2,-0.650494,0.9657E-2,0.0,0.4669E-2,0.0,,,,,,,,,,,,,,,,,,,,,,,,,,,,,3.185049225E3
3018,BSYS,INST,STBP34B,PPS stopper,0.29845,,,,,,,,,,4.0,4.061945301E2,1.38466523E2,-0.650494,0.3047E-2,0.0,0.4669E-2,0.0,,,,,,,,,,,,,,,,,,,,,,,,,,,,,3.186465E3
3019,BSYS,INST,BTMBP34B,PPS BTM,0.0,,,,,,,,,,4.0,4.063437551E2,1.38615747E2,-0.650494,0.2351E-2,0.0,0.4669E-2,0.0,,,,,,,,,,,,,,,,,,,,,,,,,,,,,3.186614225E3
3022,BSYS,QUAD,QBP33,2Q4W,0.1244,0.0538,,-0.3724765121,,0.0,,,,,4.0,4.068298951E2,1.39101882E2,-0.650494,0.81E-4,0.0,0.4669E-2,0.0,,,,,,,,,,-6.182420736834,4.969791589095,,,,,,,,,,,,,,,,,,3.187100365E3
3025,*BSYS,BPM,RFBBP33,CavityS-1,0.0,,,,,,,,,,4.0,4.073518951E2,1.39623876E2,-0.650494,-0.2356E-2,0.0,0.4669E-2,0.0,,,,,,,,,,,,,,,,,,,,,,,,,,,,,3.187622365E3
3027,BSYS,XCOR,XCBP33,class-4,0.0,,,,,,,,,,4.0,4.080951951E2,1.40367168E2,-0.650494,-0.5826E-2,0.0,0.4669E-2,0.0,,,,,,,,,,,,,,,,,,,,,,,,,,,,,3.188365665E3
3029,BSYS,YCOR,YCBP33,class-4,0.0,,,,,,,,,,4.0,4.083745951E2,1.40646565E2,-0.650494,-0.713E-2,0.0,0.4669E-2,0.0,,,,,,,,,,,,,,,,,,,,,,,,,,,,,3.188645065E3
3031,BSYS,INST,PCSP3S,BCS plate,0.0635,,,,,,,,,,4.0,4.134977801E2,1.45769694E2,-0.650494,-0.031048,0.0,0.4669E-2,0.0,,,,,,,,,,,,,,,,,,,,,,,,,,,,,3.19376825E3
3033,BSYS,COLL,CXBP34,HCOLL,0.06,,,,,,,,,,4.0,4.157670751E2,1.48038964E2,-0.650494,-0.041642,0.0,0.4669E-2,0.0,,,,,,,,,,,,,,,,,,,,,,,,0.44E-2,0.04,,,,3.196037545E3
3035,BSYS,QUAD,QBP34,2Q4W,0.1244,0.0538,,0.5491180336,,0.0,,,,,4.0,4.168592751E2,1.49131152E2,-0.650494,-0.046741,0.0,0.4669E-2,0.0,,,,,,,,,,9.114343072957,-7.326642341606,,,,,,,,,,,,,,,,,,3.197129745E3
3038,BSYS,BPM,BPMBP34,Stripline-5,0.0,,,,,,,,,,4.0,4.173812751E2,1.49653146E2,-0.650494,-0.049178,0.0,0.4669E-2,0.0,,,,,,,,,,,,,,,,,,,,,,,,,,,,,3.197651745E3
3040,BSYS,XCOR,XCBP34,class-4,0.0,,,,,,,,,,4.0,4.181245751E2,1.50396438E2,-0.650494,-0.052648,0.0,0.4669E-2,0.0,,,,,,,,,,,,,,,,,,,,,,,,,,,,,3.198395045E3
3042,BSYS,YCOR,YCBP34,class-4,0.0,,,,,,,,,,4.0,4.184039751E2,1.50675835E2,-0.650494,-0.053952,0.0,0.4669E-2,0.0,,,,,,,,,,,,,,,,,,,,,,,,,,,,,3.198674445E3
3045,BSYS,INST,PCSP4S,BCS plate,0.0635,,,,,,,,,,4.0,4.247977801E2,1.57069571E2,-0.650494,-0.083802,0.0,0.4669E-2,0.0,,,,,,,,,,,,,,,,,,,,,,,,,,,,,3.20506825E3
3047,BSYS,MARK,MUWALLB,,,,,,,,,,,,4.0,4.269879551E2,1.59259722E2,-0.650494,-0.094027,0.0,0.4669E-2,0.0,,,,,,,,,,,,,,,,,,,,,,,,,,,,,3.207258425E3
3049,BSYS,MARK,DUMPBSYS,,,,,,,,,,,,4.0,4.288289301E2,1.61100677E2,-0.650494,-0.102621,0.0,0.4669E-2,0.0,,,,,,,,,,,,,,,,,,,,,,,,,,,,,3.2090994E3
3051,BSYS,MARK,BSYENDB,,,,,,,,,,,,4.0,4.437519551E2,1.76023539E2,-0.650494,-0.172289,0.0,0.4669E-2,0.0,,,,,,,,,,,,,,,,,,,,,,,,,,,,,3.224022425E3
3052,BSYS,MARK,RWWAKE3S,WAKE,,,,,,,,,,,4.0,4.437519551E2,1.76023539E2,-0.650494,-0.172289,0.0,0.4669E-2,0.0,,,,,,,,,,,,,,,,,,,,,,,,,,,,,3.224022425E3
3053,BSYS,INST,ENDBSYS,,,,,,,,,,,,4.0,4.437519551E2,1.76023539E2,-0.650494,-0.172289,0.0,0.4669E-2,0.0,,,,,,,,,,,,,,,,,,,,,,,,,,,,,3.224022425E3
3054,LTUS,INST,BEGLTUS,,,,,,,,,,,,4.0,4.437519551E2,1.76023539E2,-0.650494,-0.172289,0.0,0.4669E-2,0.0,,,,,,,,,,,,,,,,,,,,,,,,,,,,,3.224022425E3
3056,LTUS,QUAD,QDBL1,1.085Q4.31,0.1068,0.027559,,-0.05035721883,,0.0,,,,,4.0,4.444119551E2,1.76683532E2,-0.650494,-0.175371,0.0,0.4669E-2,0.0,,,,,,,,,,-0.717583219143,0.671894399946,,,,,,,,,,,,,,,,,,3.224682425E3
3057,LTUS,BPM,BPMDBL1,Stripline-2,0.0,,,,,,,,,,4.0,4.444119551E2,1.76683532E2,-0.650494,-0.175371,0.0,0.4669E-2,0.0,,,,,,,,,,,,,,,,,,,,,,,,,,,,,3.224682425E3
3060,LTUS,YCOR,YCDBL1,class-4,0.0,,,,,,,,,,4.0,4.448653551E2,1.77136927E2,-0.650494,-0.177487,0.0,0.4669E-2,0.0,,,,,,,,,,,,,,,,,,,,,,,,,,,,,3.225135825E3
3062,LTUS,COLL,CYBDL,VCOLL,0.06,,,,,,,,,,4.0,4.455500151E2,1.7782158E2,-0.650494,-0.180684,0.0,0.4669E-2,0.0,,,,,,,,,,,,,,,,,,,,,,,,0.04,0.24E-2,,,,3.225820485E3
3064,LTUS,XCOR,XCDBL2,class-4,0.0,,,,,,,,,,4.0,4.461385551E2,1.78410113E2,-0.650494,-0.183431,0.0,0.4669E-2,0.0,,,,,,,,,,,,,,,,,,,,,,,,,,,,,3.226409025E3
3066,LTUS,QUAD,QDBL2,1.085Q4.31,0.1068,0.027559,,-0.5593612201,,0.0,,,,,4.0,4.465919551E2,1.78863508E2,-0.650494,-0.185548,0.0,0.4669E-2,0.0,,,,,,,,,,-7.970817974241,7.463312709963,,,,,,,,,,,,,,,,,,3.226862425E3
3067,LTUS,BPM,BPMDBL2,Stripline-2,0.0,,,,,,,,,,4.0,4.465919551E2,1.78863508E2,-0.650494,-0.185548,0.0,0.4669E-2,0.0,,,,,,,,,,,,,,,,,,,,,,,,,,,,,3.226862425E3
3070,LTUS,MARK,MM1B,,,,,,,,,,,,4.0,4.467519551E2,1.79023506E2,-0.650494,-0.186295,0.0,0.4669E-2,0.0,,,,,,,,,,,,,,,,,,,,,,,,,,,,,3.227022425E3
3071,LTUS,MARK,DBMARK34B,,,,,,,,,,,,4.0,4.467519551E2,1.79023506E2,-0.650494,-0.186295,0.0,0.4669E-2,0.0,,,,,,,,,,,,,,,,,,,,,,,,,,,,,3.227022425E3
3073,LTUS,XCOR,XCDL11,class-4,0.0,,,,,,,,,,4.0,4.598124551E2,1.92083864E2,-0.650494,-0.247268,0.0,0.4669E-2,0.0,,,,,,,,,,,,,,,,,,,,,,,,,,,,,3.240082925E3
3075,LTUS,QUAD,QDL11,2Q10,0.263,0.0514,,0.4246762418,,0.0,,,,,4.0,4.603439551E2,1.92615358E2,-0.650494,-0.249749,0.0,0.4669E-2,0.0,,,,,,,,,,14.902289594225,-5.66626980769,,,,,,,,,,,,,,,,,,3.240614425E3
3078,LTUS,BPM,BPMDL11,Stripline-5,0.0,,,,,,,,,,4.0,4.606707551E2,1.92942155E2,-0.650494,-0.251275,0.0,0.4669E-2,0.0,,,,,,,,,,,,,,,,,,,,,,,,,,,,,3.240941225E3
3081,LTUS,MARK,CC31BBEG,,,,,,,,,,,,4.0,4.647965704E2,1.97067925E2,-0.650494,-0.270536,0.0,0.4669E-2,0.0,,,,,,,,,,,,,,,,,,,,,,,,,,,,,3.24506704E3
3082,LTUS,BEND,BCX31B1,0.788D11.50,0.350014,0.032,0.872021446132,0.0,,0.0,0.0,0.87202144596,,,4.0,4.649715721E2,1.97242923E2,-0.65116,-0.271353,-0.36E-4,0.4668E-2,-0.761E-2,,,,,,0.350000487422,0.8436,2.030690879996,-0.580174187317,0.0,0.0,,,,1.97242923E2,-0.655494,-0.271353,0.0,0.4669E-2,0.0,,,,,,,,,3.24524204E3
3085,LTUS,BEND,BCX31B2,0.788D11.50,0.350014,0.032,-0.872021446132,0.0,,0.0,-0.87202144596,0.0,,,4.0,4.655216189E2,1.97792917E2,-0.658199,-0.273921,-0.36E-4,0.4668E-2,-0.761E-2,,,,,,0.350000487422,0.8436,-2.030690879996,0.580174187317,0.0,0.0,,,,1.97792917E2,-0.655494,-0.273921,0.0,0.4669E-2,0.0,,,,,,,,,3.24579204E3
3088,LTUS,BEND,BCX31B3,0.788D11.50,0.350014,0.032,-0.872021446132,0.0,,0.0,0.0,-0.87202144596,,,4.0,4.660716223E2,1.98342911E2,-0.658199,-0.276488,0.36E-4,0.4668E-2,0.761E-2,,,,,,0.350000487422,0.8436,-2.030690879996,0.580174187317,0.0,0.0,,,,1.98342911E2,-0.655494,-0.276488,0.0,0.4669E-2,0.0,,,,,,,,,3.24634204E3
3091,LTUS,BEND,BCX31B4,0.788D11.50,0.350014,0.032,0.872021446132,0.0,,0.0,0.87202144596,0.0,,,4.0,4.666216691E2,1.98892905E2,-0.65116,-0.279056,0.36E-4,0.4668E-2,0.761E-2,,,,,,0.350000487422,0.8436,2.030690879996,-0.580174187317,0.0,0.0,,,,1.98892905E2,-0.655494,-0.279056,0.0,0.4669E-2,0.0,,,,,,,,,3.24689204E3
3093,LTUS,MARK,CC31BEND,,,,,,,,,,,,4.0,4.667966708E2,1.99067903E2,-0.650494,-0.279873,0.0,0.4669E-2,0.0,,,,,,,,,,,,,,,,,,,,,,,,,,,,,3.24706704E3
3095,LTUS,BEND,BX31B,1.06D103.3T,2.656038,0.026924,-1.067611180796,0.0,,0.0,-0.533805590398,-0.533805590398,,,4.0,4.6862469E2,2.00895883E2,-0.644308,-0.288407,0.43E-4,0.4668E-2,0.9317E-2,,,,,,2.65599957604,0.4297,-2.486163955993,0.093604231415,0.0,0.0,,,,2.00895855E2,-0.641215,-0.288407,0.0,0.4668E-2,0.9317E-2,,,,,,,,,3.24889504E3
3098,LTUS,INST,PC01B,BCS plate,0.0635,,,,,,,,,,4.0,4.712374482E2,2.03508256E2,-0.601812,-0.300603,0.87E-4,0.4668E-2,0.018634,,,,,,,,,,,,,,,,,,,,,,,,,,,,,3.2515074405E3
3099,LTUS,INST,BTM01B,PPS BTM,0.0,,,,,,,,,,4.0,4.712691982E2,2.0354E2,-0.60122,-0.300751,0.87E-4,0.4668E-2,0.018634,,,,,,,,,,,,,,,,,,,,,,,,,,,,,3.251539185E3
3101,LTUS,BPM,BPMDL12,Stripline-5,0.0,,,,,,,,,,4.0,4.727674092E2,2.05037934E2,-0.573305,-0.307744,0.87E-4,0.4668E-2,0.018634,,,,,,,,,,,,,,,,,,,,,,,,,,,,,3.253037136E3
3103,LTUS,QUAD,QDL12,2Q10,0.263,0.0514,,-0.4246762418,,0.0,,,,,4.0,4.730942092E2,2.05364674E2,-0.567216,-0.30927,0.87E-4,0.4668E-2,0.018634,,,,,,,,,,-14.902289594225,5.66626980769,,,,,,,,,,,,,,,,,,3.25336388E3
3106,LTUS,YCOR,YCDL12,class-4,0.0,,,,,,,,,,4.0,4.736257092E2,2.05896076E2,-0.557313,-0.311751,0.87E-4,0.4668E-2,0.018634,,,,,,,,,,,,,,,,,,,,,,,,,,,,,3.253895287E3
3108,LTUS,XCOR,XCDL13,class-4,0.0,,,,,,,,,,4.0,4.853127092E2,2.1758092E2,-0.339558,-0.366302,0.87E-4,0.4668E-2,0.018634,,,,,,,,,,,,,,,,,,,,,,,,,,,,,3.265580259E3
3110,*LTUS,SEXT,SDL1,1.38S3.00,0.1,0.035052,,,-8.734519131,0.0,,,,,4.0,4.855627092E2,2.17830874E2,-0.3349,-0.367469,0.87E-4,0.4668E-2,0.018634,,,,,,,,,,-1.165408778859E2,1.165408778859E2,,,,,,,,,,,,,,,,,,3.265830215E3
3113,LTUS,QUAD,QDL13,2Q10,0.263,0.0514,,0.4246762418,,0.0,,,,,4.0,4.858442092E2,2.18112322E2,-0.329655,-0.368783,0.87E-4,0.4668E-2,0.018634,,,,,,,,,,14.902289594225,-5.66626980769,,,,,,,,,,,,,,,,,,3.266111666E3
3116,LTUS,COLL,CEDL13,HCOLL,0.06,,,,,,,,,,4.0,4.865157092E2,2.18783698E2,-0.317143,-0.371917,0.87E-4,0.4668E-2,0.018634,,,,,,,,,,,,,,,,,,,,,,,,0.017,0.04,,,,3.26678305E3
3118,LTUS,BPM,BPMDL13,Stripline-5,0.0,,,,,,,,,,4.0,4.869677992E2,2.19235704E2,-0.30872,-0.374027,0.87E-4,0.4668E-2,0.018634,,,,,,,,,,,,,,,,,,,,,,,,,,,,,3.267235061E3
3120,LTUS,YCOR,YCDL14,class-4,0.0,,,,,,,,,,4.0,4.980627092E2,2.30328568E2,-0.101997,-0.425815,0.87E-4,0.4668E-2,0.018634,,,,,,,,,,,,,,,,,,,,,,,,,,,,,3.278328045E3
3122,LTUS,QUAD,QDL14,2Q10,0.263,0.0514,,-0.4246762418,,0.0,,,,,4.0,4.985942092E2,2.3085997E2,-0.092094,-0.428296,0.87E-4,0.4668E-2,0.018634,,,,,,,,,,-14.902289594225,5.66626980769,,,,,,,,,,,,,,,,,,3.278859453E3
3125,LTUS,BPM,BPMDL14,Stripline-5,0.0,,,,,,,,,,4.0,4.989210092E2,2.31186709E2,-0.086005,-0.429821,0.87E-4,0.4668E-2,0.018634,,,,,,,,,,,,,,,,,,,,,,,,,,,,,3.279186196E3
3128,LTUS,INST,PC03B,BCS plate,0.0635,,,,,,,,,,4.0,5.008928732E2,2.33158209E2,-0.049264,-0.439025,0.87E-4,0.4668E-2,0.018634,,,,,,,,,,,,,,,,,,,,,,,,,,,,,3.2811577175E3
3129,LTUS,INST,BTM03B,PPS BTM,0.0,,,,,,,,,,4.0,5.009246232E2,2.33189954E2,-0.048673,-0.439173,0.87E-4,0.4668E-2,0.018634,,,,,,,,,,,,,,,,,,,,,,,,,,,,,3.281189462E3
3132,LTUS,XCOR,XCDL15,class-4,0.0,,,,,,,,,,4.0,5.108127092E2,2.43076215E2,0.135565,-0.485328,0.87E-4,0.4668E-2,0.018634,,,,,,,,,,,,,,,,,,,,,,,,,,,,,3.291075832E3
3134,*LTUS,SEXT,SDL2,1.38S3.00,0.1,0.035052,,,-24.39545296,0.0,,,,,4.0,5.110627092E2,2.43326169E2,0.140223,-0.486495,0.87E-4,0.4668E-2,0.018634,,,,,,,,,,-3.25497885086E2,3.25497885086E2,,,,,,,,,,,,,,,,,,3.291325788E3
3137,LTUS,QUAD,QDL15,2Q10,0.263,0.0514,,0.4246762418,,0.0,,,,,4.0,5.113442092E2,2.43607617E2,0.145468,-0.487809,0.87E-4,0.4668E-2,0.018634,,,,,,,,,,14.902289594225,-5.66626980769,,,,,,,,,,,,,,,,,,3.29160724E3
3140,LTUS,BPM,BPMDL15,Stripline-5,0.0,,,,,,,,,,4.0,5.116710092E2,2.43934357E2,0.151557,-0.489334,0.87E-4,0.4668E-2,0.018634,,,,,,,,,,,,,,,,,,,,,,,,,,,,,3.291933983E3
3143,LTUS,YCOR,YCDL16,class-4,0.0,,,,,,,,,,4.0,5.235627092E2,2.55823863E2,0.373126,-0.544841,0.87E-4,0.4668E-2,0.018634,,,,,,,,,,,,,,,,,,,,,,,,,,,,,3.303823619E3
3145,LTUS,QUAD,QDL16,2Q10,0.263,0.0514,,-0.4246762418,,0.0,,,,,4.0,5.240942092E2,2.56355265E2,0.383029,-0.547322,0.87E-4,0.4668E-2,0.018634,,,,,,,,,,-14.902289594225,5.66626980769,,,,,,,,,,,,,,,,,,3.304355026E3
3148,LTUS,COLL,CYDL16,VCOLL,0.06,,,,,,,,,,4.0,5.250657092E2,2.57326586E2,0.40113,-0.551857,0.87E-4,0.4668E-2,0.018634,,,,,,,,,,,,,,,,,,,,,,,,0.04,0.22E-2,,,,3.3053263575E3
3150,LTUS,BPM,BPMDL16,Stripline-5,0.0,,,,,,,,,,4.0,5.255165062E2,2.577773E2,0.409529,-0.553961,0.87E-4,0.4668E-2,0.018634,,,,,,,,,,,,,,,,,,,,,,,,,,,,,3.305777076E3
3152,LTUS,INST,PC04B,BCS plate,0.0635,,,,,,,,,,4.0,5.266934862E2,2.58954062E2,0.431459,-0.559454,0.87E-4,0.4668E-2,0.018634,,,,,,,,,,,,,,,,,,,,,,,,,,,,,3.3069538525E3
3153,LTUS,INST,BTM04B,PPS BTM,0.0,,,,,,,,,,4.0,5.267252362E2,2.58985807E2,0.432051,-0.559603,0.87E-4,0.4668E-2,0.018634,,,,,,,,,,,,,,,,,,,,,,,,,,,,,3.306985597E3
3155,LTUS,BEND,BYKIK1S,1.92K41.2,1.0601,0.0508,0.0,0.0,,90.000000011752,0.0,0.0,,,4.0,5.295939092E2,2.6185395E2,0.485501,-0.572993,0.87E-4,0.4668E-2,0.018634,,,,,,1.0601,0.5,0.0,0.0,0.0,0.0,,,,2.6185395E2,0.485501,-0.572993,1.570796,0.4668E-2,0.018634,,,,,,,,,3.309853772E3
3159,LTUS,BEND,BYKIK2S,1.92K41.2,1.0601,0.0508,0.0,0.0,,90.000000011752,0.0,0.0,,,4.0,5.307725092E2,2.63032333E2,0.507461,-0.578494,0.87E-4,0.4668E-2,0.018634,,,,,,1.0601,0.5,0.0,0.0,0.0,0.0,,,,2.63032333E2,0.507461,-0.578494,1.570796,0.4668E-2,0.018634,,,,,,,,,3.311032167E3
3162,LTUS,XCOR,XCDL17,class-4,0.0,,,,,,,,,,4.0,5.356627082E2,2.6792163E2,0.598576,-0.60132,0.87E-4,0.4668E-2,0.018634,,,,,,,,,,,,,,,,,,,,,,,,,,,,,3.315921517E3
3164,LTUS,BPM,BPMDL17,Stripline-5,0.0,,,,,,,,,,4.0,5.362968362E2,2.68555641E2,0.610391,-0.60428,0.87E-4,0.4668E-2,0.018634,,,,,,,,,,,,,,,,,,,,,,,,,,,,,3.316555535E3
3166,LTUS,QUAD,QDL17,2Q10,0.263,0.0514,,0.4246762418,,0.0,,,,,4.0,5.368442092E2,2.69102913E2,0.62059,-0.606835,0.87E-4,0.4668E-2,0.018634,,,,,,,,,,14.902289594225,-5.66626980769,,,,,,,,,,,,,,,,,,3.317102813E3
3169,LTUS,COLL,CEDL17,HCOLL,0.06,,,,,,,,,,4.0,5.375157092E2,2.69774289E2,0.633102,-0.609969,0.87E-4,0.4668E-2,0.018634,,,,,,,,,,,,,,,,,,,,,,,,0.017,0.04,,,,3.3177741965E3
3172,LTUS,INST,SPOILERS,,0.0,,,,,,,,,,4.0,5.389692092E2,2.71227521E2,0.660184,-0.616754,0.87E-4,0.4668E-2,0.018634,,,,,,,,,,,,,,,,,,,,,,,,,,,,,3.319227444E3
3174,LTUS,INST,TDKIKS,,0.6096,,,,,,,,,,4.0,5.424742172E2,2.74731882E2,0.72549,-0.633114,0.87E-4,0.4668E-2,0.018634,,,,,,,,,,,,,,,,,,,,,,,,,,,,,3.322731844E3
3176,LTUS,PC,PCTDKIK1S,BCS PC,0.8128,,,,,,,,,,4.0,5.434428742E2,2.7570036E2,0.743538,-0.637635,0.87E-4,0.4668E-2,0.018634,,,,,,,,,,,,,,,,,,,,,,,,0.022225,0.022225,,,,3.3237003325E3
3178,LTUS,PC,PCTDKIK2S,BCS PC,0.8128,,,,,,,,,,4.0,5.445223712E2,2.76779658E2,0.763651,-0.642674,0.87E-4,0.4668E-2,0.018634,,,,,,,,,,,,,,,,,,,,,,,,0.022225,0.022225,,,,3.324779642E3
3180,*LTUS,PC,PCTDKIK3S,BCS PC,0.8128,,,,,,,,,,4.0,5.456018682E2,2.77858956E2,0.783765,-0.647713,0.87E-4,0.4668E-2,0.018634,,,,,,,,,,,,,,,,,,,,,,,,0.022225,0.022225,,,,3.3258589515E3
3182,*LTUS,PC,PCTDKIK4S,BCS PC,0.8128,,,,,,,,,,4.0,5.466813652E2,2.78938254E2,0.803878,-0.652752,0.87E-4,0.4668E-2,0.018634,,,,,,,,,,,,,,,,,,,,,,,,0.022225,0.022225,,,,3.3269382615E3
3184,LTUS,PROF,YAGDL18,YAG,0.0,,,,,,,,,,4.0,5.486627092E2,2.80919232E2,0.840795,-0.662,0.87E-4,0.4668E-2,0.018634,,,,,,,,,,,,,,,,,,,,,,,,,,,,,3.328919261E3
3185,LTUS,PROF,YAGDL18_OTR,OTR,0.0,,,,,,,,,,4.0,5.486627092E2,2.80919232E2,0.840795,-0.662,0.87E-4,0.4668E-2,0.018634,,,,,,,,,,,,,,,,,,,,,,,,,,,,,3.328919261E3
3187,LTUS,YCOR,YCDL18,class-4,0.0,,,,,,,,,,4.0,5.490627092E2,2.81319158E2,0.848248,-0.663867,0.87E-4,0.4668E-2,0.018634,,,,,,,,,,,,,,,,,,,,,,,,,,,,,3.329319192E3
3189,LTUS,QUAD,QDL18,2Q10,0.263,0.0514,,-0.4246762418,,0.0,,,,,4.0,5.495942092E2,2.8185056E2,0.858151,-0.666348,0.87E-4,0.4668E-2,0.018634,,,,,,,,,,-14.902289594225,5.66626980769,,,,,,,,,,,,,,,,,,3.3298506E3
3192,LTUS,BPM,BPMDL18,Stripline-5,0.0,,,,,,,,,,4.0,5.499210092E2,2.821773E2,0.86424,-0.667873,0.87E-4,0.4668E-2,0.018634,,,,,,,,,,,,,,,,,,,,,,,,,,,,,3.330177343E3
3194,LTUS,INST,PC06B,BCS plate,0.0635,,,,,,,,,,4.0,5.561031052E2,2.88358256E2,0.979427,-0.696729,0.87E-4,0.4668E-2,0.018634,,,,,,,,,,,,,,,,,,,,,,,,,,,,,3.3363583655E3
3195,LTUS,INST,BTM06B,PPS BTM,0.0,,,,,,,,,,4.0,5.561348552E2,2.8839E2,0.980018,-0.696878,0.87E-4,0.4668E-2,0.018634,,,,,,,,,,,,,,,,,,,,,,,,,,,,,3.33639011E3
3197,LTUS,XCOR,XCDL19,class-4,0.0,,,,,,,,,,4.0,5.618127092E2,2.94066806E2,1.085809,-0.72338,0.87E-4,0.4668E-2,0.018634,,,,,,,,,,,,,,,,,,,,,,,,,,,,,3.342066979E3
3199,LTUS,QUAD,QDL19,2Q10,0.263,0.0514,,0.4246762418,,0.0,,,,,4.0,5.623442092E2,2.94598208E2,1.095712,-0.725861,0.87E-4,0.4668E-2,0.018634,,,,,,,,,,14.902289594225,-5.66626980769,,,,,,,,,,,,,,,,,,3.342598386E3
3202,LTUS,BPM,BPMDL19,Stripline-5,0.0,,,,,,,,,,4.0,5.626710092E2,2.94924948E2,1.101801,-0.727386,0.87E-4,0.4668E-2,0.018634,,,,,,,,,,,,,,,,,,,,,,,,,,,,,3.34292513E3
3204,LTUS,BEND,BX32B,1.06D103.3T,2.656038,0.026924,1.067611180796,0.0,,0.0,0.533805590398,0.533805590398,,,4.0,5.706248437E2,3.02877411E2,1.243814,-0.764513,0.43E-4,0.4668E-2,0.9317E-2,,,,,,2.65599957604,0.4297,2.486163955993,-0.093604231415,0.0,0.0,,,,3.0287744E2,1.240721,-0.764513,0.0,0.4668E-2,0.9317E-2,,,,,,,,,3.350877679E3
3206,LTUS,MARK,CNTLT1S,CENTER,,,,,,,,,,,4.0,5.719528629E2,3.04205397E2,1.25,-0.770713,0.0,0.4669E-2,0.0,,,,,,,,,,,,,,,,,,,,,,,,,,,,,3.352205679E3
3208,LTUS,QUAD,QDL20,1.085Q4.31,0.1068,0.027559,,-0.4879796258,,0.0,,,,,4.0,5.725943629E2,3.0484689E2,1.25,-0.773707,0.0,0.4669E-2,0.0,,,,,,,,,,-6.953640389469,6.510899241075,,,,,,,,,,,,,,,,,,3.352847179E3
3209,LTUS,BPM,BPMDL20,Stripline-2,0.0,,,,,,,,,,4.0,5.725943629E2,3.0484689E2,1.25,-0.773707,0.0,0.4669E-2,0.0,,,,,,,,,,,,,,,,,,,,,,,,,,,,,3.352847179E3
3212,LTUS,YCOR,YCDL20,class-4,0.0,,,,,,,,,,4.0,5.730477629E2,3.05300285E2,1.25,-0.775824,0.0,0.4669E-2,0.0,,,,,,,,,,,,,,,,,,,,,,,,,,,,,3.353300579E3
3214,LTUS,MARK,CC32BBEG,,,,,,,,,,,,4.0,5.735477629E2,3.05800279E2,1.25,-0.778158,0.0,0.4669E-2,0.0,,,,,,,,,,,,,,,,,,,,,,,,,,,,,3.353800579E3
3215,LTUS,BEND,BCX32B1,0.788D11.50,0.350014,0.032,0.872021446132,0.0,,0.0,0.0,0.87202144596,,,4.0,5.737227646E2,3.05975277E2,1.249334,-0.778975,-0.36E-4,0.4668E-2,-0.761E-2,,,,,,0.350000487422,0.8436,2.030690879996,-0.580174187317,0.0,0.0,,,,3.05975277E2,1.245,-0.778975,0.0,0.4669E-2,0.0,,,,,,,,,3.353975579E3
3218,LTUS,BEND,BCX32B2,0.788D11.50,0.350014,0.032,-0.872021446132,0.0,,0.0,-0.87202144596,0.0,,,4.0,5.742728114E2,3.06525271E2,1.242295,-0.781543,-0.36E-4,0.4668E-2,-0.761E-2,,,,,,0.350000487422,0.8436,-2.030690879996,0.580174187317,0.0,0.0,,,,3.06525271E2,1.245,-0.781543,0.0,0.4669E-2,0.0,,,,,,,,,3.354525579E3
3221,LTUS,BEND,BCX32B3,0.788D11.50,0.350014,0.032,-0.872021446132,0.0,,0.0,0.0,-0.87202144596,,,4.0,5.748228148E2,3.07075265E2,1.242295,-0.784111,0.36E-4,0.4668E-2,0.761E-2,,,,,,0.350000487422,0.8436,-2.030690879996,0.580174187317,0.0,0.0,,,,3.07075265E2,1.245,-0.784111,0.0,0.4669E-2,0.0,,,,,,,,,3.355075579E3
3224,LTUS,BEND,BCX32B4,0.788D11.50,0.350014,0.032,0.872021446132,0.0,,0.0,0.87202144596,0.0,,,4.0,5.753728616E2,3.07625259E2,1.249334,-0.786678,0.36E-4,0.4668E-2,0.761E-2,,,,,,0.350000487422,0.8436,2.030690879996,-0.580174187317,0.0,0.0,,,,3.07625259E2,1.245,-0.786678,0.0,0.4669E-2,0.0,,,,,,,,,3.355625579E3
3226,LTUS,MARK,CC32BEND,,,,,,,,,,,,4.0,5.755478633E2,3.07800257E2,1.25,-0.787495,0.0,0.4669E-2,0.0,,,,,,,,,,,,,,,,,,,,,,,,,,,,,3.355800579E3
3228,LTUS,INST,PC07B,BCS plate,0.0635,,,,,,,,,,4.0,5.766558683E2,3.0890825E2,1.25,-0.792668,0.0,0.4669E-2,0.0,,,,,,,,,,,,,,,,,,,,,,,,,,,,,3.356908584E3
3229,LTUS,INST,BTM07B,PPS BTM,0.0,,,,,,,,,,4.0,5.766876183E2,3.0894E2,1.25,-0.792816,0.0,0.4669E-2,0.0,,,,,,,,,,,,,,,,,,,,,,,,,,,,,3.356940334E3
3231,LTUS,YCOR,YCDL21,class-4,0.0,,,,,,,,,,4.0,5.835750633E2,3.1582737E2,1.25,-0.82497,0.0,0.4669E-2,0.0,,,,,,,,,,,,,,,,,,,,,,,,,,,,,3.363827779E3
3233,LTUS,QUAD,QDL21,1.085Q4.31,0.1068,0.027559,,-1.904057641,,0.0,,,,,4.0,5.840284633E2,3.16280765E2,1.25,-0.827087,0.0,0.4669E-2,0.0,,,,,,,,,,-27.132551066303,25.405010361707,,,,,,,,,,,,,,,,,,3.364281179E3
3234,LTUS,BPM,BPMDL21,Stripline-2,0.0,,,,,,,,,,4.0,5.840284633E2,3.16280765E2,1.25,-0.827087,0.0,0.4669E-2,0.0,,,,,,,,,,,,,,,,,,,,,,,,,,,,,3.364281179E3
3237,LTUS,XCOR,XCDL22,class-4,0.0,,,,,,,,,,4.0,5.858910633E2,3.18143345E2,1.25,-0.835782,0.0,0.4669E-2,0.0,,,,,,,,,,,,,,,,,,,,,,,,,,,,,3.366143779E3
3239,LTUS,QUAD,QDL22,1.085Q4.31,0.1068,0.027559,,2.191453247,,0.0,,,,,4.0,5.863444633E2,3.1859674E2,1.25,-0.837899,0.0,0.4669E-2,0.0,,,,,,,,,,31.227897650417,-29.239604541589,,,,,,,,,,,,,,,,,,3.366597179E3
3240,LTUS,BPM,BPMDL22,Stripline-2,0.0,,,,,,,,,,4.0,5.863444633E2,3.1859674E2,1.25,-0.837899,0.0,0.4669E-2,0.0,,,,,,,,,,,,,,,,,,,,,,,,,,,,,3.366597179E3
3249,LTUS,INST,PC08B,BCS plate,0.0635,,,,,,,,,,4.0,5.890560033E2,3.2130825E2,1.25,-0.850558,0.0,0.4669E-2,0.0,,,,,,,,,,,,,,,,,,,,,,,,,,,,,3.369308719E3
3250,LTUS,INST,BTM08B,PPS BTM,0.0,,,,,,,,,,4.0,5.890877533E2,3.2134E2,1.25,-0.850706,0.0,0.4669E-2,0.0,,,,,,,,,,,,,,,,,,,,,,,,,,,,,3.369340469E3
3254,LTUS,MARK,VBINB,,,,,,,,,,,,4.0,5.896643033E2,3.21916544E2,1.25,-0.853398,0.0,0.4669E-2,0.0,,,,,,,,,,,,,,,,,,,,,,,,,,,,,3.369917019E3
3255,LTUS,BEND,BY1B,3D39,1.025,0.034925,-0.133743085056,0.0,,90.000000011752,-0.066871542528,-0.066871542528,,,4.0,5.901768033E2,3.22429039E2,1.25,-0.855491,0.0,0.3501E-2,0.0,,,,,,1.024999767293,0.5,-0.311449751942,0.030385341653,0.0,0.0,,,,3.2242904E2,1.25,-0.855342,1.570796,0.3501E-2,0.0,,,,,,,,,3.370429519E3
3258,LTUS,QUAD,QVB1B,1.085Q4.31,0.1068,0.027559,,-2.509359002,,0.0,,,,,4.0,5.962372738E2,3.28489492E2,1.25,-0.869937,0.0,0.2334E-2,0.0,,,,,,,,,,-35.758009526274,33.481282327972,,,,,,,,,,,,,,,,,,3.376489974E3
3259,LTUS,BPM,BPMVB1B,Stripline-2,0.0,,,,,,,,,,4.0,5.962372738E2,3.28489492E2,1.25,-0.869937,0.0,0.2334E-2,0.0,,,,,,,,,,,,,,,,,,,,,,,,,,,,,3.376489974E3
3262,LTUS,YCOR,YCVB1B,class-4,0.0,,,,,,,,,,4.0,5.966906738E2,3.28942891E2,1.25,-0.870995,0.0,0.2334E-2,0.0,,,,,,,,,,,,,,,,,,,,,,,,,,,,,3.376943373E3
3264,LTUS,XCOR,XCVB2B,type-4,0.0,,,,,,,,,,4.0,5.981873044E2,3.30439518E2,1.25,-0.874489,0.0,0.2334E-2,0.0,,,,,,,,,,,,,,,,,,,,,,,,,,,,,3.378439999E3
3266,LTUS,QUAD,QVB2B,1.085Q4.31,0.1068,0.027559,,2.509359002,,0.0,,,,,4.0,5.986407044E2,3.30892916E2,1.25,-0.875547,0.0,0.2334E-2,0.0,,,,,,,,,,35.758009526274,-33.481282327972,,,,,,,,,,,,,,,,,,3.378893398E3
3267,LTUS,BPM,BPMVB2B,Stripline-2,0.0,,,,,,,,,,4.0,5.986407044E2,3.30892916E2,1.25,-0.875547,0.0,0.2334E-2,0.0,,,,,,,,,,,,,,,,,,,,,,,,,,,,,3.378893398E3
3270,LTUS,QUAD,QVB3B,1.085Q4.31,0.1068,0.027559,,-2.509359002,,0.0,,,,,4.0,6.010441349E2,3.3329634E2,1.25,-0.881158,0.0,0.2334E-2,0.0,,,,,,,,,,-35.758009526274,33.481282327972,,,,,,,,,,,,,,,,,,3.381296822E3
3271,LTUS,BPM,BPMVB3B,Stripline-2,0.0,,,,,,,,,,4.0,6.010441349E2,3.3329634E2,1.25,-0.881158,0.0,0.2334E-2,0.0,,,,,,,,,,,,,,,,,,,,,,,,,,,,,3.381296822E3
3274,LTUS,YCOR,YCVB3B,class-4,0.0,,,,,,,,,,4.0,6.014975349E2,3.33749739E2,1.25,-0.882216,0.0,0.2334E-2,0.0,,,,,,,,,,,,,,,,,,,,,,,,,,,,,3.381750221E3
3276,LTUS,INST,PC09B,BCS plate,0.0635,,,,,,,,,,4.0,6.044560544E2,3.36708251E2,1.25,-0.889122,0.0,0.2334E-2,0.0,,,,,,,,,,,,,,,,,,,,,,,,,,,,,3.384708732E3
3277,LTUS,INST,BTM09B,PPS BTM,0.0,,,,,,,,,,4.0,6.044878044E2,3.36740001E2,1.25,-0.889196,0.0,0.2334E-2,0.0,,,,,,,,,,,,,,,,,,,,,,,,,,,,,3.384740482E3
3279,LTUS,BEND,BY2B,3D39,1.025,0.034925,-0.133743085056,0.0,,90.000000011752,-0.066871542528,-0.066871542528,,,4.0,6.071046054E2,3.39356795E2,1.25,-0.895005,0.0,0.1167E-2,0.0,,,,,,1.024999767293,0.5,-0.311449751942,0.030385341653,0.0,0.0,,,,3.39356795E2,1.25,-0.894856,1.570796,0.1167E-2,0.0,,,,,,,,,3.387357275E3
3281,LTUS,MARK,CNTLT2S,CENTER,,,,,,,,,,,4.0,6.076171054E2,3.39869295E2,1.25,-0.895304,0.0,0.0,0.0,,,,,,,,,,,,,,,,,,,,,,,,,,,,,3.387869771E3
3282,LTUS,MARK,VBOUTB,,,,,,,,,,,,4.0,6.076171054E2,3.39869295E2,1.25,-0.895304,0.0,0.0,0.0,,,,,,,,,,,,,,,,,,,,,,,,,,,,,3.387869771E3
3284,LTUS,XCOR,XCVM3B,type-4,0.0,,,,,,,,,,4.0,6.089375654E2,3.41189755E2,1.25,-0.895304,0.0,0.0,0.0,,,,,,,,,,,,,,,,,,,,,,,,,,,,,3.389190216E3
3286,LTUS,QUAD,QVM3B,1.26Q12,0.32,0.032,,0.9535553625,,0.0,,,,,4.0,6.093475654E2,3.41599755E2,1.25,-0.895304,0.0,0.0,0.0,,,,,,,,,,40.713194127129,-12.722873164728,,,,,,,,,,,,,,,,,,3.389600212E3
3287,LTUS,BPM,BPMVM3B,Stripline-10,0.0,,,,,,,,,,4.0,6.093475654E2,3.41599755E2,1.25,-0.895304,0.0,0.0,0.0,,,,,,,,,,,,,,,,,,,,,,,,,,,,,3.389600212E3
3290,LTUS,YCOR,YCVM4B,class-5,0.0,,,,,,,,,,4.0,6.108223104E2,3.430745E2,1.25,-0.895304,0.0,0.0,0.0,,,,,,,,,,,,,,,,,,,,,,,,,,,,,3.391074941E3
3292,LTUS,QUAD,QVM4B,1.26Q12,0.32,0.032,,-1.162541582,,0.0,,,,,4.0,6.113084854E2,3.43560675E2,1.25,-0.895304,0.0,0.0,0.0,,,,,,,,,,-49.636112354017,15.51128511063,,,,,,,,,,,,,,,,,,3.39156111E3
3293,LTUS,BPM,BPMVM4B,Stripline-10,0.0,,,,,,,,,,4.0,6.113084854E2,3.43560675E2,1.25,-0.895304,0.0,0.0,0.0,,,,,,,,,,,,,,,,,,,,,,,,,,,,,3.39156111E3
3298,LTUS,MARK,MM2B,,,,,,,,,,,,4.0,6.120389454E2,3.44291135E2,1.25,-0.895304,0.0,0.0,0.0,,,,,,,,,,,,,,,,,,,,,,,,,,,,,3.392291563E3
3302,LTUS,INST,PC10B,BCS plate,0.0635,,,,,,,,,,4.0,6.160560604E2,3.4830825E2,1.25,-0.895304,0.0,0.0,0.0,,,,,,,,,,,,,,,,,,,,,,,,,,,,,3.3963086335E3
3303,LTUS,INST,BTM10B,PPS BTM,0.0,,,,,,,,,,4.0,6.160878104E2,3.4834E2,1.25,-0.895304,0.0,0.0,0.0,,,,,,,,,,,,,,,,,,,,,,,,,,,,,3.396340383E3
3305,LTUS,XCOR,XCEM1B,class-4,0.0,,,,,,,,,,4.0,6.2007758E2,3.5232977E2,1.25,-0.895304,0.0,0.0,0.0,,,,,,,,,,,,,,,,,,,,,,,,,,,,,3.400330109E3
3307,LTUS,QUAD,QEM1B,1.085Q4.31,0.1068,0.027559,,1.994771713,,0.0,,,,,4.0,6.2050098E2,3.5275317E2,1.25,-0.895304,0.0,0.0,0.0,,,,,,,,,,28.425213713679,-26.615368645767,,,,,,,,,,,,,,,,,,3.400753505E3
3308,LTUS,BPM,BPMEM1B,Stripline-2,0.0,,,,,,,,,,4.0,6.2050098E2,3.5275317E2,1.25,-0.895304,0.0,0.0,0.0,,,,,,,,,,,,,,,,,,,,,,,,,,,,,3.400753505E3
3312,LTUS,QUAD,QEM2B,1.085Q4.31,0.1068,0.027559,,-1.809226178,,0.0,,,,,4.0,6.249619E2,3.5721409E2,1.25,-0.895304,0.0,0.0,0.0,,,,,,,,,,-25.78121618172,24.139715525955,,,,,,,,,,,,,,,,,,3.405214376E3
3313,LTUS,BPM,BPMEM2B,Stripline-2,0.0,,,,,,,,,,4.0,6.249619E2,3.5721409E2,1.25,-0.895304,0.0,0.0,0.0,,,,,,,,,,,,,,,,,,,,,,,,,,,,,3.405214376E3
3316,LTUS,YCOR,YCEM2B,class-4,0.0,,,,,,,,,,4.0,6.255153E2,3.5776749E2,1.25,-0.895304,0.0,0.0,0.0,,,,,,,,,,,,,,,,,,,,,,,,,,,,,3.40576777E3
3318,LTUS,XCOR,XCEM3B,class-4,0.0,,,,,,,,,,4.0,6.3699942E2,3.6925161E2,1.25,-0.895304,0.0,0.0,0.0,,,,,,,,,,,,,,,,,,,,,,,,,,,,,3.417251765E3
3320,LTUS,QUAD,QEM3B,1.085Q4.31,0.1068,0.027559,,1.263611884,,0.0,,,,,4.0,6.3742282E2,3.6967501E2,1.25,-0.895304,0.0,0.0,0.0,,,,,,,,,,18.006289952762,-16.859822053148,,,,,,,,,,,,,,,,,,3.41767516E3
3321,LTUS,BPM,BPMEM3B,Stripline-2,0.0,,,,,,,,,,4.0,6.3742282E2,3.6967501E2,1.25,-0.895304,0.0,0.0,0.0,,,,,,,,,,,,,,,,,,,,,,,,,,,,,3.41767516E3
3324,LTUS,QUAD,QEM3VB,1.26Q3.5,0.108,0.032,,0.0,,0.0,,,,,4.0,6.38410119E2,3.70662308E2,1.25,-0.895304,0.0,0.0,0.0,,,,,,,,,,0.0,0.0,,,,,,,,,,,,,,,,,,3.418662449E3
3327,LTUS,INST,PC11B,BCS plate,0.0635,,,,,,,,,,4.0,6.394560605E2,3.7170825E2,1.25,-0.895304,0.0,0.0,0.0,,,,,,,,,,,,,,,,,,,,,,,,,,,,,3.4197083785E3
3328,LTUS,INST,BTM11B,PPS BTM,0.0,,,,,,,,,,4.0,6.394878105E2,3.7174E2,1.25,-0.895304,0.0,0.0,0.0,,,,,,,,,,,,,,,,,,,,,,,,,,,,,3.419740128E3
3330,LTUS,YCOR,YCEM4B,class-4,0.0,,,,,,,,,,4.0,6.4133034E2,3.7358253E2,1.25,-0.895304,0.0,0.0,0.0,,,,,,,,,,,,,,,,,,,,,,,,,,,,,3.421582638E3
3332,LTUS,QUAD,QEM4B,1.085Q4.31,0.1068,0.027559,,-0.8917174641,,0.0,,,,,4.0,6.4188374E2,3.7413593E2,1.25,-0.895304,0.0,0.0,0.0,,,,,,,,,,-12.706847266819,11.89779706631,,,,,,,,,,,,,,,,,,3.422136032E3
3333,LTUS,BPM,BPMEM4B,Stripline-2,0.0,,,,,,,,,,4.0,6.4188374E2,3.7413593E2,1.25,-0.895304,0.0,0.0,0.0,,,,,,,,,,,,,,,,,,,,,,,,,,,,,3.422136032E3
3336,*LTUS,BPM,RFBEM4B,CavityS-1,0.0,,,,,,,,,,4.0,6.4213714E2,3.7438933E2,1.25,-0.895304,0.0,0.0,0.0,,,,,,,,,,,,,,,,,,,,,,,,,,,,,3.422389429E3
3339,LTUS,MARK,DBMARK36B,,,,,,,,,,,,4.0,6.441142E2,3.7636639E2,1.25,-0.895304,0.0,0.0,0.0,,,,,,,,,,,,,,,,,,,,,,,,,,,,,3.424366468E3
3340,LTUS,WIRE,WS31B,fast,0.0,,,,,,,,,,4.0,6.441142E2,3.7636639E2,1.25,-0.895304,0.0,0.0,0.0,,,,,,,,,,,,,,,,,,,,,,,,,,,,,3.424366468E3
3344,LTUS,XCOR,XCE31B,class-4,0.0,,,,,,,,,,4.0,6.524500766E2,3.84702266E2,1.25,-0.895304,0.0,0.0,0.0,,,,,,,,,,,,,,,,,,,,,,,,,,,,,3.432702253E3
3346,LTUS,QUAD,QE31B,1.26Q3.5,0.108,0.032,,0.402753198,,0.0,,,,,4.0,6.529300766E2,3.85182266E2,1.25,-0.895304,0.0,0.0,0.0,,,,,,,,,,5.803661015256,-5.373760199311,,,,,,,,,,,,,,,,,,3.433182248E3
3347,LTUS,BPM,BPME31B,Stripline-1,0.0,,,,,,,,,,4.0,6.529300766E2,3.85182266E2,1.25,-0.895304,0.0,0.0,0.0,,,,,,,,,,,,,,,,,,,,,,,,,,,,,3.433182248E3
3350,LTUS,YCOR,YCXL1,class-4,0.0,,,,,,,,,,4.0,6.533890546E2,3.85641244E2,1.25,-0.895304,0.0,0.0,0.0,,,,,,,,,,,,,,,,,,,,,,,,,,,,,3.433641221E3
3352,LTUS,XCOR,XCXL1,class-4,0.0,,,,,,,,,,4.0,6.537850406E2,3.8603723E2,1.25,-0.895304,0.0,0.0,0.0,,,,,,,,,,,,,,,,,,,,,,,,,,,,,3.434037203E3
3354,LTUS,USEG,UMXL1H,LCLS-I,3.33,,,,,,,,,,4.0,6.56017006E2,3.88269196E2,1.25,-0.895304,0.0,0.0,0.0,,,,,,,,,,,,,,,,,,,,,,0.4,0.0,,,,,,3.436269144E3
3357,LTUS,QUAD,QFXL1,1.085Q4.31,0.1068,0.027559,,0.0,,0.0,,,,,4.0,6.581297611E2,3.90381951E2,1.25,-0.895304,0.0,0.0,0.0,,,,,,,,,,0.0,0.0,,,,,,,,,,,,,,,,,,3.438381876E3
3360,LTUS,USEG,WIGXLH,variable gap,2.38,,,,,,,,,,4.0,6.59887006E2,3.92139196E2,1.25,-0.895304,0.0,0.0,0.0,,,,,,,,,,,,,,,,,,,,,,1.19,34.0,,,,,,3.440139102E3
3362,LTUS,MARK,MXL2A,,,,,,,,,,,,4.0,6.61077006E2,3.93329196E2,1.25,-0.895304,0.0,0.0,0.0,,,,,,,,,,,,,,,,,,,,,,,,,,,,,3.441329089E3
3364,LTUS,INST,PC12B,BCS plate,0.0635,,,,,,,,,,4.0,6.630060603E2,3.9525825E2,1.25,-0.895304,0.0,0.0,0.0,,,,,,,,,,,,,,,,,,,,,,,,,,,,,3.443258122E3
3365,LTUS,INST,BTM12B,PPS BTM,0.0,,,,,,,,,,4.0,6.630378103E2,3.9529E2,1.25,-0.895304,0.0,0.0,0.0,,,,,,,,,,,,,,,,,,,,,,,,,,,,,3.443289872E3
3367,LTUS,YCOR,YCE32B,class-4,0.0,,,,,,,,,,4.0,6.7007183E2,4.0232402E2,1.25,-0.895304,0.0,0.0,0.0,,,,,,,,,,,,,,,,,,,,,,,,,,,,,3.450323815E3
3369,LTUS,QUAD,QE32B,1.26Q3.5,0.108,0.032,,-0.402753198,,0.0,,,,,4.0,6.7056183E2,4.0281402E2,1.25,-0.895304,0.0,0.0,0.0,,,,,,,,,,-5.803661015256,5.373760199311,,,,,,,,,,,,,,,,,,3.450813809E3
3370,LTUS,BPM,BPME32B,Stripline-1,0.0,,,,,,,,,,4.0,6.7056183E2,4.0281402E2,1.25,-0.895304,0.0,0.0,0.0,,,,,,,,,,,,,,,,,,,,,,,,,,,,,3.450813809E3
3373,*LTUS,BPM,RFBE32B,CavityS-1,0.0,,,,,,,,,,4.0,6.7081583E2,4.0306802E2,1.25,-0.895304,0.0,0.0,0.0,,,,,,,,,,,,,,,,,,,,,,,,,,,,,3.451067807E3
3377,LTUS,WIRE,WS32B,fast,0.0,,,,,,,,,,4.0,6.793777066E2,4.11629896E2,1.25,-0.895304,0.0,0.0,0.0,,,,,,,,,,,,,,,,,,,,,,,,,,,,,3.45962959E3
3380,LTUS,XCOR,XCE33B,class-4,0.0,,,,,,,,,,4.0,6.876835833E2,4.19935773E2,1.25,-0.895304,0.0,0.0,0.0,,,,,,,,,,,,,,,,,,,,,,,,,,,,,3.467935376E3
3382,LTUS,QUAD,QE33B,1.26Q3.5,0.108,0.032,,0.402753198,,0.0,,,,,4.0,6.881935833E2,4.20445773E2,1.25,-0.895304,0.0,0.0,0.0,,,,,,,,,,5.803661015256,-5.373760199311,,,,,,,,,,,,,,,,,,3.468445371E3
3383,LTUS,BPM,BPME33B,Stripline-1,0.0,,,,,,,,,,4.0,6.881935833E2,4.20445773E2,1.25,-0.895304,0.0,0.0,0.0,,,,,,,,,,,,,,,,,,,,,,,,,,,,,3.468445371E3
3387,LTUS,YCOR,YCE34B,class-4,0.0,,,,,,,,,,4.0,7.053453366E2,4.37597526E2,1.25,-0.895304,0.0,0.0,0.0,,,,,,,,,,,,,,,,,,,,,,,,,,,,,3.485596937E3
3389,LTUS,QUAD,QE34B,1.26Q3.5,0.108,0.032,,-0.402753198,,0.0,,,,,4.0,7.058253366E2,4.38077526E2,1.25,-0.895304,0.0,0.0,0.0,,,,,,,,,,-5.803661015256,5.373760199311,,,,,,,,,,,,,,,,,,3.486076932E3
3390,LTUS,BPM,BPME34B,Stripline-1,0.0,,,,,,,,,,4.0,7.058253366E2,4.38077526E2,1.25,-0.895304,0.0,0.0,0.0,,,,,,,,,,,,,,,,,,,,,,,,,,,,,3.486076932E3
3393,*LTUS,BPM,RFBE34B,CavityS-1,0.0,,,,,,,,,,4.0,7.060793366E2,4.38331526E2,1.25,-0.895304,0.0,0.0,0.0,,,,,,,,,,,,,,,,,,,,,,,,,,,,,3.486330929E3
3395,LTUS,WIRE,WS33B,fast,0.0,,,,,,,,,,4.0,7.146412133E2,4.46893403E2,1.25,-0.895304,0.0,0.0,0.0,,,,,,,,,,,,,,,,,,,,,,,,,,,,,3.494892712E3
3398,LTUS,XCOR,XCE35B,class-4,0.0,,,,,,,,,,4.0,7.2279709E2,4.5504928E2,1.25,-0.895304,0.0,0.0,0.0,,,,,,,,,,,,,,,,,,,,,,,,,,,,,3.5030485E3
3400,LTUS,QUAD,QE35B,1.26Q3.5,0.108,0.032,,0.402753198,,0.0,,,,,4.0,7.2345709E2,4.5570928E2,1.25,-0.895304,0.0,0.0,0.0,,,,,,,,,,5.803661015256,-5.373760199311,,,,,,,,,,,,,,,,,,3.503708493E3
3401,LTUS,BPM,BPME35B,Stripline-1,0.0,,,,,,,,,,4.0,7.2345709E2,4.5570928E2,1.25,-0.895304,0.0,0.0,0.0,,,,,,,,,,,,,,,,,,,,,,,,,,,,,3.503708493E3
3404,LTUS,MARK,BCXLSSBEG,,,,,,,,,,,,4.0,7.2701109E2,4.5926328E2,1.25,-0.895304,0.0,0.0,0.0,,,,,,,,,,,,,,,,,,,,,,,,,,,,,3.507262454E3
3405,LTUS,BEND,BCXXL1,0.433D14-C,0.364,0.011,0.0,0.0,,0.0,0.0,0.0,,,4.0,7.2719309E2,4.5944528E2,1.25,-0.895304,0.0,0.0,0.0,,,,,,0.364,0.5,0.0,0.0,0.0,0.0,,,,4.5944528E2,1.245,-0.895304,0.0,0.0,0.0,,,,,,,,,3.507444452E3
3408,LTUS,BEND,BCXXL2,0.433D14-C,0.364,0.011,0.0,0.0,,0.0,0.0,0.0,,,4.0,7.2823909E2,4.6049128E2,1.25,-0.895304,0.0,0.0,0.0,,,,,,0.364,0.5,0.0,0.0,0.0,0.0,,,,4.6049128E2,1.238,-0.895304,0.0,0.0,0.0,,,,,,,,,3.508490441E3
3411,LTUS,MARK,BCXLSSMID,,,,,,,,,,,,4.0,7.2849909E2,4.6075128E2,1.25,-0.895304,0.0,0.0,0.0,,,,,,,,,,,,,,,,,,,,,,,,,,,,,3.508750438E3
3413,LTUS,BEND,BCXXL3,0.433D14-C,0.364,0.011,0.0,0.0,,0.0,0.0,0.0,,,4.0,7.2875909E2,4.6101128E2,1.25,-0.895304,0.0,0.0,0.0,,,,,,0.364,0.5,0.0,0.0,0.0,0.0,,,,4.6101128E2,1.238,-0.895304,0.0,0.0,0.0,,,,,,,,,3.509010435E3
3416,LTUS,BEND,BCXXL4,0.433D14-C,0.364,0.011,0.0,0.0,,0.0,0.0,0.0,,,4.0,7.2980509E2,4.6205728E2,1.25,-0.895304,0.0,0.0,0.0,,,,,,0.364,0.5,0.0,0.0,0.0,0.0,,,,4.6205728E2,1.245,-0.895304,0.0,0.0,0.0,,,,,,,,,3.510056424E3
3418,LTUS,MARK,BCXLSSEND,,,,,,,,,,,,4.0,7.2998709E2,4.6223928E2,1.25,-0.895304,0.0,0.0,0.0,,,,,,,,,,,,,,,,,,,,,,,,,,,,,3.510238422E3
3420,LTUS,YCOR,YCXL2,class-4,0.0,,,,,,,,,,4.0,7.30310804E2,4.62562994E2,1.25,-0.895304,0.0,0.0,0.0,,,,,,,,,,,,,,,,,,,,,,,,,,,,,3.510562132E3
3422,LTUS,XCOR,XCXL2,class-4,0.0,,,,,,,,,,4.0,7.30704504E2,4.62956694E2,1.25,-0.895304,0.0,0.0,0.0,,,,,,,,,,,,,,,,,,,,,,,,,,,,,3.510955828E3
3424,LTUS,MARK,MXL2B,,,,,,,,,,,,4.0,7.3125409E2,4.6350628E2,1.25,-0.895304,0.0,0.0,0.0,,,,,,,,,,,,,,,,,,,,,,,,,,,,,3.511505408E3
3425,LTUS,USEG,UMXL3H,LCLS-I,3.33,,,,,,,,,,4.0,7.3291909E2,4.6517128E2,1.25,-0.895304,0.0,0.0,0.0,,,,,,,,,,,,,,,,,,,,,,0.4,0.0,,,,,,3.51317039E3
3428,LTUS,QUAD,QFXL2,1.085Q4.31,0.1068,0.027559,,0.0,,0.0,,,,,4.0,7.3485409E2,4.6710628E2,1.25,-0.895304,0.0,0.0,0.0,,,,,,,,,,0.0,0.0,,,,,,,,,,,,,,,,,,3.515105369E3
3431,LTUS,USEG,UMXL4H,LCLS-I,3.33,,,,,,,,,,4.0,7.3678909E2,4.6904128E2,1.25,-0.895304,0.0,0.0,0.0,,,,,,,,,,,,,,,,,,,,,,0.4,0.0,,,,,,3.517040348E3
3434,LTUS,YCOR,YCE36B,class-4,0.0,,,,,,,,,,4.0,7.406088433E2,4.72861033E2,1.25,-0.895304,0.0,0.0,0.0,,,,,,,,,,,,,,,,,,,,,,,,,,,,,3.520860059E3
3436,LTUS,QUAD,QE36B,1.26Q3.5,0.108,0.032,,-0.402753198,,0.0,,,,,4.0,7.410888433E2,4.73341033E2,1.25,-0.895304,0.0,0.0,0.0,,,,,,,,,,-5.803661015256,5.373760199311,,,,,,,,,,,,,,,,,,3.521340054E3
3437,LTUS,BPM,BPME36B,Stripline-1,0.0,,,,,,,,,,4.0,7.410888433E2,4.73341033E2,1.25,-0.895304,0.0,0.0,0.0,,,,,,,,,,,,,,,,,,,,,,,,,,,,,3.521340054E3
3440,*LTUS,BPM,RFBE36B,CavityS-1,0.0,,,,,,,,,,4.0,7.413428433E2,4.73595033E2,1.25,-0.895304,0.0,0.0,0.0,,,,,,,,,,,,,,,,,,,,,,,,,,,,,3.521594051E3
3444,LTUS,WIRE,WS34B,fast,0.0,,,,,,,,,,4.0,7.4990472E2,4.8215691E2,1.25,-0.895304,0.0,0.0,0.0,,,,,,,,,,,,,,,,,,,,,,,,,,,,,3.530155835E3
3450,LTUS,QUAD,QUM1B,1.085Q4.31,0.1068,0.027559,,0.5685780462,,0.0,,,,,4.0,7.5738518E2,4.8963737E2,1.25,-0.895304,0.0,0.0,0.0,,,,,,,,,,8.102156437658,-7.586288799305,,,,,,,,,,,,,,,,,,3.537636213E3
3451,LTUS,BPM,BPMUM1B,Stripline-2,0.0,,,,,,,,,,4.0,7.5738518E2,4.8963737E2,1.25,-0.895304,0.0,0.0,0.0,,,,,,,,,,,,,,,,,,,,,,,,,,,,,3.537636213E3
3454,LTUS,XCOR,XCUM1B,class-4f,0.0,,,,,,,,,,4.0,7.5790904E2,4.9016123E2,1.25,-0.895304,0.0,0.0,0.0,,,,,,,,,,,,,,,,,,,,,,,,,,,,,3.538160067E3
3459,LTUS,YCOR,YCUM2B,class-4f,0.0,,,,,,,,,,4.0,7.621727E2,4.9442489E2,1.25,-0.895304,0.0,0.0,0.0,,,,,,,,,,,,,,,,,,,,,,,,,,,,,3.542423681E3
3461,LTUS,QUAD,QUM2B,1.085Q4.31,0.1068,0.027559,,-0.7968027924,,0.0,,,,,4.0,7.625961E2,4.9484829E2,1.25,-0.895304,0.0,0.0,0.0,,,,,,,,,,-11.354326670075,10.631392013179,,,,,,,,,,,,,,,,,,3.542847076E3
3462,LTUS,BPM,BPMUM2B,Stripline-2,0.0,,,,,,,,,,4.0,7.625961E2,4.9484829E2,1.25,-0.895304,0.0,0.0,0.0,,,,,,,,,,,,,,,,,,,,,,,,,,,,,3.542847076E3
3466,LTUS,XCOR,XCUM3B,class-4f,0.0,,,,,,,,,,4.0,7.7062362E2,5.0287581E2,1.25,-0.895304,0.0,0.0,0.0,,,,,,,,,,,,,,,,,,,,,,,,,,,,,3.550874509E3
3468,LTUS,QUAD,QUM3B,1.085Q4.31,0.1068,0.027559,,1.172578401,,0.0,,,,,4.0,7.7105702E2,5.0330921E2,1.25,-0.895304,0.0,0.0,0.0,,,,,,,,,,16.709075743982,-15.645202007474,,,,,,,,,,,,,,,,,,3.551307904E3
3469,LTUS,BPM,BPMUM3B,Stripline-2,0.0,,,,,,,,,,4.0,7.7105702E2,5.0330921E2,1.25,-0.895304,0.0,0.0,0.0,,,,,,,,,,,,,,,,,,,,,,,,,,,,,3.551307904E3
3474,LTUS,YCOR,YCUM4B,class-4f,0.0,,,,,,,,,,4.0,7.7496454E2,5.0721673E2,1.25,-0.895304,0.0,0.0,0.0,,,,,,,,,,,,,,,,,,,,,,,,,,,,,3.555215382E3
3476,LTUS,QUAD,QUM4B,1.085Q4.31,0.1068,0.027559,,-1.160480624,,0.0,,,,,4.0,7.7551794E2,5.0777013E2,1.25,-0.895304,0.0,0.0,0.0,,,,,,,,,,-16.536684139246,15.483786647234,,,,,,,,,,,,,,,,,,3.555768776E3
3477,LTUS,BPM,BPMUM4B,Stripline-2,0.0,,,,,,,,,,4.0,7.7551794E2,5.0777013E2,1.25,-0.895304,0.0,0.0,0.0,,,,,,,,,,,,,,,,,,,,,,,,,,,,,3.555768776E3
3482,LTUS,MARK,MUHWALL1B,,,,,,,,,,,,4.0,7.771669855E2,5.09419175E2,1.25,-0.895304,0.0,0.0,0.0,,,,,,,,,,,,,,,,,,,,,,,,,,,,,3.557417803E3
3485,LTUS,MARK,MUHWALL2B,,,,,,,,,,,,4.0,7.794269855E2,5.11679175E2,1.25,-0.895304,0.0,0.0,0.0,,,,,,,,,,,,,,,,,,,,,,,,,,,,,3.559677778E3
3488,LTUS,BPM,RFBSX14,CavityX-1,0.05,,,,,,,,,,4.0,7.808878105E2,5.1314E2,1.25,-0.895304,0.0,0.0,0.0,,,,,,,,,,,,,,,,,,,,,,,,,,,,,3.5611385875E3
3491,LTUS,INST,TDUNDB,,0.0,,,,,,,,,,4.0,7.835956295E2,5.15847819E2,1.25,-0.895304,0.0,0.0,0.0,,,,,,,,,,,,,,,,,,,,,,,,,,,,,3.563846377E3
3494,LTUS,PC,PCMUONB,,1.1684,,,,,,,,,,4.0,7.845591805E2,5.1681137E2,1.25,-0.895304,0.0,0.0,0.0,,,,,,,,,,,,,,,,,,,,,,,,0.864E-2,0.432E-2,,,,3.5648099175E3
3496,LTUS,MARK,VV999B,,,,,,,,,,,,4.0,7.854048105E2,5.17657E2,1.25,-0.895304,0.0,0.0,0.0,,,,,,,,,,,,,,,,,,,,,,,,,,,,,3.565655538E3
3497,LTUS,MARK,RWWAKE4S,WAKE,,,,,,,,,,,4.0,7.854048105E2,5.17657E2,1.25,-0.895304,0.0,0.0,0.0,,,,,,,,,,,,,,,,,,,,,,,,,,,,,3.565655538E3
3498,LTUS,INST,ENDLTUS,,,,,,,,,,,,4.0,7.854048105E2,5.17657E2,1.25,-0.895304,0.0,0.0,0.0,,,,,,,,,,,,,,,,,,,,,,,,,,,,,3.565655538E3
3499,UNDS,INST,BEGUNDS,,,,,,,,,,,,4.0,7.854048105E2,5.17657E2,1.25,-0.895304,0.0,0.0,0.0,,,,,,,,,,,,,,,,,,,,,,,,,,,,,3.565655538E3
3501,UNDS,MARK,MM3B,,,,,,,,,,,,4.0,7.855484025E2,5.17800592E2,1.25,-0.895304,0.0,0.0,0.0,,,,,,,,,,,,,,,,,,,,,,,,,,,,,3.565799129E3
3502,UNDS,MARK,PFILT1B,,,,,,,,,,,,4.0,7.855484025E2,5.17800592E2,1.25,-0.895304,0.0,0.0,0.0,,,,,,,,,,,,,,,,,,,,,,,,,,,,,3.565799129E3
3503,UNDS,MARK,DBMARK37B,,,,,,,,,,,,4.0,7.855484025E2,5.17800592E2,1.25,-0.895304,0.0,0.0,0.0,,,,,,,,,,,,,,,,,,,,,,,,,,,,,3.565799129E3
3505,UNDS,BPM,RFBSX15,CavityX-1,0.05,,,,,,,,,,4.0,7.863878105E2,5.1864E2,1.25,-0.895304,0.0,0.0,0.0,,,,,,,,,,,,,,,,,,,,,,,,,,,,,3.5666385275E3
3507,UNDS,QUAD,QSXH16,0.433Q3.1,0.084,0.011,,1.275225965,,0.0,,,,,4.0,7.873643025E2,5.19616492E2,1.25,-0.895304,0.0,0.0,0.0,,,,,,,,,,14.292418281705,-17.014783668696,,,,,,,,,,,,,,,,,,3.567615009E3
3508,UNDS,XCOR,XCSX16,type-U,0.0,,,,,,,,,,4.0,7.873643025E2,5.19616492E2,1.25,-0.895304,0.0,0.0,0.0,,,,,,,,,,,,,,,,,,,,,,,,,,,,,3.567615009E3
3509,UNDS,MARK,MUQS16,,,,,,,,,,,,4.0,7.873643025E2,5.19616492E2,1.25,-0.895304,0.0,0.0,0.0,,,,,,,,,,,,,,,,,,,,,,,,,,,,,3.567615009E3
3510,UNDS,YCOR,YCSX16,type-U,0.0,,,,,,,,,,4.0,7.873643025E2,5.19616492E2,1.25,-0.895304,0.0,0.0,0.0,,,,,,,,,,,,,,,,,,,,,,,,,,,,,3.567615009E3
3513,UNDS,BPM,RFBSX16,CavityX-1,0.05,,,,,,,,,,4.0,7.874943025E2,5.19746492E2,1.25,-0.895304,0.0,0.0,0.0,,,,,,,,,,,,,,,,,,,,,,,,,,,,,3.5677450075E3
3515,UNDS,MARK,SXRSTART,,,,,,,,,,,,4.0,7.877343025E2,5.19986492E2,1.25,-0.895304,0.0,0.0,0.0,,,,,,,,,,,,,,,,,,,,,,,,,,,,,3.567985005E3
3516,UNDS,MARK,SXR17BEG,,,,,,,,,,,,4.0,7.877343025E2,5.19986492E2,1.25,-0.895304,0.0,0.0,0.0,,,,,,,,,,,,,,,,,,,,,,,,,,,,,3.567985005E3
3524,UNDS,QUAD,QSXH17,0.433Q3.1,0.084,0.011,,-2.676718375,,0.0,,,,,4.0,7.917643025E2,5.24016492E2,1.25,-0.895304,0.0,0.0,0.0,,,,,,,,,,-29.9999997552,35.714285422857,,,,,,,,,,,,,,,,,,3.572014961E3
3525,UNDS,XCOR,XCSX17,type-U,0.0,,,,,,,,,,4.0,7.917643025E2,5.24016492E2,1.25,-0.895304,0.0,0.0,0.0,,,,,,,,,,,,,,,,,,,,,,,,,,,,,3.572014961E3
3526,UNDS,MARK,MUQS17,,,,,,,,,,,,4.0,7.917643025E2,5.24016492E2,1.25,-0.895304,0.0,0.0,0.0,,,,,,,,,,,,,,,,,,,,,,,,,,,,,3.572014961E3
3527,UNDS,YCOR,YCSX17,type-U,0.0,,,,,,,,,,4.0,7.917643025E2,5.24016492E2,1.25,-0.895304,0.0,0.0,0.0,,,,,,,,,,,,,,,,,,,,,,,,,,,,,3.572014961E3
3530,UNDS,BPM,RFBSX17,CavityX-1,0.05,,,,,,,,,,4.0,7.918943025E2,5.24146492E2,1.25,-0.895304,0.0,0.0,0.0,,,,,,,,,,,,,,,,,,,,,,,,,,,,,3.5721449595E3
3532,UNDS,MARK,SXR17END,,,,,,,,,,,,4.0,7.921343025E2,5.24386492E2,1.25,-0.895304,0.0,0.0,0.0,,,,,,,,,,,,,,,,,,,,,,,,,,,,,3.572384957E3
3533,UNDS,MARK,SXR18BEG,,,,,,,,,,,,4.0,7.921343025E2,5.24386492E2,1.25,-0.895304,0.0,0.0,0.0,,,,,,,,,,,,,,,,,,,,,,,,,,,,,3.572384957E3
3541,UNDS,QUAD,QSXH18,0.433Q3.1,0.084,0.011,,2.676718375,,0.0,,,,,4.0,7.961643025E2,5.28416492E2,1.25,-0.895304,0.0,0.0,0.0,,,,,,,,,,29.9999997552,-35.714285422857,,,,,,,,,,,,,,,,,,3.576414913E3
3542,UNDS,XCOR,XCSX18,type-U,0.0,,,,,,,,,,4.0,7.961643025E2,5.28416492E2,1.25,-0.895304,0.0,0.0,0.0,,,,,,,,,,,,,,,,,,,,,,,,,,,,,3.576414913E3
3543,UNDS,MARK,MUQS18,,,,,,,,,,,,4.0,7.961643025E2,5.28416492E2,1.25,-0.895304,0.0,0.0,0.0,,,,,,,,,,,,,,,,,,,,,,,,,,,,,3.576414913E3
3544,UNDS,YCOR,YCSX18,type-U,0.0,,,,,,,,,,4.0,7.961643025E2,5.28416492E2,1.25,-0.895304,0.0,0.0,0.0,,,,,,,,,,,,,,,,,,,,,,,,,,,,,3.576414913E3
3547,UNDS,BPM,RFBSX18,CavityX-1,0.05,,,,,,,,,,4.0,7.962943025E2,5.28546492E2,1.25,-0.895304,0.0,0.0,0.0,,,,,,,,,,,,,,,,,,,,,,,,,,,,,3.5765449115E3
3549,UNDS,MARK,SXR18END,,,,,,,,,,,,4.0,7.965343025E2,5.28786492E2,1.25,-0.895304,0.0,0.0,0.0,,,,,,,,,,,,,,,,,,,,,,,,,,,,,3.576784909E3
3550,UNDS,MARK,SXR19BEG,,,,,,,,,,,,4.0,7.965343025E2,5.28786492E2,1.25,-0.895304,0.0,0.0,0.0,,,,,,,,,,,,,,,,,,,,,,,,,,,,,3.576784909E3
3558,UNDS,QUAD,QSXH19,0.433Q3.1,0.084,0.011,,-2.676718375,,0.0,,,,,4.0,8.005643025E2,5.32816492E2,1.25,-0.895304,0.0,0.0,0.0,,,,,,,,,,-29.9999997552,35.714285422857,,,,,,,,,,,,,,,,,,3.580814865E3
3559,UNDS,XCOR,XCSX19,type-U,0.0,,,,,,,,,,4.0,8.005643025E2,5.32816492E2,1.25,-0.895304,0.0,0.0,0.0,,,,,,,,,,,,,,,,,,,,,,,,,,,,,3.580814865E3
3560,UNDS,MARK,MUQS19,,,,,,,,,,,,4.0,8.005643025E2,5.32816492E2,1.25,-0.895304,0.0,0.0,0.0,,,,,,,,,,,,,,,,,,,,,,,,,,,,,3.580814865E3
3561,UNDS,YCOR,YCSX19,type-U,0.0,,,,,,,,,,4.0,8.005643025E2,5.32816492E2,1.25,-0.895304,0.0,0.0,0.0,,,,,,,,,,,,,,,,,,,,,,,,,,,,,3.580814865E3
3564,UNDS,BPM,RFBSX19,CavityX-1,0.05,,,,,,,,,,4.0,8.006943025E2,5.32946492E2,1.25,-0.895304,0.0,0.0,0.0,,,,,,,,,,,,,,,,,,,,,,,,,,,,,3.5809448635E3
3566,UNDS,MARK,SXR19END,,,,,,,,,,,,4.0,8.009343025E2,5.33186492E2,1.25,-0.895304,0.0,0.0,0.0,,,,,,,,,,,,,,,,,,,,,,,,,,,,,3.581184861E3
3567,UNDS,MARK,SXR20BEG,,,,,,,,,,,,4.0,8.009343025E2,5.33186492E2,1.25,-0.895304,0.0,0.0,0.0,,,,,,,,,,,,,,,,,,,,,,,,,,,,,3.581184861E3
3575,UNDS,QUAD,QSXH20,0.433Q3.1,0.084,0.011,,2.676718375,,0.0,,,,,4.0,8.049643025E2,5.37216492E2,1.25,-0.895304,0.0,0.0,0.0,,,,,,,,,,29.9999997552,-35.714285422857,,,,,,,,,,,,,,,,,,3.585214817E3
3576,UNDS,XCOR,XCSX20,type-U,0.0,,,,,,,,,,4.0,8.049643025E2,5.37216492E2,1.25,-0.895304,0.0,0.0,0.0,,,,,,,,,,,,,,,,,,,,,,,,,,,,,3.585214817E3
3577,UNDS,MARK,MUQS20,,,,,,,,,,,,4.0,8.049643025E2,5.37216492E2,1.25,-0.895304,0.0,0.0,0.0,,,,,,,,,,,,,,,,,,,,,,,,,,,,,3.585214817E3
3578,UNDS,YCOR,YCSX20,type-U,0.0,,,,,,,,,,4.0,8.049643025E2,5.37216492E2,1.25,-0.895304,0.0,0.0,0.0,,,,,,,,,,,,,,,,,,,,,,,,,,,,,3.585214817E3
3581,UNDS,BPM,RFBSX20,CavityX-1,0.05,,,,,,,,,,4.0,8.050943025E2,5.37346492E2,1.25,-0.895304,0.0,0.0,0.0,,,,,,,,,,,,,,,,,,,,,,,,,,,,,3.5853448155E3
3583,UNDS,MARK,SXR20END,,,,,,,,,,,,4.0,8.053343025E2,5.37586492E2,1.25,-0.895304,0.0,0.0,0.0,,,,,,,,,,,,,,,,,,,,,,,,,,,,,3.585584813E3
3584,UNDS,MARK,SXR21BEG,,,,,,,,,,,,4.0,8.053343025E2,5.37586492E2,1.25,-0.895304,0.0,0.0,0.0,,,,,,,,,,,,,,,,,,,,,,,,,,,,,3.585584813E3
3586,UNDS,MARK,MBLMS21,,,,,,,,,,,,4.0,8.054343025E2,5.37686492E2,1.25,-0.895304,0.0,0.0,0.0,,,,,,,,,,,,,,,,,,,,,,,,,,,,,3.585684812E3
3589,UNDS,USEG,UMASXH21,VGHPU56,3.36,,,,,,,,,,4.0,8.071643025E2,5.39416492E2,1.25,-0.895304,0.0,0.0,0.0,,,,,,,,,,,,,,,,,,,,,,0.056,4.5,,,,,,3.587414793E3
3590,UNDS,EFC,XCSU21,type-V,0.0,,,,,,,,,,4.0,8.071643025E2,5.39416492E2,1.25,-0.895304,0.0,0.0,0.0,,,,,,,,,,,,,,,,,,,,,,,,,,,,,3.587414793E3
3591,UNDS,EFC,YCSU21,type-V,0.0,,,,,,,,,,4.0,8.071643025E2,5.39416492E2,1.25,-0.895304,0.0,0.0,0.0,,,,,,,,,,,,,,,,,,,,,,,,,,,,,3.587414793E3
3595,UNDS,USEG,PSSXH21,PS97.5,0.1073,,,,,,,,,,4.0,8.090693025E2,5.41321492E2,1.25,-0.895304,0.0,0.0,0.0,,,,,,,,,,,,,,,,,,,,,,0.0975,3.564917996186,,,,,,3.589319772E3
3596,UNDS,MARK,MPHS21,,,,,,,,,,,,4.0,8.090693025E2,5.41321492E2,1.25,-0.895304,0.0,0.0,0.0,,,,,,,,,,,,,,,,,,,,,,,,,,,,,3.589319772E3
3599,UNDS,MARK,VVSXU21,,,,,,,,,,,,4.0,8.092389275E2,5.41491117E2,1.25,-0.895304,0.0,0.0,0.0,,,,,,,,,,,,,,,,,,,,,,,,,,,,,3.589489396E3
3601,UNDS,QUAD,QSXH21,0.433Q3.1,0.084,0.011,,-2.676718375,,0.0,,,,,4.0,8.093643025E2,5.41616492E2,1.25,-0.895304,0.0,0.0,0.0,,,,,,,,,,-29.9999997552,35.714285422857,,,,,,,,,,,,,,,,,,3.589614769E3
3602,UNDS,XCOR,XCSX21,type-U,0.0,,,,,,,,,,4.0,8.093643025E2,5.41616492E2,1.25,-0.895304,0.0,0.0,0.0,,,,,,,,,,,,,,,,,,,,,,,,,,,,,3.589614769E3
3603,UNDS,MARK,MUQS21,,,,,,,,,,,,4.0,8.093643025E2,5.41616492E2,1.25,-0.895304,0.0,0.0,0.0,,,,,,,,,,,,,,,,,,,,,,,,,,,,,3.589614769E3
3604,UNDS,YCOR,YCSX21,type-U,0.0,,,,,,,,,,4.0,8.093643025E2,5.41616492E2,1.25,-0.895304,0.0,0.0,0.0,,,,,,,,,,,,,,,,,,,,,,,,,,,,,3.589614769E3
3607,UNDS,BPM,RFBSX21,CavityX-1,0.05,,,,,,,,,,4.0,8.094943025E2,5.41746492E2,1.25,-0.895304,0.0,0.0,0.0,,,,,,,,,,,,,,,,,,,,,,,,,,,,,3.589744768E3
3609,UNDS,MARK,SXR21END,,,,,,,,,,,,4.0,8.097343025E2,5.41986492E2,1.25,-0.895304,0.0,0.0,0.0,,,,,,,,,,,,,,,,,,,,,,,,,,,,,3.589984765E3
3610,UNDS,MARK,SXR22BEG,,,,,,,,,,,,4.0,8.097343025E2,5.41986492E2,1.25,-0.895304,0.0,0.0,0.0,,,,,,,,,,,,,,,,,,,,,,,,,,,,,3.589984765E3
3614,UNDS,USEG,UMASXH22,VGHPU56,3.36,,,,,,,,,,4.0,8.115643025E2,5.43816492E2,1.25,-0.895304,0.0,0.0,0.0,,,,,,,,,,,,,,,,,,,,,,0.056,4.5,,,,,,3.591814745E3
3615,UNDS,EFC,XCSU22,type-V,0.0,,,,,,,,,,4.0,8.115643025E2,5.43816492E2,1.25,-0.895304,0.0,0.0,0.0,,,,,,,,,,,,,,,,,,,,,,,,,,,,,3.591814745E3
3616,UNDS,EFC,YCSU22,type-V,0.0,,,,,,,,,,4.0,8.115643025E2,5.43816492E2,1.25,-0.895304,0.0,0.0,0.0,,,,,,,,,,,,,,,,,,,,,,,,,,,,,3.591814745E3
3620,UNDS,USEG,PSSXH22,PS97.5,0.1073,,,,,,,,,,4.0,8.134693025E2,5.45721492E2,1.25,-0.895304,0.0,0.0,0.0,,,,,,,,,,,,,,,,,,,,,,0.0975,3.564917996186,,,,,,3.593719724E3
3621,UNDS,MARK,MPHS22,,,,,,,,,,,,4.0,8.134693025E2,5.45721492E2,1.25,-0.895304,0.0,0.0,0.0,,,,,,,,,,,,,,,,,,,,,,,,,,,,,3.593719724E3
3625,UNDS,QUAD,QSXH22,0.433Q3.1,0.084,0.011,,2.676718375,,0.0,,,,,4.0,8.137643025E2,5.46016492E2,1.25,-0.895304,0.0,0.0,0.0,,,,,,,,,,29.9999997552,-35.714285422857,,,,,,,,,,,,,,,,,,3.594014721E3
3626,UNDS,XCOR,XCSX22,type-U,0.0,,,,,,,,,,4.0,8.137643025E2,5.46016492E2,1.25,-0.895304,0.0,0.0,0.0,,,,,,,,,,,,,,,,,,,,,,,,,,,,,3.594014721E3
3627,UNDS,MARK,MUQS22,,,,,,,,,,,,4.0,8.137643025E2,5.46016492E2,1.25,-0.895304,0.0,0.0,0.0,,,,,,,,,,,,,,,,,,,,,,,,,,,,,3.594014721E3
3628,UNDS,YCOR,YCSX22,type-U,0.0,,,,,,,,,,4.0,8.137643025E2,5.46016492E2,1.25,-0.895304,0.0,0.0,0.0,,,,,,,,,,,,,,,,,,,,,,,,,,,,,3.594014721E3
3631,UNDS,BPM,RFBSX22,CavityX-1,0.05,,,,,,,,,,4.0,8.138943025E2,5.46146492E2,1.25,-0.895304,0.0,0.0,0.0,,,,,,,,,,,,,,,,,,,,,,,,,,,,,3.59414472E3
3633,UNDS,MARK,SXR22END,,,,,,,,,,,,4.0,8.141343025E2,5.46386492E2,1.25,-0.895304,0.0,0.0,0.0,,,,,,,,,,,,,,,,,,,,,,,,,,,,,3.594384717E3
3634,UNDS,MARK,SXR23BEG,,,,,,,,,,,,4.0,8.141343025E2,5.46386492E2,1.25,-0.895304,0.0,0.0,0.0,,,,,,,,,,,,,,,,,,,,,,,,,,,,,3.594384717E3
3636,UNDS,MARK,MBLMS23,,,,,,,,,,,,4.0,8.142343025E2,5.46486492E2,1.25,-0.895304,0.0,0.0,0.0,,,,,,,,,,,,,,,,,,,,,,,,,,,,,3.594484716E3
3639,UNDS,USEG,UMASXH23,VGHPU56,3.36,,,,,,,,,,4.0,8.159643025E2,5.48216492E2,1.25,-0.895304,0.0,0.0,0.0,,,,,,,,,,,,,,,,,,,,,,0.056,4.5,,,,,,3.596214697E3
3640,UNDS,EFC,XCSU23,type-V,0.0,,,,,,,,,,4.0,8.159643025E2,5.48216492E2,1.25,-0.895304,0.0,0.0,0.0,,,,,,,,,,,,,,,,,,,,,,,,,,,,,3.596214697E3
3641,UNDS,EFC,YCSU23,type-V,0.0,,,,,,,,,,4.0,8.159643025E2,5.48216492E2,1.25,-0.895304,0.0,0.0,0.0,,,,,,,,,,,,,,,,,,,,,,,,,,,,,3.596214697E3
3645,UNDS,USEG,PSSXH23,PS97.5,0.1073,,,,,,,,,,4.0,8.178693025E2,5.50121492E2,1.25,-0.895304,0.0,0.0,0.0,,,,,,,,,,,,,,,,,,,,,,0.0975,3.564917996186,,,,,,3.598119677E3
3646,UNDS,MARK,MPHS23,,,,,,,,,,,,4.0,8.178693025E2,5.50121492E2,1.25,-0.895304,0.0,0.0,0.0,,,,,,,,,,,,,,,,,,,,,,,,,,,,,3.598119677E3
3650,UNDS,QUAD,QSXH23,0.433Q3.1,0.084,0.011,,-2.676718375,,0.0,,,,,4.0,8.181643025E2,5.50416492E2,1.25,-0.895304,0.0,0.0,0.0,,,,,,,,,,-29.9999997552,35.714285422857,,,,,,,,,,,,,,,,,,3.598414673E3
3651,UNDS,XCOR,XCSX23,type-U,0.0,,,,,,,,,,4.0,8.181643025E2,5.50416492E2,1.25,-0.895304,0.0,0.0,0.0,,,,,,,,,,,,,,,,,,,,,,,,,,,,,3.598414673E3
3652,UNDS,MARK,MUQS23,,,,,,,,,,,,4.0,8.181643025E2,5.50416492E2,1.25,-0.895304,0.0,0.0,0.0,,,,,,,,,,,,,,,,,,,,,,,,,,,,,3.598414673E3
3653,UNDS,YCOR,YCSX23,type-U,0.0,,,,,,,,,,4.0,8.181643025E2,5.50416492E2,1.25,-0.895304,0.0,0.0,0.0,,,,,,,,,,,,,,,,,,,,,,,,,,,,,3.598414673E3
3656,UNDS,BPM,RFBSX23,CavityX-1,0.05,,,,,,,,,,4.0,8.182943025E2,5.50546492E2,1.25,-0.895304,0.0,0.0,0.0,,,,,,,,,,,,,,,,,,,,,,,,,,,,,3.598544672E3
3658,UNDS,MARK,SXR23END,,,,,,,,,,,,4.0,8.185343025E2,5.50786492E2,1.25,-0.895304,0.0,0.0,0.0,,,,,,,,,,,,,,,,,,,,,,,,,,,,,3.598784669E3
3659,UNDS,MARK,SXR24BEG,,,,,,,,,,,,4.0,8.185343025E2,5.50786492E2,1.25,-0.895304,0.0,0.0,0.0,,,,,,,,,,,,,,,,,,,,,,,,,,,,,3.598784669E3
3663,UNDS,USEG,UMASXH24,VGHPU56,3.36,,,,,,,,,,4.0,8.203643025E2,5.52616492E2,1.25,-0.895304,0.0,0.0,0.0,,,,,,,,,,,,,,,,,,,,,,0.056,4.5,,,,,,3.600614649E3
3664,UNDS,EFC,XCSU24,type-V,0.0,,,,,,,,,,4.0,8.203643025E2,5.52616492E2,1.25,-0.895304,0.0,0.0,0.0,,,,,,,,,,,,,,,,,,,,,,,,,,,,,3.600614649E3
3665,UNDS,EFC,YCSU24,type-V,0.0,,,,,,,,,,4.0,8.203643025E2,5.52616492E2,1.25,-0.895304,0.0,0.0,0.0,,,,,,,,,,,,,,,,,,,,,,,,,,,,,3.600614649E3
3669,UNDS,USEG,PSSXH24,PS97.5,0.1073,,,,,,,,,,4.0,8.222693025E2,5.54521492E2,1.25,-0.895304,0.0,0.0,0.0,,,,,,,,,,,,,,,,,,,,,,0.0975,3.564917996186,,,,,,3.602519629E3
3670,UNDS,MARK,MPHS24,,,,,,,,,,,,4.0,8.222693025E2,5.54521492E2,1.25,-0.895304,0.0,0.0,0.0,,,,,,,,,,,,,,,,,,,,,,,,,,,,,3.602519629E3
3674,UNDS,QUAD,QSXH24,0.433Q3.1,0.084,0.011,,2.676718375,,0.0,,,,,4.0,8.225643025E2,5.54816492E2,1.25,-0.895304,0.0,0.0,0.0,,,,,,,,,,29.9999997552,-35.714285422857,,,,,,,,,,,,,,,,,,3.602814625E3
3675,UNDS,XCOR,XCSX24,type-U,0.0,,,,,,,,,,4.0,8.225643025E2,5.54816492E2,1.25,-0.895304,0.0,0.0,0.0,,,,,,,,,,,,,,,,,,,,,,,,,,,,,3.602814625E3
3676,UNDS,MARK,MUQS24,,,,,,,,,,,,4.0,8.225643025E2,5.54816492E2,1.25,-0.895304,0.0,0.0,0.0,,,,,,,,,,,,,,,,,,,,,,,,,,,,,3.602814625E3
3677,UNDS,YCOR,YCSX24,type-U,0.0,,,,,,,,,,4.0,8.225643025E2,5.54816492E2,1.25,-0.895304,0.0,0.0,0.0,,,,,,,,,,,,,,,,,,,,,,,,,,,,,3.602814625E3
3680,UNDS,BPM,RFBSX24,CavityX-1,0.05,,,,,,,,,,4.0,8.226943025E2,5.54946492E2,1.25,-0.895304,0.0,0.0,0.0,,,,,,,,,,,,,,,,,,,,,,,,,,,,,3.602944624E3
3682,UNDS,MARK,SXR24END,,,,,,,,,,,,4.0,8.229343025E2,5.55186492E2,1.25,-0.895304,0.0,0.0,0.0,,,,,,,,,,,,,,,,,,,,,,,,,,,,,3.603184621E3
3683,UNDS,MARK,SXR25BEG,,,,,,,,,,,,4.0,8.229343025E2,5.55186492E2,1.25,-0.895304,0.0,0.0,0.0,,,,,,,,,,,,,,,,,,,,,,,,,,,,,3.603184621E3
3685,UNDS,MARK,MBLMS25,,,,,,,,,,,,4.0,8.230343025E2,5.55286492E2,1.25,-0.895304,0.0,0.0,0.0,,,,,,,,,,,,,,,,,,,,,,,,,,,,,3.60328462E3
3688,UNDS,USEG,UMASXH25,VGHPU56,3.36,,,,,,,,,,4.0,8.247643025E2,5.57016492E2,1.25,-0.895304,0.0,0.0,0.0,,,,,,,,,,,,,,,,,,,,,,0.056,4.5,,,,,,3.605014601E3
3689,UNDS,EFC,XCSU25,type-V,0.0,,,,,,,,,,4.0,8.247643025E2,5.57016492E2,1.25,-0.895304,0.0,0.0,0.0,,,,,,,,,,,,,,,,,,,,,,,,,,,,,3.605014601E3
3690,UNDS,EFC,YCSU25,type-V,0.0,,,,,,,,,,4.0,8.247643025E2,5.57016492E2,1.25,-0.895304,0.0,0.0,0.0,,,,,,,,,,,,,,,,,,,,,,,,,,,,,3.605014601E3
3694,UNDS,USEG,PSSXH25,PS97.5,0.1073,,,,,,,,,,4.0,8.266693025E2,5.58921492E2,1.25,-0.895304,0.0,0.0,0.0,,,,,,,,,,,,,,,,,,,,,,0.0975,3.564917996186,,,,,,3.606919581E3
3695,UNDS,MARK,MPHS25,,,,,,,,,,,,4.0,8.266693025E2,5.58921492E2,1.25,-0.895304,0.0,0.0,0.0,,,,,,,,,,,,,,,,,,,,,,,,,,,,,3.606919581E3
3699,UNDS,QUAD,QSXH25,0.433Q3.1,0.084,0.011,,-2.676718375,,0.0,,,,,4.0,8.269643025E2,5.59216492E2,1.25,-0.895304,0.0,0.0,0.0,,,,,,,,,,-29.9999997552,35.714285422857,,,,,,,,,,,,,,,,,,3.607214577E3
3700,UNDS,XCOR,XCSX25,type-U,0.0,,,,,,,,,,4.0,8.269643025E2,5.59216492E2,1.25,-0.895304,0.0,0.0,0.0,,,,,,,,,,,,,,,,,,,,,,,,,,,,,3.607214577E3
3701,UNDS,MARK,MUQS25,,,,,,,,,,,,4.0,8.269643025E2,5.59216492E2,1.25,-0.895304,0.0,0.0,0.0,,,,,,,,,,,,,,,,,,,,,,,,,,,,,3.607214577E3
3702,UNDS,YCOR,YCSX25,type-U,0.0,,,,,,,,,,4.0,8.269643025E2,5.59216492E2,1.25,-0.895304,0.0,0.0,0.0,,,,,,,,,,,,,,,,,,,,,,,,,,,,,3.607214577E3
3705,UNDS,BPM,RFBSX25,CavityX-1,0.05,,,,,,,,,,4.0,8.270943025E2,5.59346492E2,1.25,-0.895304,0.0,0.0,0.0,,,,,,,,,,,,,,,,,,,,,,,,,,,,,3.607344576E3
3707,UNDS,MARK,SXR25END,,,,,,,,,,,,4.0,8.273343025E2,5.59586492E2,1.25,-0.895304,0.0,0.0,0.0,,,,,,,,,,,,,,,,,,,,,,,,,,,,,3.607584573E3
3708,UNDS,MARK,SXR26BEG,,,,,,,,,,,,4.0,8.273343025E2,5.59586492E2,1.25,-0.895304,0.0,0.0,0.0,,,,,,,,,,,,,,,,,,,,,,,,,,,,,3.607584573E3
3712,UNDS,USEG,UMASXH26,VGHPU56,3.36,,,,,,,,,,4.0,8.291643025E2,5.61416492E2,1.25,-0.895304,0.0,0.0,0.0,,,,,,,,,,,,,,,,,,,,,,0.056,4.5,,,,,,3.609414553E3
3713,UNDS,EFC,XCSU26,type-V,0.0,,,,,,,,,,4.0,8.291643025E2,5.61416492E2,1.25,-0.895304,0.0,0.0,0.0,,,,,,,,,,,,,,,,,,,,,,,,,,,,,3.609414553E3
3714,UNDS,EFC,YCSU26,type-V,0.0,,,,,,,,,,4.0,8.291643025E2,5.61416492E2,1.25,-0.895304,0.0,0.0,0.0,,,,,,,,,,,,,,,,,,,,,,,,,,,,,3.609414553E3
3718,UNDS,USEG,PSSXH26,PS97.5,0.1073,,,,,,,,,,4.0,8.310693025E2,5.63321492E2,1.25,-0.895304,0.0,0.0,0.0,,,,,,,,,,,,,,,,,,,,,,0.0975,3.564917996186,,,,,,3.611319533E3
3719,UNDS,MARK,MPHS26,,,,,,,,,,,,4.0,8.310693025E2,5.63321492E2,1.25,-0.895304,0.0,0.0,0.0,,,,,,,,,,,,,,,,,,,,,,,,,,,,,3.611319533E3
3723,UNDS,QUAD,QSXH26,0.433Q3.1,0.084,0.011,,2.676718375,,0.0,,,,,4.0,8.313643025E2,5.63616492E2,1.25,-0.895304,0.0,0.0,0.0,,,,,,,,,,29.9999997552,-35.714285422857,,,,,,,,,,,,,,,,,,3.611614529E3
3724,UNDS,XCOR,XCSX26,type-U,0.0,,,,,,,,,,4.0,8.313643025E2,5.63616492E2,1.25,-0.895304,0.0,0.0,0.0,,,,,,,,,,,,,,,,,,,,,,,,,,,,,3.611614529E3
3725,UNDS,MARK,MUQS26,,,,,,,,,,,,4.0,8.313643025E2,5.63616492E2,1.25,-0.895304,0.0,0.0,0.0,,,,,,,,,,,,,,,,,,,,,,,,,,,,,3.611614529E3
3726,UNDS,YCOR,YCSX26,type-U,0.0,,,,,,,,,,4.0,8.313643025E2,5.63616492E2,1.25,-0.895304,0.0,0.0,0.0,,,,,,,,,,,,,,,,,,,,,,,,,,,,,3.611614529E3
3729,UNDS,BPM,RFBSX26,CavityX-1,0.05,,,,,,,,,,4.0,8.314943025E2,5.63746492E2,1.25,-0.895304,0.0,0.0,0.0,,,,,,,,,,,,,,,,,,,,,,,,,,,,,3.611744528E3
3731,UNDS,MARK,SXR26END,,,,,,,,,,,,4.0,8.317343025E2,5.63986492E2,1.25,-0.895304,0.0,0.0,0.0,,,,,,,,,,,,,,,,,,,,,,,,,,,,,3.611984525E3
3732,UNDS,MARK,SXR27BEG,,,,,,,,,,,,4.0,8.317343025E2,5.63986492E2,1.25,-0.895304,0.0,0.0,0.0,,,,,,,,,,,,,,,,,,,,,,,,,,,,,3.611984525E3
3734,UNDS,MARK,MBLMS27,,,,,,,,,,,,4.0,8.318343025E2,5.64086492E2,1.25,-0.895304,0.0,0.0,0.0,,,,,,,,,,,,,,,,,,,,,,,,,,,,,3.612084524E3
3737,UNDS,USEG,UMASXH27,VGHPU56,3.36,,,,,,,,,,4.0,8.335643025E2,5.65816492E2,1.25,-0.895304,0.0,0.0,0.0,,,,,,,,,,,,,,,,,,,,,,0.056,4.5,,,,,,3.613814505E3
3738,UNDS,EFC,XCSU27,type-V,0.0,,,,,,,,,,4.0,8.335643025E2,5.65816492E2,1.25,-0.895304,0.0,0.0,0.0,,,,,,,,,,,,,,,,,,,,,,,,,,,,,3.613814505E3
3739,UNDS,EFC,YCSU27,type-V,0.0,,,,,,,,,,4.0,8.335643025E2,5.65816492E2,1.25,-0.895304,0.0,0.0,0.0,,,,,,,,,,,,,,,,,,,,,,,,,,,,,3.613814505E3
3743,UNDS,USEG,PSSXH27,PS97.5,0.1073,,,,,,,,,,4.0,8.354693025E2,5.67721492E2,1.25,-0.895304,0.0,0.0,0.0,,,,,,,,,,,,,,,,,,,,,,0.0975,3.564917996186,,,,,,3.615719485E3
3744,UNDS,MARK,MPHS27,,,,,,,,,,,,4.0,8.354693025E2,5.67721492E2,1.25,-0.895304,0.0,0.0,0.0,,,,,,,,,,,,,,,,,,,,,,,,,,,,,3.615719485E3
3748,UNDS,QUAD,QSXH27,0.433Q3.1,0.084,0.011,,-2.676718375,,0.0,,,,,4.0,8.357643025E2,5.68016492E2,1.25,-0.895304,0.0,0.0,0.0,,,,,,,,,,-29.9999997552,35.714285422857,,,,,,,,,,,,,,,,,,3.616014482E3
3749,UNDS,XCOR,XCSX27,type-U,0.0,,,,,,,,,,4.0,8.357643025E2,5.68016492E2,1.25,-0.895304,0.0,0.0,0.0,,,,,,,,,,,,,,,,,,,,,,,,,,,,,3.616014482E3
3750,UNDS,MARK,MUQS27,,,,,,,,,,,,4.0,8.357643025E2,5.68016492E2,1.25,-0.895304,0.0,0.0,0.0,,,,,,,,,,,,,,,,,,,,,,,,,,,,,3.616014482E3
3751,UNDS,YCOR,YCSX27,type-U,0.0,,,,,,,,,,4.0,8.357643025E2,5.68016492E2,1.25,-0.895304,0.0,0.0,0.0,,,,,,,,,,,,,,,,,,,,,,,,,,,,,3.616014482E3
3754,UNDS,BPM,RFBSX27,CavityX-1,0.05,,,,,,,,,,4.0,8.358943025E2,5.68146492E2,1.25,-0.895304,0.0,0.0,0.0,,,,,,,,,,,,,,,,,,,,,,,,,,,,,3.61614448E3
3756,UNDS,MARK,SXR27END,,,,,,,,,,,,4.0,8.361343025E2,5.68386492E2,1.25,-0.895304,0.0,0.0,0.0,,,,,,,,,,,,,,,,,,,,,,,,,,,,,3.616384477E3
3757,UNDS,MARK,SXR28BEG,,,,,,,,,,,,4.0,8.361343025E2,5.68386492E2,1.25,-0.895304,0.0,0.0,0.0,,,,,,,,,,,,,,,,,,,,,,,,,,,,,3.616384477E3
3761,UNDS,USEG,UMASXH28,VGHPU39,3.393,,,,,,,,,,4.0,8.379643025E2,5.70216492E2,1.25,-0.895304,0.0,0.0,0.0,,,,,,,,,,,,,,,,,,,,,,0.039,5.5,,,,,,3.618214458E3
3762,UNDS,EFC,XCSU28,type-V,0.0,,,,,,,,,,4.0,8.379643025E2,5.70216492E2,1.25,-0.895304,0.0,0.0,0.0,,,,,,,,,,,,,,,,,,,,,,,,,,,,,3.618214458E3
3763,UNDS,EFC,YCSU28,type-V,0.0,,,,,,,,,,4.0,8.379643025E2,5.70216492E2,1.25,-0.895304,0.0,0.0,0.0,,,,,,,,,,,,,,,,,,,,,,,,,,,,,3.618214458E3
3767,UNDS,USEG,PSSXH28,PS75,0.0825,,,,,,,,,,4.0,8.398693025E2,5.72121492E2,1.25,-0.895304,0.0,0.0,0.0,,,,,,,,,,,,,,,,,,,,,,0.075,4.064631891745,,,,,,3.620119437E3
3768,UNDS,MARK,MPHS28,,,,,,,,,,,,4.0,8.398693025E2,5.72121492E2,1.25,-0.895304,0.0,0.0,0.0,,,,,,,,,,,,,,,,,,,,,,,,,,,,,3.620119437E3
3771,UNDS,MARK,VVSXU28,,,,,,,,,,,,4.0,8.400389275E2,5.72291117E2,1.25,-0.895304,0.0,0.0,0.0,,,,,,,,,,,,,,,,,,,,,,,,,,,,,3.62028906E3
3773,UNDS,QUAD,QSXH28,0.433Q3.1,0.084,0.011,,2.676718375,,0.0,,,,,4.0,8.401643025E2,5.72416492E2,1.25,-0.895304,0.0,0.0,0.0,,,,,,,,,,29.9999997552,-35.714285422857,,,,,,,,,,,,,,,,,,3.620414434E3
3774,UNDS,XCOR,XCSX28,type-U,0.0,,,,,,,,,,4.0,8.401643025E2,5.72416492E2,1.25,-0.895304,0.0,0.0,0.0,,,,,,,,,,,,,,,,,,,,,,,,,,,,,3.620414434E3
3775,UNDS,MARK,MUQS28,,,,,,,,,,,,4.0,8.401643025E2,5.72416492E2,1.25,-0.895304,0.0,0.0,0.0,,,,,,,,,,,,,,,,,,,,,,,,,,,,,3.620414434E3
3776,UNDS,YCOR,YCSX28,type-U,0.0,,,,,,,,,,4.0,8.401643025E2,5.72416492E2,1.25,-0.895304,0.0,0.0,0.0,,,,,,,,,,,,,,,,,,,,,,,,,,,,,3.620414434E3
3779,UNDS,BPM,RFBSX28,CavityX-1,0.05,,,,,,,,,,4.0,8.402943025E2,5.72546492E2,1.25,-0.895304,0.0,0.0,0.0,,,,,,,,,,,,,,,,,,,,,,,,,,,,,3.620544432E3
3781,UNDS,MARK,SXR28END,,,,,,,,,,,,4.0,8.405343025E2,5.72786492E2,1.25,-0.895304,0.0,0.0,0.0,,,,,,,,,,,,,,,,,,,,,,,,,,,,,3.62078443E3
3782,UNDS,MARK,SXR29BEG,,,,,,,,,,,,4.0,8.405343025E2,5.72786492E2,1.25,-0.895304,0.0,0.0,0.0,,,,,,,,,,,,,,,,,,,,,,,,,,,,,3.62078443E3
3784,UNDS,MARK,MBLMS29,,,,,,,,,,,,4.0,8.406343025E2,5.72886492E2,1.25,-0.895304,0.0,0.0,0.0,,,,,,,,,,,,,,,,,,,,,,,,,,,,,3.620884428E3
3787,UNDS,USEG,UMASXH29,VGHPU39,3.393,,,,,,,,,,4.0,8.423643025E2,5.74616492E2,1.25,-0.895304,0.0,0.0,0.0,,,,,,,,,,,,,,,,,,,,,,0.039,5.5,,,,,,3.62261441E3
3788,UNDS,EFC,XCSU29,type-V,0.0,,,,,,,,,,4.0,8.423643025E2,5.74616492E2,1.25,-0.895304,0.0,0.0,0.0,,,,,,,,,,,,,,,,,,,,,,,,,,,,,3.62261441E3
3789,UNDS,EFC,YCSU29,type-V,0.0,,,,,,,,,,4.0,8.423643025E2,5.74616492E2,1.25,-0.895304,0.0,0.0,0.0,,,,,,,,,,,,,,,,,,,,,,,,,,,,,3.62261441E3
3793,UNDS,USEG,PSSXH29,PS75,0.0825,,,,,,,,,,4.0,8.442693025E2,5.76521492E2,1.25,-0.895304,0.0,0.0,0.0,,,,,,,,,,,,,,,,,,,,,,0.075,4.064631891745,,,,,,3.624519389E3
3794,UNDS,MARK,MPHS29,,,,,,,,,,,,4.0,8.442693025E2,5.76521492E2,1.25,-0.895304,0.0,0.0,0.0,,,,,,,,,,,,,,,,,,,,,,,,,,,,,3.624519389E3
3798,UNDS,QUAD,QSXH29,0.433Q3.1,0.084,0.011,,-2.676718375,,0.0,,,,,4.0,8.445643025E2,5.76816492E2,1.25,-0.895304,0.0,0.0,0.0,,,,,,,,,,-29.9999997552,35.714285422857,,,,,,,,,,,,,,,,,,3.624814386E3
3799,UNDS,XCOR,XCSX29,type-U,0.0,,,,,,,,,,4.0,8.445643025E2,5.76816492E2,1.25,-0.895304,0.0,0.0,0.0,,,,,,,,,,,,,,,,,,,,,,,,,,,,,3.624814386E3
3800,UNDS,MARK,MUQS29,,,,,,,,,,,,4.0,8.445643025E2,5.76816492E2,1.25,-0.895304,0.0,0.0,0.0,,,,,,,,,,,,,,,,,,,,,,,,,,,,,3.624814386E3
3801,UNDS,YCOR,YCSX29,type-U,0.0,,,,,,,,,,4.0,8.445643025E2,5.76816492E2,1.25,-0.895304,0.0,0.0,0.0,,,,,,,,,,,,,,,,,,,,,,,,,,,,,3.624814386E3
3804,UNDS,BPM,RFBSX29,CavityX-1,0.05,,,,,,,,,,4.0,8.446943025E2,5.76946492E2,1.25,-0.895304,0.0,0.0,0.0,,,,,,,,,,,,,,,,,,,,,,,,,,,,,3.624944384E3
3806,UNDS,MARK,SXR29END,,,,,,,,,,,,4.0,8.449343025E2,5.77186492E2,1.25,-0.895304,0.0,0.0,0.0,,,,,,,,,,,,,,,,,,,,,,,,,,,,,3.625184382E3
3807,UNDS,MARK,SXR30BEG,,,,,,,,,,,,4.0,8.449343025E2,5.77186492E2,1.25,-0.895304,0.0,0.0,0.0,,,,,,,,,,,,,,,,,,,,,,,,,,,,,3.625184382E3
3811,UNDS,USEG,UMASXH30,VGHPU39,3.393,,,,,,,,,,4.0,8.467643025E2,5.79016492E2,1.25,-0.895304,0.0,0.0,0.0,,,,,,,,,,,,,,,,,,,,,,0.039,5.5,,,,,,3.627014362E3
3812,UNDS,EFC,XCSU30,type-V,0.0,,,,,,,,,,4.0,8.467643025E2,5.79016492E2,1.25,-0.895304,0.0,0.0,0.0,,,,,,,,,,,,,,,,,,,,,,,,,,,,,3.627014362E3
3813,UNDS,EFC,YCSU30,type-V,0.0,,,,,,,,,,4.0,8.467643025E2,5.79016492E2,1.25,-0.895304,0.0,0.0,0.0,,,,,,,,,,,,,,,,,,,,,,,,,,,,,3.627014362E3
3817,UNDS,USEG,PSSXH30,PS75,0.0825,,,,,,,,,,4.0,8.486693025E2,5.80921492E2,1.25,-0.895304,0.0,0.0,0.0,,,,,,,,,,,,,,,,,,,,,,0.075,4.064631891745,,,,,,3.628919341E3
3818,UNDS,MARK,MPHS30,,,,,,,,,,,,4.0,8.486693025E2,5.80921492E2,1.25,-0.895304,0.0,0.0,0.0,,,,,,,,,,,,,,,,,,,,,,,,,,,,,3.628919341E3
3822,UNDS,QUAD,QSXH30,0.433Q3.1,0.084,0.011,,2.676718375,,0.0,,,,,4.0,8.489643025E2,5.81216492E2,1.25,-0.895304,0.0,0.0,0.0,,,,,,,,,,29.9999997552,-35.714285422857,,,,,,,,,,,,,,,,,,3.629214338E3
3823,UNDS,XCOR,XCSX30,type-U,0.0,,,,,,,,,,4.0,8.489643025E2,5.81216492E2,1.25,-0.895304,0.0,0.0,0.0,,,,,,,,,,,,,,,,,,,,,,,,,,,,,3.629214338E3
3824,UNDS,MARK,MUQS30,,,,,,,,,,,,4.0,8.489643025E2,5.81216492E2,1.25,-0.895304,0.0,0.0,0.0,,,,,,,,,,,,,,,,,,,,,,,,,,,,,3.629214338E3
3825,UNDS,YCOR,YCSX30,type-U,0.0,,,,,,,,,,4.0,8.489643025E2,5.81216492E2,1.25,-0.895304,0.0,0.0,0.0,,,,,,,,,,,,,,,,,,,,,,,,,,,,,3.629214338E3
3828,UNDS,BPM,RFBSX30,CavityX-1,0.05,,,,,,,,,,4.0,8.490943025E2,5.81346492E2,1.25,-0.895304,0.0,0.0,0.0,,,,,,,,,,,,,,,,,,,,,,,,,,,,,3.6293443365E3
3830,UNDS,MARK,SXR30END,,,,,,,,,,,,4.0,8.493343025E2,5.81586492E2,1.25,-0.895304,0.0,0.0,0.0,,,,,,,,,,,,,,,,,,,,,,,,,,,,,3.629584334E3
3831,UNDS,MARK,SXR31BEG,,,,,,,,,,,,4.0,8.493343025E2,5.81586492E2,1.25,-0.895304,0.0,0.0,0.0,,,,,,,,,,,,,,,,,,,,,,,,,,,,,3.629584334E3
3833,UNDS,MARK,MBLMS31,,,,,,,,,,,,4.0,8.494343025E2,5.81686492E2,1.25,-0.895304,0.0,0.0,0.0,,,,,,,,,,,,,,,,,,,,,,,,,,,,,3.629684333E3
3836,UNDS,USEG,UMASXH31,VGHPU39,3.393,,,,,,,,,,4.0,8.511643025E2,5.83416492E2,1.25,-0.895304,0.0,0.0,0.0,,,,,,,,,,,,,,,,,,,,,,0.039,5.5,,,,,,3.631414314E3
3837,UNDS,EFC,XCSU31,type-V,0.0,,,,,,,,,,4.0,8.511643025E2,5.83416492E2,1.25,-0.895304,0.0,0.0,0.0,,,,,,,,,,,,,,,,,,,,,,,,,,,,,3.631414314E3
3838,UNDS,EFC,YCSU31,type-V,0.0,,,,,,,,,,4.0,8.511643025E2,5.83416492E2,1.25,-0.895304,0.0,0.0,0.0,,,,,,,,,,,,,,,,,,,,,,,,,,,,,3.631414314E3
3842,UNDS,USEG,PSSXH31,PS75,0.0825,,,,,,,,,,4.0,8.530693025E2,5.85321492E2,1.25,-0.895304,0.0,0.0,0.0,,,,,,,,,,,,,,,,,,,,,,0.075,4.064631891745,,,,,,3.633319293E3
3843,UNDS,MARK,MPHS31,,,,,,,,,,,,4.0,8.530693025E2,5.85321492E2,1.25,-0.895304,0.0,0.0,0.0,,,,,,,,,,,,,,,,,,,,,,,,,,,,,3.633319293E3
3847,UNDS,QUAD,QSXH31,0.433Q3.1,0.084,0.011,,-2.676718375,,0.0,,,,,4.0,8.533643025E2,5.85616492E2,1.25,-0.895304,0.0,0.0,0.0,,,,,,,,,,-29.9999997552,35.714285422857,,,,,,,,,,,,,,,,,,3.63361429E3
3848,UNDS,XCOR,XCSX31,type-U,0.0,,,,,,,,,,4.0,8.533643025E2,5.85616492E2,1.25,-0.895304,0.0,0.0,0.0,,,,,,,,,,,,,,,,,,,,,,,,,,,,,3.63361429E3
3849,UNDS,MARK,MUQS31,,,,,,,,,,,,4.0,8.533643025E2,5.85616492E2,1.25,-0.895304,0.0,0.0,0.0,,,,,,,,,,,,,,,,,,,,,,,,,,,,,3.63361429E3
3850,UNDS,YCOR,YCSX31,type-U,0.0,,,,,,,,,,4.0,8.533643025E2,5.85616492E2,1.25,-0.895304,0.0,0.0,0.0,,,,,,,,,,,,,,,,,,,,,,,,,,,,,3.63361429E3
3853,UNDS,BPM,RFBSX31,CavityX-1,0.05,,,,,,,,,,4.0,8.534943025E2,5.85746492E2,1.25,-0.895304,0.0,0.0,0.0,,,,,,,,,,,,,,,,,,,,,,,,,,,,,3.6337442885E3
3855,UNDS,MARK,SXR31END,,,,,,,,,,,,4.0,8.537343025E2,5.85986492E2,1.25,-0.895304,0.0,0.0,0.0,,,,,,,,,,,,,,,,,,,,,,,,,,,,,3.633984286E3
3856,UNDS,MARK,SXR32BEG,,,,,,,,,,,,4.0,8.537343025E2,5.85986492E2,1.25,-0.895304,0.0,0.0,0.0,,,,,,,,,,,,,,,,,,,,,,,,,,,,,3.633984286E3
3860,UNDS,USEG,UMASXH32,VGHPU39,3.393,,,,,,,,,,4.0,8.555643025E2,5.87816492E2,1.25,-0.895304,0.0,0.0,0.0,,,,,,,,,,,,,,,,,,,,,,0.039,5.5,,,,,,3.635814266E3
3861,UNDS,EFC,XCSU32,type-V,0.0,,,,,,,,,,4.0,8.555643025E2,5.87816492E2,1.25,-0.895304,0.0,0.0,0.0,,,,,,,,,,,,,,,,,,,,,,,,,,,,,3.635814266E3
3862,UNDS,EFC,YCSU32,type-V,0.0,,,,,,,,,,4.0,8.555643025E2,5.87816492E2,1.25,-0.895304,0.0,0.0,0.0,,,,,,,,,,,,,,,,,,,,,,,,,,,,,3.635814266E3
3866,UNDS,USEG,PSSXH32,PS75,0.0825,,,,,,,,,,4.0,8.574693025E2,5.89721492E2,1.25,-0.895304,0.0,0.0,0.0,,,,,,,,,,,,,,,,,,,,,,0.075,4.064631891745,,,,,,3.637719245E3
3867,UNDS,MARK,MPHS32,,,,,,,,,,,,4.0,8.574693025E2,5.89721492E2,1.25,-0.895304,0.0,0.0,0.0,,,,,,,,,,,,,,,,,,,,,,,,,,,,,3.637719245E3
3871,UNDS,QUAD,QSXH32,0.433Q3.1,0.084,0.011,,2.676718375,,0.0,,,,,4.0,8.577643025E2,5.90016492E2,1.25,-0.895304,0.0,0.0,0.0,,,,,,,,,,29.9999997552,-35.714285422857,,,,,,,,,,,,,,,,,,3.638014242E3
3872,UNDS,XCOR,XCSX32,type-U,0.0,,,,,,,,,,4.0,8.577643025E2,5.90016492E2,1.25,-0.895304,0.0,0.0,0.0,,,,,,,,,,,,,,,,,,,,,,,,,,,,,3.638014242E3
3873,UNDS,MARK,MUQS32,,,,,,,,,,,,4.0,8.577643025E2,5.90016492E2,1.25,-0.895304,0.0,0.0,0.0,,,,,,,,,,,,,,,,,,,,,,,,,,,,,3.638014242E3
3874,UNDS,YCOR,YCSX32,type-U,0.0,,,,,,,,,,4.0,8.577643025E2,5.90016492E2,1.25,-0.895304,0.0,0.0,0.0,,,,,,,,,,,,,,,,,,,,,,,,,,,,,3.638014242E3
3877,UNDS,BPM,RFBSX32,CavityX-1,0.05,,,,,,,,,,4.0,8.578943025E2,5.90146492E2,1.25,-0.895304,0.0,0.0,0.0,,,,,,,,,,,,,,,,,,,,,,,,,,,,,3.6381442405E3
3879,UNDS,MARK,SXR32END,,,,,,,,,,,,4.0,8.581343025E2,5.90386492E2,1.25,-0.895304,0.0,0.0,0.0,,,,,,,,,,,,,,,,,,,,,,,,,,,,,3.638384238E3
3880,UNDS,MARK,SXR33BEG,,,,,,,,,,,,4.0,8.581343025E2,5.90386492E2,1.25,-0.895304,0.0,0.0,0.0,,,,,,,,,,,,,,,,,,,,,,,,,,,,,3.638384238E3
3882,UNDS,MARK,MBLMS33,,,,,,,,,,,,4.0,8.582343025E2,5.90486492E2,1.25,-0.895304,0.0,0.0,0.0,,,,,,,,,,,,,,,,,,,,,,,,,,,,,3.638484237E3
3885,UNDS,USEG,UMASXH33,VGHPU39,3.393,,,,,,,,,,4.0,8.599643025E2,5.92216492E2,1.25,-0.895304,0.0,0.0,0.0,,,,,,,,,,,,,,,,,,,,,,0.039,5.5,,,,,,3.640214218E3
3886,UNDS,EFC,XCSU33,type-V,0.0,,,,,,,,,,4.0,8.599643025E2,5.92216492E2,1.25,-0.895304,0.0,0.0,0.0,,,,,,,,,,,,,,,,,,,,,,,,,,,,,3.640214218E3
3887,UNDS,EFC,YCSU33,type-V,0.0,,,,,,,,,,4.0,8.599643025E2,5.92216492E2,1.25,-0.895304,0.0,0.0,0.0,,,,,,,,,,,,,,,,,,,,,,,,,,,,,3.640214218E3
3891,UNDS,USEG,PSSXH33,PS75,0.0825,,,,,,,,,,4.0,8.618693025E2,5.94121492E2,1.25,-0.895304,0.0,0.0,0.0,,,,,,,,,,,,,,,,,,,,,,0.075,4.064631891745,,,,,,3.642119197E3
3892,UNDS,MARK,MPHS33,,,,,,,,,,,,4.0,8.618693025E2,5.94121492E2,1.25,-0.895304,0.0,0.0,0.0,,,,,,,,,,,,,,,,,,,,,,,,,,,,,3.642119197E3
3896,UNDS,QUAD,QSXH33,0.433Q3.1,0.084,0.011,,-2.676718375,,0.0,,,,,4.0,8.621643025E2,5.94416492E2,1.25,-0.895304,0.0,0.0,0.0,,,,,,,,,,-29.9999997552,35.714285422857,,,,,,,,,,,,,,,,,,3.642414194E3
3897,UNDS,XCOR,XCSX33,type-U,0.0,,,,,,,,,,4.0,8.621643025E2,5.94416492E2,1.25,-0.895304,0.0,0.0,0.0,,,,,,,,,,,,,,,,,,,,,,,,,,,,,3.642414194E3
3898,UNDS,MARK,MUQS33,,,,,,,,,,,,4.0,8.621643025E2,5.94416492E2,1.25,-0.895304,0.0,0.0,0.0,,,,,,,,,,,,,,,,,,,,,,,,,,,,,3.642414194E3
3899,UNDS,YCOR,YCSX33,type-U,0.0,,,,,,,,,,4.0,8.621643025E2,5.94416492E2,1.25,-0.895304,0.0,0.0,0.0,,,,,,,,,,,,,,,,,,,,,,,,,,,,,3.642414194E3
3902,UNDS,BPM,RFBSX33,CavityX-1,0.05,,,,,,,,,,4.0,8.622943025E2,5.94546492E2,1.25,-0.895304,0.0,0.0,0.0,,,,,,,,,,,,,,,,,,,,,,,,,,,,,3.6425441925E3
3904,UNDS,MARK,SXR33END,,,,,,,,,,,,4.0,8.625343025E2,5.94786492E2,1.25,-0.895304,0.0,0.0,0.0,,,,,,,,,,,,,,,,,,,,,,,,,,,,,3.64278419E3
3905,UNDS,MARK,SXR34BEG,,,,,,,,,,,,4.0,8.625343025E2,5.94786492E2,1.25,-0.895304,0.0,0.0,0.0,,,,,,,,,,,,,,,,,,,,,,,,,,,,,3.64278419E3
3909,UNDS,USEG,UMASXH34,VGHPU39,3.393,,,,,,,,,,4.0,8.643643025E2,5.96616492E2,1.25,-0.895304,0.0,0.0,0.0,,,,,,,,,,,,,,,,,,,,,,0.039,5.5,,,,,,3.64461417E3
3910,UNDS,EFC,XCSU34,type-V,0.0,,,,,,,,,,4.0,8.643643025E2,5.96616492E2,1.25,-0.895304,0.0,0.0,0.0,,,,,,,,,,,,,,,,,,,,,,,,,,,,,3.64461417E3
3911,UNDS,EFC,YCSU34,type-V,0.0,,,,,,,,,,4.0,8.643643025E2,5.96616492E2,1.25,-0.895304,0.0,0.0,0.0,,,,,,,,,,,,,,,,,,,,,,,,,,,,,3.64461417E3
3915,UNDS,USEG,PSSXH34,PS75,0.0825,,,,,,,,,,4.0,8.662693025E2,5.98521492E2,1.25,-0.895304,0.0,0.0,0.0,,,,,,,,,,,,,,,,,,,,,,0.075,4.064631891745,,,,,,3.646519149E3
3916,UNDS,MARK,MPHS34,,,,,,,,,,,,4.0,8.662693025E2,5.98521492E2,1.25,-0.895304,0.0,0.0,0.0,,,,,,,,,,,,,,,,,,,,,,,,,,,,,3.646519149E3
3919,UNDS,MARK,VVSXU34,,,,,,,,,,,,4.0,8.664389275E2,5.98691117E2,1.25,-0.895304,0.0,0.0,0.0,,,,,,,,,,,,,,,,,,,,,,,,,,,,,3.646688772E3
3921,UNDS,QUAD,QSXH34,0.433Q3.1,0.084,0.011,,2.676718375,,0.0,,,,,4.0,8.665643025E2,5.98816492E2,1.25,-0.895304,0.0,0.0,0.0,,,,,,,,,,29.9999997552,-35.714285422857,,,,,,,,,,,,,,,,,,3.646814146E3
3922,UNDS,XCOR,XCSX34,type-U,0.0,,,,,,,,,,4.0,8.665643025E2,5.98816492E2,1.25,-0.895304,0.0,0.0,0.0,,,,,,,,,,,,,,,,,,,,,,,,,,,,,3.646814146E3
3923,UNDS,MARK,MUQS34,,,,,,,,,,,,4.0,8.665643025E2,5.98816492E2,1.25,-0.895304,0.0,0.0,0.0,,,,,,,,,,,,,,,,,,,,,,,,,,,,,3.646814146E3
3924,UNDS,YCOR,YCSX34,type-U,0.0,,,,,,,,,,4.0,8.665643025E2,5.98816492E2,1.25,-0.895304,0.0,0.0,0.0,,,,,,,,,,,,,,,,,,,,,,,,,,,,,3.646814146E3
3927,UNDS,BPM,RFBSX34,CavityX-1,0.05,,,,,,,,,,4.0,8.666943025E2,5.98946492E2,1.25,-0.895304,0.0,0.0,0.0,,,,,,,,,,,,,,,,,,,,,,,,,,,,,3.6469441445E3
3929,UNDS,MARK,SXR34END,,,,,,,,,,,,4.0,8.669343025E2,5.99186492E2,1.25,-0.895304,0.0,0.0,0.0,,,,,,,,,,,,,,,,,,,,,,,,,,,,,3.647184142E3
3930,UNDS,MARK,SXR35BEG,,,,,,,,,,,,4.0,8.669343025E2,5.99186492E2,1.25,-0.895304,0.0,0.0,0.0,,,,,,,,,,,,,,,,,,,,,,,,,,,,,3.647184142E3
3933,UNDS,MARK,SXRSSBEG,,,,,,,,,,,,4.0,8.670643025E2,5.99316492E2,1.25,-0.895304,0.0,0.0,0.0,,,,,,,,,,,,,,,,,,,,,,,,,,,,,3.64731414E3
3935,UNDS,BEND,BCXSS1,0.315D14-C,0.363602,0.8001E-2,0.0,0.0,,0.0,0.0,0.0,,,4.0,8.673113025E2,5.99563492E2,1.25,-0.895304,0.0,0.0,0.0,,,,,,0.363602,0.5,0.0,0.0,0.0,0.0,,,,5.99563492E2,1.251,-0.895304,0.0,0.0,0.0,,,,,,,,,3.647561138E3
3938,UNDS,INST,GSXS1,grating,0.0,,,,,,,,,,4.0,8.67933103E2,6.00185292E2,1.25,-0.895304,0.0,0.0,0.0,,,,,,,,,,,,,,,6.00185292E2,1.25,-0.895304,0.0,0.0,0.0,,,,,,,,,3.648182931E3
3940,UNDS,INST,MSXS1,mirror,0.0,,,,,,,,,,4.0,8.67982103E2,6.00234293E2,1.25,-0.895304,0.0,0.0,0.0,,,,,,,,,,,,,,,6.00234293E2,1.24807,-0.895304,0.0,0.0,0.0,,,,,,,,,3.648231931E3
3942,UNDS,BEND,BCXSS2,0.315D14-C,0.363602,0.8001E-2,0.0,0.0,,0.0,0.0,0.0,,,4.0,8.685043025E2,6.00756492E2,1.25,-0.895304,0.0,0.0,0.0,,,,,,0.363602,0.5,0.0,0.0,0.0,0.0,,,,6.00756492E2,1.2597,-0.895304,0.0,0.0,0.0,,,,,,,,,3.648754125E3
3945,UNDS,MARK,CNTRS,,,,,,,,,,,,4.0,8.687643025E2,6.01016492E2,1.25,-0.895304,0.0,0.0,0.0,,,,,,,,,,,,,,,,,,,,,,,,,,,,,3.649014122E3
3947,UNDS,BEND,BCXSS3,0.315D14-C,0.363602,0.8001E-2,0.0,0.0,,0.0,0.0,0.0,,,4.0,8.690243025E2,6.01276492E2,1.25,-0.895304,0.0,0.0,0.0,,,,,,0.363602,0.5,0.0,0.0,0.0,0.0,,,,6.01276492E2,1.2597,-0.895304,0.0,0.0,0.0,,,,,,,,,3.649274119E3
3950,UNDS,INST,SLSXS1,slit,0.0,,,,,,,,,,4.0,8.69283103E2,6.01535292E2,1.25,-0.895304,0.0,0.0,0.0,,,,,,,,,,,,,,,6.01535292E2,1.24615,-0.895304,0.0,0.0,0.0,,,,,,,,,3.649532917E3
3952,UNDS,INST,MSXS2,mirror,0.0,,,,,,,,,,4.0,8.69468103E2,6.01720292E2,1.25,-0.895304,0.0,0.0,0.0,,,,,,,,,,,,,,,6.01720292E2,1.24615,-0.895304,0.0,0.0,0.0,,,,,,,,,3.649717915E3
3954,UNDS,INST,MSXS3,mirror,0.0,,,,,,,,,,4.0,8.69596103E2,6.01848292E2,1.25,-0.895304,0.0,0.0,0.0,,,,,,,,,,,,,,,6.01848292E2,1.25,-0.895304,0.0,0.0,0.0,,,,,,,,,3.649845913E3
3956,UNDS,BEND,BCXSS4,0.315D14-C,0.363602,0.8001E-2,0.0,0.0,,0.0,0.0,0.0,,,4.0,8.702173025E2,6.02469492E2,1.25,-0.895304,0.0,0.0,0.0,,,,,,0.363602,0.5,0.0,0.0,0.0,0.0,,,,6.02469492E2,1.251,-0.895304,0.0,0.0,0.0,,,,,,,,,3.650467106E3
3959,UNDS,MARK,SXRSSEND,,,,,,,,,,,,4.0,8.704643025E2,6.02716492E2,1.25,-0.895304,0.0,0.0,0.0,,,,,,,,,,,,,,,,,,,,,,,,,,,,,3.650714103E3
3963,UNDS,PROF,BOD10,YAG,0.0,,,,,,,,,,4.0,8.708278105E2,6.0308E2,1.25,-0.895304,0.0,0.0,0.0,,,,,,,,,,,,,,,,,,,,,,,,,,,,,3.651077607E3
3965,UNDS,MARK,VVSXU35,,,,,,,,,,,,4.0,8.708389275E2,6.03091117E2,1.25,-0.895304,0.0,0.0,0.0,,,,,,,,,,,,,,,,,,,,,,,,,,,,,3.651088724E3
3967,UNDS,QUAD,QSXH35,0.433Q3.1,0.084,0.011,,-2.676718375,,0.0,,,,,4.0,8.709643025E2,6.03216492E2,1.25,-0.895304,0.0,0.0,0.0,,,,,,,,,,-29.9999997552,35.714285422857,,,,,,,,,,,,,,,,,,3.651214098E3
3968,UNDS,XCOR,XCSX35,type-U,0.0,,,,,,,,,,4.0,8.709643025E2,6.03216492E2,1.25,-0.895304,0.0,0.0,0.0,,,,,,,,,,,,,,,,,,,,,,,,,,,,,3.651214098E3
3969,UNDS,MARK,MUQS35,,,,,,,,,,,,4.0,8.709643025E2,6.03216492E2,1.25,-0.895304,0.0,0.0,0.0,,,,,,,,,,,,,,,,,,,,,,,,,,,,,3.651214098E3
3970,UNDS,YCOR,YCSX35,type-U,0.0,,,,,,,,,,4.0,8.709643025E2,6.03216492E2,1.25,-0.895304,0.0,0.0,0.0,,,,,,,,,,,,,,,,,,,,,,,,,,,,,3.651214098E3
3973,UNDS,BPM,RFBSX35,CavityX-1,0.05,,,,,,,,,,4.0,8.710943025E2,6.03346492E2,1.25,-0.895304,0.0,0.0,0.0,,,,,,,,,,,,,,,,,,,,,,,,,,,,,3.6513440965E3
3975,UNDS,MARK,SXR35END,,,,,,,,,,,,4.0,8.713343025E2,6.03586492E2,1.25,-0.895304,0.0,0.0,0.0,,,,,,,,,,,,,,,,,,,,,,,,,,,,,3.651584094E3
3976,UNDS,MARK,SXR36BEG,,,,,,,,,,,,4.0,8.713343025E2,6.03586492E2,1.25,-0.895304,0.0,0.0,0.0,,,,,,,,,,,,,,,,,,,,,,,,,,,,,3.651584094E3
3980,UNDS,USEG,UMASXH36,VGHPU39,3.393,,,,,,,,,,4.0,8.731643025E2,6.05416492E2,1.25,-0.895304,0.0,0.0,0.0,,,,,,,,,,,,,,,,,,,,,,0.039,5.5,,,,,,3.653414074E3
3981,UNDS,EFC,XCSU36,type-V,0.0,,,,,,,,,,4.0,8.731643025E2,6.05416492E2,1.25,-0.895304,0.0,0.0,0.0,,,,,,,,,,,,,,,,,,,,,,,,,,,,,3.653414074E3
3982,UNDS,EFC,YCSU36,type-V,0.0,,,,,,,,,,4.0,8.731643025E2,6.05416492E2,1.25,-0.895304,0.0,0.0,0.0,,,,,,,,,,,,,,,,,,,,,,,,,,,,,3.653414074E3
3986,UNDS,USEG,PSSXH36,PS75,0.0825,,,,,,,,,,4.0,8.750693025E2,6.07321492E2,1.25,-0.895304,0.0,0.0,0.0,,,,,,,,,,,,,,,,,,,,,,0.075,4.064631891745,,,,,,3.655319053E3
3987,UNDS,MARK,MPHS36,,,,,,,,,,,,4.0,8.750693025E2,6.07321492E2,1.25,-0.895304,0.0,0.0,0.0,,,,,,,,,,,,,,,,,,,,,,,,,,,,,3.655319053E3
3991,UNDS,QUAD,QSXH36,0.433Q3.1,0.084,0.011,,2.676718375,,0.0,,,,,4.0,8.753643025E2,6.07616492E2,1.25,-0.895304,0.0,0.0,0.0,,,,,,,,,,29.9999997552,-35.714285422857,,,,,,,,,,,,,,,,,,3.65561405E3
3992,UNDS,XCOR,XCSX36,type-U,0.0,,,,,,,,,,4.0,8.753643025E2,6.07616492E2,1.25,-0.895304,0.0,0.0,0.0,,,,,,,,,,,,,,,,,,,,,,,,,,,,,3.65561405E3
3993,UNDS,MARK,MUQS36,,,,,,,,,,,,4.0,8.753643025E2,6.07616492E2,1.25,-0.895304,0.0,0.0,0.0,,,,,,,,,,,,,,,,,,,,,,,,,,,,,3.65561405E3
3994,UNDS,YCOR,YCSX36,type-U,0.0,,,,,,,,,,4.0,8.753643025E2,6.07616492E2,1.25,-0.895304,0.0,0.0,0.0,,,,,,,,,,,,,,,,,,,,,,,,,,,,,3.65561405E3
3997,UNDS,BPM,RFBSX36,CavityX-1,0.05,,,,,,,,,,4.0,8.754943025E2,6.07746492E2,1.25,-0.895304,0.0,0.0,0.0,,,,,,,,,,,,,,,,,,,,,,,,,,,,,3.6557440485E3
3999,UNDS,MARK,SXR36END,,,,,,,,,,,,4.0,8.757343025E2,6.07986492E2,1.25,-0.895304,0.0,0.0,0.0,,,,,,,,,,,,,,,,,,,,,,,,,,,,,3.655984046E3
4000,UNDS,MARK,SXR37BEG,,,,,,,,,,,,4.0,8.757343025E2,6.07986492E2,1.25,-0.895304,0.0,0.0,0.0,,,,,,,,,,,,,,,,,,,,,,,,,,,,,3.655984046E3
4002,UNDS,MARK,MBLMS37,,,,,,,,,,,,4.0,8.758343025E2,6.08086492E2,1.25,-0.895304,0.0,0.0,0.0,,,,,,,,,,,,,,,,,,,,,,,,,,,,,3.656084045E3
4005,UNDS,USEG,UMASXH37,VGHPU39,3.393,,,,,,,,,,4.0,8.775643025E2,6.09816492E2,1.25,-0.895304,0.0,0.0,0.0,,,,,,,,,,,,,,,,,,,,,,0.039,5.5,,,,,,3.657814026E3
4006,UNDS,EFC,XCSU37,type-V,0.0,,,,,,,,,,4.0,8.775643025E2,6.09816492E2,1.25,-0.895304,0.0,0.0,0.0,,,,,,,,,,,,,,,,,,,,,,,,,,,,,3.657814026E3
4007,UNDS,EFC,YCSU37,type-V,0.0,,,,,,,,,,4.0,8.775643025E2,6.09816492E2,1.25,-0.895304,0.0,0.0,0.0,,,,,,,,,,,,,,,,,,,,,,,,,,,,,3.657814026E3
4011,UNDS,USEG,PSSXH37,PS75,0.0825,,,,,,,,,,4.0,8.794693025E2,6.11721492E2,1.25,-0.895304,0.0,0.0,0.0,,,,,,,,,,,,,,,,,,,,,,0.075,4.064631891745,,,,,,3.659719005E3
4012,UNDS,MARK,MPHS37,,,,,,,,,,,,4.0,8.794693025E2,6.11721492E2,1.25,-0.895304,0.0,0.0,0.0,,,,,,,,,,,,,,,,,,,,,,,,,,,,,3.659719005E3
4016,UNDS,QUAD,QSXH37,0.433Q3.1,0.084,0.011,,-2.676718375,,0.0,,,,,4.0,8.797643025E2,6.12016492E2,1.25,-0.895304,0.0,0.0,0.0,,,,,,,,,,-29.9999997552,35.714285422857,,,,,,,,,,,,,,,,,,3.660014002E3
4017,UNDS,XCOR,XCSX37,type-U,0.0,,,,,,,,,,4.0,8.797643025E2,6.12016492E2,1.25,-0.895304,0.0,0.0,0.0,,,,,,,,,,,,,,,,,,,,,,,,,,,,,3.660014002E3
4018,UNDS,MARK,MUQS37,,,,,,,,,,,,4.0,8.797643025E2,6.12016492E2,1.25,-0.895304,0.0,0.0,0.0,,,,,,,,,,,,,,,,,,,,,,,,,,,,,3.660014002E3
4019,UNDS,YCOR,YCSX37,type-U,0.0,,,,,,,,,,4.0,8.797643025E2,6.12016492E2,1.25,-0.895304,0.0,0.0,0.0,,,,,,,,,,,,,,,,,,,,,,,,,,,,,3.660014002E3
4022,UNDS,BPM,RFBSX37,CavityX-1,0.05,,,,,,,,,,4.0,8.798943025E2,6.12146492E2,1.25,-0.895304,0.0,0.0,0.0,,,,,,,,,,,,,,,,,,,,,,,,,,,,,3.6601440005E3
4024,UNDS,PROF,BOD12,YAG,0.0,,,,,,,,,,4.0,8.799978105E2,6.1225E2,1.25,-0.895304,0.0,0.0,0.0,,,,,,,,,,,,,,,,,,,,,,,,,,,,,3.660247507E3
4026,UNDS,MARK,SXR37END,,,,,,,,,,,,4.0,8.801343025E2,6.12386492E2,1.25,-0.895304,0.0,0.0,0.0,,,,,,,,,,,,,,,,,,,,,,,,,,,,,3.660383998E3
4027,UNDS,MARK,SXR38BEG,,,,,,,,,,,,4.0,8.801343025E2,6.12386492E2,1.25,-0.895304,0.0,0.0,0.0,,,,,,,,,,,,,,,,,,,,,,,,,,,,,3.660383998E3
4031,UNDS,USEG,UMASXH38,VGHPU39,3.393,,,,,,,,,,4.0,8.819643025E2,6.14216492E2,1.25,-0.895304,0.0,0.0,0.0,,,,,,,,,,,,,,,,,,,,,,0.039,5.5,,,,,,3.662213978E3
4032,UNDS,EFC,XCSU38,type-V,0.0,,,,,,,,,,4.0,8.819643025E2,6.14216492E2,1.25,-0.895304,0.0,0.0,0.0,,,,,,,,,,,,,,,,,,,,,,,,,,,,,3.662213978E3
4033,UNDS,EFC,YCSU38,type-V,0.0,,,,,,,,,,4.0,8.819643025E2,6.14216492E2,1.25,-0.895304,0.0,0.0,0.0,,,,,,,,,,,,,,,,,,,,,,,,,,,,,3.662213978E3
4037,UNDS,USEG,PSSXH38,PS75,0.0825,,,,,,,,,,4.0,8.838693025E2,6.16121492E2,1.25,-0.895304,0.0,0.0,0.0,,,,,,,,,,,,,,,,,,,,,,0.075,4.064631891745,,,,,,3.664118957E3
4038,UNDS,MARK,MPHS38,,,,,,,,,,,,4.0,8.838693025E2,6.16121492E2,1.25,-0.895304,0.0,0.0,0.0,,,,,,,,,,,,,,,,,,,,,,,,,,,,,3.664118957E3
4041,UNDS,MARK,VVSXU38,,,,,,,,,,,,4.0,8.840389275E2,6.16291117E2,1.25,-0.895304,0.0,0.0,0.0,,,,,,,,,,,,,,,,,,,,,,,,,,,,,3.66428858E3
4043,UNDS,QUAD,QSXH38,0.433Q3.1,0.084,0.011,,2.676718375,,0.0,,,,,4.0,8.841643025E2,6.16416492E2,1.25,-0.895304,0.0,0.0,0.0,,,,,,,,,,29.9999997552,-35.714285422857,,,,,,,,,,,,,,,,,,3.664413954E3
4044,UNDS,XCOR,XCSX38,type-U,0.0,,,,,,,,,,4.0,8.841643025E2,6.16416492E2,1.25,-0.895304,0.0,0.0,0.0,,,,,,,,,,,,,,,,,,,,,,,,,,,,,3.664413954E3
4045,UNDS,MARK,MUQS38,,,,,,,,,,,,4.0,8.841643025E2,6.16416492E2,1.25,-0.895304,0.0,0.0,0.0,,,,,,,,,,,,,,,,,,,,,,,,,,,,,3.664413954E3
4046,UNDS,YCOR,YCSX38,type-U,0.0,,,,,,,,,,4.0,8.841643025E2,6.16416492E2,1.25,-0.895304,0.0,0.0,0.0,,,,,,,,,,,,,,,,,,,,,,,,,,,,,3.664413954E3
4049,UNDS,BPM,RFBSX38,CavityX-1,0.05,,,,,,,,,,4.0,8.842943025E2,6.16546492E2,1.25,-0.895304,0.0,0.0,0.0,,,,,,,,,,,,,,,,,,,,,,,,,,,,,3.6645439525E3
4051,UNDS,MARK,SXR38END,,,,,,,,,,,,4.0,8.845343025E2,6.16786492E2,1.25,-0.895304,0.0,0.0,0.0,,,,,,,,,,,,,,,,,,,,,,,,,,,,,3.66478395E3
4052,UNDS,MARK,SXR39BEG,,,,,,,,,,,,4.0,8.845343025E2,6.16786492E2,1.25,-0.895304,0.0,0.0,0.0,,,,,,,,,,,,,,,,,,,,,,,,,,,,,3.66478395E3
4054,UNDS,MARK,MBLMS39,,,,,,,,,,,,4.0,8.846343025E2,6.16886492E2,1.25,-0.895304,0.0,0.0,0.0,,,,,,,,,,,,,,,,,,,,,,,,,,,,,3.664883949E3
4057,UNDS,USEG,UMASXH39,VGHPU39,3.393,,,,,,,,,,4.0,8.863643025E2,6.18616492E2,1.25,-0.895304,0.0,0.0,0.0,,,,,,,,,,,,,,,,,,,,,,0.039,5.5,,,,,,3.66661393E3
4058,UNDS,EFC,XCSU39,type-V,0.0,,,,,,,,,,4.0,8.863643025E2,6.18616492E2,1.25,-0.895304,0.0,0.0,0.0,,,,,,,,,,,,,,,,,,,,,,,,,,,,,3.66661393E3
4059,UNDS,EFC,YCSU39,type-V,0.0,,,,,,,,,,4.0,8.863643025E2,6.18616492E2,1.25,-0.895304,0.0,0.0,0.0,,,,,,,,,,,,,,,,,,,,,,,,,,,,,3.66661393E3
4063,UNDS,USEG,PSSXH39,PS75,0.0825,,,,,,,,,,4.0,8.882693025E2,6.20521492E2,1.25,-0.895304,0.0,0.0,0.0,,,,,,,,,,,,,,,,,,,,,,0.075,4.064631891745,,,,,,3.668518909E3
4064,UNDS,MARK,MPHS39,,,,,,,,,,,,4.0,8.882693025E2,6.20521492E2,1.25,-0.895304,0.0,0.0,0.0,,,,,,,,,,,,,,,,,,,,,,,,,,,,,3.668518909E3
4068,UNDS,QUAD,QSXH39,0.433Q3.1,0.084,0.011,,-2.676718375,,0.0,,,,,4.0,8.885643025E2,6.20816492E2,1.25,-0.895304,0.0,0.0,0.0,,,,,,,,,,-29.9999997552,35.714285422857,,,,,,,,,,,,,,,,,,3.668813906E3
4069,UNDS,XCOR,XCSX39,type-U,0.0,,,,,,,,,,4.0,8.885643025E2,6.20816492E2,1.25,-0.895304,0.0,0.0,0.0,,,,,,,,,,,,,,,,,,,,,,,,,,,,,3.668813906E3
4070,UNDS,MARK,MUQS39,,,,,,,,,,,,4.0,8.885643025E2,6.20816492E2,1.25,-0.895304,0.0,0.0,0.0,,,,,,,,,,,,,,,,,,,,,,,,,,,,,3.668813906E3
4071,UNDS,YCOR,YCSX39,type-U,0.0,,,,,,,,,,4.0,8.885643025E2,6.20816492E2,1.25,-0.895304,0.0,0.0,0.0,,,,,,,,,,,,,,,,,,,,,,,,,,,,,3.668813906E3
4074,UNDS,BPM,RFBSX39,CavityX-1,0.05,,,,,,,,,,4.0,8.886943025E2,6.20946492E2,1.25,-0.895304,0.0,0.0,0.0,,,,,,,,,,,,,,,,,,,,,,,,,,,,,3.6689439045E3
4076,UNDS,MARK,SXR39END,,,,,,,,,,,,4.0,8.889343025E2,6.21186492E2,1.25,-0.895304,0.0,0.0,0.0,,,,,,,,,,,,,,,,,,,,,,,,,,,,,3.669183902E3
4077,UNDS,MARK,SXR40BEG,,,,,,,,,,,,4.0,8.889343025E2,6.21186492E2,1.25,-0.895304,0.0,0.0,0.0,,,,,,,,,,,,,,,,,,,,,,,,,,,,,3.669183902E3
4081,UNDS,USEG,UMASXH40,VGHPU39,3.393,,,,,,,,,,4.0,8.907643025E2,6.23016492E2,1.25,-0.895304,0.0,0.0,0.0,,,,,,,,,,,,,,,,,,,,,,0.039,5.5,,,,,,3.671013882E3
4082,UNDS,EFC,XCSU40,type-V,0.0,,,,,,,,,,4.0,8.907643025E2,6.23016492E2,1.25,-0.895304,0.0,0.0,0.0,,,,,,,,,,,,,,,,,,,,,,,,,,,,,3.671013882E3
4083,UNDS,EFC,YCSU40,type-V,0.0,,,,,,,,,,4.0,8.907643025E2,6.23016492E2,1.25,-0.895304,0.0,0.0,0.0,,,,,,,,,,,,,,,,,,,,,,,,,,,,,3.671013882E3
4087,UNDS,USEG,PSSXH40,PS75,0.0825,,,,,,,,,,4.0,8.926693025E2,6.24921492E2,1.25,-0.895304,0.0,0.0,0.0,,,,,,,,,,,,,,,,,,,,,,0.075,4.064631891745,,,,,,3.672918861E3
4088,UNDS,MARK,MPHS40,,,,,,,,,,,,4.0,8.926693025E2,6.24921492E2,1.25,-0.895304,0.0,0.0,0.0,,,,,,,,,,,,,,,,,,,,,,,,,,,,,3.672918861E3
4092,UNDS,QUAD,QSXH40,0.433Q3.1,0.084,0.011,,2.676718375,,0.0,,,,,4.0,8.929643025E2,6.25216492E2,1.25,-0.895304,0.0,0.0,0.0,,,,,,,,,,29.9999997552,-35.714285422857,,,,,,,,,,,,,,,,,,3.673213858E3
4093,UNDS,XCOR,XCSX40,type-U,0.0,,,,,,,,,,4.0,8.929643025E2,6.25216492E2,1.25,-0.895304,0.0,0.0,0.0,,,,,,,,,,,,,,,,,,,,,,,,,,,,,3.673213858E3
4094,UNDS,MARK,MUQS40,,,,,,,,,,,,4.0,8.929643025E2,6.25216492E2,1.25,-0.895304,0.0,0.0,0.0,,,,,,,,,,,,,,,,,,,,,,,,,,,,,3.673213858E3
4095,UNDS,YCOR,YCSX40,type-U,0.0,,,,,,,,,,4.0,8.929643025E2,6.25216492E2,1.25,-0.895304,0.0,0.0,0.0,,,,,,,,,,,,,,,,,,,,,,,,,,,,,3.673213858E3
4098,UNDS,BPM,RFBSX40,CavityX-1,0.05,,,,,,,,,,4.0,8.930943025E2,6.25346492E2,1.25,-0.895304,0.0,0.0,0.0,,,,,,,,,,,,,,,,,,,,,,,,,,,,,3.6733438565E3
4100,UNDS,MARK,SXR40END,,,,,,,,,,,,4.0,8.933343025E2,6.25586492E2,1.25,-0.895304,0.0,0.0,0.0,,,,,,,,,,,,,,,,,,,,,,,,,,,,,3.673583854E3
4101,UNDS,MARK,SXR41BEG,,,,,,,,,,,,4.0,8.933343025E2,6.25586492E2,1.25,-0.895304,0.0,0.0,0.0,,,,,,,,,,,,,,,,,,,,,,,,,,,,,3.673583854E3
4103,UNDS,MARK,MBLMS41,,,,,,,,,,,,4.0,8.934343025E2,6.25686492E2,1.25,-0.895304,0.0,0.0,0.0,,,,,,,,,,,,,,,,,,,,,,,,,,,,,3.673683853E3
4106,UNDS,USEG,UMASXH41,VGHPU39,3.393,,,,,,,,,,4.0,8.951643025E2,6.27416492E2,1.25,-0.895304,0.0,0.0,0.0,,,,,,,,,,,,,,,,,,,,,,0.039,5.5,,,,,,3.675413834E3
4107,UNDS,EFC,XCSU41,type-V,0.0,,,,,,,,,,4.0,8.951643025E2,6.27416492E2,1.25,-0.895304,0.0,0.0,0.0,,,,,,,,,,,,,,,,,,,,,,,,,,,,,3.675413834E3
4108,UNDS,EFC,YCSU41,type-V,0.0,,,,,,,,,,4.0,8.951643025E2,6.27416492E2,1.25,-0.895304,0.0,0.0,0.0,,,,,,,,,,,,,,,,,,,,,,,,,,,,,3.675413834E3
4112,UNDS,USEG,PSSXH41,PS75,0.0825,,,,,,,,,,4.0,8.970693025E2,6.29321492E2,1.25,-0.895304,0.0,0.0,0.0,,,,,,,,,,,,,,,,,,,,,,0.075,4.064631891745,,,,,,3.677318813E3
4113,UNDS,MARK,MPHS41,,,,,,,,,,,,4.0,8.970693025E2,6.29321492E2,1.25,-0.895304,0.0,0.0,0.0,,,,,,,,,,,,,,,,,,,,,,,,,,,,,3.677318813E3
4117,UNDS,QUAD,QSXH41,0.433Q3.1,0.084,0.011,,-2.676718375,,0.0,,,,,4.0,8.973643025E2,6.29616492E2,1.25,-0.895304,0.0,0.0,0.0,,,,,,,,,,-29.9999997552,35.714285422857,,,,,,,,,,,,,,,,,,3.67761381E3
4118,UNDS,XCOR,XCSX41,type-U,0.0,,,,,,,,,,4.0,8.973643025E2,6.29616492E2,1.25,-0.895304,0.0,0.0,0.0,,,,,,,,,,,,,,,,,,,,,,,,,,,,,3.67761381E3
4119,UNDS,MARK,MUQS41,,,,,,,,,,,,4.0,8.973643025E2,6.29616492E2,1.25,-0.895304,0.0,0.0,0.0,,,,,,,,,,,,,,,,,,,,,,,,,,,,,3.67761381E3
4120,UNDS,YCOR,YCSX41,type-U,0.0,,,,,,,,,,4.0,8.973643025E2,6.29616492E2,1.25,-0.895304,0.0,0.0,0.0,,,,,,,,,,,,,,,,,,,,,,,,,,,,,3.67761381E3
4123,UNDS,BPM,RFBSX41,CavityX-1,0.05,,,,,,,,,,4.0,8.974943025E2,6.29746492E2,1.25,-0.895304,0.0,0.0,0.0,,,,,,,,,,,,,,,,,,,,,,,,,,,,,3.677743809E3
4125,UNDS,MARK,SXR41END,,,,,,,,,,,,4.0,8.977343025E2,6.29986492E2,1.25,-0.895304,0.0,0.0,0.0,,,,,,,,,,,,,,,,,,,,,,,,,,,,,3.677983806E3
4126,UNDS,MARK,SXR42BEG,,,,,,,,,,,,4.0,8.977343025E2,6.29986492E2,1.25,-0.895304,0.0,0.0,0.0,,,,,,,,,,,,,,,,,,,,,,,,,,,,,3.677983806E3
4130,UNDS,USEG,UMASXH42,VGHPU39,3.393,,,,,,,,,,4.0,8.995643025E2,6.31816492E2,1.25,-0.895304,0.0,0.0,0.0,,,,,,,,,,,,,,,,,,,,,,0.039,5.5,,,,,,3.679813786E3
4131,UNDS,EFC,XCSU42,type-V,0.0,,,,,,,,,,4.0,8.995643025E2,6.31816492E2,1.25,-0.895304,0.0,0.0,0.0,,,,,,,,,,,,,,,,,,,,,,,,,,,,,3.679813786E3
4132,UNDS,EFC,YCSU42,type-V,0.0,,,,,,,,,,4.0,8.995643025E2,6.31816492E2,1.25,-0.895304,0.0,0.0,0.0,,,,,,,,,,,,,,,,,,,,,,,,,,,,,3.679813786E3
4136,UNDS,USEG,PSSXH42,PS75,0.0825,,,,,,,,,,4.0,9.014693025E2,6.33721492E2,1.25,-0.895304,0.0,0.0,0.0,,,,,,,,,,,,,,,,,,,,,,0.075,4.064631891745,,,,,,3.681718765E3
4137,UNDS,MARK,MPHS42,,,,,,,,,,,,4.0,9.014693025E2,6.33721492E2,1.25,-0.895304,0.0,0.0,0.0,,,,,,,,,,,,,,,,,,,,,,,,,,,,,3.681718765E3
4141,UNDS,QUAD,QSXH42,0.433Q3.1,0.084,0.011,,2.676718375,,0.0,,,,,4.0,9.017643025E2,6.34016492E2,1.25,-0.895304,0.0,0.0,0.0,,,,,,,,,,29.9999997552,-35.714285422857,,,,,,,,,,,,,,,,,,3.682013762E3
4142,UNDS,XCOR,XCSX42,type-U,0.0,,,,,,,,,,4.0,9.017643025E2,6.34016492E2,1.25,-0.895304,0.0,0.0,0.0,,,,,,,,,,,,,,,,,,,,,,,,,,,,,3.682013762E3
4143,UNDS,MARK,MUQS42,,,,,,,,,,,,4.0,9.017643025E2,6.34016492E2,1.25,-0.895304,0.0,0.0,0.0,,,,,,,,,,,,,,,,,,,,,,,,,,,,,3.682013762E3
4144,UNDS,YCOR,YCSX42,type-U,0.0,,,,,,,,,,4.0,9.017643025E2,6.34016492E2,1.25,-0.895304,0.0,0.0,0.0,,,,,,,,,,,,,,,,,,,,,,,,,,,,,3.682013762E3
4147,UNDS,BPM,RFBSX42,CavityX-1,0.05,,,,,,,,,,4.0,9.018943025E2,6.34146492E2,1.25,-0.895304,0.0,0.0,0.0,,,,,,,,,,,,,,,,,,,,,,,,,,,,,3.682143761E3
4149,UNDS,MARK,SXR42END,,,,,,,,,,,,4.0,9.021343025E2,6.34386492E2,1.25,-0.895304,0.0,0.0,0.0,,,,,,,,,,,,,,,,,,,,,,,,,,,,,3.682383758E3
4150,UNDS,MARK,SXR43BEG,,,,,,,,,,,,4.0,9.021343025E2,6.34386492E2,1.25,-0.895304,0.0,0.0,0.0,,,,,,,,,,,,,,,,,,,,,,,,,,,,,3.682383758E3
4152,UNDS,MARK,MBLMS43,,,,,,,,,,,,4.0,9.022343025E2,6.34486492E2,1.25,-0.895304,0.0,0.0,0.0,,,,,,,,,,,,,,,,,,,,,,,,,,,,,3.682483757E3
4155,UNDS,USEG,UMASXH43,VGHPU39,3.393,,,,,,,,,,4.0,9.039643025E2,6.36216492E2,1.25,-0.895304,0.0,0.0,0.0,,,,,,,,,,,,,,,,,,,,,,0.039,5.5,,,,,,3.684213738E3
4156,UNDS,EFC,XCSU43,type-V,0.0,,,,,,,,,,4.0,9.039643025E2,6.36216492E2,1.25,-0.895304,0.0,0.0,0.0,,,,,,,,,,,,,,,,,,,,,,,,,,,,,3.684213738E3
4157,UNDS,EFC,YCSU43,type-V,0.0,,,,,,,,,,4.0,9.039643025E2,6.36216492E2,1.25,-0.895304,0.0,0.0,0.0,,,,,,,,,,,,,,,,,,,,,,,,,,,,,3.684213738E3
4161,UNDS,USEG,PSSXH43,PS75,0.0825,,,,,,,,,,4.0,9.058693025E2,6.38121492E2,1.25,-0.895304,0.0,0.0,0.0,,,,,,,,,,,,,,,,,,,,,,0.075,4.064631891745,,,,,,3.686118718E3
4162,UNDS,MARK,MPHS43,,,,,,,,,,,,4.0,9.058693025E2,6.38121492E2,1.25,-0.895304,0.0,0.0,0.0,,,,,,,,,,,,,,,,,,,,,,,,,,,,,3.686118718E3
4166,UNDS,QUAD,QSXH43,0.433Q3.1,0.084,0.011,,-2.676718375,,0.0,,,,,4.0,9.061643025E2,6.38416492E2,1.25,-0.895304,0.0,0.0,0.0,,,,,,,,,,-29.9999997552,35.714285422857,,,,,,,,,,,,,,,,,,3.686413714E3
4167,UNDS,XCOR,XCSX43,type-U,0.0,,,,,,,,,,4.0,9.061643025E2,6.38416492E2,1.25,-0.895304,0.0,0.0,0.0,,,,,,,,,,,,,,,,,,,,,,,,,,,,,3.686413714E3
4168,UNDS,MARK,MUQS43,,,,,,,,,,,,4.0,9.061643025E2,6.38416492E2,1.25,-0.895304,0.0,0.0,0.0,,,,,,,,,,,,,,,,,,,,,,,,,,,,,3.686413714E3
4169,UNDS,YCOR,YCSX43,type-U,0.0,,,,,,,,,,4.0,9.061643025E2,6.38416492E2,1.25,-0.895304,0.0,0.0,0.0,,,,,,,,,,,,,,,,,,,,,,,,,,,,,3.686413714E3
4172,UNDS,BPM,RFBSX43,CavityX-1,0.05,,,,,,,,,,4.0,9.062943025E2,6.38546492E2,1.25,-0.895304,0.0,0.0,0.0,,,,,,,,,,,,,,,,,,,,,,,,,,,,,3.686543713E3
4174,UNDS,MARK,SXR43END,,,,,,,,,,,,4.0,9.065343025E2,6.38786492E2,1.25,-0.895304,0.0,0.0,0.0,,,,,,,,,,,,,,,,,,,,,,,,,,,,,3.68678371E3
4175,UNDS,MARK,SXR44BEG,,,,,,,,,,,,4.0,9.065343025E2,6.38786492E2,1.25,-0.895304,0.0,0.0,0.0,,,,,,,,,,,,,,,,,,,,,,,,,,,,,3.68678371E3
4179,UNDS,USEG,UMASXH44,VGHPU39,3.393,,,,,,,,,,4.0,9.083643025E2,6.40616492E2,1.25,-0.895304,0.0,0.0,0.0,,,,,,,,,,,,,,,,,,,,,,0.039,5.5,,,,,,3.68861369E3
4180,UNDS,EFC,XCSU44,type-V,0.0,,,,,,,,,,4.0,9.083643025E2,6.40616492E2,1.25,-0.895304,0.0,0.0,0.0,,,,,,,,,,,,,,,,,,,,,,,,,,,,,3.68861369E3
4181,UNDS,EFC,YCSU44,type-V,0.0,,,,,,,,,,4.0,9.083643025E2,6.40616492E2,1.25,-0.895304,0.0,0.0,0.0,,,,,,,,,,,,,,,,,,,,,,,,,,,,,3.68861369E3
4185,UNDS,USEG,PSSXH44,PS75,0.0825,,,,,,,,,,4.0,9.102693025E2,6.42521492E2,1.25,-0.895304,0.0,0.0,0.0,,,,,,,,,,,,,,,,,,,,,,0.075,4.064631891745,,,,,,3.69051867E3
4186,UNDS,MARK,MPHS44,,,,,,,,,,,,4.0,9.102693025E2,6.42521492E2,1.25,-0.895304,0.0,0.0,0.0,,,,,,,,,,,,,,,,,,,,,,,,,,,,,3.69051867E3
4189,UNDS,MARK,VVSXU44,,,,,,,,,,,,4.0,9.104389275E2,6.42691117E2,1.25,-0.895304,0.0,0.0,0.0,,,,,,,,,,,,,,,,,,,,,,,,,,,,,3.690688293E3
4191,UNDS,QUAD,QSXH44,0.433Q3.1,0.084,0.011,,2.676718375,,0.0,,,,,4.0,9.105643025E2,6.42816492E2,1.25,-0.895304,0.0,0.0,0.0,,,,,,,,,,29.9999997552,-35.714285422857,,,,,,,,,,,,,,,,,,3.690813666E3
4192,UNDS,XCOR,XCSX44,type-U,0.0,,,,,,,,,,4.0,9.105643025E2,6.42816492E2,1.25,-0.895304,0.0,0.0,0.0,,,,,,,,,,,,,,,,,,,,,,,,,,,,,3.690813666E3
4193,UNDS,MARK,MUQS44,,,,,,,,,,,,4.0,9.105643025E2,6.42816492E2,1.25,-0.895304,0.0,0.0,0.0,,,,,,,,,,,,,,,,,,,,,,,,,,,,,3.690813666E3
4194,UNDS,YCOR,YCSX44,type-U,0.0,,,,,,,,,,4.0,9.105643025E2,6.42816492E2,1.25,-0.895304,0.0,0.0,0.0,,,,,,,,,,,,,,,,,,,,,,,,,,,,,3.690813666E3
4197,UNDS,BPM,RFBSX44,CavityX-1,0.05,,,,,,,,,,4.0,9.106943025E2,6.42946492E2,1.25,-0.895304,0.0,0.0,0.0,,,,,,,,,,,,,,,,,,,,,,,,,,,,,3.690943665E3
4199,UNDS,MARK,SXR44END,,,,,,,,,,,,4.0,9.109343025E2,6.43186492E2,1.25,-0.895304,0.0,0.0,0.0,,,,,,,,,,,,,,,,,,,,,,,,,,,,,3.691183662E3
4200,UNDS,MARK,SXR45BEG,,,,,,,,,,,,4.0,9.109343025E2,6.43186492E2,1.25,-0.895304,0.0,0.0,0.0,,,,,,,,,,,,,,,,,,,,,,,,,,,,,3.691183662E3
4202,UNDS,MARK,MBLMS45,,,,,,,,,,,,4.0,9.110343025E2,6.43286492E2,1.25,-0.895304,0.0,0.0,0.0,,,,,,,,,,,,,,,,,,,,,,,,,,,,,3.691283661E3
4205,UNDS,USEG,UMASXH45,VGHPU39,3.393,,,,,,,,,,4.0,9.127643025E2,6.45016492E2,1.25,-0.895304,0.0,0.0,0.0,,,,,,,,,,,,,,,,,,,,,,0.039,5.5,,,,,,3.693013642E3
4206,UNDS,EFC,XCSU45,type-V,0.0,,,,,,,,,,4.0,9.127643025E2,6.45016492E2,1.25,-0.895304,0.0,0.0,0.0,,,,,,,,,,,,,,,,,,,,,,,,,,,,,3.693013642E3
4207,UNDS,EFC,YCSU45,type-V,0.0,,,,,,,,,,4.0,9.127643025E2,6.45016492E2,1.25,-0.895304,0.0,0.0,0.0,,,,,,,,,,,,,,,,,,,,,,,,,,,,,3.693013642E3
4211,UNDS,USEG,PSSXH45,PS75,0.0825,,,,,,,,,,4.0,9.146693025E2,6.46921492E2,1.25,-0.895304,0.0,0.0,0.0,,,,,,,,,,,,,,,,,,,,,,0.075,4.064631891745,,,,,,3.694918622E3
4212,UNDS,MARK,MPHS45,,,,,,,,,,,,4.0,9.146693025E2,6.46921492E2,1.25,-0.895304,0.0,0.0,0.0,,,,,,,,,,,,,,,,,,,,,,,,,,,,,3.694918622E3
4216,UNDS,QUAD,QSXH45,0.433Q3.1,0.084,0.011,,-2.676718375,,0.0,,,,,4.0,9.149643025E2,6.47216492E2,1.25,-0.895304,0.0,0.0,0.0,,,,,,,,,,-29.9999997552,35.714285422857,,,,,,,,,,,,,,,,,,3.695213618E3
4217,UNDS,XCOR,XCSX45,type-U,0.0,,,,,,,,,,4.0,9.149643025E2,6.47216492E2,1.25,-0.895304,0.0,0.0,0.0,,,,,,,,,,,,,,,,,,,,,,,,,,,,,3.695213618E3
4218,UNDS,MARK,MUQS45,,,,,,,,,,,,4.0,9.149643025E2,6.47216492E2,1.25,-0.895304,0.0,0.0,0.0,,,,,,,,,,,,,,,,,,,,,,,,,,,,,3.695213618E3
4219,UNDS,YCOR,YCSX45,type-U,0.0,,,,,,,,,,4.0,9.149643025E2,6.47216492E2,1.25,-0.895304,0.0,0.0,0.0,,,,,,,,,,,,,,,,,,,,,,,,,,,,,3.695213618E3
4222,UNDS,BPM,RFBSX45,CavityX-1,0.05,,,,,,,,,,4.0,9.150943025E2,6.47346492E2,1.25,-0.895304,0.0,0.0,0.0,,,,,,,,,,,,,,,,,,,,,,,,,,,,,3.695343617E3
4224,UNDS,MARK,SXR45END,,,,,,,,,,,,4.0,9.153343025E2,6.47586492E2,1.25,-0.895304,0.0,0.0,0.0,,,,,,,,,,,,,,,,,,,,,,,,,,,,,3.695583614E3
4225,UNDS,MARK,SXR46BEG,,,,,,,,,,,,4.0,9.153343025E2,6.47586492E2,1.25,-0.895304,0.0,0.0,0.0,,,,,,,,,,,,,,,,,,,,,,,,,,,,,3.695583614E3
4229,UNDS,USEG,UMASXH46,VGHPU39,3.393,,,,,,,,,,4.0,9.171643025E2,6.49416492E2,1.25,-0.895304,0.0,0.0,0.0,,,,,,,,,,,,,,,,,,,,,,0.039,5.5,,,,,,3.697413594E3
4230,UNDS,EFC,XCSU46,type-V,0.0,,,,,,,,,,4.0,9.171643025E2,6.49416492E2,1.25,-0.895304,0.0,0.0,0.0,,,,,,,,,,,,,,,,,,,,,,,,,,,,,3.697413594E3
4231,UNDS,EFC,YCSU46,type-V,0.0,,,,,,,,,,4.0,9.171643025E2,6.49416492E2,1.25,-0.895304,0.0,0.0,0.0,,,,,,,,,,,,,,,,,,,,,,,,,,,,,3.697413594E3
4235,UNDS,USEG,PSSXH46,PS75,0.0825,,,,,,,,,,4.0,9.190693025E2,6.51321492E2,1.25,-0.895304,0.0,0.0,0.0,,,,,,,,,,,,,,,,,,,,,,0.075,4.064631891745,,,,,,3.699318574E3
4236,UNDS,MARK,MPHS46,,,,,,,,,,,,4.0,9.190693025E2,6.51321492E2,1.25,-0.895304,0.0,0.0,0.0,,,,,,,,,,,,,,,,,,,,,,,,,,,,,3.699318574E3
4240,UNDS,QUAD,QSXH46,0.433Q3.1,0.084,0.011,,2.676718375,,0.0,,,,,4.0,9.193643025E2,6.51616492E2,1.25,-0.895304,0.0,0.0,0.0,,,,,,,,,,29.9999997552,-35.714285422857,,,,,,,,,,,,,,,,,,3.69961357E3
4241,UNDS,XCOR,XCSX46,type-U,0.0,,,,,,,,,,4.0,9.193643025E2,6.51616492E2,1.25,-0.895304,0.0,0.0,0.0,,,,,,,,,,,,,,,,,,,,,,,,,,,,,3.69961357E3
4242,UNDS,MARK,MUQS46,,,,,,,,,,,,4.0,9.193643025E2,6.51616492E2,1.25,-0.895304,0.0,0.0,0.0,,,,,,,,,,,,,,,,,,,,,,,,,,,,,3.69961357E3
4243,UNDS,YCOR,YCSX46,type-U,0.0,,,,,,,,,,4.0,9.193643025E2,6.51616492E2,1.25,-0.895304,0.0,0.0,0.0,,,,,,,,,,,,,,,,,,,,,,,,,,,,,3.69961357E3
4246,UNDS,BPM,RFBSX46,CavityX-1,0.05,,,,,,,,,,4.0,9.194943025E2,6.51746492E2,1.25,-0.895304,0.0,0.0,0.0,,,,,,,,,,,,,,,,,,,,,,,,,,,,,3.699743569E3
4248,UNDS,MARK,SXR46END,,,,,,,,,,,,4.0,9.197343025E2,6.51986492E2,1.25,-0.895304,0.0,0.0,0.0,,,,,,,,,,,,,,,,,,,,,,,,,,,,,3.699983566E3
4249,UNDS,MARK,SXR47BEG,,,,,,,,,,,,4.0,9.197343025E2,6.51986492E2,1.25,-0.895304,0.0,0.0,0.0,,,,,,,,,,,,,,,,,,,,,,,,,,,,,3.699983566E3
4251,UNDS,MARK,MBLMS47,,,,,,,,,,,,4.0,9.198343025E2,6.52086492E2,1.25,-0.895304,0.0,0.0,0.0,,,,,,,,,,,,,,,,,,,,,,,,,,,,,3.700083565E3
4254,UNDS,USEG,UMASXH47,VGHPU39,3.393,,,,,,,,,,4.0,9.215643025E2,6.53816492E2,1.25,-0.895304,0.0,0.0,0.0,,,,,,,,,,,,,,,,,,,,,,0.039,5.5,,,,,,3.701813547E3
4255,UNDS,EFC,XCSU47,type-V,0.0,,,,,,,,,,4.0,9.215643025E2,6.53816492E2,1.25,-0.895304,0.0,0.0,0.0,,,,,,,,,,,,,,,,,,,,,,,,,,,,,3.701813547E3
4256,UNDS,EFC,YCSU47,type-V,0.0,,,,,,,,,,4.0,9.215643025E2,6.53816492E2,1.25,-0.895304,0.0,0.0,0.0,,,,,,,,,,,,,,,,,,,,,,,,,,,,,3.701813547E3
4263,UNDS,QUAD,QSXH47,0.433Q3.1,0.084,0.011,,-1.8284,,0.0,,,,,4.0,9.237643025E2,6.56016492E2,1.25,-0.895304,0.0,0.0,0.0,,,,,,,,,,-20.492256512569,24.395543467344,,,,,,,,,,,,,,,,,,3.704013523E3
4264,UNDS,XCOR,XCSX47,type-U,0.0,,,,,,,,,,4.0,9.237643025E2,6.56016492E2,1.25,-0.895304,0.0,0.0,0.0,,,,,,,,,,,,,,,,,,,,,,,,,,,,,3.704013523E3
4265,UNDS,MARK,MUQS47,,,,,,,,,,,,4.0,9.237643025E2,6.56016492E2,1.25,-0.895304,0.0,0.0,0.0,,,,,,,,,,,,,,,,,,,,,,,,,,,,,3.704013523E3
4266,UNDS,YCOR,YCSX47,type-U,0.0,,,,,,,,,,4.0,9.237643025E2,6.56016492E2,1.25,-0.895304,0.0,0.0,0.0,,,,,,,,,,,,,,,,,,,,,,,,,,,,,3.704013523E3
4269,UNDS,BPM,RFBSX47,CavityX-1,0.05,,,,,,,,,,4.0,9.238943025E2,6.56146492E2,1.25,-0.895304,0.0,0.0,0.0,,,,,,,,,,,,,,,,,,,,,,,,,,,,,3.704143521E3
4271,UNDS,MARK,SXR47END,,,,,,,,,,,,4.0,9.241343025E2,6.56386492E2,1.25,-0.895304,0.0,0.0,0.0,,,,,,,,,,,,,,,,,,,,,,,,,,,,,3.704383519E3
4272,UNDS,MARK,SXR48BEG,,,,,,,,,,,,4.0,9.241343025E2,6.56386492E2,1.25,-0.895304,0.0,0.0,0.0,,,,,,,,,,,,,,,,,,,,,,,,,,,,,3.704383519E3
4284,UNDS,MARK,SXR48END,,,,,,,,,,,,4.0,9.285343025E2,6.60786492E2,1.25,-0.895304,0.0,0.0,0.0,,,,,,,,,,,,,,,,,,,,,,,,,,,,,3.708783471E3
4285,UNDS,MARK,SXR49BEG,,,,,,,,,,,,4.0,9.285343025E2,6.60786492E2,1.25,-0.895304,0.0,0.0,0.0,,,,,,,,,,,,,,,,,,,,,,,,,,,,,3.708783471E3
4290,UNDS,XCOR,XCPEPX1,2.19 Gap Type 4,0.0,,,,,,,,,,4.0,9.321783025E2,6.64430492E2,1.25,-0.895304,0.0,0.0,0.0,,,,,,,,,,,,,,,,,,,,,,,,,,,,,3.712427431E3
4299,UNDS,MARK,VGPEPX1,vacuum gauges,,,,,,,,,,,4.0,9.327933025E2,6.65045492E2,1.25,-0.895304,0.0,0.0,0.0,,,,,,,,,,,,,,,,,,,,,,,,,,,,,3.713042424E3
4300,UNDS,INST,VGCCPEPX1,cold cathode,0.0,,,,,,,,,,4.0,9.327933025E2,6.65045492E2,1.25,-0.895304,0.0,0.0,0.0,,,,,,,,,,,,,,,,,,,,,,,,,,,,,3.713042424E3
4301,UNDS,INST,VGPRPEPX1,pirani,0.0,,,,,,,,,,4.0,9.327933025E2,6.65045492E2,1.25,-0.895304,0.0,0.0,0.0,,,,,,,,,,,,,,,,,,,,,,,,,,,,,3.713042424E3
4303,UNDS,MARK,SXR49END,,,,,,,,,,,,4.0,9.329343025E2,6.65186492E2,1.25,-0.895304,0.0,0.0,0.0,,,,,,,,,,,,,,,,,,,,,,,,,,,,,3.713183423E3
4304,UNDS,MARK,SXR50BEG,,,,,,,,,,,,4.0,9.329343025E2,6.65186492E2,1.25,-0.895304,0.0,0.0,0.0,,,,,,,,,,,,,,,,,,,,,,,,,,,,,3.713183423E3
4308,UNDS,XCOR,XCPEPX2,2.19 Gap Type 4,0.0,,,,,,,,,,4.0,9.331283025E2,6.65380492E2,1.25,-0.895304,0.0,0.0,0.0,,,,,,,,,,,,,,,,,,,,,,,,,,,,,3.71337742E3
4310,UNDS,INST,ZPPEPX,zone plate,0.0,,,,,,,,,,4.0,9.337143025E2,6.65966492E2,1.25,-0.895304,0.0,0.0,0.0,,,,,,,,,,,,,,,,,,,,,,,,,,,,,3.713963414E3
4312,UNDS,MARK,VPPEPX1,ion pump,,,,,,,,,,,4.0,9.340043025E2,6.66256492E2,1.25,-0.895304,0.0,0.0,0.0,,,,,,,,,,,,,,,,,,,,,,,,,,,,,3.714253411E3
4314,UNDS,XCOR,XCPEPX3,2.19 Gap Type 4,0.0,,,,,,,,,,4.0,9.342283025E2,6.66480492E2,1.25,-0.895304,0.0,0.0,0.0,,,,,,,,,,,,,,,,,,,,,,,,,,,,,3.714477409E3
4316,UNDS,XCOR,XCPEPX4,2.19 Gap Type 4,0.0,,,,,,,,,,4.0,9.351783025E2,6.67430492E2,1.25,-0.895304,0.0,0.0,0.0,,,,,,,,,,,,,,,,,,,,,,,,,,,,,3.715427398E3
4318,UNDS,INST,GJPEPX,gas jet,0.0,,,,,,,,,,4.0,9.357783025E2,6.68030492E2,1.25,-0.895304,0.0,0.0,0.0,,,,,,,,,,,,,,,,,,,,,,,,,,,,,3.716027392E3
4328,UNDS,MARK,SXR50END,,,,,,,,,,,,4.0,9.373343025E2,6.69586492E2,1.25,-0.895304,0.0,0.0,0.0,,,,,,,,,,,,,,,,,,,,,,,,,,,,,3.717583375E3
4329,UNDS,MARK,RWWAKE5S,WAKE,,,,,,,,,,,4.0,9.373343025E2,6.69586492E2,1.25,-0.895304,0.0,0.0,0.0,,,,,,,,,,,,,,,,,,,,,,,,,,,,,3.717583375E3
4330,UNDS,MARK,SXRTERM,,,,,,,,,,,,4.0,9.373343025E2,6.69586492E2,1.25,-0.895304,0.0,0.0,0.0,,,,,,,,,,,,,,,,,,,,,,,,,,,,,3.717583375E3
4332,UNDS,MARK,VPPEPX2,ion pump,,,,,,,,,,,4.0,9.374553025E2,6.69707492E2,1.25,-0.895304,0.0,0.0,0.0,,,,,,,,,,,,,,,,,,,,,,,,,,,,,3.717704373E3
4334,UNDS,BPM,RFBSX51,CavityX-1,0.05,,,,,,,,,,4.0,9.381523025E2,6.70404492E2,1.25,-0.895304,0.0,0.0,0.0,,,,,,,,,,,,,,,,,,,,,,,,,,,,,3.7184013655E3
4336,UNDS,INST,ENDUNDS,,,,,,,,,,,,4.0,9.382343025E2,6.70486492E2,1.25,-0.895304,0.0,0.0,0.0,,,,,,,,,,,,,,,,,,,,,,,,,,,,,3.718483365E3
4337,DMPS,INST,BEGDMPS_1,,,,,,,,,,,,4.0,9.382343025E2,6.70486492E2,1.25,-0.895304,0.0,0.0,0.0,,,,,,,,,,,,,,,,,,,,,,,,,,,,,3.718483365E3
4338,DMPS,MARK,UEBEGB,,,,,,,,,,,,4.0,9.382343025E2,6.70486492E2,1.25,-0.895304,0.0,0.0,0.0,,,,,,,,,,,,,,,,,,,,,,,,,,,,,3.718483365E3
4340,DMPS,MARK,VV36B,,,,,,,,,,,,4.0,9.383343025E2,6.70586492E2,1.25,-0.895304,0.0,0.0,0.0,,,,,,,,,,,,,,,,,,,,,,,,,,,,,3.718583364E3
4342,DMPS,MARK,MIMUNDOB,,,,,,,,,,,,4.0,9.398343025E2,6.72086492E2,1.25,-0.895304,0.0,0.0,0.0,,,,,,,,,,,,,,,,,,,,,,,,,,,,,3.720083347E3
4345,DMPS,YCOR,YCUE1B,class-4,0.0,,,,,,,,,,4.0,9.408343025E2,6.73086492E2,1.25,-0.895304,0.0,0.0,0.0,,,,,,,,,,,,,,,,,,,,,,,,,,,,,3.721083337E3
4347,DMPS,INST,PH31B,2805 MHz,0.0,,,,,,,,,,4.0,9.414638575E2,6.73716047E2,1.25,-0.895304,0.0,0.0,0.0,,,,,,,,,,,,,,,,,,,,,,,,,,,,,3.721712885E3
4349,DMPS,INST,PH32B,2805 MHz,0.0,,,,,,,,,,4.0,9.416398575E2,6.73892047E2,1.25,-0.895304,0.0,0.0,0.0,,,,,,,,,,,,,,,,,,,,,,,,,,,,,3.721888883E3
4351,DMPS,INST,PH33B,2604 MHz,0.0,,,,,,,,,,4.0,9.418158575E2,6.74068047E2,1.25,-0.895304,0.0,0.0,0.0,,,,,,,,,,,,,,,,,,,,,,,,,,,,,3.722064881E3
4353,DMPS,INST,PH34B,2604 MHz,0.0,,,,,,,,,,4.0,9.419918575E2,6.74244047E2,1.25,-0.895304,0.0,0.0,0.0,,,,,,,,,,,,,,,,,,,,,,,,,,,,,3.722240879E3
4355,DMPS,XCOR,XCUE2B,class-4,0.0,,,,,,,,,,4.0,9.425743575E2,6.74826547E2,1.25,-0.895304,0.0,0.0,0.0,,,,,,,,,,,,,,,,,,,,,,,,,,,,,3.722823373E3
4357,DMPS,QUAD,QUE1B,2Q10,0.263,0.0514,,0.2926324593,,0.0,,,,,4.0,9.434043575E2,6.75656547E2,1.25,-0.895304,0.0,0.0,0.0,,,,,,,,,,10.268748811271,-3.90446722862,,,,,,,,,,,,,,,,,,3.723653364E3
4360,DMPS,BPM,BPMUE1B,Stripline-5,0.0,,,,,,,,,,4.0,9.439799065E2,6.76232096E2,1.25,-0.895304,0.0,0.0,0.0,,,,,,,,,,,,,,,,,,,,,,,,,,,,,3.724228906E3
4362,*DMPS,INST,TRUE1B,,0.0,,,,,,,,,,4.0,9.45257911E2,6.775101E2,1.25,-0.895304,0.0,0.0,0.0,,,,,,,,,,,,,,,,,,,,,,,,,,,,,3.725506897E3
4367,DMPS,PC,PCTCXB,XCS coll,0.0,,,,,,,,,,4.0,9.474906705E2,6.7974286E2,1.25,-0.895304,0.0,0.0,0.0,,,,,,,,,,,,,,,,,,,,,,,,0.4E-2,0.4E-2,,,,3.727739632E3
4369,DMPS,MARK,VVTCXB,,,,,,,,,,,,4.0,9.478924555E2,6.80144645E2,1.25,-0.895304,0.0,0.0,0.0,,,,,,,,,,,,,,,,,,,,,,,,,,,,,3.728141413E3
4371,DMPS,MARK,MTCX01B,,,,,,,,,,,,4.0,9.482068105E2,6.80459E2,1.25,-0.895304,0.0,0.0,0.0,,,,,,,,,,,,,,,,,,,,,,,,,,,,,3.728455764E3
4372,DMPS,TCAV,TCX01B,TRANS_DEFL,1.5,,,,,,,,,,4.0,9.489568105E2,6.81209E2,1.25,-0.895304,0.0,0.0,0.0,1.1424E4,0.0,0.0,0.0,1.0,,,,,,,,,,,,,,,,,,,,,,,,3.729205756E3
4373,DMPS,MARK,MTCXB,,,,,,,,,,,,4.0,9.489568105E2,6.81209E2,1.25,-0.895304,0.0,0.0,0.0,,,,,,,,,,,,,,,,,,,,,,,,,,,,,3.729205756E3
4376,DMPS,INST,SPTCXB,XTCAV spoiler,0.0,,,,,,,,,,4.0,9.500873755E2,6.82339565E2,1.25,-0.895304,0.0,0.0,0.0,,,,,,,,,,,,,,,,,,,,,,,,,,,,,3.730336309E3
4378,DMPS,QUAD,QUE2B,2Q10,0.263,0.0514,,0.0,,0.0,,,,,4.0,9.511947865E2,6.83446976E2,1.25,-0.895304,0.0,0.0,0.0,,,,,,,,,,0.0,0.0,,,,,,,,,,,,,,,,,,3.731443708E3
4381,DMPS,BPM,BPMUE2B,Stripline-5,0.0,,,,,,,,,,4.0,9.517734235E2,6.84025613E2,1.25,-0.895304,0.0,0.0,0.0,,,,,,,,,,,,,,,,,,,,,,,,,,,,,3.732022338E3
4383,DMPS,INST,BTMQUEB,,0.0,,,,,,,,,,4.0,9.521515855E2,6.84403775E2,1.25,-0.895304,0.0,0.0,0.0,,,,,,,,,,,,,,,,,,,,,,,,,,,,,3.732400496E3
4385,DMPS,PC,PCPM0B,,0.076,,,,,,,,,,4.0,9.524569855E2,6.84709175E2,1.25,-0.895304,0.0,0.0,0.0,,,,,,,,,,,,,,,,,,,,,,,,0.035,0.035,,,,3.7327058925E3
4387,DMPS,INST,BTM0B,,0.0,,,,,,,,,,4.0,9.525449855E2,6.84797175E2,1.25,-0.895304,0.0,0.0,0.0,,,,,,,,,,,,,,,,,,,,,,,,,,,,,3.732793892E3
4390,DMPS,MARK,MDLWALLB,,,,,,,,,,,,4.0,9.527478105E2,6.85E2,1.25,-0.895304,0.0,0.0,0.0,,,,,,,,,,,,,,,,,,,,,,,,,,,,,3.732996715E3
4392,DMPS,MARK,UEENDB,,,,,,,,,,,,4.0,9.529986355E2,6.85250825E2,1.25,-0.895304,0.0,0.0,0.0,,,,,,,,,,,,,,,,,,,,,,,,,,,,,3.733247537E3
4393,DMPS,MARK,DLSTARTB,,,,,,,,,,,,4.0,9.529986355E2,6.85250825E2,1.25,-0.895304,0.0,0.0,0.0,,,,,,,,,,,,,,,,,,,,,,,,,,,,,3.733247537E3
4395,DMPS,YCOR,YCD3B,class-5,0.0,,,,,,,,,,4.0,9.532587855E2,6.85510975E2,1.25,-0.895304,0.0,0.0,0.0,,,,,,,,,,,,,,,,,,,,,,,,,,,,,3.733507684E3
4397,DMPS,XCOR,XCD3B,class-5,0.0,,,,,,,,,,4.0,9.536027855E2,6.85854975E2,1.25,-0.895304,0.0,0.0,0.0,,,,,,,,,,,,,,,,,,,,,,,,,,,,,3.73385168E3
4399,DMPS,MARK,VV37B,,,,,,,,,,,,4.0,9.539292455E2,6.86181435E2,1.25,-0.895304,0.0,0.0,0.0,,,,,,,,,,,,,,,,,,,,,,,,,,,,,3.734178137E3
4402,DMPS,INST,ENDDMPS_1,,,,,,,,,,,,4.0,9.541581405E2,6.8641033E2,1.25,-0.895304,0.0,0.0,0.0,,,,,,,,,,,,,,,,,,,,,,,,,,,,,3.734407029E3
4403,DMPS,INST,BEGDMPS_2,,,,,,,,,,,,4.0,9.541581405E2,6.8641033E2,1.25,-0.895304,0.0,0.0,0.0,,,,,,,,,,,,,,,,,,,,,,,,,,,,,3.734407029E3
4404,DMPS,MARK,RODMP1S,,0.0,,-9.999241008571,,,,,,,,4.0,9.541581405E2,6.8641033E2,1.25,-0.895304,-0.08726,0.0,0.0,,,,,,,,,,,,,,,,,,,,,,,,,,,,,3.734407029E3
4405,DMPS,BEND,BYDSS,1.26D18.43,0.5,0.032,0.034377467708,0.0,,90.000000011752,0.017188733854,0.017188733854,,,4.0,9.544081405E2,6.8666033E2,1.249993,-0.895341,-0.17452,0.295E-3,-0.52E-4,,,,,,0.4999999925,0.5,0.080055382194,-0.016011076439,0.0,0.0,,,,6.8666033E2,1.24999,-0.89536,-0.17452,0.295E-3,-0.52E-4,,,,,,,,,3.734657027E3
4408,DMPS,BEND,BYD1B,1.69VD55.1,1.45203,0.043,1.283467580366,0.0,,90.000000011752,0.641733790183,0.641733790183,,,4.0,9.55700032E2,6.87952204E2,1.249159,-0.900072,-0.17452,0.011621,-0.2049E-2,,,,,,1.451999641091,0.5513,2.988832352442,-0.20583819566,0.0,0.0,,,,6.8795218E2,1.248806,-0.902074,-0.17452,0.011621,-0.2049E-2,,,,,,,,,3.735948908E3
4411,DMPS,BEND,BYD2B,1.69VD55.1,1.45203,0.043,1.283467580366,0.0,,90.000000011752,0.641733790183,0.641733790183,,,4.0,9.574000083E2,6.896517E2,1.242371,-0.938574,-0.17452,0.033681,-0.5941E-2,,,,,,1.451999641091,0.5513,2.988832352442,-0.20583819566,0.0,0.0,,,,6.8965163E2,1.242018,-0.940575,-0.17452,0.033681,-0.5941E-2,,,,,,,,,3.737648566E3
4414,DMPS,BEND,BYD3B,1.69VD55.1,1.45203,0.043,1.283467580366,0.0,,90.000000011752,0.641733790183,0.641733790183,,,4.0,9.590999847E2,6.91349894E2,1.228974,-1.014556,-0.17452,0.055741,-0.9838E-2,,,,,,1.451999641091,0.5513,2.988832352442,-0.20583819566,0.0,0.0,,,,6.91349779E2,1.228622,-1.016555,-0.17452,0.055741,-0.9838E-2,,,,,,,,,3.739347096E3
4417,DMPS,PC,PCPM1LB,,0.076,,,,,,,,,,4.0,9.604416812E2,6.92688768E2,1.213895,-1.10008,-0.17452,0.066771,-0.01179,,,,,,,,,,,,,,,,,,,,,,,,0.028575,0.028575,,,,3.740686355E3
4418,DMPS,INST,BTM1LB,,0.0,,,,,,,,,,4.0,9.604796812E2,6.92726681E2,1.213448,-1.102615,-0.17452,0.066771,-0.01179,,,,,,,,,,,,,,,,,,,,,,,,,,,,,3.740724279E3
4421,DMPS,MARK,MIMBCS4B,,,,,,,,,,,,4.0,9.617845687E2,6.9402857E2,1.198098,-1.189679,-0.17452,0.066771,-0.01179,,,,,,,,,,,,,,,,,,,,,,,,,,,,,3.742026561E3
4423,DMPS,YCOR,YCDDB,class-5,0.0,,,,,,,,,,4.0,9.706072809E2,7.02831011E2,1.094309,-1.77834,-0.17452,0.066771,-0.01179,,,,,,,,,,,,,,,,,,,,,,,,,,,,,3.750831653E3
4425,DMPS,PC,PCPM2LB,,0.076,,,,,,,,,,4.0,9.70894919E2,7.03117988E2,1.090925,-1.797532,-0.17452,0.066771,-0.01179,,,,,,,,,,,,,,,,,,,,,,,,0.0762,0.0762,,,,3.751118717E3
4426,DMPS,INST,BTM2LB,,0.0,,,,,,,,,,4.0,9.70932919E2,7.03155901E2,1.090478,-1.800067,-0.17452,0.066771,-0.01179,,,,,,,,,,,,,,,,,,,,,,,,,,,,,3.751156641E3
4428,DMPS,QUAD,QDMP1B,3.94Q17,0.43,0.1,,-0.1511116592,,0.0,,,,,4.0,9.715571591E2,7.03778706E2,1.083135,-1.841717,-0.17452,0.066771,-0.01179,,,,,,,,,,-8.669732835745,2.016216938545,,,,,,,,,,,,,,,,,,3.751779635E3
4431,DMPS,BPM,BPMQDB,Stripline-11,0.0,,,,,,,,,,4.0,9.720742219E2,7.04294581E2,1.077052,-1.876216,-0.17452,0.066771,-0.01179,,,,,,,,,,,,,,,,,,,,,,,,,,,,,3.752295665E3
4433,DMPS,MARK,MQDMPB,,,,,,,,,,,,4.0,9.720821591E2,7.043025E2,1.076959,-1.876746,-0.17452,0.066771,-0.01179,,,,,,,,,,,,,,,,,,,,,,,,,,,,,3.752303586E3
4435,DMPS,QUAD,QDMP2B,3.94Q17,0.43,0.1,,-0.1511116592,,0.0,,,,,4.0,9.726071591E2,7.04826294E2,1.070783,-1.911774,-0.17452,0.066771,-0.01179,,,,,,,,,,-8.669732835745,2.016216938545,,,,,,,,,,,,,,,,,,3.752827538E3
4438,DMPS,XCOR,XCDDB,class-5,0.0,,,,,,,,,,4.0,9.732971591E2,7.05514708E2,1.062666,-1.957812,-0.17452,0.066771,-0.01179,,,,,,,,,,,,,,,,,,,,,,,,,,,,,3.75351616E3
4442,DMPS,BPM,BPMDDB,Stripline-8,0.0,,,,,,,,,,4.0,9.808506795E2,7.13050873E2,0.973807,-2.461791,-0.17452,0.066771,-0.01179,,,,,,,,,,,,,,,,,,,,,,,,,,,,,3.761054595E3
4444,DMPS,PROF,OTRDMPB,OTR,0.0,,,,,,,,,,4.0,9.810043939E2,7.13204234E2,0.971999,-2.472047,-0.17452,0.066771,-0.01179,,,,,,,,,,,,,,,,,,,,,,,,,,,,,3.761208003E3
4446,DMPS,PC,PCEBDB,gasket coll,0.0,,,,,,,,,,4.0,9.81080359E2,7.13280025E2,0.971106,-2.477116,-0.17452,0.066771,-0.01179,,,,,,,,,,,,,,,,,,,,,,,,0.068,0.068,,,,3.761283816E3
4448,*DMPS,BPM,RFBDDB,CavityL-1,0.0,,,,,,,,,,4.0,9.812251739E2,7.13424507E2,0.969402,-2.486778,-0.17452,0.066771,-0.01179,,,,,,,,,,,,,,,,,,,,,,,,,,,,,3.761428342E3
4450,*DMPS,WIRE,WSDUMPB,special,0.0,,,,,,,,,,4.0,9.814459539E2,7.1364478E2,0.966805,-2.501509,-0.17452,0.066771,-0.01179,,,,,,,,,,,,,,,,,,,,,,,,,,,,,3.761648681E3
4452,DMPS,MARK,RODMP2S,,0.0,,10.021802757281,,,,,,,,4.0,9.837330292E2,7.159266E2,0.9399,-2.654105,-0.08726,0.066771,-0.01179,,,,,,,,,,,,,,,,,,,,,,,,,,,,,3.763931189E3
4453,DMPS,INST,DUMPFACEB,,0.0,,,,,,,,,,4.0,9.837330292E2,7.159266E2,0.9399,-2.654105,0.0,0.066771,-0.01179,,,,,,,,,,,,,,,,,,,,,,,,,,,,,3.763931189E3
4455,DMPS,MARK,DMPENDB,,,,,,,,,,,,4.0,9.852854772E2,7.17475481E2,0.921637,-2.757686,0.0,0.066771,-0.01179,,,,,,,,,,,,,,,,,,,,,,,,,,,,,3.765480536E3
4456,DMPS,INST,BTMDUMPB,,0.0,,,,,,,,,,4.0,9.852854772E2,7.17475481E2,0.921637,-2.757686,0.0,0.066771,-0.01179,,,,,,,,,,,,,,,,,,,,,,,,,,,,,3.765480536E3
4457,DMPS,MARK,DBMARK38B,,,,,,,,,,,,4.0,9.852854772E2,7.17475481E2,0.921637,-2.757686,0.0,0.066771,-0.01179,,,,,,,,,,,,,,,,,,,,,,,,,,,,,3.765480536E3
4458,DMPS,INST,ENDDMPS_2,,,,,,,,,,,,4.0,9.852854772E2,7.17475481E2,0.921637,-2.757686,0.0,0.066771,-0.01179,,,,,,,,,,,,,,,,,,,,,,,,,,,,,3.765480536E3
4403,SFTS,INST,BEGSFTS_1,,,,,,,,,,,,4.0,9.541581405E2,6.8641033E2,1.25,-0.895304,0.0,0.0,0.0,,,,,,,,,,,,,,,,,,,,,,,,,,,,,3.734407029E3
4412,SFTS,MARK,VV38B,,,,,,,,,,,,4.0,9.603005105E2,6.925527E2,1.25,-0.895304,0.0,0.0,0.0,,,,,,,,,,,,,,,,,,,,,,,,,,,,,3.740549332E3
4414,SFTS,PC,PCPM1B,ELECTRON COLL,0.076,,,,,,,,,,4.0,9.604328105E2,6.92685E2,1.25,-0.895304,0.0,0.0,0.0,,,,,,,,,,,,,,,,,,,,,,,,0.02,0.02,,,,3.740681631E3
4416,SFTS,INST,BTM1B,BTM,0.0,,,,,,,,,,4.0,9.604858105E2,6.92738E2,1.25,-0.895304,0.0,0.0,0.0,,,,,,,,,,,,,,,,,,,,,,,,,,,,,3.74073463E3
4418,SFTS,INST,RTDSK0_VGC_1,GATE VALVE,0.0,,,,,,,,,,4.0,9.613266099E2,6.93578799E2,1.25,-0.895304,0.0,0.0,0.0,,,,,,,,,,,,,,,,,,,,,,,,,,,,,3.741575421E3
4420,SFTS,INST,TP_SXTES0,INTERFACE FLANGE,0.0,,,,,,,,,,4.0,9.613641105E2,6.936163E2,1.25,-0.895304,0.0,0.0,0.0,,,,,,,,,,,,,,,,,,,,,,,,,,,,,3.741612921E3
4422,SFTS,INST,RTDSK0_VRM_1,RIGHT ANGLE VALV,0.0,,,,,,,,,,4.0,9.622423675E2,6.94494557E2,1.25,-0.895304,0.0,0.0,0.0,,,,,,,,,,,,,,,,,,,,,,,,,,,,,3.742491168E3
4423,SFTS,INST,RTDSK0_GCC_1,COLD CATHODE GAU,0.0,,,,,,,,,,4.0,9.622423675E2,6.94494557E2,1.25,-0.895304,0.0,0.0,0.0,,,,,,,,,,,,,,,,,,,,,,,,,,,,,3.742491168E3
4424,SFTS,INST,RTDSK0_GPI_1,PIRANI GAUGE,0.0,,,,,,,,,,4.0,9.622423675E2,6.94494557E2,1.25,-0.895304,0.0,0.0,0.0,,,,,,,,,,,,,,,,,,,,,,,,,,,,,3.742491168E3
4429,SFTS,INST,RTDSK0,RAPID TRNAD DIAG,0.0,,,,,,,,,,4.0,9.633414878E2,6.95593677E2,1.25,-0.895304,0.0,0.0,0.0,,,,,,,,,,,,,,,,,,,,,,,,,,,,,3.743590277E3
4431,SFTS,INST,RTDSK0_YAGXRAYB,PROFILE MON (RTD,0.0,,,,,,,,,,4.0,9.638758105E2,6.96128E2,1.25,-0.895304,0.0,0.0,0.0,,,,,,,,,,,,,,,,,,,,,,,,,,,,,3.744124593E3
4434,SFTS,INST,PC1K0_XTES,PHOTON COLL,0.0,,,,,,,,,,4.0,9.643935815E2,6.96645771E2,1.25,-0.895304,0.0,0.0,0.0,,,,,,,,,,,,,,,,,,,,,,,,,,,,,3.744642359E3
4436,SFTS,INST,EM1K0_GMD_VGC_1,GATE VALVE,0.0,,,,,,,,,,4.0,9.647736305E2,6.9702582E2,1.25,-0.895304,0.0,0.0,0.0,,,,,,,,,,,,,,,,,,,,,,,,,,,,,3.745022404E3
4438,SFTS,INST,EM1K0_GMD,GAS MONITOR DECT,0.0,,,,,,,,,,4.0,9.657140815E2,6.97966271E2,1.25,-0.895304,0.0,0.0,0.0,,,,,,,,,,,,,,,,,,,,,,,,,,,,,3.745962844E3
4440,SFTS,INST,IM1K0_XTES_VRM_1,RIGHT ANGLE VALV,0.0,,,,,,,,,,4.0,9.669028215E2,6.99155011E2,1.25,-0.895304,0.0,0.0,0.0,,,,,,,,,,,,,,,,,,,,,,,,,,,,,3.747151571E3
4441,SFTS,INST,IM1K0_XTES_GCC_1,COLD CATHODE GAU,0.0,,,,,,,,,,4.0,9.669028215E2,6.99155011E2,1.25,-0.895304,0.0,0.0,0.0,,,,,,,,,,,,,,,,,,,,,,,,,,,,,3.747151571E3
4442,SFTS,INST,IM1K0_XTES_GPI_1,PIRANI GAUGE,0.0,,,,,,,,,,4.0,9.669028215E2,6.99155011E2,1.25,-0.895304,0.0,0.0,0.0,,,,,,,,,,,,,,,,,,,,,,,,,,,,,3.747151571E3
4444,SFTS,INST,IM1K0_XTES,IMAGER,0.0,,,,,,,,,,4.0,9.672156045E2,6.99467794E2,1.25,-0.895304,0.0,0.0,0.0,,,,,,,,,,,,,,,,,,,,,,,,,,,,,3.747464351E3
4446,SFTS,PC,PCPM2B,ELECTRON COLL,0.076,,,,,,,,,,4.0,9.677898105E2,7.00042E2,1.25,-0.895304,0.0,0.0,0.0,,,,,,,,,,,,,,,,,,,,,,,,0.0254,0.0254,,,,3.7480385505E3
4447,SFTS,INST,BTM2B,BTM,0.0,,,,,,,,,,4.0,9.678278105E2,7.0008E2,1.25,-0.895304,0.0,0.0,0.0,,,,,,,,,,,,,,,,,,,,,,,,,,,,,3.74807655E3
4449,SFTS,INST,ENDSFTS_1,,,,,,,,,,,,4.0,9.682758105E2,7.00528E2,1.25,-0.895304,0.0,0.0,0.0,,,,,,,,,,,,,,,,,,,,,,,,,,,,,3.748524545E3
4450,SFTS,INST,BEGSFTS_2,,,,,,,,,,,,4.0,9.682758105E2,7.00528E2,1.25,-0.895304,0.0,0.0,0.0,,,,,,,,,,,,,,,,,,,,,,,,,,,,,3.748524545E3
4451,SFTS,BEND,BXPM1B,4D36-C,0.944078,0.052,1.277266133856,0.0,,0.0,0.0,1.277266134429,,,4.0,9.687478202E2,7.01E2,1.24737,-0.895304,0.0,0.0,-0.011146,,,,,,0.943999807812,0.5,2.974390940561,-0.315057753762,0.0,0.0,,,,7.01E2,1.25,-0.895304,0.0,0.0,0.0,,,,,,,,,3.74899654E3
4456,SFTS,MARK,MBTM3B,,,,,,,,,,,,4.0,9.731740823E2,7.05425211E2,1.151336,-0.895304,0.0,0.0,-0.022292,,,,,,,,,,,,,,,,,,,,,,,,,,,,,3.753421703E3
4458,SFTS,MARK,MSL1S,adj aperture,,,,,,,,,,,4.0,9.731740823E2,7.05425211E2,1.151336,-0.895304,0.0,0.0,-0.022292,,,,,,,,,,,,,,,,,,,,,,,,,,,,,3.753421703E3
4460,SFTS,MARK,MVV3S,,,,,,,,,,,,4.0,9.738302699E2,7.06081236E2,1.136709,-0.895304,0.0,0.0,-0.022292,,,,,,,,,,,,,,,,,,,,,,,,,,,,,3.754077721E3
4462,SFTS,INST,SFTDMPB,,0.0,,,,,,,,,,4.0,9.817510022E2,7.14E2,0.960151,-0.895304,0.0,0.0,-0.022292,,,,,,,,,,,,,,,,,,,,,,,,,,,,,3.761996399E3
4464,SFTS,INST,BTMSFTB,,0.0,,,,,,,,,,4.0,9.818272212E2,7.140762E2,0.958452,-0.895304,0.0,0.0,-0.022292,,,,,,,,,,,,,,,,,,,,,,,,,,,,,3.762072598E3
4465,SFTS,INST,ENDSFTS_2,,,,,,,,,,,,4.0,9.818272212E2,7.140762E2,0.958452,-0.895304,0.0,0.0,-0.022292,,,,,,,,,,,,,,,,,,,,,,,,,,,,,3.762072598E3
4450,SXTES,INST,BEGSXTES_1,,,,,,,,,,,,4.0,9.682758105E2,7.00528E2,1.25,-0.895304,0.0,0.0,0.0,,,,,,,,,,,,,,,,,,,,,,,,,,,,,3.748524545E3
4452,SXTES,INST,MBXPM1B,MAGNET,0.0,,,,,,,,,,4.0,9.687478105E2,7.01E2,1.25,-0.895304,0.0,0.0,0.0,,,,,,,,,,,,,,,,,,,,,,,,,,,,,3.74899654E3
4454,SXTES,INST,PCPM3B_PIP_1,ION PUMP,0.0,,,,,,,,,,4.0,9.702478105E2,7.025E2,1.25,-0.895304,0.0,0.0,0.0,,,,,,,,,,,,,,,,,,,,,,,,,,,,,3.750496524E3
4455,SXTES,INST,PCPM3B_GFS_1,FAST VALVE SENSO,0.0,,,,,,,,,,4.0,9.702478105E2,7.025E2,1.25,-0.895304,0.0,0.0,0.0,,,,,,,,,,,,,,,,,,,,,,,,,,,,,3.750496524E3
4457,SXTES,PC,PCPM3B,ELECTRON COLL,0.08,,,,,,,,,,4.0,9.731515655E2,7.05403755E2,1.25,-0.895304,0.0,0.0,0.0,,,,,,,,,,,,,,,,,,,,,,,,0.0254,0.0254,,,,3.7534002475E3
4458,SXTES,INST,BTM3B,BTM,0.0,,,,,,,,,,4.0,9.731915655E2,7.05443755E2,1.25,-0.895304,0.0,0.0,0.0,,,,,,,,,,,,,,,,,,,,,,,,,,,,,3.753440247E3
4460,SXTES,INST,SL1K0_POWER,ADJ APER (AA1),0.0,,,,,,,,,,4.0,9.736056868E2,7.05857876E2,1.25,-0.895304,0.0,0.0,0.0,,,,,,,,,,,,,,,,,,,,,,,,,,,,,3.753854364E3
4462,SXTES,INST,SL1K0_PWR_VRM_1,RIGHT ANGLE VALV,0.0,,,,,,,,,,4.0,9.736817437E2,7.05933933E2,1.25,-0.895304,0.0,0.0,0.0,,,,,,,,,,,,,,,,,,,,,,,,,,,,,3.75393042E3
4463,SXTES,INST,SL1K0_PWR_GCC_1,COLD CATHODE GAU,0.0,,,,,,,,,,4.0,9.736817437E2,7.05933933E2,1.25,-0.895304,0.0,0.0,0.0,,,,,,,,,,,,,,,,,,,,,,,,,,,,,3.75393042E3
4464,SXTES,INST,SL1K0_PWR_GPI_1,PIRANI GAUGE,0.0,,,,,,,,,,4.0,9.736817437E2,7.05933933E2,1.25,-0.895304,0.0,0.0,0.0,,,,,,,,,,,,,,,,,,,,,,,,,,,,,3.75393042E3
4466,SXTES,INST,AT1K0_GAS_VGC_1,GATE VALVE,0.0,,,,,,,,,,4.0,9.739354847E2,7.06187674E2,1.25,-0.895304,0.0,0.0,0.0,,,,,,,,,,,,,,,,,,,,,,,,,,,,,3.754184158E3
4468,SXTES,INST,MSFTDMPB,SAFETY DUMP,0.0,,,,,,,,,,4.0,9.817478105E2,7.14E2,1.25,-0.895304,0.0,0.0,0.0,,,,,,,,,,,,,,,,,,,,,,,,,,,,,3.761996399E3
4470,SXTES,INST,MBTMSFTB,BTM,0.0,,,,,,,,,,4.0,9.818240105E2,7.140762E2,1.25,-0.895304,0.0,0.0,0.0,,,,,,,,,,,,,,,,,,,,,,,,,,,,,3.762072598E3
4472,SXTES,INST,AT1K0_GAS,GAS ATTEN,0.0,,,,,,,,,,4.0,9.833735785E2,7.15625768E2,1.25,-0.895304,0.0,0.0,0.0,,,,,,,,,,,,,,,,,,,,,,,,,,,,,3.763622149E3
4474,SXTES,INST,TP_WALL1SE,EAST WALL,0.0,,,,,,,,,,4.0,9.873278105E2,7.1958E2,1.25,-0.895304,0.0,0.0,0.0,,,,,,,,,,,,,,,,,,,,,,,,,,,,,3.767576338E3
4476,SXTES,INST,TP_WALL1SW,WEST WALL,0.0,,,,,,,,,,4.0,9.896678105E2,7.2192E2,1.25,-0.895304,0.0,0.0,0.0,,,,,,,,,,,,,,,,,,,,,,,,,,,,,3.769916312E3
4478,SXTES,INST,EM2K0_XGMD_VGC_1,GATE VALVE,0.0,,,,,,,,,,4.0,9.928271859E2,7.25079375E2,1.25,-0.895304,0.0,0.0,0.0,,,,,,,,,,,,,,,,,,,,,,,,,,,,,3.773075653E3
4480,SXTES,INST,EM2K0_XGMD,GAS MONITOR DECT,0.0,,,,,,,,,,4.0,9.939327359E2,7.26184925E2,1.25,-0.895304,0.0,0.0,0.0,,,,,,,,,,,,,,,,,,,,,,,,,,,,,3.774181191E3
4482,SXTES,INST,EM2K0_XGMD_VGC_2,GATE VALVE,0.0,,,,,,,,,,4.0,9.950538835E2,7.27306073E2,1.25,-0.895304,0.0,0.0,0.0,,,,,,,,,,,,,,,,,,,,,,,,,,,,,3.775302327E3
4484,SXTES,INST,TV2K0_VGC_1,GATE VALVE,0.0,,,,,,,,,,4.0,9.974765465E2,7.29728736E2,1.25,-0.895304,0.0,0.0,0.0,,,,,,,,,,,,,,,,,,,,,,,,,,,,,3.777724963E3
4485,SXTES,INST,TV2K0_VRM_1,RIGHT ANGLE VALV,0.0,,,,,,,,,,4.0,9.974765465E2,7.29728736E2,1.25,-0.895304,0.0,0.0,0.0,,,,,,,,,,,,,,,,,,,,,,,,,,,,,3.777724963E3
4486,SXTES,INST,TV2K0_GCC_1,COLD CATHODE GAU,0.0,,,,,,,,,,4.0,9.974765465E2,7.29728736E2,1.25,-0.895304,0.0,0.0,0.0,,,,,,,,,,,,,,,,,,,,,,,,,,,,,3.777724963E3
4487,SXTES,INST,TV2K0_GPI_1,PIRANI GAUGE,0.0,,,,,,,,,,4.0,9.974765465E2,7.29728736E2,1.25,-0.895304,0.0,0.0,0.0,,,,,,,,,,,,,,,,,,,,,,,,,,,,,3.777724963E3
4489,SXTES,INST,TV2K0_VRM_2,RIGHT ANGLE VALV,0.0,,,,,,,,,,4.0,9.976189214E2,7.29871111E2,1.25,-0.895304,0.0,0.0,0.0,,,,,,,,,,,,,,,,,,,,,,,,,,,,,3.777867337E3
4490,SXTES,INST,TV2K0_GCC_2,COLD CATHODE GAU,0.0,,,,,,,,,,4.0,9.976189214E2,7.29871111E2,1.25,-0.895304,0.0,0.0,0.0,,,,,,,,,,,,,,,,,,,,,,,,,,,,,3.777867337E3
4491,SXTES,INST,TV2K0_GPI_2,PIRANI GAUGE,0.0,,,,,,,,,,4.0,9.976189214E2,7.29871111E2,1.25,-0.895304,0.0,0.0,0.0,,,,,,,,,,,,,,,,,,,,,,,,,,,,,3.777867337E3
4493,SXTES,INST,TV2K0_VFS_1,VALVE FAST SHUTT,0.0,,,,,,,,,,4.0,9.977537339E2,7.30005923E2,1.25,-0.895304,0.0,0.0,0.0,,,,,,,,,,,,,,,,,,,,,,,,,,,,,3.778002148E3
4495,*SXTES,INST,SP1K0,SPECTROMETER,0.0,,,,,,,,,,4.0,9.982031553E2,7.30455345E2,1.25,-0.895304,0.0,0.0,0.0,,,,,,,,,,,,,,,,,,,,,,,,,,,,,3.778451564E3
4497,SXTES,INST,PC2K0_XTES,PHOTON COLL,0.0,,,,,,,,,,4.0,9.988925675E2,7.31144757E2,1.25,-0.895304,0.0,0.0,0.0,,,,,,,,,,,,,,,,,,,,,,,,,,,,,3.779140969E3
4499,SXTES,INST,BT1K0_XTES,BTM,0.0,,,,,,,,,,4.0,9.990181705E2,7.3127036E2,1.25,-0.895304,0.0,0.0,0.0,,,,,,,,,,,,,,,,,,,,,,,,,,,,,3.77926657E3
4501,SXTES,INST,BS1K0_XTES,BREMSS COLL,0.0,,,,,,,,,,4.0,9.990677005E2,7.3131989E2,1.25,-0.895304,0.0,0.0,0.0,,,,,,,,,,,,,,,,,,,,,,,,,,,,,3.7793161E3
4503,SXTES,INST,PF1K0_WFS,WAVEFRONT SENSOR,0.0,,,,,,,,,,4.0,9.993395353E2,7.31591725E2,1.25,-0.895304,0.0,0.0,0.0,,,,,,,,,,,,,,,,,,,,,,,,,,,,,3.779587932E3
4505,SXTES,INST,SL2K0_POWER,ADJ APER,0.0,,,,,,,,,,4.0,9.997144367E2,7.31966626E2,1.25,-0.895304,0.0,0.0,0.0,,,,,,,,,,,,,,,,,,,,,,,,,,,,,3.779962829E3
4507,SXTES,INST,PA1K0_RGA_1,RGA,0.0,,,,,,,,,,4.0,9.997924367E2,7.32044626E2,1.25,-0.895304,0.0,0.0,0.0,,,,,,,,,,,,,,,,,,,,,,,,,,,,,3.780040828E3
4508,SXTES,INST,PA1K0_VRM_1,RIGHT ANGLE VALV,0.0,,,,,,,,,,4.0,9.997924367E2,7.32044626E2,1.25,-0.895304,0.0,0.0,0.0,,,,,,,,,,,,,,,,,,,,,,,,,,,,,3.780040828E3
4509,SXTES,INST,PA1K0_GCC_1,COLD CATHODE GAU,0.0,,,,,,,,,,4.0,9.997924367E2,7.32044626E2,1.25,-0.895304,0.0,0.0,0.0,,,,,,,,,,,,,,,,,,,,,,,,,,,,,3.780040828E3
4510,SXTES,INST,PA1K0_GPI_1,PIRANI GAUGE,0.0,,,,,,,,,,4.0,9.997924367E2,7.32044626E2,1.25,-0.895304,0.0,0.0,0.0,,,,,,,,,,,,,,,,,,,,,,,,,,,,,3.780040828E3
4511,SXTES,INST,PA1K0_PIP_1,ION PUMP 150 L/S,0.0,,,,,,,,,,4.0,9.997924367E2,7.32044626E2,1.25,-0.895304,0.0,0.0,0.0,,,,,,,,,,,,,,,,,,,,,,,,,,,,,3.780040828E3
4513,SXTES,INST,IM2K0_XTES,IMAGER,0.0,,,,,,,,,,4.0,1.000088139E3,7.32340328E2,1.25,-0.895304,0.0,0.0,0.0,,,,,,,,,,,,,,,,,,,,,,,,,,,,,3.780336527E3
4515,SXTES,INST,PA1K0,DIFF PUMP,0.0,,,,,,,,,,4.0,1.000565786E3,7.32817975E2,1.25,-0.895304,0.0,0.0,0.0,,,,,,,,,,,,,,,,,,,,,,,,,,,,,3.780814169E3
4517,SXTES,INST,MR1K1_VGC_1,GATE VALVE,0.0,,,,,,,,,,4.0,1.000965236E3,7.33217426E2,1.25,-0.895304,0.0,0.0,0.0,,,,,,,,,,,,,,,,,,,,,,,,,,,,,3.781213615E3
4519,SXTES,INST,ENDSXTES_1,,,,,,,,,,,,4.0,1.00151981E3,7.33772E2,1.25,-0.895304,0.0,0.0,0.0,,,,,,,,,,,,,,,,,,,,,,,,,,,,,3.781768183E3
4520,SXTES,INST,BEGSXTES_2,,,,,,,,,,,,4.0,1.00151981E3,7.33772E2,1.25,-0.895304,0.0,0.0,0.0,,,,,,,,,,,,,,,,,,,,,,,,,,,,,3.781768183E3
4521,SXTES,INST,MR1K1_BEND,MIRROR,0.0,0.0,,,,,,,,,4.0,1.00151981E3,7.33772E2,1.25,-0.895304,0.0,-0.03662,0.0,,,,,,,,,,,,,,,,,,,,,,,,,,,,,3.781768183E3
4523,SXTES,INST,MR1K3_VGC_1,GATE VALVE,0.0,,,,,,,,,,4.0,1.002209997E3,7.34461724E2,1.25,-0.87632,0.0,-0.03662,0.0,,,,,,,,,,,,,,,,,,,,,,,,,,,,,3.782457781E3
4525,SXTES,INST,ND1S,NEUTRON DETECTOR,0.0,,,,,,,,,,4.0,1.002239005E3,7.34490713E2,1.25,-1.480537,0.0,-0.03662,0.0,,,,,,,,,,,,,,,,,,,,,,,,,,,,,3.782486765E3
4527,SXTES,INST,IM1K1_PPM,PPM,0.0,,,,,,,,,,4.0,1.005778582E3,7.38027916E2,1.25,-0.739383,0.0,-0.03662,0.0,,,,,,,,,,,,,,,,,,,,,,,,,,,,,3.786023325E3
4529,SXTES,INST,SP1K1_MONO_VGC_1,GATE VALVE,0.0,,,,,,,,,,4.0,1.006113258E3,7.38362368E2,1.25,-0.726029,0.0,-0.03662,0.0,,,,,,,,,,,,,,,,,,,,,,,,,,,,,3.786357716E3
4531,SXTES,INST,SP1K1_MONO,MONOCHROMATOR,0.0,0.0,,,,,,,,,4.0,1.007373735E3,7.39622E2,1.25,-0.680981,0.0,-0.138388,0.0,,,,,,,,,,,,,,,,,,,,,,,,,,,,,3.787617119E3
4533,SXTES,INST,MR3K1_GRATING,GRATING,0.0,0.0,,,,,,,,,4.0,1.007513516E3,7.39760444E2,1.25,-0.661699,0.0,-0.122142,0.0,,,,,,,,,,,,,,,,,,,,,,,,,,,,,3.787755471E3
4535,SXTES,INST,SP1K1_MONO_VGC_2,GATE VALVE,0.0,,,,,,,,,,4.0,1.007996465E3,7.40239796E2,1.25,-0.602858,0.0,-0.122142,0.0,,,,,,,,,,,,,,,,,,,,,,,,,,,,,3.788234543E3
4537,SXTES,INST,TP_2_X,TREATY FLANGE FA,0.0,,,,,,,,,,4.0,1.008037965E3,7.40280986E2,1.25,-0.597801,0.0,-0.122142,0.0,,,,,,,,,,,,,,,,,,,,,,,,,,,,,3.78827571E3
4538,SXTES,INST,ENDSXTES_2,,,,,,,,,,,,4.0,1.008037965E3,7.40280986E2,1.25,-0.597801,0.0,-0.122142,0.0,,,,,,,,,,,,,,,,,,,,,,,,,,,,,3.78827571E3
4520,SXTES,INST,BEGSXTES_3,,,,,,,,,,,,4.0,1.00151981E3,7.33772E2,1.25,-0.895304,0.0,0.0,0.0,,,,,,,,,,,,,,,,,,,,,,,,,,,,,3.781768183E3
4522,SXTES,INST,MR1K3_TXI,MIRROR,0.0,0.0,,,,,,,,,4.0,1.00316981E3,7.35422E2,1.25,-0.895304,0.0,0.0,-0.019694,,,,,,,,,,,,,,,,,,,,,,,,,,,,,3.783418165E3
4524,SXTES,INST,MR2K3_TXI,MIRROR,0.0,0.0,,,,,,,,,4.0,1.004770121E3,7.37022E2,1.218486,-0.895304,0.0,0.0,-0.039387,,,,,,,,,,,,,,,,,,,,,,,,,,,,,3.785018148E3
4525,SXTES,INST,MR2K3_TXI_GBC_1,BCS VAC SENSOR,0.0,,,,,,,,,,4.0,1.004770121E3,7.37022E2,1.218486,-0.895304,0.0,0.0,-0.039387,,,,,,,,,,,,,,,,,,,,,,,,,,,,,3.785018148E3
4527,SXTES,INST,BT2K0_PLEG_TXI,BTM,0.0,,,,,,,,,,4.0,1.005448601E3,7.37699954E2,1.19177,-0.895304,0.0,0.0,-0.039387,,,,,,,,,,,,,,,,,,,,,,,,,,,,,3.785696094E3
4529,SXTES,INST,IM1K2_PPM_VGC_1,GATE VALVE,0.0,,,,,,,,,,4.0,1.008050694E3,7.40300029E2,1.089307,-0.895304,0.0,0.0,-0.039387,,,,,,,,,,,,,,,,,,,,,,,,,,,,,3.788296141E3
4531,SXTES,INST,TP_1_2SXR,TREATY FLANGE FA,0.0,,,,,,,,,,4.0,1.008086696E3,7.40336003E2,1.087889,-0.895304,0.0,0.0,-0.039387,,,,,,,,,,,,,,,,,,,,,,,,,,,,,3.788332115E3
4533,SXTES,INST,IM1K3_PPM_PGT_1,GETTER PUMP,0.0,,,,,,,,,,4.0,1.008248009E3,7.40497191E2,1.081537,-0.895304,0.0,0.0,-0.039387,,,,,,,,,,,,,,,,,,,,,,,,,,,,,3.788493301E3
4535,SXTES,INST,IM1K3_PPM,PPM,0.0,,,,,,,,,,4.0,1.008555121E3,7.40804065E2,1.069444,-0.895304,0.0,0.0,-0.039387,,,,,,,,,,,,,,,,,,,,,,,,,,,,,3.788800171E3
4537,SXTES,INST,BT1K3_AIR,BTM,0.0,,,,,,,,,,4.0,1.009077726E3,7.41326264E2,1.048479,-0.895304,0.0,0.0,-0.039387,,,,,,,,,,,,,,,,,,,,,,,,,,,,,3.789322365E3
4539,SXTES,INST,PC1K3_L2SI_VRM_1,RIGHT ANGLE VALV,0.0,,,,,,,,,,4.0,1.011288297E3,7.43535121E2,0.96182,-0.895304,0.0,0.0,-0.039387,,,,,,,,,,,,,,,,,,,,,,,,,,,,,3.791531198E3
4540,SXTES,INST,PC1K3_L2SI_GCC_1,COLD CATHODE GAU,0.0,,,,,,,,,,4.0,1.011288297E3,7.43535121E2,0.96182,-0.895304,0.0,0.0,-0.039387,,,,,,,,,,,,,,,,,,,,,,,,,,,,,3.791531198E3
4541,SXTES,INST,PC1K3_L2SI_PIP_1,ION PUMP 150 L/S,0.0,,,,,,,,,,4.0,1.011288297E3,7.43535121E2,0.96182,-0.895304,0.0,0.0,-0.039387,,,,,,,,,,,,,,,,,,,,,,,,,,,,,3.791531198E3
4543,SXTES,INST,PC1K3_L2SI,PHOTON COLL,0.0,,,,,,,,,,4.0,1.011753537E3,7.44E2,0.9435,-0.895304,0.0,0.0,-0.039387,,,,,,,,,,,,,,,,,,,,,,,,,,,,,3.791996072E3
4545,SXTES,INST,BT2K3_XTES,BTM,0.0,,,,,,,,,,4.0,1.011880537E3,7.44126902E2,0.938499,-0.895304,0.0,0.0,-0.039387,,,,,,,,,,,,,,,,,,,,,,,,,,,,,3.792122972E3
4547,SXTES,INST,BS1K3_XTES,BREMSS COLL,0.0,,,,,,,,,,4.0,1.011933237E3,7.44179561E2,0.936424,-0.895304,0.0,0.0,-0.039387,,,,,,,,,,,,,,,,,,,,,,,,,,,,,3.79217563E3
4549,SXTES,INST,PC1K3_L2SI_VRM_2,RIGHT ANGLE VALV,0.0,,,,,,,,,,4.0,1.01233137E3,7.44577385E2,0.920747,-0.895304,0.0,0.0,-0.039387,,,,,,,,,,,,,,,,,,,,,,,,,,,,,3.79257345E3
4550,SXTES,INST,PC1K3_L2SI_GBC_1,BCS VAC SENSOR,0.0,,,,,,,,,,4.0,1.01233137E3,7.44577385E2,0.920747,-0.895304,0.0,0.0,-0.039387,,,,,,,,,,,,,,,,,,,,,,,,,,,,,3.79257345E3
4551,SXTES,INST,PC1K3_L2SI_GCC_2,COLD CATHODE GAU,0.0,,,,,,,,,,4.0,1.01233137E3,7.44577385E2,0.920747,-0.895304,0.0,0.0,-0.039387,,,,,,,,,,,,,,,,,,,,,,,,,,,,,3.79257345E3
4552,SXTES,INST,PC1K3_L2SI_PIP_2,ION PUMP 150 L/S,0.0,,,,,,,,,,4.0,1.01233137E3,7.44577385E2,0.920747,-0.895304,0.0,0.0,-0.039387,,,,,,,,,,,,,,,,,,,,,,,,,,,,,3.79257345E3
4554,SXTES,INST,PC1K3_L2SI_VGC_1,GATE VALVE,0.0,,,,,,,,,,4.0,1.012461579E3,7.44707492E2,0.915619,-0.895304,0.0,0.0,-0.039387,,,,,,,,,,,,,,,,,,,,,,,,,,,,,3.792703557E3
4556,SXTES,INST,TV1K3_VRM_1,RIGHT ANGLE VALV,0.0,,,,,,,,,,4.0,1.018137124E3,7.50378636E2,0.692133,-0.895304,0.0,0.0,-0.039387,,,,,,,,,,,,,,,,,,,,,,,,,,,,,3.798374639E3
4557,SXTES,INST,TV1K3_GCC_1,COLD CATHODE GAU,0.0,,,,,,,,,,4.0,1.018137124E3,7.50378636E2,0.692133,-0.895304,0.0,0.0,-0.039387,,,,,,,,,,,,,,,,,,,,,,,,,,,,,3.798374639E3
4558,SXTES,INST,TV1K3_GPI_1,PIRANI GAUGE,0.0,,,,,,,,,,4.0,1.018137124E3,7.50378636E2,0.692133,-0.895304,0.0,0.0,-0.039387,,,,,,,,,,,,,,,,,,,,,,,,,,,,,3.798374639E3
4559,SXTES,INST,TV1K3_PIP_1,ION PUMP 200 L/S,0.0,,,,,,,,,,4.0,1.018137124E3,7.50378636E2,0.692133,-0.895304,0.0,0.0,-0.039387,,,,,,,,,,,,,,,,,,,,,,,,,,,,,3.798374639E3
4561,SXTES,INST,PC2K3_L2SI,PHOTON COLL,0.0,,,,,,,,,,4.0,1.018261584E3,7.50503E2,0.687233,-0.895304,0.0,0.0,-0.039387,,,,,,,,,,,,,,,,,,,,,,,,,,,,,3.798499001E3
4563,SXTES,INST,BT3K3_L2SI,BTM,0.0,,,,,,,,,,4.0,1.018317972E3,7.50559344E2,0.685012,-0.895304,0.0,0.0,-0.039387,,,,,,,,,,,,,,,,,,,,,,,,,,,,,3.798555345E3
4565,SXTES,INST,TV1K3_VGC_1,GATE VALVE,0.0,,,,,,,,,,4.0,1.021331621E3,7.53570655E2,0.566344,-0.895304,0.0,0.0,-0.039387,,,,,,,,,,,,,,,,,,,,,,,,,,,,,3.801566623E3
4567,SXTES,INST,ST1K3_PPS,STOPPER,0.0,,,,,,,,,,4.0,1.022468408E3,7.54706561E2,0.52158,-0.895304,0.0,0.0,-0.039387,,,,,,,,,,,,,,,,,,,,,,,,,,,,,3.802702516E3
4568,SXTES,INST,ST1K3_PPS_GBC_1,BCS VAC SENSOR,0.0,,,,,,,,,,4.0,1.022468408E3,7.54706561E2,0.52158,-0.895304,0.0,0.0,-0.039387,,,,,,,,,,,,,,,,,,,,,,,,,,,,,3.802702516E3
4570,SXTES,INST,PC3K3_L2SI,PHOTON COLL,0.0,,,,,,,,,,4.0,1.023682789E3,7.5592E2,0.473762,-0.895304,0.0,0.0,-0.039387,,,,,,,,,,,,,,,,,,,,,,,,,,,,,3.803915942E3
4572,SXTES,INST,BT4K3_XTES,BTM,0.0,,,,,,,,,,4.0,1.023809789E3,7.56046902E2,0.468761,-0.895304,0.0,0.0,-0.039387,,,,,,,,,,,,,,,,,,,,,,,,,,,,,3.804042842E3
4574,SXTES,INST,BS2K3_XTES,BREMSS COLL,0.0,,,,,,,,,,4.0,1.023862489E3,7.56099561E2,0.466686,-0.895304,0.0,0.0,-0.039387,,,,,,,,,,,,,,,,,,,,,,,,,,,,,3.8040955E3
4575,SXTES,INST,ENDSXTES_3,,,,,,,,,,,,4.0,1.023862489E3,7.56099561E2,0.466686,-0.895304,0.0,0.0,-0.039387,,,,,,,,,,,,,,,,,,,,,,,,,,,,,3.8040955E3
4520,SXTES,INST,BEGSXTES_4,,,,,,,,,,,,4.0,1.00151981E3,7.33772E2,1.25,-0.895304,0.0,0.0,0.0,,,,,,,,,,,,,,,,,,,,,,,,,,,,,3.781768183E3
4522,SXTES,INST,BT2K0_PLEG_TMO,BTM,0.0,,,,,,,,,,4.0,1.005450059E3,7.37702248E2,1.25,-0.895304,0.0,0.0,0.0,,,,,,,,,,,,,,,,,,,,,,,,,,,,,3.785698389E3
4524,SXTES,INST,TV3K0_VGC_1,GATE VALVE,0.0,,,,,,,,,,4.0,1.008244078E3,7.40496268E2,1.25,-0.895304,0.0,0.0,0.0,,,,,,,,,,,,,,,,,,,,,,,,,,,,,3.788492377E3
4526,SXTES,INST,TV3K0_PGT_1,GETTER PUMP,0.0,,,,,,,,,,4.0,1.009408682E3,7.41660872E2,1.25,-0.895304,0.0,0.0,0.0,,,,,,,,,,,,,,,,,,,,,,,,,,,,,3.789656969E3
4528,SXTES,INST,TV3K0_VRM_1,RIGHT ANGLE VALV,0.0,,,,,,,,,,4.0,1.011276715E3,7.43528904E2,1.25,-0.895304,0.0,0.0,0.0,,,,,,,,,,,,,,,,,,,,,,,,,,,,,3.791524981E3
4529,SXTES,INST,TV3K0_GCC_1,COLD CATHODE GAU,0.0,,,,,,,,,,4.0,1.011276715E3,7.43528904E2,1.25,-0.895304,0.0,0.0,0.0,,,,,,,,,,,,,,,,,,,,,,,,,,,,,3.791524981E3
4530,SXTES,INST,TV3K0_GPI_1,PIRANI GAUGE,0.0,,,,,,,,,,4.0,1.011276715E3,7.43528904E2,1.25,-0.895304,0.0,0.0,0.0,,,,,,,,,,,,,,,,,,,,,,,,,,,,,3.791524981E3
4531,SXTES,INST,TV3K0_PIP_1,ION PUMP 150 L/S,0.0,,,,,,,,,,4.0,1.011276715E3,7.43528904E2,1.25,-0.895304,0.0,0.0,0.0,,,,,,,,,,,,,,,,,,,,,,,,,,,,,3.791524981E3
4533,SXTES,INST,MR1K4_VGC_1,GATE VALVE,0.0,,,,,,,,,,4.0,1.012295923E3,7.44548113E2,1.25,-0.895304,0.0,0.0,0.0,,,,,,,,,,,,,,,,,,,,,,,,,,,,,3.792544178E3
4535,SXTES,INST,MR1K4_SOMS,MIRROR,0.0,0.0,,,,,,,,,4.0,1.01346781E3,7.4572E2,1.25,-0.895304,0.0,0.0,0.024,,,,,,,,,,,,,,,,,,,,,,,,,,,,,3.793716053E3
4536,SXTES,INST,MR1K4_SOMS_GBC_1,BCS VAC SENSOR,0.0,,,,,,,,,,4.0,1.01346781E3,7.4572E2,1.25,-0.895304,0.0,0.0,0.024,,,,,,,,,,,,,,,,,,,,,,,,,,,,,3.793716053E3
4538,SXTES,INST,PC1K4_SSA,SINGLE SLIT ABSO,0.0,,,,,,,,,,4.0,1.014449531E3,7.46701438E2,1.273559,-0.895304,0.0,0.0,0.024,,,,,,,,,,,,,,,,,,,,,,,,,,,,,3.794697481E3
4540,SXTES,INST,BT1K4_L2SI,BTM,0.0,,,,,,,,,,4.0,1.014828931E3,7.47080729E2,1.282664,-0.895304,0.0,0.0,0.024,,,,,,,,,,,,,,,,,,,,,,,,,,,,,3.795076767E3
4542,SXTES,INST,TV1K4_VGC_1,GATE VALVE,0.0,,,,,,,,,,4.0,1.014891269E3,7.47143048E2,1.28416,-0.895304,0.0,0.0,0.024,,,,,,,,,,,,,,,,,,,,,,,,,,,,,3.795139086E3
4544,SXTES,INST,TV1K4_VFS_1,FAST VALVE SHUTT,0.0,,,,,,,,,,4.0,1.015029844E3,7.47281584E2,1.287485,-0.895304,0.0,0.0,0.024,,,,,,,,,,,,,,,,,,,,,,,,,,,,,3.79527762E3
4546,SXTES,INST,TV1K4_VRM_1,RIGHT ANGLE VALV,0.0,,,,,,,,,,4.0,1.015164681E3,7.47416382E2,1.290721,-0.895304,0.0,0.0,0.024,,,,,,,,,,,,,,,,,,,,,,,,,,,,,3.795412417E3
4547,SXTES,INST,TV1K4_GCC_1,COLD CATHODE GAU,0.0,,,,,,,,,,4.0,1.015164681E3,7.47416382E2,1.290721,-0.895304,0.0,0.0,0.024,,,,,,,,,,,,,,,,,,,,,,,,,,,,,3.795412417E3
4548,SXTES,INST,TV1K4_GPI_1,PIRANI GAUGE,0.0,,,,,,,,,,4.0,1.015164681E3,7.47416382E2,1.290721,-0.895304,0.0,0.0,0.024,,,,,,,,,,,,,,,,,,,,,,,,,,,,,3.795412417E3
4550,SXTES,INST,ND2S,NEUTRON DETECTOR,0.0,,,,,,,,,,4.0,1.015247844E3,7.47499521E2,1.292717,-0.895304,0.0,0.0,0.024,,,,,,,,,,,,,,,,,,,,,,,,,,,,,3.795495554E3
4552,*SXTES,INST,AT1K4_SOLID,PULSE SELECT/,0.0,,,,,,,,,,4.0,1.015748467E3,7.48E2,1.304731,-0.895304,0.0,0.0,0.024,,,,,,,,,,,,,,,,,,,,,,,,,,,,,3.795996028E3
4554,SXTES,INST,TV1K4_VGC_2,GATE VALVE,0.0,,,,,,,,,,4.0,1.016418157E3,7.48669497E2,1.320802,-0.895304,0.0,0.0,0.024,,,,,,,,,,,,,,,,,,,,,,,,,,,,,3.796665518E3
4556,SXTES,INST,PC2K4_XTES,PHOTON COLL,0.0,,,,,,,,,,4.0,1.017621241E3,7.49872234E2,1.349673,-0.895304,0.0,0.0,0.024,,,,,,,,,,,,,,,,,,,,,,,,,,,,,3.797868242E3
4558,SXTES,INST,BT2K4_XTES,BTM,0.0,,,,,,,,,,4.0,1.01774688E3,7.49997837E2,1.352688,-0.895304,0.0,0.0,0.024,,,,,,,,,,,,,,,,,,,,,,,,,,,,,3.797993843E3
4560,SXTES,INST,BS1K4_XTES,BREMSS COLL,0.0,,,,,,,,,,4.0,1.017796424E3,7.50047367E2,1.353877,-0.895304,0.0,0.0,0.024,,,,,,,,,,,,,,,,,,,,,,,,,,,,,3.798043373E3
4562,SXTES,INST,IM1K4_XTES,IMAGER,0.0,,,,,,,,,,4.0,1.018096146E3,7.50347002E2,1.361069,-0.895304,0.0,0.0,0.024,,,,,,,,,,,,,,,,,,,,,,,,,,,,,3.798343005E3
4564,SXTES,INST,ST1K4_TEST,STOPPER,0.0,,,,,,,,,,4.0,1.018508896E3,7.50759634E2,1.370974,-0.895304,0.0,0.0,0.024,,,,,,,,,,,,,,,,,,,,,,,,,,,,,3.798755632E3
4566,*SXTES,INST,SP1K4,MONOCHROMATOR,0.0,,,,,,,,,,4.0,1.019404148E3,7.51654628E2,1.392458,-0.895304,0.0,0.0,0.024,,,,,,,,,,,,,,,,,,,,,,,,,,,,,3.799650616E3
4568,SXTES,INST,LUSI,LUSI,0.0,,,,,,,,,,4.0,1.019592574E3,7.51843E2,0.08879,-0.895304,0.0,0.0,0.024,,,,,,,,,,,,,,,,,,,,,,,,,,,,,3.799838986E3
4570,SXTES,INST,PC3K4_XTES,PHOTON COLL,0.0,,,,,,,,,,4.0,1.020624966E3,7.52875095E2,1.421755,-0.895304,0.0,0.0,0.024,,,,,,,,,,,,,,,,,,,,,,,,,,,,,3.80087107E3
4572,SXTES,INST,ST2K4_BCS,STOPPER,0.0,,,,,,,,,,4.0,1.021026645E3,7.53276658E2,1.431395,-0.895304,0.0,0.0,0.024,,,,,,,,,,,,,,,,,,,,,,,,,,,,,3.801272628E3
4574,SXTES,INST,ST3K4_PPS,STOPPER,0.0,,,,,,,,,,4.0,1.021758198E3,7.54008E2,1.44895,-0.895304,0.0,0.0,0.024,,,,,,,,,,,,,,,,,,,,,,,,,,,,,3.802003963E3
4575,SXTES,INST,ST3K4_PPS_GBC_1,BCS VAC SENSOR,0.0,,,,,,,,,,4.0,1.021758198E3,7.54008E2,1.44895,-0.895304,0.0,0.0,0.024,,,,,,,,,,,,,,,,,,,,,,,,,,,,,3.802003963E3
4577,SXTES,INST,ST3K4_PPS_VGC_1,GATE VALVE,0.0,,,,,,,,,,4.0,1.022219218E3,7.54468887E2,1.460014,-0.895304,0.0,0.0,0.024,,,,,,,,,,,,,,,,,,,,,,,,,,,,,3.802464845E3
4579,SXTES,INST,AL1K4_L2SI,LASER,0.0,,,,,,,,,,4.0,1.022623956E3,7.54873509E2,1.469726,-0.895304,0.0,0.0,0.024,,,,,,,,,,,,,,,,,,,,,,,,,,,,,3.802869462E3
4581,SXTES,INST,SL1K4_SCATTER,SLIT,0.0,,,,,,,,,,4.0,1.022851513E3,7.55101E2,1.475187,-0.895304,0.0,0.0,0.024,,,,,,,,,,,,,,,,,,,,,,,,,,,,,3.803096951E3
4583,SXTES,INST,IM2K4_PPM,PPM,0.0,,,,,,,,,,4.0,1.02307154E3,7.55320963E2,1.480467,-0.895304,0.0,0.0,0.024,,,,,,,,,,,,,,,,,,,,,,,,,,,,,3.803316912E3
4585,SXTES,INST,IM2K4_XTES_VRM_1,RIGHT ANGLE VALV,0.0,,,,,,,,,,4.0,1.023348656E3,7.55598E2,1.487118,-0.895304,0.0,0.0,0.024,,,,,,,,,,,,,,,,,,,,,,,,,,,,,3.803593945E3
4586,SXTES,INST,PC4K4_XTES_GCC_1,COLD CATHODE GAU,0.0,,,,,,,,,,4.0,1.023348656E3,7.55598E2,1.487118,-0.895304,0.0,0.0,0.024,,,,,,,,,,,,,,,,,,,,,,,,,,,,,3.803593945E3
4587,SXTES,INST,PC4K4_XTES_GPI_1,PIRANI GAUGE,0.0,,,,,,,,,,4.0,1.023348656E3,7.55598E2,1.487118,-0.895304,0.0,0.0,0.024,,,,,,,,,,,,,,,,,,,,,,,,,,,,,3.803593945E3
4588,SXTES,INST,PC4K4_XTES_PIP_1,ION PUMP 80 L/S,0.0,,,,,,,,,,4.0,1.023348656E3,7.55598E2,1.487118,-0.895304,0.0,0.0,0.024,,,,,,,,,,,,,,,,,,,,,,,,,,,,,3.803593945E3
4590,SXTES,INST,PC4K4_XTES,PHOTON COLL,0.0,,,,,,,,,,4.0,1.023679617E3,7.55928866E2,1.49506,-0.895304,0.0,0.0,0.024,,,,,,,,,,,,,,,,,,,,,,,,,,,,,3.803924807E3
4592,SXTES,INST,BT3K4_XTES,BTM,0.0,,,,,,,,,,4.0,1.023802059E3,7.56051273E2,1.497998,-0.895304,0.0,0.0,0.024,,,,,,,,,,,,,,,,,,,,,,,,,,,,,3.804047213E3
4594,SXTES,INST,BS2K4_XTES,BREMSS COLL,0.0,,,,,,,,,,4.0,1.023854764E3,7.56103962E2,1.499263,-0.895304,0.0,0.0,0.024,,,,,,,,,,,,,,,,,,,,,,,,,,,,,3.804099902E3
4596,SXTES,INST,TP_WALL2E,EAST WALL,0.0,,,,,,,,,,4.0,1.024110876E3,7.5636E2,1.505409,-0.895304,0.0,0.0,0.024,,,,,,,,,,,,,,,,,,,,,,,,,,,,,3.804355937E3
4598,SXTES,INST,TP_WALL2W,WEST WALL,0.0,,,,,,,,,,4.0,1.026041432E3,7.5829E2,1.551738,-0.895304,0.0,0.0,0.024,,,,,,,,,,,,,,,,,,,,,,,,,,,,,3.806285916E3
4599,SXTES,INST,ENDSXTES_4,,,,,,,,,,,,4.0,1.026041432E3,7.5829E2,1.551738,-0.895304,0.0,0.0,0.024,,,,,,,,,,,,,,,,,,,,,,,,,,,,,3.806285916E3
2793,SPH,INST,BEGSPH,,,,,,,,,,,,4.0,0.0,-2.67718047E2,-0.650494,1.89934,0.0,0.4669E-2,0.0,,,,,,,,,,,,,,,,,,,,,,,,,,,,,2.780276003E3
2794,*SPH,KICK,BKYSP0H,0.787K35.4,1.0,0.02,0.0,0.0,,90.000000011752,0.0,0.0,,,4.0,0.5,-2.67218053E2,-0.650494,1.897005,0.0,0.4669E-2,0.0,,,,,,1.0,0.5,0.0,0.0,0.0,0.0,,,,-2.67218053E2,-0.650494,1.897205,0.0,0.4669E-2,0.0,,,,,,,,,2.780776003E3
2797,SPH,KICK,BKYSP1H,0.787K35.4,1.0,0.02,-0.014323943687,0.0,,90.000000011752,0.0,-0.014323943687,,,4.0,1.800000005,-2.65918067E2,-0.650494,1.890968,0.0,0.4544E-2,0.0,,,,,,1.0,0.5,-0.033356406472,0.333564064724E-2,0.0,0.0,,,,-2.65918067E2,-0.650494,1.891136,0.0,0.4669E-2,0.0,,,,,,,,,2.782076003E3
2800,SPH,KICK,BKYSP2H,0.787K35.4,1.0,0.02,-0.01432394458,0.0,,90.000000011752,0.014323943687,-0.028647888267,,,4.0,3.100000056,-2.64618079E2,-0.650494,1.885224,0.0,0.4294E-2,0.0,,,,,,1.0,0.5,-0.033356408554,0.333564085538E-2,0.0,0.0,,,,-2.64618081E2,-0.650494,1.885067,0.0,0.4669E-2,0.0,,,,,,,,,2.783376003E3
2803,SPH,KICK,BKYSP3H,0.787K35.4,1.0,0.02,-0.014323946368,0.0,,90.000000011752,0.028647888267,-0.042971834635,,,4.0,4.400000229,-2.6331809E2,-0.650494,1.879805,0.0,0.4044E-2,0.0,,,,,,1.0,0.5,-0.033356412717,0.333564127167E-2,0.0,0.0,,,,-2.63318095E2,-0.650494,1.878998,0.0,0.4669E-2,0.0,,,,,,,,,2.784676003E3
2806,*SPH,KICK,BKYSP4H,0.787K35.4,1.0,0.02,0.0,0.0,,90.000000011752,0.0,0.0,,,4.0,5.700000553,-2.620181E2,-0.650494,1.874679,0.0,0.3919E-2,0.0,,,,,,1.0,0.5,0.0,0.0,0.0,0.0,,,,-2.62018109E2,-0.650494,1.872929,0.0,0.4669E-2,0.0,,,,,,,,,2.785976003E3
2809,*SPH,KICK,BKYSP5H,1.378K35.4,1.0,0.035,0.0,0.0,,90.000000011752,0.0,0.0,,,4.0,7.000000919,-2.6071811E2,-0.650494,1.869585,0.0,0.3919E-2,0.0,,,,,,1.0,0.5,0.0,0.0,0.0,0.0,,,,-2.60718123E2,-0.650494,1.86686,0.0,0.4669E-2,0.0,,,,,,,,,2.787276003E3
2812,SPH,BPM,BPMSPH?,Stripline-5,0.0,,,,,,,,,,4.0,9.704628679,-2.58013503E2,-0.650494,1.858987,0.0,0.3919E-2,0.0,,,,,,,,,,,,,,,,,,,,,,,,,,,,,2.78998063E3
2814,SPH,SEPT,BLXSPH,0.625SD38.98,1.000006,0.0159,-0.316715238496,0.0,,0.0,0.0,-0.316715238554,,,4.0,23.10000608,-2.44618229E2,-0.649803,1.806497,0.11E-4,0.3918E-2,0.2764E-2,,,,,,1.0,0.5,-0.73754005618,0.073753563097,0.0,0.0,,,,-2.44618318E2,-0.650494,1.787497,0.0,0.4669E-2,0.0,,,,,,,,,2.803376003E3
2816,SPH,MARK,ROSP1H,,0.0,,0.237535263748E-3,,,,,,,,4.0,23.60001068,-2.44118233E2,-0.64773,1.804538,0.24E-4,0.3918E-2,0.5528E-2,,,,,,,,,,,,,,,,,,,,,,,,,,,,,2.803876003E3
2818,SPH,BEND,BYSP1H,1.0D22.625,0.6,0.0254,0.255216071977,0.0,,90.000000011752,0.127608035988,0.127608035988,,,4.0,55.45551009,-2.12263466E2,-0.471643,1.67938,0.26E-4,0.6146E-2,0.5528E-2,,,,,,0.599999503967,0.4725,0.594325921789,-0.099054320298,0.0,0.0,,,,-2.12263467E2,-0.471643,1.679213,1.570796,0.6146E-2,0.5528E-2,,,,,,,,,2.835731007E3
2821,SPH,BEND,BYSP2H,1.0D22.625,0.6,0.0254,-0.212244893952,0.0,,90.000000011752,-0.106122446976,-0.106122446976,,,4.0,66.05551051,-2.01663994E2,-0.413049,1.591241,0.26E-4,0.6521E-2,0.5528E-2,,,,,,0.599999656941,0.4725,-0.494258223103,0.082376370517,0.0,0.0,,,,-2.01663993E2,-0.413049,1.59138,1.570796,0.6521E-2,0.5528E-2,,,,,,,,,2.846330774E3
2823,SPH,MARK,CNTSP1H,CENTER,,,,,,,,,,,4.0,66.35551068,-2.01364004E2,-0.411391,1.589563,0.26E-4,0.4668E-2,0.5528E-2,,,,,,,,,,,,,,,,,,,,,,,,,,,,,2.84663077E3
2825,SPH,QUAD,QSP1H,2Q10,0.263,0.0514,,0.4923244467,,0.0,,,,,4.0,67.01551068,-2.00704021E2,-0.407743,1.586481,0.26E-4,0.4668E-2,0.5528E-2,,,,,,,,,,17.276128864527,-6.568870290695,,,,,,,,,,,,,,,,,,2.84729076E3
2828,*SPH,SEXT,SSP1H,1.38S3.00,0.1,0.035052,,,-20.98088664,15.249352739369,,,,,4.0,67.34135596,-2.00378184E2,-0.405942,1.58496,0.26E-4,0.4668E-2,0.5528E-2,,,,,,,,,,-2.799388164568E2,2.799388164568E2,,,,,,,,,,,,,,,,,,2.8476166E3
2831,SPH,BPM,BPMSP1H,Stripline-5,0.0,,,,,,,,,,4.0,67.8481637,-1.9987139E2,-0.40314,1.582594,0.26E-4,0.4668E-2,0.5528E-2,,,,,,,,,,,,,,,,,,,,,,,,,,,,,2.8481234E3
2833,SPH,XCOR,XCSP1H,class-4,0.0,,,,,,,,,,4.0,68.48487343,-1.99234696E2,-0.399621,1.579622,0.26E-4,0.4668E-2,0.5528E-2,,,,,,,,,,,,,,,,,,,,,,,,,,,,,2.8487601E3
2836,SPH,QUAD,QSP2H,1.085Q4.31,0.1068,0.027559,,-1.001967523,,0.0,,,,,4.0,71.86151068,-1.95858148E2,-0.380956,1.563858,0.26E-4,0.4668E-2,0.5528E-2,,,,,,,,,,-14.277894954008,13.368815500008,,,,,,,,,,,,,,,,,,2.852136686E3
2837,SPH,BPM,BPMSP2H,Stripline-2,0.0,,,,,,,,,,4.0,71.86151068,-1.95858148E2,-0.380956,1.563858,0.26E-4,0.4668E-2,0.5528E-2,,,,,,,,,,,,,,,,,,,,,,,,,,,,,2.852136686E3
2840,SPH,YCOR,YCSP2H,class-4,0.0,,,,,,,,,,4.0,72.31491068,-1.9540476E2,-0.378449,1.561742,0.26E-4,0.4668E-2,0.5528E-2,,,,,,,,,,,,,,,,,,,,,,,,,,,,,2.852590079E3
2842,SPH,IMON,IMSP0H,ICT,0.0,,,,,,,,,,4.0,81.09359697,-1.86626303E2,-0.329923,1.520759,0.26E-4,0.4668E-2,0.5528E-2,,,,,,,,,,,,,,,,,,,,,,,,,,,,,2.861368631E3
2844,SPH,BEND,BRSP1H,1.0D38.37,1.000002,0.0254,0.372702197856,0.0,,31.812480611641,0.186351098928,0.186351098928,,,4.0,81.93959705,-1.85780324E2,-0.325938,1.516381,0.11E-4,0.6383E-2,0.2764E-2,,,,,,1.000000236936,0.4861,0.867917821858,-0.086791608603,0.0,0.0,,,,-1.85780324E2,-0.326283,1.516167,0.555233,0.6383E-2,0.2764E-2,,,,,,,,,2.862214621E3
2846,SPH,MARK,ROSP2H,,0.0,,0.543005779292E-3,,,,,,,,4.0,82.43959794,-1.85280337E2,-0.325247,1.512761,-0.5E-5,0.8097E-2,0.0,,,,,,,,,,,,,,,,,,,,,,,,,,,,,2.86271462E3
2849,SPH,XCOR,XCSP3H,class-4,0.0,,,,,,,,,,4.0,96.22505945,-1.71495327E2,-0.325247,1.401134,0.0,0.8097E-2,0.0,,,,,,,,,,,,,,,,,,,,,,,,,,,,,2.8765E3
2851,*SPH,SEXT,SSP2H,1.38S3.00,0.1,0.035052,,,22.59751371,17.803041268285,,,,,4.0,96.74006248,-1.70980341E2,-0.325247,1.396964,0.0,0.8097E-2,0.0,,,,,,,,,,3.015087661158E2,-3.015087661158E2,,,,,,,,,,,,,,,,,,2.877015E3
2854,SPH,QUAD,QSP3H,1.26Q12,0.32,0.032,,0.30476906,,0.0,,,,,4.0,97.18459794,-1.7053582E2,-0.325247,1.393365,0.0,0.8097E-2,0.0,,,,,,,,,,13.012481908959,-4.06640059655,,,,,,,,,,,,,,,,,,2.877459533E3
2857,SPH,BPM,BPMSP3H,Stripline-5,0.0,,,,,,,,,,4.0,97.98979794,-1.69730647E2,-0.325247,1.386845,0.0,0.8097E-2,0.0,,,,,,,,,,,,,,,,,,,,,,,,,,,,,2.878264728E3
2859,SPH,YCOR,YCSP4H,class-4,0.0,,,,,,,,,,4.0,1.057743979E2,-1.61946302E2,-0.325247,1.32381,0.0,0.8097E-2,0.0,,,,,,,,,,,,,,,,,,,,,,,,,,,,,2.886049282E3
2861,SPH,QUAD,QSP4H,2Q10,0.263,0.0514,,-0.3000339744,,0.0,,,,,4.0,1.062675979E2,-1.61453118E2,-0.325247,1.319816,0.0,0.8097E-2,0.0,,,,,,,,,,-10.528474952269,4.003222415311,,,,,,,,,,,,,,,,,,2.886542479E3
2864,SPH,BPM,BPMSP4H,Stripline-5,0.0,,,,,,,,,,4.0,1.068461979E2,-1.60874537E2,-0.325247,1.315131,0.0,0.8097E-2,0.0,,,,,,,,,,,,,,,,,,,,,,,,,,,,,2.887121076E3
2866,SPH,XCOR,XCSP5H,class-4,0.0,,,,,,,,,,4.0,1.278332922E2,-1.39888131E2,-0.325247,1.14519,0.0,0.8097E-2,0.0,,,,,,,,,,,,,,,,,,,,,,,,,,,,,2.908108047E3
2868,SPH,QUAD,QSP5H,2Q10,0.263,0.0514,,0.1792670689,,0.0,,,,,4.0,1.283264922E2,-1.39394947E2,-0.325247,1.141196,0.0,0.8097E-2,0.0,,,,,,,,,,6.290650412023,-2.39188228594,,,,,,,,,,,,,,,,,,2.908601244E3
2871,SPH,BPM,BPMSP5H,Stripline-5,0.0,,,,,,,,,,4.0,1.289050922E2,-1.38816366E2,-0.325247,1.136511,0.0,0.8097E-2,0.0,,,,,,,,,,,,,,,,,,,,,,,,,,,,,2.909179841E3
2873,SPH,YCOR,YCSP6H,class-4,0.0,,,,,,,,,,4.0,1.518921864E2,-1.15830026E2,-0.325247,0.950376,0.0,0.8097E-2,0.0,,,,,,,,,,,,,,,,,,,,,,,,,,,,,2.9321668E3
2875,SPH,QUAD,QSP6H,2Q10,0.263,0.0514,,-0.2227268061,,0.0,,,,,4.0,1.523853864E2,-1.15336842E2,-0.325247,0.946382,0.0,0.8097E-2,0.0,,,,,,,,,,-7.815693552412,2.971746597875,,,,,,,,,,,,,,,,,,2.932659997E3
2878,SPH,BPM,BPMSP6H,Stripline-5,0.0,,,,,,,,,,4.0,1.529639864E2,-1.14758261E2,-0.325247,0.941697,0.0,0.8097E-2,0.0,,,,,,,,,,,,,,,,,,,,,,,,,,,,,2.933238593E3
2885,SPH,QUAD,QSP7H,1.085Q4.31,0.1068,0.027559,,0.44843448,,0.0,,,,,4.0,1.766442807E2,-91.078743,-0.325247,0.749948,0.0,0.8097E-2,0.0,,,,,,,,,,6.39012767602,-5.983265614251,,,,,,,,,,,,,,,,,,2.956918748E3
2886,SPH,BPM,BPMSP7H,Stripline-2,0.0,,,,,,,,,,4.0,1.766442807E2,-91.078743,-0.325247,0.749948,0.0,0.8097E-2,0.0,,,,,,,,,,,,,,,,,,,,,,,,,,,,,2.956918748E3
2889,SPH,XCOR,XCSP7H,class-4,0.0,,,,,,,,,,4.0,1.770976807E2,-90.625358,-0.325247,0.746277,0.0,0.8097E-2,0.0,,,,,,,,,,,,,,,,,,,,,,,,,,,,,2.957372146E3
2892,*SPH,ACM,IMBCSH1,BCS ACM,0.0,,,,,,,,,,4.0,1.954527028E2,-72.270937,-0.325247,0.597649,0.0,0.8097E-2,0.0,,,,,,,,,,,,,,,,,,,,,,,,,,,,,2.97572706E3
2894,*SPH,ACM,IMBCSH2,BCS ACM,0.0,,,,,,,,,,4.0,1.957587746E2,-71.964875,-0.325247,0.59517,0.0,0.8097E-2,0.0,,,,,,,,,,,,,,,,,,,,,,,,,,,,,2.97603313E3
2896,SPH,YCOR,YCSP8H,class-4,0.0,,,,,,,,,,4.0,2.004099749E2,-67.313828,-0.325247,0.557508,0.0,0.8097E-2,0.0,,,,,,,,,,,,,,,,,,,,,,,,,,,,,2.980684303E3
2898,SPH,QUAD,QSP8H,2Q10,0.263,0.0514,,-0.2227268061,,0.0,,,,,4.0,2.009031749E2,-66.820644,-0.325247,0.553514,0.0,0.8097E-2,0.0,,,,,,,,,,-7.815693552412,2.971746597875,,,,,,,,,,,,,,,,,,2.9811775E3
2901,SPH,BPM,BPMSP8H,Stripline-5,0.0,,,,,,,,,,4.0,2.014817749E2,-66.242063,-0.325247,0.548829,0.0,0.8097E-2,0.0,,,,,,,,,,,,,,,,,,,,,,,,,,,,,2.981756097E3
2904,SPH,QUAD,QSP9H,2Q10,0.263,0.0514,,0.1792670689,,0.0,,,,,4.0,2.249620692E2,-42.762538,-0.325247,0.3587,0.0,0.8097E-2,0.0,,,,,,,,,,6.290650412023,-2.39188228594,,,,,,,,,,,,,,,,,,3.005236253E3
2907,SPH,BPM,BPMSP9H,Stripline-5,0.0,,,,,,,,,,4.0,2.255410692E2,-42.183557,-0.325247,0.354011,0.0,0.8097E-2,0.0,,,,,,,,,,,,,,,,,,,,,,,,,,,,,3.005815249E3
2909,SPH,XCOR,XCSP9H,class-4,0.0,,,,,,,,,,4.0,2.261850692E2,-41.539578,-0.325247,0.348797,0.0,0.8097E-2,0.0,,,,,,,,,,,,,,,,,,,,,,,,,,,,,3.006459246E3
2911,SPH,BPM,BPMSP10H,Stripline-5,0.0,,,,,,,,,,4.0,2.457989634E2,-21.926327,-0.325247,0.189975,0.0,0.8097E-2,0.0,,,,,,,,,,,,,,,,,,,,,,,,,,,,,3.026073025E3
2913,SPH,YCOR,YCSP10H,class-4,0.0,,,,,,,,,,4.0,2.465579634E2,-21.167352,-0.325247,0.183829,0.0,0.8097E-2,0.0,,,,,,,,,,,,,,,,,,,,,,,,,,,,,3.02683202E3
2915,SPH,QUAD,QSP10H,2Q10,0.263,0.0514,,-0.3000339744,,0.0,,,,,4.0,2.470209634E2,-20.704367,-0.325247,0.18008,0.0,0.8097E-2,0.0,,,,,,,,,,-10.528474952269,4.003222415311,,,,,,,,,,,,,,,,,,3.027295017E3
2918,SPH,XCOR,XCSP11H,class-4,0.0,,,,,,,,,,4.0,2.543059634E2,-13.419606,-0.325247,0.121091,0.0,0.8097E-2,0.0,,,,,,,,,,,,,,,,,,,,,,,,,,,,,3.034579975E3
2920,SPH,BPM,BPMSP11H,Stripline-5,0.0,,,,,,,,,,4.0,2.550839634E2,-12.641632,-0.325247,0.114791,0.0,0.8097E-2,0.0,,,,,,,,,,,,,,,,,,,,,,,,,,,,,3.03535797E3
2922,SPH,QUAD,QSP11H,1.26Q12,0.32,0.032,,0.30476906,,0.0,,,,,4.0,2.561039634E2,-11.621665,-0.325247,0.106531,0.0,0.8097E-2,0.0,,,,,,,,,,13.012481908959,-4.06640059655,,,,,,,,,,,,,,,,,,3.036377964E3
2925,SPH,MARK,WOODDOOR_SPH,,,,,,,,,,,,4.0,2.702380824E2,2.511991,-0.325247,-0.7918E-2,0.0,0.8097E-2,0.0,,,,,,,,,,,,,,,,,,,,,,,,,,,,,3.050512E3
2926,SPH,INST,ENDSPH,,,,,,,,,,,,4.0,2.702380824E2,2.511991,-0.325247,-0.7918E-2,0.0,0.8097E-2,0.0,,,,,,,,,,,,,,,,,,,,,,,,,,,,,3.050512E3
2927,SLTH,INST,BEGSLTH,,,,,,,,,,,,4.0,2.702380824E2,2.511991,-0.325247,-0.7918E-2,0.0,0.8097E-2,0.0,,,,,,,,,,,,,,,,,,,,,,,,,,,,,3.050512E3
2929,SLTH,MARK,ROSP3H,,0.0,,-0.543005779292E-3,,,,,,,,4.0,2.708489634E2,3.122852,-0.325247,-0.012865,-0.5E-5,0.8097E-2,0.0,,,,,,,,,,,,,,,,,,,,,,,,,,,,,3.051122877E3
2930,SLTH,BEND,BRSP2H,1.0D38.37,1.000002,0.0254,-0.372702197856,0.0,,31.812480611641,-0.186351098928,-0.186351098928,,,4.0,2.713489643E2,3.622839,-0.324556,-0.016485,0.11E-4,0.6383E-2,0.2764E-2,,,,,,1.000000236936,0.4861,-0.867917821858,0.086791608603,0.0,0.0,,,,3.622839,-0.324211,-0.01627,0.555233,0.6383E-2,0.2764E-2,,,,,,,,,3.051622876E3
2932,SLTH,MARK,CNTSP2H,CENTER,,,,,,,,,,,4.0,2.718489652E2,4.122827,-0.322483,-0.019248,0.26E-4,0.4668E-2,0.5528E-2,,,,,,,,,,,,,,,,,,,,,,,,,,,,,3.052122872E3
2937,SLTH,QUAD,QSP12H,1.085Q4.31,0.1068,0.027559,,-1.001082746,,0.0,,,,,4.0,2.814270507E2,13.700662,-0.269538,-0.063962,0.26E-4,0.4668E-2,0.5528E-2,,,,,,,,,,-14.265287007369,13.357010306526,,,,,,,,,,,,,,,,,,3.061700811E3
2938,SLTH,BPM,BPMSP12H,Stripline-2,0.0,,,,,,,,,,4.0,2.814270507E2,13.700662,-0.269538,-0.063962,0.26E-4,0.4668E-2,0.5528E-2,,,,,,,,,,,,,,,,,,,,,,,,,,,,,3.061700811E3
2941,SLTH,YCOR,YCSP12H,class-4,0.0,,,,,,,,,,4.0,2.818804507E2,14.15405,-0.267032,-0.066079,0.26E-4,0.4668E-2,0.5528E-2,,,,,,,,,,,,,,,,,,,,,,,,,,,,,3.062154204E3
2943,SLTH,XCOR,XCSP13H,class-4,0.0,,,,,,,,,,4.0,2.857798507E2,18.053348,-0.245477,-0.084283,0.26E-4,0.4668E-2,0.5528E-2,,,,,,,,,,,,,,,,,,,,,,,,,,,,,3.066053545E3
2945,SLTH,QUAD,QSP13H,2Q10,0.263,0.0514,,0.4923244467,,0.0,,,,,4.0,2.862730507E2,18.546535,-0.242751,-0.086585,0.26E-4,0.4668E-2,0.5528E-2,,,,,,,,,,17.276128864527,-6.568870290695,,,,,,,,,,,,,,,,,,3.066546737E3
2948,SLTH,BPM,BPMSP13H,Stripline-5,0.0,,,,,,,,,,4.0,2.868516507E2,19.12512,-0.239553,-0.089287,0.26E-4,0.4668E-2,0.5528E-2,,,,,,,,,,,,,,,,,,,,,,,,,,,,,3.067125328E3
2950,SLTH,BEND,BXSP1H,1.0D38.37,1.000002,0.0254,0.316715327591,0.0,,0.0,0.158357663796,0.158357663796,,,4.0,3.301884732E2,62.460812,-0.691E-3,-0.291601,0.13E-4,0.4668E-2,0.2764E-2,,,,,,1.000000726842,0.4861,0.737540263657,-0.073753878858,0.0,0.0,,,,62.460813,-0.1036E-2,-0.291601,0.0,0.4668E-2,0.2764E-2,,,,,,,,,3.110461492E3
2952,SLTH,MARK,CNTSP3H,CENTER,,,,,,,,,,,4.0,3.306884739E2,62.960806,0.0,-0.293936,0.0,0.4669E-2,0.0,,,,,,,,,,,,,,,,,,,,,,,,,,,,,3.110961492E3
2953,SLTH,INST,ENDSLTH,,,,,,,,,,,,4.0,3.306884739E2,62.960806,0.0,-0.293936,0.0,0.4669E-2,0.0,,,,,,,,,,,,,,,,,,,,,,,,,,,,,3.110961492E3
2833,SPD,INST,BEGSPD_2,,,,,,,,,,,,4.0,87.176,-1.80542997E2,-0.650494,1.492359,0.0,0.4669E-2,0.0,,,,,,,,,,,,,,,,,,,,,,,,,,,,,2.867452003E3
2852,SPD,BPM,BPMSPS,Stripline-5,0.0,,,,,,,,,,4.0,96.9021635,-1.7081694E2,-0.650494,1.446952,0.0,0.4669E-2,0.0,,,,,,,,,,,,,,,,,,,,,,,,,,,,,2.877178166E3
2857,*SPD,YCOR,YCSP0D,Bypass#3,0.0,,,,,,,,,,4.0,1.22809697E2,-1.44909688E2,-0.650494,1.326003,0.0,0.4669E-2,0.0,,,,,,,,,,,,,,,,,,,,,,,,,,,,,2.9030857E3
2859,*SPD,XCOR,XCSP0D,Bypass#3,0.0,,,,,,,,,,4.0,1.23038297E2,-1.44681091E2,-0.650494,1.324936,0.0,0.4669E-2,0.0,,,,,,,,,,,,,,,,,,,,,,,,,,,,,2.9033143E3
2861,SPD,MARK,MRFBSP1D,,,,,,,,,,,,4.0,1.27319E2,-1.40400435E2,-0.650494,1.304951,0.0,0.4669E-2,0.0,,,,,,,,,,,,,,,,,,,,,,,,,,,,,2.907595003E3
2863,SPD,BPM,BPMSP1D,Stripline-5,0.0,,,,,,,,,,4.0,1.29319E2,-1.38400456E2,-0.650494,1.295614,0.0,0.4669E-2,0.0,,,,,,,,,,,,,,,,,,,,,,,,,,,,,2.909595003E3
2865,SPD,INST,ENDSPD_2,,,,,,,,,,,,4.0,1.30976E2,-1.36743474E2,-0.650494,1.287879,0.0,0.4669E-2,0.0,,,,,,,,,,,,,,,,,,,,,,,,,,,,,2.911252003E3
2866,SPD,INST,BEGSPD_3,,,,,,,,,,,,4.0,1.30976E2,-1.36743474E2,-0.650494,1.287879,0.0,0.4669E-2,0.0,,,,,,,,,,,,,,,,,,,,,,,,,,,,,2.911252003E3
2886,SPD,BPM,BPMDAS,Stripline-5,0.0,,,,,,,,,,4.0,1.43621E2,-1.24098612E2,-0.650494,1.228845,0.0,0.4669E-2,0.0,,,,,,,,,,,,,,,,,,,,,,,,,,,,,2.923897003E3
2891,SPD,XCOR,XCSP1D,class-4,0.0,,,,,,,,,,4.0,1.782806E2,-89.43939,-0.650494,1.067037,0.0,0.4669E-2,0.0,,,,,,,,,,,,,,,,,,,,,,,,,,,,,2.958556603E3
2893,SPD,QUAD,QSP1D,2Q10,0.263,0.0514,,-0.2580271724,,0.0,,,,,4.0,1.79231E2,-88.489,-0.650494,1.0626,0.0,0.4669E-2,0.0,,,,,,,,,,-9.054416677481,3.442743983833,,,,,,,,,,,,,,,,,,2.959507003E3
2897,SPD,IMON,IMSP0D,ICT,0.0,,,,,,,,,,4.0,1.80433E2,-87.287013,-0.650494,1.056989,0.0,0.4669E-2,0.0,,,,,,,,,,,,,,,,,,,,,,,,,,,,,2.960709003E3
2899,SPD,MARK,MRFBSP2D,,,,,,,,,,,,4.0,1.81867402E2,-85.852627,-0.650494,1.050292,0.0,0.4669E-2,0.0,,,,,,,,,,,,,,,,,,,,,,,,,,,,,2.962143405E3
2900,SPD,BPM,BPMSP2D,Stripline-5,0.0,,,,,,,,,,4.0,1.81867402E2,-85.852627,-0.650494,1.050292,0.0,0.4669E-2,0.0,,,,,,,,,,,,,,,,,,,,,,,,,,,,,2.962143405E3
2902,SPD,QUAD,QSP2D,2Q10,0.263,0.0514,,0.232777714,,0.0,,,,,4.0,1.82811E2,-84.909039,-0.650494,1.045887,0.0,0.4669E-2,0.0,,,,,,,,,,8.16838938389,-3.105851476764,,,,,,,,,,,,,,,,,,2.963087003E3
2905,SPD,YCOR,YCSP2D,class-4,0.0,,,,,,,,,,4.0,1.83371E2,-84.349045,-0.650494,1.043273,0.0,0.4669E-2,0.0,,,,,,,,,,,,,,,,,,,,,,,,,,,,,2.963647003E3
2907,SPD,BEND,BYSP1D,1.0D38.37,1.000004,0.0254,0.502875962342,0.0,,90.000000011752,0.251437981171,0.251437981171,,,4.0,1.879510016E2,-79.7691,-0.650494,1.020794,0.0,0.9057E-2,0.0,,,,,,1.000000790284,0.4861,1.171055637481,-0.117105095328,0.0,0.0,,,,-79.769105,-0.650494,1.020245,1.570796,0.9057E-2,0.0,,,,,,,,,2.968227003E3
2911,SPD,WIRE,WSSP1D,fast,0.0,,,,,,,,,,4.0,2.345260016E2,-33.198297,-0.650494,0.395692,0.0,0.013445,0.0,,,,,,,,,,,,,,,,,,,,,,,,,,,,,3.014800217E3
2913,*SPD,ACM,IMBCSD1,BCS ACM,0.0,,,,,,,,,,4.0,2.358554357E2,-31.868983,-0.650494,0.377818,0.0,0.013445,0.0,,,,,,,,,,,,,,,,,,,,,,,,,,,,,3.0161296E3
2915,*SPD,ACM,IMBCSD2,BCS ACM,0.0,,,,,,,,,,4.0,2.361614475E2,-31.562999,-0.650494,0.373704,0.0,0.013445,0.0,,,,,,,,,,,,,,,,,,,,,,,,,,,,,3.0164356E3
2917,SPD,BPM,BPMSP3D,Stripline-8,0.0,,,,,,,,,,4.0,2.606608512E2,-7.06581,-0.650494,0.044311,0.0,0.013445,0.0,,,,,,,,,,,,,,,,,,,,,,,,,,,,,3.04093406E3
2919,SPD,BEND,BYSP2D,1.0D38.37,1.000004,0.0254,-0.502875962342,0.0,,90.000000011752,-0.251437981171,-0.251437981171,,,4.0,2.619510048E2,-5.77576,-0.650494,0.028062,0.0,0.9057E-2,0.0,,,,,,1.000000790284,0.4861,-1.171055637481,0.117105095328,0.0,0.0,,,,-5.775755,-0.650494,0.02861,1.570796,0.9057E-2,0.0,,,,,,,,,3.042224172E3
2921,SPD,MARK,CNTSP1D,CENTER,,,,,,,,,,,4.0,2.624510064E2,-5.27577,-0.650494,0.02463,0.0,0.4669E-2,0.0,,,,,,,,,,,,,,,,,,,,,,,,,,,,,3.042724172E3
2923,SPD,XCOR,XCSP3D,class-4,0.0,,,,,,,,,,4.0,2.629510064E2,-4.775776,-0.650494,0.022296,0.0,0.4669E-2,0.0,,,,,,,,,,,,,,,,,,,,,,,,,,,,,3.043224172E3
2925,SPD,YCOR,YCSP4D,class-4,0.0,,,,,,,,,,4.0,2.634510064E2,-4.275781,-0.650494,0.019962,0.0,0.4669E-2,0.0,,,,,,,,,,,,,,,,,,,,,,,,,,,,,3.043724172E3
2930,SPD,MARK,WOODDOOR_SPD,,,,,,,,,,,,4.0,2.702388344E2,2.511973,-0.650494,-0.011727,0.0,0.4669E-2,0.0,,,,,,,,,,,,,,,,,,,,,,,,,,,,,3.050512E3
2931,SPD,INST,ENDSPD_3,,,,,,,,,,,,4.0,2.702388344E2,2.511973,-0.650494,-0.011727,0.0,0.4669E-2,0.0,,,,,,,,,,,,,,,,,,,,,,,,,,,,,3.050512E3
2932,SLTD,INST,BEGSLTD,,,,,,,,,,,,4.0,2.702388344E2,2.511973,-0.650494,-0.011727,0.0,0.4669E-2,0.0,,,,,,,,,,,,,,,,,,,,,,,,,,,,,3.050512E3
2934,SLTD,BPM,BPMSP4D,Stripline-5,0.0,,,,,,,,,,4.0,3.673152594E2,99.58734,-0.650494,-0.464928,0.0,0.4669E-2,0.0,,,,,,,,,,,,,,,,,,,,,,,,,,,,,3.147588425E3
2936,SLTD,MARK,RWWAKE3D,WAKE,,,,,,,,,,,4.0,3.683152594E2,1.00587329E2,-0.650494,-0.469597,0.0,0.4669E-2,0.0,,,,,,,,,,,,,,,,,,,,,,,,,,,,,3.148588425E3
2937,SLTD,XCOR,XCSP5D,class-4,0.0,,,,,,,,,,4.0,3.683152594E2,1.00587329E2,-0.650494,-0.469597,0.0,0.4669E-2,0.0,,,,,,,,,,,,,,,,,,,,,,,,,,,,,3.148588425E3
2939,SLTD,YCOR,YCSP6D,class-4,0.0,,,,,,,,,,4.0,3.688152594E2,1.01087324E2,-0.650494,-0.471931,0.0,0.4669E-2,0.0,,,,,,,,,,,,,,,,,,,,,,,,,,,,,3.149088425E3
2941,SLTD,BPM,BPMSP5D,Stripline-14,0.0,,,,,,,,,,4.0,4.230538344E2,1.55325308E2,-0.650494,-0.725144,0.0,0.4669E-2,0.0,,,,,,,,,,,,,,,,,,,,,,,,,,,,,3.203327E3
2943,*SLTD,PROF,OTRSPDMP,OTR,0.0,,,,,,,,,,4.0,4.234776344E2,1.55749103E2,-0.650494,-0.727122,0.0,0.4669E-2,0.0,,,,,,,,,,,,,,,,,,,,,,,,,,,,,3.2037508E3
2945,SLTD,MARK,MUWALLD,,,,,,,,,,,,4.0,4.269852594E2,1.5925669E2,-0.650494,-0.743498,0.0,0.4669E-2,0.0,,,,,,,,,,,,,,,,,,,,,,,,,,,,,3.207258425E3
2947,SLTD,INST,DUMPBSY,DUMPBSY,0.0,,,,,,,,,,4.0,4.288262344E2,1.61097645E2,-0.650494,-0.752092,0.0,0.4669E-2,0.0,,,,,,,,,,,,,,,,,,,,,,,,,,,,,3.2090994E3
2949,SLTD,INST,BTMSPDMP,PPS BTM,0.0,,,,,,,,,,4.0,4.303786824E2,1.62650076E2,-0.650494,-0.75934,0.0,0.4669E-2,0.0,,,,,,,,,,,,,,,,,,,,,,,,,,,,,3.210651848E3
2950,SLTD,INST,ENDSLTD,,,,,,,,,,,,4.0,4.303786824E2,1.62650076E2,-0.650494,-0.75934,0.0,0.4669E-2,0.0,,,,,,,,,,,,,,,,,,,,,,,,,,,,,3.210651848E3
2866,SPA,INST,BEGSPA,,,,,,,,,,,,4.0,1.30976E2,-1.36743474E2,-0.650494,1.287879,0.0,0.4669E-2,0.0,,,,,,,,,,,,,,,,,,,,,,,,,,,,,2.911252003E3
2867,SPA,KICK,BKRDAS1,0.787K35.4,1.0,0.02,-0.536778819543E-2,0.0,,88.272515987431,0.0,-0.536778819601E-2,,,4.0,1.31476E2,-1.3624348E2,-0.650494,1.285556,0.0,0.4622E-2,1.0E-6,,,,,,1.0,0.5,-0.012500057863,0.125000578628E-2,0.0,0.0,,,,-1.3624348E2,-0.650494,1.285544,-0.03015,0.4669E-2,0.0,,,,,,,,,2.911752003E3
2870,SPA,KICK,BKRDAS2,0.787K35.4,1.0,0.02,-0.536778824242E-2,0.0,,88.272515987431,0.536778819601E-2,-0.010735576441,,,4.0,1.32776E2,-1.34943493E2,-0.65049,1.279609,0.0,0.4528E-2,0.4E-5,,,,,,1.0,0.5,-0.012500057972,0.125000579722E-2,0.0,0.0,,,,-1.34943494E2,-0.650494,1.279475,-0.03015,0.4669E-2,0.0,,,,,,,,,2.913052003E3
2873,SPA,KICK,BKRDAS3,0.787K35.4,1.0,0.02,-0.536778833753E-2,0.0,,88.272515987431,0.010735576441,-0.016103364777,,,4.0,1.34076E2,-1.33643506E2,-0.650483,1.273783,0.0,0.4434E-2,0.7E-5,,,,,,1.0,0.5,-0.012500058194,0.125000581937E-2,0.0,0.0,,,,-1.33643508E2,-0.650494,1.273406,-0.03015,0.4669E-2,0.0,,,,,,,,,2.914352003E3
2877,SPA,KICK,BKRDAS4,0.787K35.4,1.0,0.02,-0.536778847847E-2,0.0,,88.272515987431,0.016103364777,-0.021471153255,,,4.0,1.353760001E2,-1.32343519E2,-0.650472,1.268079,0.0,0.4341E-2,1.0E-5,,,,,,1.0,0.5,-0.012500058522,0.125000585219E-2,0.0,0.0,,,,-1.32343522E2,-0.650494,1.267337,-0.03015,0.4669E-2,0.0,,,,,,,,,2.915652003E3
2880,SPA,KICK,BKRDAS5,0.787K35.4,1.0,0.02,-0.53677886664E-2,0.0,,88.272515987431,0.021471153255,-0.026838941923,,,4.0,1.366760002E2,-1.31043531E2,-0.650457,1.262497,0.0,0.4247E-2,0.13E-4,,,,,,1.0,0.5,-0.01250005896,0.125000589595E-2,0.0,0.0,,,,-1.31043537E2,-0.650494,1.261268,-0.03015,0.4669E-2,0.0,,,,,,,,,2.916952003E3
2883,SPA,KICK,BKRDAS6,0.787K35.4,1.0,0.02,-0.536778890246E-2,0.0,,88.272515987431,0.026838941923,-0.032206730825,,,4.0,1.379760003E2,-1.29743542E2,-0.650439,1.257037,0.0,0.4153E-2,0.16E-4,,,,,,1.0,0.5,-0.012500059509,0.125000595092E-2,0.0,0.0,,,,-1.29743551E2,-0.650494,1.255199,-0.03015,0.4669E-2,0.0,,,,,,,,,2.918252003E3
2886,SPA,BPM,BPMDAS?,Stripline-5,0.0,,,,,,,,,,4.0,1.436210012E2,-1.24098589E2,-0.650343,1.233843,0.0,0.4107E-2,0.17E-4,,,,,,,,,,,,,,,,,,,,,,,,,,,,,2.923897003E3
2888,SPA,COLL,PCBLRDAS,VCOLL,0.0,,,,,,,,,,4.0,1.609110039E2,-1.06808732E2,-0.65005,1.162839,0.0,0.4107E-2,0.17E-4,,,,,,,,,,,,,,,,,,,,,,,,0.02,0.011,,,,2.941187003E3
2890,SPA,SEPT,BLRDAS,0.625SD38.98,1.000058,0.0159,-1.067759155799,0.0,,-1.727484039791,0.0,-1.06775915597,,,4.0,1.614110112E2,-1.06308736E2,-0.647713,1.160716,0.4E-4,0.4387E-2,0.933E-2,,,,,,1.0,0.5,-2.486508547848,0.248636433872,0.0,0.0,,,,-1.06308825E2,-0.650615,1.141795,-0.03015,0.4669E-2,0.0,,,,,,,,,2.941687003E3
2892,SPA,MARK,RODAS1,,0.0,,0.300109608546E-3,,,,,,,,4.0,1.61911062E2,-1.05808742E2,-0.640719,1.158452,0.84E-4,0.4668E-2,0.018645,,,,,,,,,,,,,,,,,,,,,,,,,,,,,2.942187003E3
2894,SPA,XCOR,XCDAS1,class-4,0.0,,,,,,,,,,4.0,1.84358003E2,-83.365946,-0.222234,1.053676,0.87E-4,0.4668E-2,0.018645,,,,,,,,,,,,,,,,,,,,,,,,,,,,,2.964630043E3
2896,SPA,YCOR,YCDAS1,class-4,0.0,,,,,,,,,,4.0,1.84858003E2,-82.866039,-0.212912,1.051343,0.87E-4,0.4668E-2,0.018645,,,,,,,,,,,,,,,,,,,,,,,,,,,,,2.965129956E3
2898,SPA,BPM,BPMDAS1,Stripline-5,0.0,,,,,,,,,,4.0,1.86094262E2,-81.630008,-0.189865,1.045572,0.87E-4,0.4668E-2,0.018645,,,,,,,,,,,,,,,,,,,,,,,,,,,,,2.966366E3
2900,SPA,QUAD,QDAS1B,2Q4W,0.1244,0.0538,,-0.4592439341,,0.0,,,,,4.0,1.86681762E2,-81.042617,-0.178912,1.04283,0.87E-4,0.4668E-2,0.018645,,,,,,,,,,-7.6225993565,6.127491444132,,,,,,,,,,,,,,,,,,2.966953398E3
2903,SPA,QUAD,QDAS1A,2Q4W,0.1244,0.0538,,-0.4592439341,,0.0,,,,,4.0,1.86941862E2,-80.782565,-0.174062,1.041616,0.87E-4,0.4668E-2,0.018645,,,,,,,,,,-7.6225993565,6.127491444132,,,,,,,,,,,,,,,,,,2.967213453E3
2906,SPA,QUAD,QDAS2A,2Q4W,0.1244,0.0538,,0.4580126068,,0.0,,,,,4.0,1.88966262E2,-78.758539,-0.136321,1.032166,0.87E-4,0.4668E-2,0.018645,,,,,,,,,,7.602161602209,-6.111062381197,,,,,,,,,,,,,,,,,,2.969237501E3
2909,SPA,QUAD,QDAS2B,2Q4W,0.1244,0.0538,,0.4580126068,,0.0,,,,,4.0,1.89226362E2,-78.498487,-0.131472,1.030952,0.87E-4,0.4668E-2,0.018645,,,,,,,,,,7.602161602209,-6.111062381197,,,,,,,,,,,,,,,,,,2.969497556E3
2912,SPA,IMON,IMDAS1,BCS ACM,0.0,,,,,,,,,,4.0,2.159276476E2,-51.802133,0.366328,0.906319,0.87E-4,0.4668E-2,0.018645,,,,,,,,,,,,,,,,,,,,,,,,,,,,,2.9961942E3
2914,SPA,IMON,IMDAS2,BCS ACM,0.0,,,,,,,,,,4.0,2.162337176E2,-51.496119,0.372035,0.904891,0.87E-4,0.4668E-2,0.018645,,,,,,,,,,,,,,,,,,,,,,,,,,,,,2.996500217E3
2916,SPA,BEND,BRDAS1,1.0D38.37,1.000016,0.0254,1.094439898614,0.0,,12.562428667798,0.547219949307,0.547219949307,,,4.0,2.177337252E2,-49.996355,0.397669,0.89737,0.34E-4,0.6746E-2,0.9322E-2,,,,,,1.000000796895,0.5,2.548640438464,-0.254859966087,0.0,0.0,,,,-49.996346,0.396504,0.89711,0.219256,0.6746E-2,0.9322E-2,,,,,,,,,2.998E3
2918,SPA,MARK,RODAS2,,0.0,,0.221903331911E-2,,,,,,,,4.0,2.182337328E2,-49.49637,0.4,0.893477,-0.19E-4,0.8823E-2,0.0,,,,,,,,,,,,,,,,,,,,,,,,,,,,,2.998499998E3
2920,SPA,XCOR,XCDAS11,class-4,0.0,,,,,,,,,,4.0,2.191517418E2,-48.578397,0.4,0.885378,0.0,0.8823E-2,0.0,,,,,,,,,,,,,,,,,,,,,,,,,,,,,2.999417999E3
2922,SPA,YCOR,YCDAS11,class-4,0.0,,,,,,,,,,4.0,2.195487418E2,-48.181412,0.4,0.881875,0.0,0.8823E-2,0.0,,,,,,,,,,,,,,,,,,,,,,,,,,,,,2.999814995E3
2924,SPA,QUAD,QDAS11,2Q4W,0.1244,0.0538,,-0.2592990275,,0.0,,,,,4.0,2.225337328E2,-45.196537,0.4,0.855539,0.0,0.8823E-2,0.0,,,,,,,,,,-4.303883956652,3.459713791521,,,,,,,,,,,,,,,,,,3.002799961E3
2927,SPA,PROF,PRDAS12,YAG,0.0,,,,,,,,,,4.0,2.240959328E2,-43.634398,0.4,0.841756,0.0,0.8823E-2,0.0,,,,,,,,,,,,,,,,,,,,,,,,,,,,,3.004362147E3
2929,SPA,INST,DUMPDAS,400W-dump,0.2032,,,,,,,,,,4.0,2.324738578E2,-35.256799,0.4,0.767839,0.0,0.8823E-2,0.0,,,,,,,,,,,,,,,,,,,,,,,,,,,,,3.01274E3
2932,SPA,QUAD,QDAS12,2Q4W,0.1244,0.0538,,0.320954266,,0.0,,,,,4.0,2.374581328E2,-30.272718,0.4,0.723864,0.0,0.8823E-2,0.0,,,,,,,,,,5.327246806802,-4.282352738587,,,,,,,,,,,,,,,,,,3.017724232E3
2935,SPA,QUAD,QDAS13,2Q4W,0.1244,0.0538,,-0.6718837702,,0.0,,,,,4.0,2.562107231E2,-11.520858,0.4,0.558413,0.0,0.8823E-2,0.0,,,,,,,,,,-11.152027090801,8.964652002252,,,,,,,,,,,,,,,,,,3.03647666E3
2938,SPA,PROF,PRDAS14,PHOSPHOR,0.0,,,,,,,,,,4.0,2.592630888E2,-8.468611,0.4,0.531483,0.0,0.8823E-2,0.0,,,,,,,,,,,,,,,,,,,,,,,,,,,,,3.039529E3
2940,SPA,MARK,WOODDOOR_SPA,,,,,,,,,,,,4.0,2.702461838E2,2.514056,0.4,0.434581,0.0,0.8823E-2,0.0,,,,,,,,,,,,,,,,,,,,,,,,,,,,,3.050512E3
2941,SPA,INST,ENDSPA,,,,,,,,,,,,4.0,2.702461838E2,2.514056,0.4,0.434581,0.0,0.8823E-2,0.0,,,,,,,,,,,,,,,,,,,,,,,,,,,,,3.050512E3
2942,SLTA,INST,BEGSLTA,,,,,,,,,,,,4.0,2.702461838E2,2.514056,0.4,0.434581,0.0,0.8823E-2,0.0,,,,,,,,,,,,,,,,,,,,,,,,,,,,,3.050512E3
2944,SLTA,XCOR,XCDAS14,class-4,0.0,,,,,,,,,,4.0,2.742010835E2,6.468802,0.4,0.399688,0.0,0.8823E-2,0.0,,,,,,,,,,,,,,,,,,,,,,,,,,,,,3.054466866E3
2946,SLTA,QUAD,QDAS14,2Q4W,0.1244,0.0538,,0.5574916711,,0.0,,,,,4.0,2.747632835E2,7.03098,0.4,0.394728,0.0,0.8823E-2,0.0,,,,,,,,,,9.253329957877,-7.438368133342,,,,,,,,,,,,,,,,,,3.055029061E3
2949,SLTA,QUAD,QDAS15,2Q4W,0.1244,0.0538,,-0.5574916711,,0.0,,,,,4.0,2.930158738E2,25.28286,0.4,0.233688,0.0,0.8823E-2,0.0,,,,,,,,,,-9.253329957877,7.438368133342,,,,,,,,,,,,,,,,,,3.073281494E3
2952,SLTA,QUAD,QDAS16,2Q4W,0.1244,0.0538,,0.5574916711,,0.0,,,,,4.0,3.112684641E2,43.53474,0.4,0.072649,0.0,0.8823E-2,0.0,,,,,,,,,,9.253329957877,-7.438368133342,,,,,,,,,,,,,,,,,,3.091533926E3
2955,SLTA,PROF,PRDAS17,PHOSPHOR,0.0,,,,,,,,,,4.0,3.118305431E2,44.096797,0.4,0.06769,0.0,0.8823E-2,0.0,,,,,,,,,,,,,,,,,,,,,,,,,,,,,3.092096E3
2957,SLTA,YCOR,YCDAS17,class-4,0.0,,,,,,,,,,4.0,3.281588845E2,60.424503,0.4,-0.076372,0.0,0.8823E-2,0.0,,,,,,,,,,,,,,,,,,,,,,,,,,,,,3.108424201E3
2959,SLTA,QUAD,QDAS17,2Q4W,0.1244,0.0538,,-0.5574916711,,0.0,,,,,4.0,3.287210845E2,60.986681,0.4,-0.081332,0.0,0.8823E-2,0.0,,,,,,,,,,-9.253329957877,7.438368133342,,,,,,,,,,,,,,,,,,3.108986396E3
2962,SLTA,QUAD,QDAS18A,2Q4W,0.1244,0.0538,,0.443755134,,0.0,,,,,4.0,3.443856617E2,76.650649,0.4,-0.219538,0.0,0.8823E-2,0.0,,,,,,,,,,7.365513940867,-5.920831142176,,,,,,,,,,,,,,,,,,3.124650838E3
2965,SLTA,QUAD,QDAS18B,2Q4W,0.1244,0.0538,,0.443755134,,0.0,,,,,4.0,3.446457617E2,76.910739,0.4,-0.221833,0.0,0.8823E-2,0.0,,,,,,,,,,7.365513940867,-5.920831142176,,,,,,,,,,,,,,,,,,3.124910936E3
2968,SLTA,QUAD,QDAS19,2Q4W,0.1244,0.0538,,-0.3258258098,,0.0,,,,,4.0,3.53750239E2,86.014862,0.4,-0.30216,0.0,0.8823E-2,0.0,,,,,,,,,,-5.408105417832,4.347351622051,,,,,,,,,,,,,,,,,,3.134015335E3
2971,SLTA,BPM,BPMDAS19,Stripline-5,0.0,,,,,,,,,,4.0,3.54260809E2,86.525412,0.4,-0.306664,0.0,0.8823E-2,0.0,,,,,,,,,,,,,,,,,,,,,,,,,,,,,3.1345259E3
2973,SLTA,MARK,RODAS3,,0.0,,-0.131673692994E-2,,,,,,,,4.0,3.75800239E2,1.08064003E2,0.4,-0.496703,-0.11E-4,0.8823E-2,0.0,,,,,,,,,,,,,,,,,,,,,,,,,,,,,3.156065144E3
2974,SLTA,BEND,BRDAS2,1.0D38.37,1.000006,0.0254,-0.680346875664,0.0,,21.296938579083,-0.340173437832,-0.340173437832,,,4.0,3.763002419E2,1.08563989E2,0.401383,-0.500575,0.2E-4,0.6667E-2,0.5532E-2,,,,,,1.000000125024,0.5,-1.58433511214,0.158432560619,0.0,0.0,,,,1.08563987E2,0.402074,-0.500306,0.371702,0.6667E-2,0.5532E-2,,,,,,,,,3.156565142E3
2977,SLTA,XCOR,XCDAS19,class-4,0.0,,,,,,,,,,4.0,3.773002449E2,1.0956393E2,0.411063,-0.505624,0.51E-4,0.451E-2,0.011064,,,,,,,,,,,,,,,,,,,,,,,,,,,,,3.157565096E3
2979,SLTA,YCOR,YCDAS19,class-4,0.0,,,,,,,,,,4.0,3.776972449E2,1.09960902E2,0.415455,-0.507415,0.51E-4,0.451E-2,0.011064,,,,,,,,,,,,,,,,,,,,,,,,,,,,,3.157962072E3
2981,SLTA,PROF,PRBRAM1,unknown,0.0,,,,,,,,,,4.0,3.971294186E2,1.29391689E2,0.630438,-0.595053,0.51E-4,0.451E-2,0.011064,,,,,,,,,,,,,,,,,,,,,,,,,,,,,3.177393056E3
2983,SLTA,INST,TGTBRAM1,Cu,0.0,,,,,,,,,,4.0,3.976294186E2,1.29891653E2,0.63597,-0.597308,0.51E-4,0.451E-2,0.011064,,,,,,,,,,,,,,,,,,,,,,,,,,,,,3.177893026E3
2985,SLTA,INST,ENDSLTA,,,,,,,,,,,,4.0,3.981294186E2,1.30391617E2,0.641502,-0.599563,0.51E-4,0.451E-2,0.011064,,,,,,,,,,,,,,,,,,,,,,,,,,,,,3.178392995E3
2986,BSYA,INST,BEGBSYA,,,,,,,,,,,,4.0,3.981294186E2,1.30391617E2,0.641502,-0.599563,0.51E-4,0.451E-2,0.011064,,,,,,,,,,,,,,,,,,,,,,,,,,,,,3.178392995E3
2987,BSYA,BEND,BRAM1,2.0D38.37,1.025,0.0508,0.133276383659,0.0,,0.819546729286,0.066638191829,0.066638191829,,,4.0,3.986419187E2,1.30904084E2,0.646874,-0.601879,0.46E-4,0.4527E-2,0.9901E-2,,,,,,1.024999768914,0.5,0.310362936618,-0.03027931089,0.0,0.0,,,,1.30904085E2,0.646725,-0.601881,0.014304,0.4527E-2,0.9901E-2,,,,,,,,,3.178905467E3
2989,BSYA,MARK,ROLL2,,0.0,,0.590569999799,,,,,,,,4.0,3.991544188E2,1.31416557E2,0.651649,-0.604203,0.5174E-2,0.4543E-2,0.8738E-2,,,,,,,,,,,,,,,,,,,,,,,,,,,,,3.179417945E3
2991,BSYA,QUAD,Q10,Aline_Q8cm,2.0,0.08,,0.04094613124,,0.0,,,,,4.0,4.011419188E2,1.3340396E2,0.669015,-0.613233,0.010307,0.4543E-2,0.8738E-2,,,,,,,,,,10.926527285988,-0.546326364299,,,,,,,,,,,,,,,,,,3.181405369E3
2994,BSYA,PC,PC10,,0.0,,,,,,,,,,4.0,4.029499188E2,1.35211872E2,0.684813,-0.621447,0.010307,0.4543E-2,0.8738E-2,,,,,,,,,,,,,,,,,,,,,,,,0.0,0.0,,,,3.1832133E3
2996,BSYA,MARK,IV10,,,,,,,,,,,,4.0,4.033299188E2,1.35591854E2,0.688133,-0.623173,0.010307,0.4543E-2,0.8738E-2,,,,,,,,,,,,,,,,,,,,,,,,,,,,,3.183593285E3
2998,BSYA,MARK,FV10,,,,,,,,,,,,4.0,4.038079188E2,1.36069831E2,0.692309,-0.625345,0.010307,0.4543E-2,0.8738E-2,,,,,,,,,,,,,,,,,,,,,,,,,,,,,3.184071267E3
3000,BSYA,BPM,BPM10A,,0.0,,,,,,,,,,4.0,4.044359188E2,1.366978E2,0.697796,-0.628198,0.010307,0.4543E-2,0.8738E-2,,,,,,,,,,,,,,,,,,,,,,,,,,,,,3.184699243E3
3002,BSYA,IMON,I10,,0.0,,,,,,,,,,4.0,4.051199188E2,1.37381767E2,0.703773,-0.631306,0.010307,0.4543E-2,0.8738E-2,,,,,,,,,,,,,,,,,,,,,,,,,,,,,3.185383217E3
3004,BSYA,PROF,PR10,,0.0,,,,,,,,,,4.0,4.057399188E2,1.38001737E2,0.70919,-0.634123,0.010307,0.4543E-2,0.8738E-2,,,,,,,,,,,,,,,,,,,,,,,,,,,,,3.186003193E3
3006,BSYA,YCOR,A10Y,,0.0,,,,,,,,,,4.0,4.066199188E2,1.38881695E2,0.716879,-0.638121,0.010307,0.4543E-2,0.8738E-2,,,,,,,,,,,,,,,,,,,,,,,,,,,,,3.18688316E3
3008,BSYA,IMON,I11,,0.0,,,,,,,,,,4.0,4.072879188E2,1.39549662E2,0.722716,-0.641156,0.010307,0.4543E-2,0.8738E-2,,,,,,,,,,,,,,,,,,,,,,,,,,,,,3.187551134E3
3010,BSYA,QUAD,Q11,Aline_Q8cm,2.0,0.08,,-0.03813513606,,0.0,,,,,4.0,4.086791188E2,1.40940795E2,0.734871,-0.647477,0.010307,0.4543E-2,0.8738E-2,,,,,,,,,,-10.17640964105,0.508820482053,,,,,,,,,,,,,,,,,,3.188942281E3
3013,BSYA,MARK,BEGB,,,,,,,,,,,,4.0,4.104061188E2,1.42667711E2,0.749961,-0.655323,0.010307,0.4543E-2,0.8738E-2,,,,,,,,,,,,,,,,,,,,,,,,,,,,,3.190669215E3
3014,BSYA,BEND,B11,Aline_bend,3.024,0.046,-1.999526617692,0.0,,0.0,-0.999763308846,-0.999763308846,,,4.0,4.119181188E2,1.44179446E2,0.776361,-0.662056,0.010307,0.4362E-2,0.026186,,,,,,3.023846547825,0.5,-4.656330970838,0.153979198771,0.0,0.0,,,,1.44179274E2,0.782954,-0.661987,0.010307,0.4362E-2,0.026186,,,,,,,,,3.192180966E3
3017,BSYA,BEND,B12,Aline_bend,3.024,0.046,-1.999526617692,0.0,,0.0,-0.999763308846,-0.999763308846,,,4.0,4.157176188E2,1.47975143E2,0.94209,-0.677935,0.010307,0.3996E-2,0.061083,,,,,,3.023846547825,0.5,-4.656330970838,0.153979198771,0.0,0.0,,,,1.47974741E2,0.948673,-0.677865,0.010307,0.3996E-2,0.061083,,,,,,,,,3.195976695E3
3020,BSYA,PC,PC12,,0.0,,,,,,,,,,4.0,4.180586188E2,1.50309869E2,1.112585,-0.686996,0.010307,0.3811E-2,0.078531,,,,,,,,,,,,,,,,,,,,,,,,0.0,0.0,,,,3.198311438E3
3022,BSYA,BPM,BPM12A,,0.0,,,,,,,,,,4.0,4.188436188E2,1.51092444E2,1.174168,-0.689987,0.010307,0.3811E-2,0.078531,,,,,,,,,,,,,,,,,,,,,,,,,,,,,3.199094019E3
3024,BSYA,BEND,B13,Aline_bend,3.024,0.046,-1.999526617692,0.0,,0.0,-0.999763308846,-0.999763308846,,,4.0,4.225900088E2,1.5482615E2,1.481216,-0.704123,0.010307,0.3624E-2,0.095979,,,,,,3.023846547825,0.5,-4.656330970838,0.153979198771,0.0,0.0,,,,1.54825518E2,1.487781,-0.704052,0.010307,0.3624E-2,0.095979,,,,,,,,,3.20282775E3
3027,BSYA,BEND,B14,Aline_bend,3.024,0.046,-1.999526617692,0.0,,0.0,-0.999763308846,-0.999763308846,,,4.0,4.263895088E2,1.5860106E2,1.911241,-0.717182,0.010307,0.3249E-2,0.130876,,,,,,3.023846547825,0.5,-4.656330970838,0.153979198771,0.0,0.0,,,,1.58600199E2,1.917779,-0.71711,0.010307,0.3249E-2,0.130876,,,,,,,,,3.206602679E3
3030,BSYA,PC,PC14,,0.0,,,,,,,,,,4.0,4.308868988E2,1.63050921E2,2.562809,-0.731084,0.010307,0.3059E-2,0.148324,,,,,,,,,,,,,,,,,,,,,,,,0.0,0.0,,,,3.211052557E3
3032,BSYA,BEND,B15,Aline_bend,3.024,0.046,-1.999526617692,0.0,,0.0,-0.999763308846,-0.999763308846,,,4.0,4.332618988E2,1.65397808E2,2.926821,-0.738207,0.010307,0.2869E-2,0.165772,,,,,,3.023846547825,0.5,-4.656330970838,0.153979198771,0.0,0.0,,,,1.6539672E2,2.933326,-0.738134,0.010307,0.2869E-2,0.165772,,,,,,,,,3.213399452E3
3035,BSYA,BEND,B16,Aline_bend,3.024,0.046,-1.999526617692,0.0,,0.0,-0.999763308846,-0.999763308846,,,4.0,4.370613988E2,1.69133548E2,3.619048,-0.748381,0.010307,0.2486E-2,0.200669,,,,,,3.023846547825,0.5,-4.656330970838,0.153979198771,0.0,0.0,,,,1.69132233E2,3.625511,-0.748308,0.010307,0.2486E-2,0.200669,,,,,,,,,3.217135198E3
3038,BSYA,INST,SYNC,,0.0,,,,,,,,,,4.0,4.460081988E2,1.77871125E2,5.542159,-0.769044,0.010307,0.2293E-2,0.218117,,,,,,,,,,,,,,,,,,,,,,,,,,,,,3.225872776E3
3040,BSYA,PC,PC17,,0.0,,,,,,,,,,4.0,4.492013888E2,1.80988649E2,6.233137,-0.776367,0.010307,0.2293E-2,0.218117,,,,,,,,,,,,,,,,,,,,,,,,0.0,0.0,,,,3.228990301E3
3042,BSYA,BPM,BPM17,,0.0,,,,,,,,,,4.0,4.503603888E2,1.82120186E2,6.483934,-0.779025,0.010307,0.2293E-2,0.218117,,,,,,,,,,,,,,,,,,,,,,,,,,,,,3.230121838E3
3044,BSYA,YCOR,A18Y,,0.0,,,,,,,,,,4.0,4.516623888E2,1.83391334E2,6.765674,-0.782011,0.010307,0.2293E-2,0.218117,,,,,,,,,,,,,,,,,,,,,,,,,,,,,3.231392986E3
3046,BSYA,PROF,PR18,,0.0,,,,,,,,,,4.0,4.529263888E2,1.84625382E2,7.039193,-0.784909,0.010307,0.2293E-2,0.218117,,,,,,,,,,,,,,,,,,,,,,,,,,,,,3.232627034E3
3048,BSYA,INST,SP18,,0.0,,,,,,,,,,4.0,4.536493888E2,1.8533125E2,7.195643,-0.786567,0.010307,0.2293E-2,0.218117,,,,,,,,,,,,,,,,,,,,,,,,,,,,,3.233332902E3
3050,BSYA,QUAD,Q19,Aline_Q19,2.0,0.186,,0.03083711355,,0.0,,,,,4.0,4.553223888E2,1.86964607E2,7.557665,-0.790404,0.010307,0.2293E-2,0.218117,,,,,,,,,,8.228923036715,-0.411446151836,,,,,,,,,,,,,,,,,,3.234966259E3
3053,BSYA,COLL,SL19,,0.0,,,,,,,,,,4.0,4.576423888E2,1.89229632E2,8.059692,-0.795724,0.010307,0.2293E-2,0.218117,,,,,,,,,,,,,,,,,,,,,,,,0.0,0.0,,,,3.237231285E3
3055,BSYA,COLL,SL10,,0.0,,,,,,,,,,4.0,4.596233888E2,1.91163691E2,8.488362,-0.800267,0.010307,0.2293E-2,0.218117,,,,,,,,,,,,,,,,,,,,,,,,0.0,0.0,,,,3.239165343E3
3057,BSYA,QUAD,Q20,Aline_Q20,1.31318,0.20955,,0.1466243512E-2,,0.0,,,,,4.0,4.660786788E2,1.97466017E2,9.885228,-0.815071,0.010307,0.2293E-2,0.218117,,,,,,,,,,0.256903279318,-0.019563447457,,,,,,,,,,,,,,,,,,3.24546767E3
3060,BSYA,PC,PC20,,0.0,,,,,,,,,,4.0,4.712052688E2,2.02471128E2,10.994575,-0.826828,0.010307,0.2293E-2,0.218117,,,,,,,,,,,,,,,,,,,,,,,,0.0,0.0,,,,3.250472781E3
3062,BSYA,PROF,PR20,,0.0,,,,,,,,,,4.0,4.719802688E2,2.03227764E2,11.162278,-0.828605,0.010307,0.2293E-2,0.218117,,,,,,,,,,,,,,,,,,,,,,,,,,,,,3.251229417E3
3064,BSYA,BEND,B21,Aline_bend,3.024,0.046,-1.999526617692,0.0,,0.0,-0.999763308846,-0.999763308846,,,4.0,4.741929888E2,2.05385122E2,11.653952,-0.833533,0.010307,0.21E-2,0.235565,,,,,,3.023846547825,0.5,-4.656330970838,0.153979198771,0.0,0.0,,,,2.05383583E2,11.660365,-0.83346,0.010307,0.21E-2,0.235565,,,,,,,,,3.253386775E3
3067,BSYA,BEND,B22,Aline_bend,3.024,0.046,-1.999526617692,0.0,,0.0,-0.999763308846,-0.999763308846,,,4.0,4.779924888E2,2.09063501E2,12.605011,-0.840774,0.010307,0.1711E-2,0.270461,,,,,,3.023846547825,0.5,-4.656330970838,0.153979198771,0.0,0.0,,,,2.09061739E2,12.611366,-0.8407,0.010307,0.1711E-2,0.270461,,,,,,,,,3.257065147E3
3070,BSYA,MARK,ST22,,,,,,,,,,,,4.0,4.823168788E2,2.13213564E2,13.820243,-0.847477,0.010307,0.1516E-2,0.287909,,,,,,,,,,,,,,,,,,,,,,,,,,,,,3.261215197E3
3072,BSYA,BEND,B23,Aline_bend,3.024,0.046,-1.999526617692,0.0,,0.0,-0.999763308846,-0.999763308846,,,4.0,4.848648788E2,2.15652866E2,14.556368,-0.851192,0.010307,0.132E-2,0.305357,,,,,,3.023846547825,0.5,-4.656330970838,0.153979198771,0.0,0.0,,,,2.15650883E2,14.562658,-0.851118,0.010307,0.132E-2,0.305357,,,,,,,,,3.263654489E3
3075,BSYA,BEND,B24,Aline_bend,3.024,0.046,-1.999526617692,0.0,,0.0,-0.999763308846,-0.999763308846,,,4.0,4.886643788E2,2.19255971E2,15.761627,-0.855464,0.010307,0.928E-3,0.340253,,,,,,3.023846547825,0.5,-4.656330970838,0.153979198771,0.0,0.0,,,,2.1925377E2,15.767844,-0.855389,0.010307,0.928E-3,0.340253,,,,,,,,,3.267257575E3
3078,BSYA,PC,PC24,,0.0,,,,,,,,,,4.0,4.908277688E2,2.21286973E2,16.506695,-0.857194,0.010307,0.731E-3,0.357702,,,,,,,,,,,,,,,,,,,,,,,,0.0,0.0,,,,3.269288563E3
3080,BSYA,BPM,BPM24,,0.0,,,,,,,,,,4.0,4.915347688E2,2.21949222E2,16.754232,-0.857711,0.010307,0.731E-3,0.357702,,,,,,,,,,,,,,,,,,,,,,,,,,,,,3.269950808E3
3082,BSYA,IMON,I24,,0.0,,,,,,,,,,4.0,4.926657688E2,2.23008634E2,17.15022,-0.858538,0.010307,0.731E-3,0.357702,,,,,,,,,,,,,,,,,,,,,,,,,,,,,3.271010212E3
3084,BSYA,COLL,C24,,0.0,,,,,,,,,,4.0,4.931667688E2,2.23477923E2,17.325631,-0.858905,0.010307,0.731E-3,0.357702,,,,,,,,,,,,,,,,,,,,,,,,0.0,0.0,,,,3.271479497E3
3086,BSYA,BEND,B25,Aline_bend,3.024,0.046,-1.999526617692,0.0,,0.0,-0.999763308846,-0.999763308846,,,4.0,4.955367688E2,2.25693221E2,18.167749,-0.860489,0.010307,0.534E-3,0.37515,,,,,,3.023846547825,0.5,-4.656330970838,0.153979198771,0.0,0.0,,,,2.25690804E2,18.173885,-0.860415,0.010307,0.534E-3,0.37515,,,,,,,,,3.273694778E3
3089,BSYA,BEND,B26,Aline_bend,3.024,0.046,-1.999526617692,0.0,,0.0,-0.999763308846,-0.999763308846,,,4.0,4.993362688E2,2.29203507E2,19.62134,-0.861771,0.010307,0.14E-3,0.410046,,,,,,3.023846547825,0.5,-4.656330970838,0.153979198771,0.0,0.0,,,,2.29200878E2,19.627388,-0.861696,0.010307,0.14E-3,0.410046,,,,,,,,,3.277205032E3
3091,BSYA,MARK,MARC,,,,,,,,,,,,4.0,5.008482688E2,2.30584837E2,20.236167,-0.861834,0.010307,-0.57E-4,0.427494,,,,,,,,,,,,,,,,,,,,,,,,,,,,,3.278586348E3
3092,BSYA,MARK,ROLL3,,0.0,,0.0,,,,,,,,4.0,5.008482688E2,2.30584837E2,20.236167,-0.861834,0.010307,-0.57E-4,0.427494,,,,,,,,,,,,,,,,,,,,,,,,,,,,,3.278586348E3
3093,BSYA,MARK,ENDB,,,,,,,,,,,,4.0,5.008482688E2,2.30584837E2,20.236167,-0.861834,0.010307,-0.57E-4,0.427494,,,,,,,,,,,,,,,,,,,,,,,,,,,,,3.278586348E3
3095,BSYA,PC,PC26,,0.0,,,,,,,,,,4.0,5.017300368E2,2.31387253E2,20.60174,-0.861783,0.010307,-0.57E-4,0.427494,,,,,,,,,,,,,,,,,,,,,,,,0.0,0.0,,,,3.279388754E3
3097,BSYA,MARK,IV26,,,,,,,,,,,,4.0,5.020800368E2,2.31705756E2,20.746847,-0.861763,0.010307,-0.57E-4,0.427494,,,,,,,,,,,,,,,,,,,,,,,,,,,,,3.279707253E3
3099,BSYA,QUAD,Q27,Aline_Q8cm,2.0,0.08,,-0.08391962206,,0.0,,,,,4.0,5.035930368E2,2.33082597E2,21.374124,-0.861677,0.010307,-0.57E-4,0.427494,,,,,,,,,,-22.394058058716,1.119702902936,,,,,,,,,,,,,,,,,,3.28108408E3
3102,BSYA,QUAD,SQ27P5,Aline_SQ27,0.55,0.08,,0.0,,45.000000000146,,,,,4.0,5.063930368E2,2.35630619E2,22.53498,-0.861518,0.010307,-0.57E-4,0.427494,,,,,,,,,,0.0,0.0,,,,,,,,,,,,,,,,,,3.283632073E3
3105,BSYA,QUAD,Q28,Aline_Q8cm,2.0,0.08,,0.03548040664,,0.0,,,,,4.0,5.095930368E2,2.38542643E2,23.861672,-0.861335,0.010307,-0.57E-4,0.427494,,,,,,,,,,9.467991713249,-0.473399585662,,,,,,,,,,,,,,,,,,3.286544065E3
3108,BSYA,MARK,FV28,,,,,,,,,,,,4.0,5.112480368E2,2.40048706E2,24.547821,-0.861241,0.010307,-0.57E-4,0.427494,,,,,,,,,,,,,,,,,,,,,,,,,,,,,3.28805011E3
3110,BSYA,BPM,BPM28,,0.0,,,,,,,,,,4.0,5.119210368E2,2.40661141E2,24.826841,-0.861203,0.010307,-0.57E-4,0.427494,,,,,,,,,,,,,,,,,,,,,,,,,,,,,3.288662539E3
3112,BSYA,IMON,I28,,0.0,,,,,,,,,,4.0,5.125650368E2,2.41247186E2,25.093838,-0.861166,0.010307,-0.57E-4,0.427494,,,,,,,,,,,,,,,,,,,,,,,,,,,,,3.289248577E3
3114,BSYA,PROF,PR28,,0.0,,,,,,,,,,4.0,5.132220368E2,2.41845061E2,25.366224,-0.861128,0.010307,-0.57E-4,0.427494,,,,,,,,,,,,,,,,,,,,,,,,,,,,,3.289846446E3
3116,BSYA,XCOR,A28X,,0.0,,,,,,,,,,4.0,5.140380368E2,2.42587627E2,25.704531,-0.861082,0.010307,-0.57E-4,0.427494,,,,,,,,,,,,,,,,,,,,,,,,,,,,,3.290589004E3
3118,BSYA,YCOR,A29Y,,0.0,,,,,,,,,,4.0,5.144830368E2,2.42992581E2,25.889024,-0.861057,0.010307,-0.57E-4,0.427494,,,,,,,,,,,,,,,,,,,,,,,,,,,,,3.290993952E3
3120,BSYA,MARK,ST29,,,,,,,,,,,,4.0,5.153270368E2,2.43760627E2,26.238939,-0.861009,0.010307,-0.57E-4,0.427494,,,,,,,,,,,,,,,,,,,,,,,,,,,,,3.29176199E3
3122,BSYA,PC,PC29,,0.0,,,,,,,,,,4.0,5.472926368E2,2.72849569E2,39.491602,-0.859187,0.010307,-0.57E-4,0.427494,,,,,,,,,,,,,,,,,,,,,,,,0.0,0.0,,,,3.320850606E3
3124,BSYA,IMON,I29,,0.0,,,,,,,,,,4.0,5.480216368E2,2.73512964E2,39.793839,-0.859145,0.010307,-0.57E-4,0.427494,,,,,,,,,,,,,,,,,,,,,,,,,,,,,3.321513995E3
3126,BSYA,QUAD,Q30,Aline_Q8cm,2.0,0.08,,-0.02884955971,,0.0,,,,,4.0,5.497046368E2,2.75044507E2,40.491596,-0.85905,0.010307,-0.57E-4,0.427494,,,,,,,,,,-7.698541762405,0.38492708812,,,,,,,,,,,,,,,,,,3.32304552E3
3129,BSYA,XCOR,A32X,,0.0,,,,,,,,,,4.0,5.513336368E2,2.7652691E2,41.166965,-0.858957,0.010307,-0.57E-4,0.427494,,,,,,,,,,,,,,,,,,,,,,,,,,,,,3.324527906E3
3131,BSYA,YCOR,A33Y,,0.0,,,,,,,,,,4.0,5.517146368E2,2.76873623E2,41.324925,-0.858935,0.010307,-0.57E-4,0.427494,,,,,,,,,,,,,,,,,,,,,,,,,,,,,3.324874615E3
3133,BSYA,BPM,BPM31,,0.0,,,,,,,,,,4.0,5.523496368E2,2.77451478E2,41.58819,-0.858899,0.010307,-0.57E-4,0.427494,,,,,,,,,,,,,,,,,,,,,,,,,,,,,3.325452464E3
3135,BSYA,BPM,BPM32,,0.0,,,,,,,,,,4.0,5.529086368E2,2.77960172E2,41.819947,-0.858867,0.010307,-0.57E-4,0.427494,,,,,,,,,,,,,,,,,,,,,,,,,,,,,3.325961152E3
3137,BSYA,PROF,PR33,,0.0,,,,,,,,,,4.0,5.539496368E2,2.7890749E2,42.251536,-0.858808,0.010307,-0.57E-4,0.427494,,,,,,,,,,,,,,,,,,,,,,,,,,,,,3.32690846E3
3139,BSYA,COLL,C37,,0.0,,,,,,,,,,4.0,5.705353368E2,2.94000604E2,49.127825,-0.857863,0.010307,-0.57E-4,0.427494,,,,,,,,,,,,,,,,,,,,,,,,0.0,0.0,,,,3.342001405E3
3141,BSYA,QUAD,Q38,Aline_Q8cm,2.0,0.08,,0.03448745852,,0.0,,,,,4.0,5.731824368E2,2.96409486E2,50.22529,-0.857712,0.010307,-0.57E-4,0.427494,,,,,,,,,,9.203022242429,-0.460151112121,,,,,,,,,,,,,,,,,,3.34441026E3
3144,BSYA,MARK,ALWALL,,,,,,,,,,,,4.0,5.792230868E2,3.01906524E2,52.729691,-0.857368,0.010307,-0.57E-4,0.427494,,,,,,,,,,,,,,,,,,,,,,,,,,,,,3.349907236E3
3146,BSYA,INST,ENDBSYA,,,,,,,,,,,,4.0,5.914748268E2,3.13055701E2,57.809157,-0.856669,0.010307,-0.57E-4,0.427494,,,,,,,,,,,,,,,,,,,,,,,,,,,,,3.361056289E3
3147,ESA,INST,BEGESA,,,,,,,,,,,,4.0,5.914748268E2,3.13055701E2,57.809157,-0.856669,0.011301,-0.57E-4,0.427494,,,,,,,,,,,,,,,,,,,,,,,,,,,,,3.361056289E3
3149,ESA,BEND,BXD1S,,1.83,0.0,1.280253071704,0.0,,0.0,0.0,0.0,,,4.0,6.005798268E2,3.21343423E2,61.579353,-0.856208,0.011301,0.69E-4,0.416322,,,,,,1.829961929943,0.0,2.981346672526,-0.162915118717,0.0,0.0,,,,3.21344456E2,61.577015,-0.856237,0.0,0.69E-4,0.416322,,,,,,,,,3.369343918E3
3152,ESA,BEND,BXD2S,,3.45,0.0,-2.560576476269,0.0,,0.0,0.0,0.0,,,4.0,6.057198268E2,3.26057544E2,63.627664,-0.856938,0.011301,-0.57E-4,0.427494,,,,,,3.449712903929,0.0,-5.962857130359,0.172836438561,0.0,0.0,,,,3.2605355E2,63.636432,-0.856829,0.0,-0.57E-4,0.427494,,,,,,,,,3.374057992E3
3155,ESA,BEND,BXD3S,,3.45,0.0,1.280287941915,0.0,,0.0,0.0,0.0,,,4.0,6.108598268E2,3.30698612E2,65.836529,-0.855674,0.0113,-0.183E-3,0.438666,,,,,,3.449928224672,0.0,2.981427875369,-0.086418199286,0.0,0.0,,,,3.30700658E2,65.832167,-0.855728,0.0,-0.183E-3,0.438666,,,,,,,,,3.378699002E3
3158,ESA,QUAD,Q1S,,1.327,0.386,,0.0167232155,,0.0,,,,,4.0,6.147348268E2,3.34220863E2,67.451826,-0.855344,0.011301,-0.57E-4,0.427494,,,,,,,,,,2.960942638179,-0.223130568062,,,,,,,,,,,,,,,,,,3.382221214E3
3161,ESA,QUAD,Q2S,,1.327,0.386,,-0.0318384095,,0.0,,,,,4.0,6.174748268E2,3.36714283E2,68.587808,-0.855188,0.011301,-0.57E-4,0.427494,,,,,,,,,,-5.637175710637,0.42480600683,,,,,,,,,,,,,,,,,,3.384714606E3
3164,ESA,QUAD,Q3S,,1.327,0.386,,0.0318384095,,0.0,,,,,4.0,6.214048268E2,3.40290612E2,70.217154,-0.854964,0.011301,-0.57E-4,0.427494,,,,,,,,,,5.637175710637,-0.42480600683,,,,,,,,,,,,,,,,,,3.388290895E3
3167,ESA,QUAD,Q4S,,1.327,0.386,,-0.01608001312,,0.0,,,,,4.0,6.237448268E2,3.4242003E2,71.1873,-0.85483,0.011301,-0.57E-4,0.427494,,,,,,,,,,-2.847059913178,0.214548599335,,,,,,,,,,,,,,,,,,3.390420289E3
3170,ESA,MARK,ESAE,,,,,,,,,,,,4.0,6.554576468E2,3.71278932E2,84.335179,-0.853023,0.011301,-0.57E-4,0.427494,,,,,,,,,,,,,,,,,,,,,,,,,,,,,3.419278868E3
3172,ESA,MARK,BMDE,,,,,,,,,,,,4.0,7.475756468E2,4.55106996E2,1.22526561E2,-0.847773,0.011301,-0.57E-4,0.427494,,,,,,,,,,,,,,,,,,,,,,,,,,,,,3.503105994E3
3173,ESA,INST,ENDESA,,,,,,,,,,,,4.0,7.475756468E2,4.55106996E2,1.22526561E2,-0.847773,0.011301,-0.57E-4,0.427494,,,,,,,,,,,,,,,,,,,,,,,,,,,,,3.503105994E3
1525,CLTH,INST,BEGCLTH_0,,,,,,,,,,,,8.0,0.0,-5.994934,0.0,0.027988,0.0,0.4669E-2,0.0,,,,,,,,,,,,,,,,,,,,,,,,,,,,,3.042005E3
1526,CLTH,MARK,BSYBEG,,,,,,,,,,,,8.0,0.0,-5.994934,0.0,0.027988,0.0,0.4669E-2,0.0,,,,,,,,,,,,,,,,,,,,,,,,,,,,,3.042005E3
1527,CLTH,MARK,BSY1BEG,,,,,,,,,,,,8.0,0.0,-5.994934,0.0,0.027988,0.0,0.4669E-2,0.0,,,,,,,,,,,,,,,,,,,,,,,,,,,,,3.042005E3
1529,CLTH,IMON,IMBSY1,BCS toroid,0.0,,,,,,,,,,8.0,0.7286,-5.266342,0.0,0.024586,0.0,0.4669E-2,0.0,,,,,,,,,,,,,,,,,,,,,,,,,,,,,3.0427336E3
1531,CLTH,IMON,IMBSY2,BCS toroid,0.0,,,,,,,,,,8.0,0.97865,-5.016294,0.0,0.023419,0.0,0.4669E-2,0.0,,,,,,,,,,,,,,,,,,,,,,,,,,,,,3.04298365E3
1533,CLTH,IMON,IMBSY3,BCS toroid,0.0,,,,,,,,,,8.0,1.2287,-4.766247,0.0,0.022251,0.0,0.4669E-2,0.0,,,,,,,,,,,,,,,,,,,,,,,,,,,,,3.0432337E3
1535,CLTH,IMON,IMBSY34,toroid,0.0,,,,,,,,,,8.0,1.643,-4.351952,0.0,0.020317,0.0,0.4669E-2,0.0,,,,,,,,,,,,,,,,,,,,,,,,,,,,,3.043648E3
1537,CLTH,IMON,IMBSY1B,BCS backup toroi,0.0,,,,,,,,,,8.0,4.5476,-1.447383,0.0,0.6757E-2,0.0,0.4669E-2,0.0,,,,,,,,,,,,,,,,,,,,,,,,,,,,,3.0465526E3
1539,CLTH,IMON,IMBSY2B,BCS backup toroi,0.0,,,,,,,,,,8.0,4.86335,-1.131637,0.0,0.5283E-2,0.0,0.4669E-2,0.0,,,,,,,,,,,,,,,,,,,,,,,,,,,,,3.04686835E3
1541,CLTH,IMON,IMBSY3B,BCS backup toroi,0.0,,,,,,,,,,8.0,5.1791,-0.81589,0.0,0.3809E-2,0.0,0.4669E-2,0.0,,,,,,,,,,,,,,,,,,,,,,,,,,,,,3.0471841E3
1543,CLTH,MARK,FFTBORGN,,,,,,,,,,,,8.0,5.9766,-0.018399,0.0,0.86E-4,0.0,0.4669E-2,0.0,,,,,,,,,,,,,,,,,,,,,,,,,,,,,3.0479816E3
1545,CLTH,MARK,S100,,,,,,,,,,,,8.0,5.995,1.0E-6,0.0,0.0,0.0,0.4669E-2,0.0,,,,,,,,,,,,,,,,,,,,,,,,,,,,,3.048E3
1546,CLTH,MARK,ZLIN15,,,,,,,,,,,,8.0,5.995,1.0E-6,0.0,0.0,0.0,0.4669E-2,0.0,,,,,,,,,,,,,,,,,,,,,,,,,,,,,3.048E3
1548,CLTH,YCOR,YCBSYQ1,class-4,0.0,,,,,,,,,,8.0,6.5732,0.578195,0.0,-0.2699E-2,0.0,0.4669E-2,0.0,,,,,,,,,,,,,,,,,,,,,,,,,,,,,3.0485782E3
1550,CLTH,QUAD,Q50Q1,2Q10,0.263,0.0514,,-0.2315223005,,0.0,,,,,8.0,8.139276,2.144254,0.0,-0.010011,0.0,0.4669E-2,0.0,,,,,,,,,,-16.248671581267,6.178202122155,,,,,,,,,,,,,,,,,,3.050144276E3
1553,CLTH,MARK,WOODDOOR,,,,,,,,,,,,8.0,8.507,2.511974,0.0,-0.011727,0.0,0.4669E-2,0.0,,,,,,,,,,,,,,,,,,,,,,,,,,,,,3.050512E3
1554,CLTH,INST,ENDCLTH_0,,,,,,,,,,,,8.0,8.507,2.511974,0.0,-0.011727,0.0,0.4669E-2,0.0,,,,,,,,,,,,,,,,,,,,,,,,,,,,,3.050512E3
1555,CLTH,INST,BEGCLTH_1,,,,,,,,,,,,8.0,8.507,2.511974,0.0,-0.011727,0.0,0.4669E-2,0.0,,,,,,,,,,,,,,,,,,,,,,,,,,,,,3.050512E3
1557,CLTH,BPM,BPMBSYQ1,Stripline-5,0.0,,,,,,,,,,8.0,8.7269,2.731871,0.0,-0.012754,0.0,0.4669E-2,0.0,,,,,,,,,,,,,,,,,,,,,,,,,,,,,3.0507319E3
1559,CLTH,XCOR,XCBSYQ2,class-4,0.0,,,,,,,,,,8.0,13.748876,7.753793,0.0,-0.036199,0.0,0.4669E-2,0.0,,,,,,,,,,,,,,,,,,,,,,,,,,,,,3.055753876E3
1561,CLTH,QUAD,Q50Q2,50Q2,0.324302,0.02065,,0.1020743321,,0.0,,,,,8.0,14.411027,8.415936,0.0,-0.03929,0.0,0.4669E-2,0.0,,,,,,,,,,8.833553773034,-2.723866572835,,,,,,,,,,,,,,,,,,3.056416027E3
1564,CLTH,BPM,BPMBSYQ2,Stripline-6,0.0,,,,,,,,,,8.0,14.652327,8.657234,0.0,-0.040417,0.0,0.4669E-2,0.0,,,,,,,,,,,,,,,,,,,,,,,,,,,,,3.056657327E3
1566,CLTH,INST,ENDCLTH_1,,,,,,,,,,,,8.0,16.451916,10.456803,0.0,-0.048818,0.0,0.4669E-2,0.0,,,,,,,,,,,,,,,,,,,,,,,,,,,,,3.058456916E3
1567,CLTH,INST,BEGCLTH_2,,,,,,,,,,,,8.0,16.451916,10.456803,0.0,-0.048818,0.0,0.4669E-2,0.0,,,,,,,,,,,,,,,,,,,,,,,,,,,,,3.058456916E3
1577,CLTH,BPM,BPMCUS,Stripline-5,0.0,,,,,,,,,,8.0,23.328878,17.33369,0.0,-0.080923,0.0,0.4669E-2,0.0,,,,,,,,,,,,,,,,,,,,,,,,,,,,,3.065333878E3
1584,CLTH,MARK,BSY1END,,,,,,,,,,,,8.0,68.956492,62.960807,0.0,-0.293936,0.0,0.4669E-2,0.0,,,,,,,,,,,,,,,,,,,,,,,,,,,,,3.110961492E3
1585,CLTH,INST,ENDCLTH_2,,,,,,,,,,,,8.0,68.956492,62.960807,0.0,-0.293936,0.0,0.4669E-2,0.0,,,,,,,,,,,,,,,,,,,,,,,,,,,,,3.110961492E3
1586,BSYH,INST,BEGBSYH,,,,,,,,,,,,8.0,68.956492,62.960807,0.0,-0.293936,0.0,0.4669E-2,0.0,,,,,,,,,,,,,,,,,,,,,,,,,,,,,3.110961492E3
1588,BSYH,QUAD,Q50Q3,50Q3,0.286508,0.02065,,0.3848408362,,0.0,,,,,8.0,69.599746,63.604054,0.0,-0.296939,0.0,0.4669E-2,0.0,,,,,,,,,,29.423015858006,-10.269526804838,,,,,,,,,,,,,,,,,,3.111604746E3
1591,BSYH,BPM,BPMBSYQ3,Stripline-6,0.0,,,,,,,,,,8.0,69.834696,63.839001,0.0,-0.298035,0.0,0.4669E-2,0.0,,,,,,,,,,,,,,,,,,,,,,,,,,,,,3.111839696E3
1592,*BSYH,BPM,RFBBSYQ3,CavityS-1,0.0,,,,,,,,,,8.0,69.834696,63.839001,0.0,-0.298035,0.0,0.4669E-2,0.0,,,,,,,,,,,,,,,,,,,,,,,,,,,,,3.111839696E3
1595,BSYH,XCOR,XCBSYQ3,class-4,0.0,,,,,,,,,,8.0,71.225346,65.229636,0.0,-0.304528,0.0,0.4669E-2,0.0,,,,,,,,,,,,,,,,,,,,,,,,,,,,,3.113230346E3
1597,BSYH,YCOR,YCBSYQ4,class-4,0.0,,,,,,,,,,8.0,73.243,67.247268,0.0,-0.313947,0.0,0.4669E-2,0.0,,,,,,,,,,,,,,,,,,,,,,,,,,,,,3.115248E3
1599,BSYH,QUAD,Q4,0.91Q17.72,0.46092,0.023,,-0.2193967154,,0.0,,,,,8.0,73.97346,67.97772,0.0,-0.317357,0.0,0.4669E-2,0.0,,,,,,,,,,-26.98515754012,5.854629337004,,,,,,,,,,,,,,,,,,3.11597846E3
1600,BSYH,BPM,BPMBSYQ4,Stripline-7,0.0,,,,,,,,,,8.0,73.97346,67.97772,0.0,-0.317357,0.0,0.4669E-2,0.0,,,,,,,,,,,,,,,,,,,,,,,,,,,,,3.11597846E3
1603,BSYH,INST,PCBSY3,BCS plate,0.0635,,,,,,,,,,8.0,75.1486,69.152847,0.0,-0.322843,0.0,0.4669E-2,0.0,,,,,,,,,,,,,,,,,,,,,,,,,,,,,3.1171536E3
1608,BSYH,PC,PCAPM1,MPS PC,0.1824,,,,,,,,,,8.0,76.75646785,70.760698,0.0,-0.33035,0.0,0.4669E-2,0.0,,,,,,,,,,,,,,,,,,,,,,,,0.0889,0.0127,,,,3.118761468E3
1615,BSYH,PC,PCAPM2,MPS PC,0.1824,,,,,,,,,,8.0,78.40655308,72.410765,0.0,-0.338053,0.0,0.4669E-2,0.0,,,,,,,,,,,,,,,,,,,,,,,,0.0889,0.0127,,,,3.120411554E3
1620,BSYH,PC,PCAPM3,MPS PC,0.1824,,,,,,,,,,8.0,80.05661305,74.060807,0.0,-0.345756,0.0,0.4669E-2,0.0,,,,,,,,,,,,,,,,,,,,,,,,0.0889,0.0127,,,,3.122061614E3
1625,BSYH,PC,PCAPM4,MPS PC,0.1824,,,,,,,,,,8.0,81.70663515,75.710811,0.0,-0.35346,0.0,0.4669E-2,0.0,,,,,,,,,,,,,,,,,,,,,,,,0.0889,0.0127,,,,3.123711636E3
1628,*BSYH,PC,PCBSYH,MPS PC,0.45,,,,,,,,,,8.0,85.04406156,79.048201,0.0,-0.36904,0.0,0.4669E-2,0.0,,,,,,,,,,,,,,,,,,,,,,,,0.0508,0.0508,,,,3.127049062E3
1630,BSYH,QUAD,Q5,0.91Q17.72,0.46092,0.023,,0.1657088535,,0.0,,,,,8.0,1.0889E2,1.0289388E2,0.0,-0.480365,0.0,0.4669E-2,0.0,,,,,,,,,,20.381706760457,-4.421961893703,,,,,,,,,,,,,,,,,,3.150895E3
1631,BSYH,BPM,BPMBSYQ5,Stripline-7,0.0,,,,,,,,,,8.0,1.0889E2,1.0289388E2,0.0,-0.480365,0.0,0.4669E-2,0.0,,,,,,,,,,,,,,,,,,,,,,,,,,,,,3.150895E3
1634,BSYH,XCOR,XCBSYQ5,class-4,0.0,,,,,,,,,,8.0,1.0962046E2,1.03624332E2,0.0,-0.483775,0.0,0.4669E-2,0.0,,,,,,,,,,,,,,,,,,,,,,,,,,,,,3.15162546E3
1637,BSYH,QUAD,Q6,0.91Q17.72,0.46092,0.023,,-0.1135691018,,0.0,,,,,8.0,1.28610976E2,1.22614641E2,0.0,-0.572432,0.0,0.4669E-2,0.0,,,,,,,,,,-13.968669030325,3.030605968568,,,,,,,,,,,,,,,,,,3.170615976E3
1638,BSYH,BPM,BPMBSYQ6,Stripline-7,0.0,,,,,,,,,,8.0,1.28610976E2,1.22614641E2,0.0,-0.572432,0.0,0.4669E-2,0.0,,,,,,,,,,,,,,,,,,,,,,,,,,,,,3.170615976E3
1641,*BSYH,BPM,RFBBSYQ6,CavityS-1,0.0,,,,,,,,,,8.0,1.29041436E2,1.23045096E2,0.0,-0.574442,0.0,0.4669E-2,0.0,,,,,,,,,,,,,,,,,,,,,,,,,,,,,3.171046436E3
1643,BSYH,YCOR,YCBSYQ6,class-4,0.0,,,,,,,,,,8.0,1.29541436E2,1.23545091E2,0.0,-0.576776,0.0,0.4669E-2,0.0,,,,,,,,,,,,,,,,,,,,,,,,,,,,,3.171546436E3
1645,BSYH,PC,PC90,,0.453644,,,,,,,,,,8.0,1.33995E2,1.27998606E2,0.0,-0.597568,0.0,0.4669E-2,0.0,,,,,,,,,,,,,,,,,,,,,,,,0.0204,0.0204,,,,3.176E3
1647,BSYH,INST,PCBSY4,BCS plate,0.0635,,,,,,,,,,8.0,1.422696E2,1.36273116E2,0.0,-0.636198,0.0,0.4669E-2,0.0,,,,,,,,,,,,,,,,,,,,,,,,,,,,,3.1842746E3
1649,BSYH,PC,PC119,,0.453644,,,,,,,,,,8.0,1.48995E2,1.42998443E2,0.0,-0.667595,0.0,0.4669E-2,0.0,,,,,,,,,,,,,,,,,,,,,,,,0.0204,0.0204,,,,3.191E3
1651,BSYH,INST,D2,PPS stopper,0.43,,,,,,,,,,8.0,1.508832E2,1.44886622E2,0.0,-0.67641,0.0,0.4669E-2,0.0,,,,,,,,,,,,,,,,,,,,,,,,,,,,,3.1928882E3
1653,BSYH,INST,ST60,PPS stopper,0.76,,,,,,,,,,8.0,1.52322E2,1.46325406E2,0.0,-0.683127,0.0,0.4669E-2,0.0,,,,,,,,,,,,,,,,,,,,,,,,,,,,,3.194327E3
1655,BSYH,INST,DM60,PPS BTM,0.0,,,,,,,,,,8.0,1.53143E2,1.47146398E2,0.0,-0.68696,0.0,0.4669E-2,0.0,,,,,,,,,,,,,,,,,,,,,,,,,,,,,3.195148E3
1657,BSYH,MARK,CC31BEG,,,,,,,,,,,,8.0,1.58335867E2,1.52339208E2,0.0,-0.711203,0.0,0.4669E-2,0.0,,,,,,,,,,,,,,,,,,,,,,,,,,,,,3.200340867E3
1658,*BSYH,BEND,BCX311,0.788D11.50,0.35,0.032,0.0,0.0,,0.0,0.0,0.0,,,8.0,1.58510867E2,1.52514206E2,0.0,-0.71202,0.0,0.4669E-2,0.0,,,,,,0.35,0.8436,0.0,0.0,0.0,0.0,,,,1.52514206E2,-0.5E-2,-0.71202,0.0,0.4669E-2,0.0,,,,,,,,,3.200515867E3
1661,*BSYH,BEND,BCX312,0.788D11.50,0.35,0.032,0.0,0.0,,0.0,0.0,0.0,,,8.0,1.59060867E2,1.530642E2,0.0,-0.714588,0.0,0.4669E-2,0.0,,,,,,0.35,0.8436,0.0,0.0,0.0,0.0,,,,1.530642E2,-0.5E-2,-0.714588,0.0,0.4669E-2,0.0,,,,,,,,,3.201065867E3
1664,*BSYH,BEND,BCX313,0.788D11.50,0.35,0.032,0.0,0.0,,0.0,0.0,0.0,,,8.0,1.59610867E2,1.53614194E2,0.0,-0.717155,0.0,0.4669E-2,0.0,,,,,,0.35,0.8436,0.0,0.0,0.0,0.0,,,,1.53614194E2,-0.5E-2,-0.717155,0.0,0.4669E-2,0.0,,,,,,,,,3.201615867E3
1667,*BSYH,BEND,BCX314,0.788D11.50,0.35,0.032,0.0,0.0,,0.0,0.0,0.0,,,8.0,1.60160867E2,1.54164188E2,0.0,-0.719723,0.0,0.4669E-2,0.0,,,,,,0.35,0.8436,0.0,0.0,0.0,0.0,,,,1.54164188E2,-0.5E-2,-0.719723,0.0,0.4669E-2,0.0,,,,,,,,,3.202165867E3
1669,BSYH,MARK,CC31END,,,,,,,,,,,,8.0,1.60335867E2,1.54339186E2,0.0,-0.72054,0.0,0.4669E-2,0.0,,,,,,,,,,,,,,,,,,,,,,,,,,,,,3.202340867E3
1671,BSYH,COLL,CXQ6,HCOLL,0.06,,,,,,,,,,8.0,1.60667E2,1.54670315E2,0.0,-0.722086,0.0,0.4669E-2,0.0,,,,,,,,,,,,,,,,,,,,,,,,0.34E-2,0.04,,,,3.202672E3
1673,BSYH,INST,PCBSY5,BCS plate,0.0635,,,,,,,,,,8.0,1.610056E2,1.55008912E2,0.0,-0.723667,0.0,0.4669E-2,0.0,,,,,,,,,,,,,,,,,,,,,,,,,,,,,3.2030106E3
1675,BSYH,XCOR,XCA0,class-4,0.0,,,,,,,,,,8.0,1.61835867E2,1.5583917E2,0.0,-0.727543,0.0,0.4669E-2,0.0,,,,,,,,,,,,,,,,,,,,,,,,,,,,,3.203840867E3
1677,BSYH,YCOR,YCA0,class-4,0.0,,,,,,,,,,8.0,1.62145867E2,1.56149166E2,0.0,-0.72899,0.0,0.4669E-2,0.0,,,,,,,,,,,,,,,,,,,,,,,,,,,,,3.204150867E3
1679,BSYH,INST,ST61,PPS stopper,0.76,,,,,,,,,,8.0,1.63034888E2,1.57038178E2,0.0,-0.73314,0.0,0.4669E-2,0.0,,,,,,,,,,,,,,,,,,,,,,,,,,,,,3.205039888E3
1681,BSYH,QUAD,QA0,0.91Q17.72,0.46092,0.023,,0.1092101018,,0.0,,,,,8.0,1.64436327E2,1.58439601E2,0.0,-0.739683,0.0,0.4669E-2,0.0,,,,,,,,,,13.432524715206,-2.914285497528,,,,,,,,,,,,,,,,,,3.206441327E3
1682,BSYH,BPM,BPMBSYQA0,Stripline-7,0.0,,,,,,,,,,8.0,1.64436327E2,1.58439601E2,0.0,-0.739683,0.0,0.4669E-2,0.0,,,,,,,,,,,,,,,,,,,,,,,,,,,,,3.206441327E3
1687,BSYH,MARK,MUWALL,,,,,,,,,,,,8.0,1.65253425E2,1.5925669E2,0.0,-0.743498,0.0,0.4669E-2,0.0,,,,,,,,,,,,,,,,,,,,,,,,,,,,,3.207258425E3
1689,BSYH,MARK,DUMPBSYH,,,,,,,,,,,,8.0,1.670944E2,1.61097645E2,0.0,-0.752092,0.0,0.4669E-2,0.0,,,,,,,,,,,,,,,,,,,,,,,,,,,,,3.2090994E3
1691,BSYH,MARK,BSYEND,,,,,,,,,,,,8.0,1.82017425E2,1.76020508E2,0.0,-0.82176,0.0,0.4669E-2,0.0,,,,,,,,,,,,,,,,,,,,,,,,,,,,,3.224022425E3
1692,BSYH,MARK,RWWAKE3H,WAKE,,,,,,,,,,,8.0,1.82017425E2,1.76020508E2,0.0,-0.82176,0.0,0.4669E-2,0.0,,,,,,,,,,,,,,,,,,,,,,,,,,,,,3.224022425E3
1693,BSYH,INST,ENDBSYH,,,,,,,,,,,,8.0,1.82017425E2,1.76020508E2,0.0,-0.82176,0.0,0.4669E-2,0.0,,,,,,,,,,,,,,,,,,,,,,,,,,,,,3.224022425E3
1694,LTUH,INST,BEGLTUH,,,,,,,,,,,,8.0,1.82017425E2,1.76020508E2,0.0,-0.82176,0.0,0.4669E-2,0.0,,,,,,,,,,,,,,,,,,,,,,,,,,,,,3.224022425E3
1696,LTUH,YCOR,YCVM1,class-5c,0.0,,,,,,,,,,8.0,1.82417425E2,1.76420503E2,0.0,-0.823628,0.0,0.4669E-2,0.0,,,,,,,,,,,,,,,,,,,,,,,,,,,,,3.224422425E3
1698,LTUH,QUAD,QVM1,0.91Q17.72,0.46092,0.023,,-0.3374372732,,0.0,,,,,8.0,1.82987885E2,1.76990957E2,0.0,-0.826291,0.0,0.4669E-2,0.0,,,,,,,,,,-41.503802646312,9.004556679318,,,,,,,,,,,,,,,,,,3.224992885E3
1699,LTUH,BPM,BPMVM1,Stripline-7,0.0,,,,,,,,,,8.0,1.82987885E2,1.76990957E2,0.0,-0.826291,0.0,0.4669E-2,0.0,,,,,,,,,,,,,,,,,,,,,,,,,,,,,3.224992885E3
1702,LTUH,XCOR,XCVM2,type-4,0.0,,,,,,,,,,8.0,1.83468805E2,1.77471872E2,0.0,-0.828536,0.0,0.4669E-2,0.0,,,,,,,,,,,,,,,,,,,,,,,,,,,,,3.225473805E3
1704,LTUH,QUAD,QVM2,0.91Q17.72,0.46092,0.023,,0.2365772594,,0.0,,,,,8.0,1.83948805E2,1.77951867E2,0.0,-0.830777,0.0,0.4669E-2,0.0,,,,,,,,,,29.098314455983,-6.313094345219,,,,,,,,,,,,,,,,,,3.225953805E3
1705,LTUH,BPM,BPMVM2,Stripline-7,0.0,,,,,,,,,,8.0,1.83948805E2,1.77951867E2,0.0,-0.830777,0.0,0.4669E-2,0.0,,,,,,,,,,,,,,,,,,,,,,,,,,,,,3.225953805E3
1708,LTUH,WIRE,WSVM2,fast,0.0,,,,,,,,,,8.0,1.84433405E2,1.78436462E2,0.0,-0.833039,0.0,0.4669E-2,0.0,,,,,,,,,,,,,,,,,,,,,,,,,,,,,3.226438405E3
1710,LTUH,MARK,VBIN,,,,,,,,,,,,8.0,1.84679265E2,1.78682319E2,0.0,-0.834187,0.0,0.4669E-2,0.0,,,,,,,,,,,,,,,,,,,,,,,,,,,,,3.226684265E3
1711,LTUH,BEND,BY1,3D39,1.025,0.034925,-0.133743085056,0.0,,90.000000011752,-0.066871542528,-0.066871542528,,,8.0,1.85191765E2,1.79194814E2,0.0,-0.836281,0.0,0.3501E-2,0.0,,,,,,1.024999767293,0.5,-0.622899507696,0.060770683678,0.0,0.0,,,,1.79194815E2,0.0,-0.836131,1.570796,0.3501E-2,0.0,,,,,,,,,3.227196765E3
1714,LTUH,QUAD,QVB1,0.91Q17.72,0.46092,0.023,,-0.4222303671,,0.0,,,,,8.0,1.93309725E2,1.87312752E2,0.0,-0.855529,0.0,0.2334E-2,0.0,,,,,,,,,,-51.933106444384,11.267271206366,,,,,,,,,,,,,,,,,,3.235314704E3
1715,LTUH,BPM,BPMVB1,Stripline-7,0.0,,,,,,,,,,8.0,1.93309725E2,1.87312752E2,0.0,-0.855529,0.0,0.2334E-2,0.0,,,,,,,,,,,,,,,,,,,,,,,,,,,,,3.235314704E3
1718,LTUH,YCOR,YCVB1,class-4,0.0,,,,,,,,,,8.0,1.93940185E2,1.8794321E2,0.0,-0.857001,0.0,0.2334E-2,0.0,,,,,,,,,,,,,,,,,,,,,,,,,,,,,3.235945162E3
1720,LTUH,XCOR,XCVB2,type-4,0.0,,,,,,,,,,8.0,1.97140185E2,1.91143201E2,0.0,-0.86447,0.0,0.2334E-2,0.0,,,,,,,,,,,,,,,,,,,,,,,,,,,,,3.239145153E3
1722,LTUH,QUAD,QVB2,0.91Q17.72,0.46092,0.023,,0.4222303671,,0.0,,,,,8.0,1.97770645E2,1.91773659E2,0.0,-0.865942,0.0,0.2334E-2,0.0,,,,,,,,,,51.933106444384,-11.267271206366,,,,,,,,,,,,,,,,,,3.239775612E3
1723,LTUH,BPM,BPMVB2,Stripline-7,0.0,,,,,,,,,,8.0,1.97770645E2,1.91773659E2,0.0,-0.865942,0.0,0.2334E-2,0.0,,,,,,,,,,,,,,,,,,,,,,,,,,,,,3.239775612E3
1726,LTUH,INST,PC01,BCS plate,0.0635,,,,,,,,,,8.0,1.98903287E2,1.92906298E2,0.0,-0.868586,0.0,0.2334E-2,0.0,,,,,,,,,,,,,,,,,,,,,,,,,,,,,3.240908251E3
1727,LTUH,INST,BTM01,PPS BTM,0.0,,,,,,,,,,8.0,1.98935037E2,1.92938048E2,0.0,-0.86866,0.0,0.2334E-2,0.0,,,,,,,,,,,,,,,,,,,,,,,,,,,,,3.240940001E3
1729,LTUH,QUAD,QVB3,0.91Q17.72,0.46092,0.023,,-0.4222303671,,0.0,,,,,8.0,2.02231565E2,1.96234567E2,0.0,-0.876355,0.0,0.2334E-2,0.0,,,,,,,,,,-51.933106444384,11.267271206366,,,,,,,,,,,,,,,,,,3.24423652E3
1730,LTUH,BPM,BPMVB3,Stripline-7,0.0,,,,,,,,,,8.0,2.02231565E2,1.96234567E2,0.0,-0.876355,0.0,0.2334E-2,0.0,,,,,,,,,,,,,,,,,,,,,,,,,,,,,3.24423652E3
1733,LTUH,YCOR,YCVB3,class-4,0.0,,,,,,,,,,8.0,2.02862025E2,1.96865026E2,0.0,-0.877827,0.0,0.2334E-2,0.0,,,,,,,,,,,,,,,,,,,,,,,,,,,,,3.244866978E3
1735,LTUH,BEND,BY2,3D39,1.025,0.034925,-0.133743085056,0.0,,90.000000011752,-0.066871542528,-0.066871542528,,,8.0,2.10349525E2,2.04352506E2,0.0,-0.895005,0.0,0.1167E-2,0.0,,,,,,1.024999767293,0.5,-0.622899507696,0.060770683678,0.0,0.0,,,,2.04352506E2,0.0,-0.894856,1.570796,0.1167E-2,0.0,,,,,,,,,3.252354457E3
1737,LTUH,MARK,CNTLT1H,CENTER,,,,,,,,,,,8.0,2.10862025E2,2.04865006E2,0.0,-0.895304,0.0,0.0,0.0,,,,,,,,,,,,,,,,,,,,,,,,,,,,,3.252866952E3
1738,LTUH,MARK,VBOUT,,,,,,,,,,,,8.0,2.10862025E2,2.04865006E2,0.0,-0.895304,0.0,0.0,0.0,,,,,,,,,,,,,,,,,,,,,,,,,,,,,3.252866952E3
1740,LTUH,XCOR,XCVM3,type-4,0.0,,,,,,,,,,8.0,2.11112025E2,2.05115006E2,0.0,-0.895304,0.0,0.0,0.0,,,,,,,,,,,,,,,,,,,,,,,,,,,,,3.25311695E3
1742,LTUH,QUAD,QVM3,0.91Q17.72,0.46092,0.023,,0.7151508252,,0.0,,,,,8.0,2.11592485E2,2.05595466E2,0.0,-0.895304,0.0,0.0,0.0,,,,,,,,,,87.961470379283,-19.083890996113,,,,,,,,,,,,,,,,,,3.253597404E3
1743,LTUH,BPM,BPMVM3,Stripline-7,0.0,,,,,,,,,,8.0,2.11592485E2,2.05595466E2,0.0,-0.895304,0.0,0.0,0.0,,,,,,,,,,,,,,,,,,,,,,,,,,,,,3.253597404E3
1746,LTUH,YCOR,YCVM4,class-5,0.0,,,,,,,,,,8.0,2.12072945E2,2.06075926E2,0.0,-0.895304,0.0,0.0,0.0,,,,,,,,,,,,,,,,,,,,,,,,,,,,,3.254077859E3
1748,LTUH,QUAD,QVM4,0.91Q17.72,0.46092,0.023,,-0.681650171,,0.0,,,,,8.0,2.12553405E2,2.06556386E2,0.0,-0.895304,0.0,0.0,0.0,,,,,,,,,,-83.840987401059,18.189921765395,,,,,,,,,,,,,,,,,,3.254558314E3
1749,LTUH,BPM,BPMVM4,Stripline-7,0.0,,,,,,,,,,8.0,2.12553405E2,2.06556386E2,0.0,-0.895304,0.0,0.0,0.0,,,,,,,,,,,,,,,,,,,,,,,,,,,,,3.254558314E3
1752,LTUH,IMON,IM31,120Hz toroid,0.0,,,,,,,,,,8.0,2.12956478E2,2.06959459E2,0.0,-0.895304,0.0,0.0,0.0,,,,,,,,,,,,,,,,,,,,,,,,,,,,,3.254961382E3
1754,LTUH,IMON,IMBCS1,120Hz toroid,0.0,,,,,,,,,,8.0,2.130629649E2,2.07065946E2,0.0,-0.895304,0.0,0.0,0.0,,,,,,,,,,,,,,,,,,,,,,,,,,,,,3.255067868E3
1756,LTUH,MARK,MM1,,,,,,,,,,,,8.0,2.13283865E2,2.07286846E2,0.0,-0.895304,0.0,0.0,0.0,,,,,,,,,,,,,,,,,,,,,,,,,,,,,3.255288766E3
1757,LTUH,MARK,DBMARK34,,,,,,,,,,,,8.0,2.13283865E2,2.07286846E2,0.0,-0.895304,0.0,0.0,0.0,,,,,,,,,,,,,,,,,,,,,,,,,,,,,3.255288766E3
1758,LTUH,BEND,BX31,0.68D102.36T,2.623008,0.0172466,0.499999821926,0.0,,0.0,0.249999910963,0.249999910963,,,8.0,2.145953692E2,2.08598346E2,-0.2861E-2,-0.895304,0.0,0.0,-0.4363E-2,,,,,,2.622999676952,0.5237,2.328715856941,-0.088780356634,0.0,0.0,,,,2.08598339E2,-0.4292E-2,-0.895304,0.0,0.0,-0.4363E-2,,,,,,,,,3.256600252E3
1761,LTUH,INST,PC02,BCS plate,0.0635,,,,,,,,,,8.0,2.169253423E2,2.10928251E2,-0.020333,-0.895304,0.0,0.0,-0.8727E-2,,,,,,,,,,,,,,,,,,,,,,,,,,,,,3.2589301315E3
1762,LTUH,INST,BTM02,PPS BTM,0.0,,,,,,,,,,8.0,2.169570923E2,2.1096E2,-0.02061,-0.895304,0.0,0.0,-0.8727E-2,,,,,,,,,,,,,,,,,,,,,,,,,,,,,3.25896188E3
1765,LTUH,WIRE,WSDL31,fast,0.0,,,,,,,,,,8.0,2.27997513E2,2.22E2,-0.116954,-0.895304,0.0,0.0,-0.8727E-2,,,,,,,,,,,,,,,,,,,,,,,,,,,,,3.27000176E3
1768,LTUH,XCOR,XCDL1,class-4,0.0,,,,,,,,,,8.0,2.2827759E2,2.22280066E2,-0.119398,-0.895304,0.0,0.0,-0.8727E-2,,,,,,,,,,,,,,,,,,,,,,,,,,,,,3.270281823E3
1770,LTUH,QUAD,QDL31,1.26Q12,0.32,0.032,,0.4371839702,,0.0,,,,,8.0,2.28998055E2,2.23000504E2,-0.125686,-0.895304,0.0,0.0,-0.8727E-2,,,,,,,,,,37.332192040296,-11.666310012593,,,,,,,,,,,,,,,,,,3.271002253E3
1771,LTUH,BPM,BPMDL1,Stripline-10,0.0,,,,,,,,,,8.0,2.28998055E2,2.23000504E2,-0.125686,-0.895304,0.0,0.0,-0.8727E-2,,,,,,,,,,,,,,,,,,,,,,,,,,,,,3.271002253E3
1774,*LTUH,BPM,RFBDL1,CavityL-1,0.0,,,,,,,,,,8.0,2.29358055E2,2.2336049E2,-0.128827,-0.895304,0.0,0.0,-0.8727E-2,,,,,,,,,,,,,,,,,,,,,,,,,,,,,3.271362235E3
1776,LTUH,YCOR,YCDL1,class-4,0.0,,,,,,,,,,8.0,2.297184931E2,2.23720914E2,-0.131973,-0.895304,0.0,0.0,-0.8727E-2,,,,,,,,,,,,,,,,,,,,,,,,,,,,,3.271722656E3
1778,LTUH,COLL,CEDL1,HCOLL,0.08,,,,,,,,,,8.0,2.304222965E2,2.24424691E2,-0.138114,-0.895304,0.0,0.0,-0.8727E-2,,,,,,,,,,,,,,,,,,,,,,,,0.46E-2,0.04,,,,3.272426425E3
1780,*LTUH,BEND,WIG1H,SLC wiggler,0.244,0.02032,0.0,0.0,,90.000000011752,0.0,0.0,,,8.0,2.310842965E2,2.25086666E2,-0.143891,-0.895304,0.0,0.0,-0.8727E-2,,,,,,0.244,0.5,0.0,0.0,0.0,0.0,,,,2.25086666E2,-0.143891,-0.895304,1.570796,0.0,-0.8727E-2,,,,,,,,,3.273088392E3
1783,*LTUH,BEND,WIG2H,SLC wiggler,0.488,0.02032,0.0,0.0,,90.000000011752,0.0,0.0,,,8.0,2.315768215E2,2.25579172E2,-0.148189,-0.895304,0.0,0.0,-0.8727E-2,,,,,,0.488,0.5,0.0,0.0,0.0,0.0,,,,2.25579172E2,-0.148189,-0.895304,1.570796,0.0,-0.8727E-2,,,,,,,,,3.273580893E3
1784,*LTUH,YCOR,YCWIGH,wiggler trim,0.0,,,,,,,,,,8.0,2.315768215E2,2.25579172E2,-0.148189,-0.895304,0.0,0.0,-0.8727E-2,,,,,,,,,,,,,,,,,,,,,,,,,,,,,3.273580893E3
1787,*LTUH,BEND,WIG3H,SLC wiggler,0.244,0.02032,0.0,0.0,,90.000000011752,0.0,0.0,,,8.0,2.320693465E2,2.26071678E2,-0.152487,-0.895304,0.0,0.0,-0.8727E-2,,,,,,0.244,0.5,0.0,0.0,0.0,0.0,,,,2.26071678E2,-0.152487,-0.895304,1.570796,0.0,-0.8727E-2,,,,,,,,,3.274073394E3
1789,LTUH,MARK,CNTWIGH,CENTER,,,,,,,,,,,8.0,2.321913465E2,2.26193674E2,-0.153552,-0.895304,0.0,0.0,-0.8727E-2,,,,,,,,,,,,,,,,,,,,,,,,,,,,,3.274195388E3
1791,LTUH,INST,PC22,BCS plate,0.2032,,,,,,,,,,8.0,2.359962215E2,2.29998404E2,-0.186755,-0.895304,0.0,0.0,-0.8727E-2,,,,,,,,,,,,,,,,,,,,,,,,,,,,,3.278000077E3
1793,LTUH,COLL,CYBX32,VCOLL,0.06,,,,,,,,,,8.0,2.412492335E2,2.35251216E2,-0.232596,-0.895304,0.0,0.0,-0.8727E-2,,,,,,,,,,,,,,,,,,,,,,,,0.04,0.3E-2,,,,3.2832528315E3
1795,LTUH,BEND,BX32,0.68D102.36T,2.623008,0.0172466,0.499999821926,0.0,,0.0,0.249999910963,0.249999910963,,,8.0,2.434007376E2,2.37402609E2,-0.254232,-0.895304,0.0,0.0,-0.01309,,,,,,2.622999676952,0.5237,2.328715856941,-0.088780356634,0.0,0.0,,,,2.3740259E2,-0.255663,-0.895304,0.0,0.0,-0.01309,,,,,,,,,3.285404201E3
1797,LTUH,MARK,CNTLT2H,CENTER,,,,,,,,,,,8.0,2.447122418E2,2.38713959E2,-0.27426,-0.895304,0.0,0.0,-0.017453,,,,,,,,,,,,,,,,,,,,,,,,,,,,,3.286715537E3
1799,LTUH,QUAD,QT11,0.91Q17.72,0.46092,0.023,,-0.4209378273,,0.0,,,,,8.0,2.454427018E2,2.39444308E2,-0.287008,-0.895304,0.0,0.0,-0.017453,,,,,,,,,,-51.774127810332,11.232779616925,,,,,,,,,,,,,,,,,,3.287445878E3
1802,LTUH,XCOR,XCQT12,class-5,0.0,,,,,,,,,,8.0,2.461831488E2,2.40184642E2,-0.299931,-0.895304,0.0,0.0,-0.017453,,,,,,,,,,,,,,,,,,,,,,,,,,,,,3.288186204E3
1804,LTUH,QUAD,QT12,0.91Q17.72,0.46092,0.023,,0.839614778,,0.0,,,,,8.0,2.469036218E2,2.40905005E2,-0.312505,-0.895304,0.0,0.0,-0.017453,,,,,,,,,,1.032701743781E2,-22.405227453379,,,,,,,,,,,,,,,,,,3.288906559E3
1805,LTUH,BPM,BPMT12,Stripline-7,0.0,,,,,,,,,,8.0,2.469036218E2,2.40905005E2,-0.312505,-0.895304,0.0,0.0,-0.017453,,,,,,,,,,,,,,,,,,,,,,,,,,,,,3.288906559E3
1808,LTUH,YCOR,YCQT12,class-5,0.0,,,,,,,,,,8.0,2.476240948E2,2.41625369E2,-0.325079,-0.895304,0.0,0.0,-0.017453,,,,,,,,,,,,,,,,,,,,,,,,,,,,,3.289626915E3
1810,LTUH,QUAD,QT13,0.91Q17.72,0.46092,0.023,,-0.4209378273,,0.0,,,,,8.0,2.483645418E2,2.42365703E2,-0.338002,-0.895304,0.0,0.0,-0.017453,,,,,,,,,,-51.774127810332,11.232779616925,,,,,,,,,,,,,,,,,,3.290367241E3
1813,LTUH,MARK,SS1,,,,,,,,,,,,8.0,2.490950018E2,2.43096052E2,-0.35075,-0.895304,0.0,0.0,-0.017453,,,,,,,,,,,,,,,,,,,,,,,,,,,,,3.291097582E3
1815,LTUH,MARK,CC32BEG,,,,,,,,,,,,8.0,2.505104018E2,2.44511236E2,-0.375452,-0.895304,0.0,0.0,-0.017453,,,,,,,,,,,,,,,,,,,,,,,,,,,,,3.292512751E3
1816,LTUH,BEND,BCX321,0.788D11.50,0.350006,0.032,0.577561909793,0.0,,0.0,0.0,0.577561909793,,,8.0,2.506854025E2,2.44686202E2,-0.378947,-0.895304,0.0,0.0,-0.022493,,,,,,0.350000072469,0.8436,2.689956113422,-0.76854571448,0.0,0.0,,,,2.44686122E2,-0.383505,-0.895304,0.0,0.0,-0.017453,,,,,,,,,3.292687714E3
1819,LTUH,BEND,BCX322,0.788D11.50,0.350006,0.032,-0.577561909793,0.0,,0.0,-0.577561909793,0.0,,,8.0,2.512354231E2,2.45236037E2,-0.393207,-0.895304,0.0,0.0,-0.022493,,,,,,0.350000072469,0.8436,-2.689956113422,0.76854571448,0.0,0.0,,,,2.45236038E2,-0.393104,-0.895304,0.0,0.0,-0.017453,,,,,,,,,3.293237543E3
1822,LTUH,BEND,BCX323,0.788D11.50,0.350006,0.032,-0.577561909793,0.0,,0.0,0.0,-0.577561909793,,,8.0,2.517854246E2,2.45785953E2,-0.402806,-0.895304,0.0,0.0,-0.012413,,,,,,0.350000072469,0.8436,-2.689956113422,0.76854571448,0.0,0.0,,,,2.45785955E2,-0.402703,-0.895304,0.0,0.0,-0.017453,,,,,,,,,3.293787454E3
1825,LTUH,BEND,BCX324,0.788D11.50,0.350006,0.032,0.577561909793,0.0,,0.0,0.577561909793,0.0,,,8.0,2.523354451E2,2.4633595E2,-0.407744,-0.895304,0.0,0.0,-0.012413,,,,,,0.350000072469,0.8436,2.689956113422,-0.76854571448,0.0,0.0,,,,2.46335871E2,-0.412302,-0.895304,0.0,0.0,-0.017453,,,,,,,,,3.294337445E3
1827,LTUH,MARK,CC32END,,,,,,,,,,,,8.0,2.525104458E2,2.46510931E2,-0.410357,-0.895304,0.0,0.0,-0.017453,,,,,,,,,,,,,,,,,,,,,,,,,,,,,3.294512424E3
1829,LTUH,INST,PC03,BCS plate,0.0635,,,,,,,,,,8.0,2.529278328E2,2.46928255E2,-0.417641,-0.895304,0.0,0.0,-0.017453,,,,,,,,,,,,,,,,,,,,,,,,,,,,,3.294929743E3
1830,LTUH,INST,BTM03,PPS BTM,0.0,,,,,,,,,,8.0,2.529595828E2,2.4696E2,-0.418195,-0.895304,0.0,0.0,-0.017453,,,,,,,,,,,,,,,,,,,,,,,,,,,,,3.294961488E3
1832,LTUH,BEND,BYKIK1,1.92K41.2,1.0601,0.0508,0.0,0.0,,90.000000011752,0.0,0.0,,,8.0,2.575386718E2,2.51538392E2,-0.498111,-0.895304,0.0,0.0,-0.017453,,,,,,1.0601,0.5,0.0,0.0,0.0,0.0,,,,2.51538392E2,-0.498111,-0.895304,1.570796,0.0,-0.017453,,,,,,,,,3.29953983E3
1836,LTUH,BEND,BYKIK2,1.92K41.2,1.0601,0.0508,0.0,0.0,,90.000000011752,0.0,0.0,,,8.0,2.587571238E2,2.52756658E2,-0.519376,-0.895304,0.0,0.0,-0.017453,,,,,,1.0601,0.5,0.0,0.0,0.0,0.0,,,,2.52756658E2,-0.519376,-0.895304,1.570796,0.0,-0.017453,,,,,,,,,3.300758083E3
1839,LTUH,XCOR,XCDL2,class-4,0.0,,,,,,,,,,8.0,2.641787658E2,2.58177474E2,-0.613997,-0.895304,0.0,0.0,-0.017453,,,,,,,,,,,,,,,,,,,,,,,,,,,,,3.30617884E3
1841,LTUH,QUAD,QDL32,1.26Q12,0.32,0.032,,0.4371839702,,0.0,,,,,8.0,2.648092258E2,2.58807838E2,-0.625,-0.895304,0.0,0.0,-0.017453,,,,,,,,,,37.332192040296,-11.666310012593,,,,,,,,,,,,,,,,,,3.306809197E3
1842,LTUH,BPM,BPMDL2,Stripline-10,0.0,,,,,,,,,,8.0,2.648092258E2,2.58807838E2,-0.625,-0.895304,0.0,0.0,-0.017453,,,,,,,,,,,,,,,,,,,,,,,,,,,,,3.306809197E3
1845,LTUH,YCOR,YCDL2,class-4,0.0,,,,,,,,,,8.0,2.654396858E2,2.59438202E2,-0.636003,-0.895304,0.0,0.0,-0.017453,,,,,,,,,,,,,,,,,,,,,,,,,,,,,3.307439554E3
1847,LTUH,INST,SPOILER,,0.0,,,,,,,,,,8.0,2.658700458E2,2.59868497E2,-0.643514,-0.895304,0.0,0.0,-0.017453,,,,,,,,,,,,,,,,,,,,,,,,,,,,,3.307869844E3
1849,LTUH,INST,TDKIK,,0.6096,,,,,,,,,,8.0,2.714700458E2,2.65467644E2,-0.741247,-0.895304,0.0,0.0,-0.017453,,,,,,,,,,,,,,,,,,,,,,,,,,,,,3.31346893E3
1851,LTUH,PC,PCTDKIK1,BCS PC,0.8128,,,,,,,,,,8.0,2.724386718E2,2.66436122E2,-0.758152,-0.895304,0.0,0.0,-0.017453,,,,,,,,,,,,,,,,,,,,,,,,0.022225,0.022225,,,,3.314437398E3
1853,LTUH,PC,PCTDKIK2,BCS PC,0.8128,,,,,,,,,,8.0,2.735181688E2,2.67515455E2,-0.776992,-0.895304,0.0,0.0,-0.017453,,,,,,,,,,,,,,,,,,,,,,,,0.022225,0.022225,,,,3.3155167185E3
1855,LTUH,PC,PCTDKIK3,BCS PC,0.8128,,,,,,,,,,8.0,2.745976658E2,2.68594787E2,-0.795832,-0.895304,0.0,0.0,-0.017453,,,,,,,,,,,,,,,,,,,,,,,,0.022225,0.022225,,,,3.3165960395E3
1857,LTUH,PC,PCTDKIK4,BCS PC,0.8128,,,,,,,,,,8.0,2.756771628E2,2.6967412E2,-0.814672,-0.895304,0.0,0.0,-0.017453,,,,,,,,,,,,,,,,,,,,,,,,0.022225,0.022225,,,,3.3176753605E3
1863,LTUH,MARK,CC35BEG,,,,,,,,,,,,8.0,2.780234048E2,2.72020005E2,-0.855619,-0.895304,0.0,0.0,-0.017453,,,,,,,,,,,,,,,,,,,,,,,,,,,,,3.32002122E3
1864,LTUH,BEND,BCX351,0.788D11.50,0.350003,0.032,0.4083944847,0.0,,0.0,0.0,0.4083944847,,,8.0,2.781984052E2,2.72194973E2,-0.858985,-0.895304,0.0,0.0,-0.021017,,,,,,0.350000036302,0.8436,1.902070102233,-0.543443942547,0.0,0.0,,,,2.72194891E2,-0.863673,-0.895304,0.0,0.0,-0.017453,,,,,,,,,3.320196186E3
1867,LTUH,BEND,BCX352,0.788D11.50,0.350003,0.032,-0.4083944847,0.0,,0.0,-0.4083944847,0.0,,,8.0,2.787484155E2,2.72744831E2,-0.87188,-0.895304,0.0,0.0,-0.021017,,,,,,0.350000036302,0.8436,-1.902070102233,0.543443942547,0.0,0.0,,,,2.72744807E2,-0.873271,-0.895304,0.0,0.0,-0.017453,,,,,,,,,3.320746038E3
1870,LTUH,BEND,BCX353,0.788D11.50,0.350003,0.032,-0.4083944847,0.0,,0.0,0.0,-0.4083944847,,,8.0,2.792984162E2,2.73294748E2,-0.881479,-0.895304,0.0,0.0,-0.013889,,,,,,0.350000036302,0.8436,-1.902070102233,0.543443942547,0.0,0.0,,,,2.73294723E2,-0.88287,-0.895304,0.0,0.0,-0.017453,,,,,,,,,3.321295948E3
1873,LTUH,BEND,BCX354,0.788D11.50,0.350003,0.032,0.4083944847,0.0,,0.0,0.4083944847,0.0,,,8.0,2.798484265E2,2.73844721E2,-0.887782,-0.895304,0.0,0.0,-0.013889,,,,,,0.350000036302,0.8436,1.902070102233,-0.543443942547,0.0,0.0,,,,2.73844639E2,-0.892469,-0.895304,0.0,0.0,-0.017453,,,,,,,,,3.321845916E3
1875,LTUH,MARK,CC35END,,,,,,,,,,,,8.0,2.800234268E2,2.740197E2,-0.890524,-0.895304,0.0,0.0,-0.017453,,,,,,,,,,,,,,,,,,,,,,,,,,,,,3.322020893E3
1877,LTUH,YCOR,YCQT21,class-5,0.0,,,,,,,,,,8.0,2.805234268E2,2.74519624E2,-0.89925,-0.895304,0.0,0.0,-0.017453,,,,,,,,,,,,,,,,,,,,,,,,,,,,,3.322520812E3
1879,LTUH,QUAD,QT21,0.91Q17.72,0.46092,0.023,,-0.4209378273,,0.0,,,,,8.0,2.812538868E2,2.75249973E2,-0.911998,-0.895304,0.0,0.0,-0.017453,,,,,,,,,,-51.774127810332,11.232779616925,,,,,,,,,,,,,,,,,,3.323251152E3
1882,LTUH,XCOR,XCQT22,class-5,0.0,,,,,,,,,,8.0,2.819943338E2,2.75990307E2,-0.924921,-0.895304,0.0,0.0,-0.017453,,,,,,,,,,,,,,,,,,,,,,,,,,,,,3.323991478E3
1884,LTUH,QUAD,QT22,0.91Q17.72,0.46092,0.023,,0.839614778,,0.0,,,,,8.0,2.827148068E2,2.7671067E2,-0.937495,-0.895304,0.0,0.0,-0.017453,,,,,,,,,,1.032701743781E2,-22.405227453379,,,,,,,,,,,,,,,,,,3.324711834E3
1885,LTUH,BPM,BPMT22,Stripline-7,0.0,,,,,,,,,,8.0,2.827148068E2,2.7671067E2,-0.937495,-0.895304,0.0,0.0,-0.017453,,,,,,,,,,,,,,,,,,,,,,,,,,,,,3.324711834E3
1888,LTUH,COLL,CXQT22,HCOLL,0.06,,,,,,,,,,8.0,2.834452668E2,2.77441019E2,-0.950243,-0.895304,0.0,0.0,-0.017453,,,,,,,,,,,,,,,,,,,,,,,,0.32E-2,0.04,,,,3.325442175E3
1890,LTUH,QUAD,QT23,0.91Q17.72,0.46092,0.023,,-0.4209378273,,0.0,,,,,8.0,2.841757268E2,2.78171368E2,-0.962992,-0.895304,0.0,0.0,-0.017453,,,,,,,,,,-51.774127810332,11.232779616925,,,,,,,,,,,,,,,,,,3.326172515E3
1893,LTUH,MARK,DL23BEG,,,,,,,,,,,,8.0,2.849061868E2,2.78901716E2,-0.97574,-0.895304,0.0,0.0,-0.017453,,,,,,,,,,,,,,,,,,,,,,,,,,,,,3.326902856E3
1894,LTUH,BEND,BX35,0.68D102.36T,2.623008,0.0172466,-0.499999821926,0.0,,0.0,-0.249999910963,-0.249999910963,,,8.0,2.86217691E2,2.80213067E2,-0.995768,-0.895304,0.0,0.0,-0.01309,,,,,,2.622999676952,0.5237,-2.328715856941,0.088780356634,0.0,0.0,,,,2.80213085E2,-0.994337,-0.895304,0.0,0.0,-0.01309,,,,,,,,,3.328214192E3
1897,LTUH,INST,PC04,BCS plate,0.0635,,,,,,,,,,8.0,2.889119122E2,2.82907156E2,-1.02214,-0.895304,0.0,0.0,-0.8727E-2,,,,,,,,,,,,,,,,,,,,,,,,,,,,,3.3309082525E3
1898,LTUH,INST,BTM04,PPS BTM,0.0,,,,,,,,,,8.0,2.889436622E2,2.82938905E2,-1.022417,-0.895304,0.0,0.0,-0.8727E-2,,,,,,,,,,,,,,,,,,,,,,,,,,,,,3.330940001E3
1900,LTUH,QUAD,CQ31,1.26Q3.5,0.108,0.032,,0.0,,0.0,,,,,8.0,2.936203772E2,2.87615442E2,-1.063229,-0.895304,0.0,0.0,-0.8727E-2,,,,,,,,,,0.0,0.0,,,,,,,,,,,,,,,,,,3.335616487E3
1903,LTUH,INST,PC42,BCS plate,0.0635,,,,,,,,,,8.0,2.945332212E2,2.88528251E2,-1.071195,-0.895304,0.0,0.0,-0.8727E-2,,,,,,,,,,,,,,,,,,,,,,,,,,,,,3.336529286E3
1904,LTUH,INST,BTM42,PPS BTM,0.0,,,,,,,,,,8.0,2.945649712E2,2.8856E2,-1.071472,-0.895304,0.0,0.0,-0.8727E-2,,,,,,,,,,,,,,,,,,,,,,,,,,,,,3.336561034E3
1906,LTUH,PROF,OTR30,OTR,0.0,,,,,,,,,,8.0,2.994860352E2,2.93480876E2,-1.114416,-0.895304,0.0,0.0,-0.8727E-2,,,,,,,,,,,,,,,,,,,,,,,,,,,,,3.341481857E3
1908,LTUH,XCOR,XCDL3,class-4,0.0,,,,,,,,,,8.0,3.000703772E2,2.94065196E2,-1.119515,-0.895304,0.0,0.0,-0.8727E-2,,,,,,,,,,,,,,,,,,,,,,,,,,,,,3.342066171E3
1910,LTUH,QUAD,QDL33,1.26Q12,0.32,0.032,,0.4371839702,,0.0,,,,,8.0,3.006203772E2,2.94615175E2,-1.124314,-0.895304,0.0,0.0,-0.8727E-2,,,,,,,,,,37.332192040296,-11.666310012593,,,,,,,,,,,,,,,,,,3.342616144E3
1911,LTUH,BPM,BPMDL3,Stripline-10,0.0,,,,,,,,,,8.0,3.006203772E2,2.94615175E2,-1.124314,-0.895304,0.0,0.0,-0.8727E-2,,,,,,,,,,,,,,,,,,,,,,,,,,,,,3.342616144E3
1914,LTUH,YCOR,YCDL3,class-4,0.0,,,,,,,,,,8.0,3.011003772E2,2.95095157E2,-1.128503,-0.895304,0.0,0.0,-0.8727E-2,,,,,,,,,,,,,,,,,,,,,,,,,,,,,3.34309612E3
1916,LTUH,COLL,CEDL3,HCOLL,0.08,,,,,,,,,,8.0,3.020446187E2,2.96039363E2,-1.136743,-0.895304,0.0,0.0,-0.8727E-2,,,,,,,,,,,,,,,,,,,,,,,,0.46E-2,0.04,,,,3.344040316E3
1918,LTUH,QUAD,CQ32,1.26Q3.5,0.108,0.032,,0.0,,0.0,,,,,8.0,3.076203772E2,3.01614909E2,-1.1854,-0.895304,0.0,0.0,-0.8727E-2,,,,,,,,,,0.0,0.0,,,,,,,,,,,,,,,,,,3.349615801E3
1921,LTUH,COLL,CYBX36,VCOLL,0.06,,,,,,,,,,8.0,3.128715557E2,3.06865887E2,-1.231225,-0.895304,0.0,0.0,-0.8727E-2,,,,,,,,,,,,,,,,,,,,,,,,0.04,0.3E-2,,,,3.3548667225E3
1923,LTUH,BEND,BX36,0.68D102.36T,2.623008,0.0172466,-0.499999821926,0.0,,0.0,-0.249999910963,-0.249999910963,,,8.0,3.150230598E2,3.0901733E2,-1.247139,-0.895304,0.0,0.0,-0.4363E-2,,,,,,2.622999676952,0.5237,-2.328715856941,0.088780356634,0.0,0.0,,,,3.09017337E2,-1.245708,-0.895304,0.0,0.0,-0.4363E-2,,,,,,,,,3.357018142E3
1925,LTUH,MARK,CNTLT3H,CENTER,,,,,,,,,,,8.0,3.16334564E2,3.1032883E2,-1.25,-0.895304,0.0,0.0,0.0,,,,,,,,,,,,,,,,,,,,,,,,,,,,,3.358329628E3
1927,LTUH,QUAD,QT31,0.91Q17.72,0.46092,0.023,,-0.4209378273,,0.0,,,,,8.0,3.17065024E2,3.1105929E2,-1.25,-0.895304,0.0,0.0,0.0,,,,,,,,,,-51.774127810332,11.232779616925,,,,,,,,,,,,,,,,,,3.35906008E3
1930,LTUH,XCOR,XCQT32,class-5f,0.0,,,,,,,,,,8.0,3.17805944E2,3.1180021E2,-1.25,-0.895304,0.0,0.0,0.0,,,,,,,,,,,,,,,,,,,,,,,,,,,,,3.359800992E3
1932,LTUH,QUAD,QT32,0.91Q17.72,0.46092,0.023,,0.839614778,,0.0,,,,,8.0,3.18525944E2,3.1252021E2,-1.25,-0.895304,0.0,0.0,0.0,,,,,,,,,,1.032701743781E2,-22.405227453379,,,,,,,,,,,,,,,,,,3.360520984E3
1933,LTUH,BPM,BPMT32,Stripline-7,0.0,,,,,,,,,,8.0,3.18525944E2,3.1252021E2,-1.25,-0.895304,0.0,0.0,0.0,,,,,,,,,,,,,,,,,,,,,,,,,,,,,3.360520984E3
1936,LTUH,YCOR,YCQT32,class-5f,0.0,,,,,,,,,,8.0,3.19256864E2,3.1325113E2,-1.25,-0.895304,0.0,0.0,0.0,,,,,,,,,,,,,,,,,,,,,,,,,,,,,3.361251896E3
1938,LTUH,QUAD,QT33,0.91Q17.72,0.46092,0.023,,-0.4209378273,,0.0,,,,,8.0,3.19986864E2,3.1398113E2,-1.25,-0.895304,0.0,0.0,0.0,,,,,,,,,,-51.774127810332,11.232779616925,,,,,,,,,,,,,,,,,,3.361981888E3
1941,LTUH,MARK,SS3,,,,,,,,,,,,8.0,3.20717324E2,3.1471159E2,-1.25,-0.895304,0.0,0.0,0.0,,,,,,,,,,,,,,,,,,,,,,,,,,,,,3.36271234E3
1943,LTUH,MARK,CC36BEG,,,,,,,,,,,,8.0,3.20987644E2,3.1498191E2,-1.25,-0.895304,0.0,0.0,0.0,,,,,,,,,,,,,,,,,,,,,,,,,,,,,3.362982657E3
1944,LTUH,BEND,BCX361,0.788D11.50,0.350003,0.032,0.4083944847,0.0,,0.0,0.0,0.4083944847,,,8.0,3.211626444E2,3.1515691E2,-1.250312,-0.895304,0.0,0.0,-0.3564E-2,,,,,,0.350000036302,0.8436,1.902070102233,-0.543443942547,0.0,0.0,,,,3.1515691E2,-1.255,-0.895304,0.0,0.0,0.0,,,,,,,,,3.363157655E3
1947,LTUH,BEND,BCX362,0.788D11.50,0.350003,0.032,-0.4083944847,0.0,,0.0,-0.4083944847,0.0,,,8.0,3.217126546E2,3.1570691E2,-1.253608,-0.895304,0.0,0.0,-0.3564E-2,,,,,,0.350000036302,0.8436,-1.902070102233,0.543443942547,0.0,0.0,,,,3.1570691E2,-1.255,-0.895304,0.0,0.0,0.0,,,,,,,,,3.363707649E3
1950,LTUH,BEND,BCX363,0.788D11.50,0.350003,0.032,-0.4083944847,0.0,,0.0,0.0,-0.4083944847,,,8.0,3.222626554E2,3.1625691E2,-1.253608,-0.895304,0.0,0.0,0.3564E-2,,,,,,0.350000036302,0.8436,-1.902070102233,0.543443942547,0.0,0.0,,,,3.1625691E2,-1.255,-0.895304,0.0,0.0,0.0,,,,,,,,,3.364257643E3
1953,LTUH,BEND,BCX364,0.788D11.50,0.350003,0.032,0.4083944847,0.0,,0.0,0.4083944847,0.0,,,8.0,3.228126656E2,3.1680691E2,-1.250312,-0.895304,0.0,0.0,0.3564E-2,,,,,,0.350000036302,0.8436,1.902070102233,-0.543443942547,0.0,0.0,,,,3.1680691E2,-1.255,-0.895304,0.0,0.0,0.0,,,,,,,,,3.364807637E3
1955,LTUH,MARK,CC36END,,,,,,,,,,,,8.0,3.22987666E2,3.1698191E2,-1.25,-0.895304,0.0,0.0,0.0,,,,,,,,,,,,,,,,,,,,,,,,,,,,,3.364982635E3
1957,LTUH,INST,PC43,BCS plate,0.2032,,,,,,,,,,8.0,3.23214156E2,3.172084E2,-1.25,-0.895304,0.0,0.0,0.0,,,,,,,,,,,,,,,,,,,,,,,,,,,,,3.365209123E3
1958,LTUH,INST,BTM43,PPS BTM,0.0,,,,,,,,,,8.0,3.23315756E2,3.1731E2,-1.25,-0.895304,0.0,0.0,0.0,,,,,,,,,,,,,,,,,,,,,,,,,,,,,3.365310722E3
1960,LTUH,IMON,IMBCS2,120Hz toroid,0.0,,,,,,,,,,8.0,3.23640346E2,3.1763459E2,-1.25,-0.895304,0.0,0.0,0.0,,,,,,,,,,,,,,,,,,,,,,,,,,,,,3.365635308E3
1962,LTUH,INST,PC05,BCS plate,0.0635,,,,,,,,,,8.0,3.24934006E2,3.1892825E2,-1.25,-0.895304,0.0,0.0,0.0,,,,,,,,,,,,,,,,,,,,,,,,,,,,,3.366928954E3
1963,LTUH,INST,BTM05,PPS BTM,0.0,,,,,,,,,,8.0,3.24965756E2,3.1896E2,-1.25,-0.895304,0.0,0.0,0.0,,,,,,,,,,,,,,,,,,,,,,,,,,,,,3.366960704E3
1965,LTUH,WIRE,WSDL4,slow,0.0,,,,,,,,,,8.0,3.326637373E2,3.26657982E2,-1.25,-0.895304,0.0,0.0,0.0,,,,,,,,,,,,,,,,,,,,,,,,,,,,,3.374658601E3
1967,LTUH,INST,DCHIRPV,,2.0,,,,,,,,,,8.0,3.347612602E2,3.28755504E2,-1.25,-0.895304,0.0,0.0,0.0,,,,,,,,,,,,,,,,,,,,,,,,,,,,,3.376756101E3
1968,LTUH,MARK,MDCHIRPV,,,,,,,,,,,,8.0,3.347612602E2,3.28755504E2,-1.25,-0.895304,0.0,0.0,0.0,,,,,,,,,,,,,,,,,,,,,,,,,,,,,3.376756101E3
1971,LTUH,QUAD,QDL34,1.26Q12,0.32,0.032,,0.4371839702,,0.0,,,,,8.0,3.36431526E2,3.3042577E2,-1.25,-0.895304,0.0,0.0,0.0,,,,,,,,,,37.332192040296,-11.666310012593,,,,,,,,,,,,,,,,,,3.378426349E3
1972,LTUH,BPM,BPMDL4,Stripline-10,0.0,,,,,,,,,,8.0,3.36431526E2,3.3042577E2,-1.25,-0.895304,0.0,0.0,0.0,,,,,,,,,,,,,,,,,,,,,,,,,,,,,3.378426349E3
1975,LTUH,INST,DCHIRPH,,2.0,,,,,,,,,,8.0,3.381013965E2,3.32095641E2,-1.25,-0.895304,0.0,0.0,0.0,,,,,,,,,,,,,,,,,,,,,,,,,,,,,3.380096201E3
1976,LTUH,MARK,MDCHIRPH,,,,,,,,,,,,8.0,3.381013965E2,3.32095641E2,-1.25,-0.895304,0.0,0.0,0.0,,,,,,,,,,,,,,,,,,,,,,,,,,,,,3.380096201E3
1979,LTUH,XCOR,XCDL4,class-5f,0.0,,,,,,,,,,8.0,3.39710514E2,3.33704758E2,-1.25,-0.895304,0.0,0.0,0.0,,,,,,,,,,,,,,,,,,,,,,,,,,,,,3.381705301E3
1981,LTUH,YCOR,YCDL4,class-4,0.0,,,,,,,,,,8.0,3.402512199E2,3.34245464E2,-1.25,-0.895304,0.0,0.0,0.0,,,,,,,,,,,,,,,,,,,,,,,,,,,,,3.382246001E3
1983,LTUH,INST,PC06,BCS plate,0.0635,,,,,,,,,,8.0,3.474340059E2,3.4142825E2,-1.25,-0.895304,0.0,0.0,0.0,,,,,,,,,,,,,,,,,,,,,,,,,,,,,3.3894287085E3
1984,LTUH,INST,BTM06,PPS BTM,0.0,,,,,,,,,,8.0,3.474657559E2,3.4146E2,-1.25,-0.895304,0.0,0.0,0.0,,,,,,,,,,,,,,,,,,,,,,,,,,,,,3.389460458E3
1987,LTUH,QUAD,QT41,0.91Q17.72,0.46092,0.023,,-0.4209378273,,0.0,,,,,8.0,3.52876166E2,3.4687041E2,-1.25,-0.895304,0.0,0.0,0.0,,,,,,,,,,-51.774127810332,11.232779616925,,,,,,,,,,,,,,,,,,3.394870809E3
1990,LTUH,XCOR,XCQT42,class-5,0.0,,,,,,,,,,8.0,3.53681626E2,3.4767587E2,-1.25,-0.895304,0.0,0.0,0.0,,,,,,,,,,,,,,,,,,,,,,,,,,,,,3.395676261E3
1992,LTUH,QUAD,QT42,0.91Q17.72,0.46092,0.023,,0.839614778,,0.0,,,,,8.0,3.54337086E2,3.4833133E2,-1.25,-0.895304,0.0,0.0,0.0,,,,,,,,,,1.032701743781E2,-22.405227453379,,,,,,,,,,,,,,,,,,3.396331714E3
1993,LTUH,BPM,BPMT42,Stripline-7,0.0,,,,,,,,,,8.0,3.54337086E2,3.4833133E2,-1.25,-0.895304,0.0,0.0,0.0,,,,,,,,,,,,,,,,,,,,,,,,,,,,,3.396331714E3
1996,LTUH,YCOR,YCQT42,class-5f,0.0,,,,,,,,,,8.0,3.55057559E2,3.49051803E2,-1.25,-0.895304,0.0,0.0,0.0,,,,,,,,,,,,,,,,,,,,,,,,,,,,,3.397052179E3
1998,LTUH,QUAD,QT43,0.91Q17.72,0.46092,0.023,,-0.4209378273,,0.0,,,,,8.0,3.55798006E2,3.4979225E2,-1.25,-0.895304,0.0,0.0,0.0,,,,,,,,,,-51.774127810332,11.232779616925,,,,,,,,,,,,,,,,,,3.397792618E3
2001,LTUH,MARK,MM2,,,,,,,,,,,,8.0,3.56528466E2,3.5052271E2,-1.25,-0.895304,0.0,0.0,0.0,,,,,,,,,,,,,,,,,,,,,,,,,,,,,3.39852307E3
2003,LTUH,IMON,IM36,120Hz toroid,0.0,,,,,,,,,,8.0,3.56791166E2,3.5078541E2,-1.25,-0.895304,0.0,0.0,0.0,,,,,,,,,,,,,,,,,,,,,,,,,,,,,3.398785767E3
2006,LTUH,YCOR,YCEM1,class-4,0.0,,,,,,,,,,8.0,3.58228926E2,3.5222317E2,-1.25,-0.895304,0.0,0.0,0.0,,,,,,,,,,,,,,,,,,,,,,,,,,,,,3.400223511E3
2008,LTUH,QUAD,QEM1,1.26Q12,0.32,0.032,,-0.390827736,,0.0,,,,,8.0,3.58758926E2,3.5275317E2,-1.25,-0.895304,0.0,0.0,0.0,,,,,,,,,,-33.373721567036,10.429287989699,,,,,,,,,,,,,,,,,,3.400753505E3
2009,LTUH,BPM,BPMEM1,Stripline-10,0.0,,,,,,,,,,8.0,3.58758926E2,3.5275317E2,-1.25,-0.895304,0.0,0.0,0.0,,,,,,,,,,,,,,,,,,,,,,,,,,,,,3.400753505E3
2012,LTUH,QUAD,QEM2,1.26Q12,0.32,0.032,,0.4322157081,,0.0,,,,,8.0,3.63219846E2,3.5721409E2,-1.25,-0.895304,0.0,0.0,0.0,,,,,,,,,,36.907940175026,-11.533731304696,,,,,,,,,,,,,,,,,,3.405214377E3
2013,LTUH,BPM,BPMEM2,Stripline-10,0.0,,,,,,,,,,8.0,3.63219846E2,3.5721409E2,-1.25,-0.895304,0.0,0.0,0.0,,,,,,,,,,,,,,,,,,,,,,,,,,,,,3.405214377E3
2016,LTUH,XCOR,XCEM2,class-4,0.0,,,,,,,,,,8.0,3.63879846E2,3.5787409E2,-1.25,-0.895304,0.0,0.0,0.0,,,,,,,,,,,,,,,,,,,,,,,,,,,,,3.40587437E3
2018,LTUH,INST,PC07,BCS plate,0.0635,,,,,,,,,,8.0,3.68274006E2,3.6226825E2,-1.25,-0.895304,0.0,0.0,0.0,,,,,,,,,,,,,,,,,,,,,,,,,,,,,3.4102684815E3
2019,LTUH,INST,BTM07,PPS BTM,0.0,,,,,,,,,,8.0,3.68305756E2,3.623E2,-1.25,-0.895304,0.0,0.0,0.0,,,,,,,,,,,,,,,,,,,,,,,,,,,,,3.410300231E3
2021,LTUH,YCOR,YCEM3,class-4,0.0,,,,,,,,,,8.0,3.75150766E2,3.6914501E2,-1.25,-0.895304,0.0,0.0,0.0,,,,,,,,,,,,,,,,,,,,,,,,,,,,,3.417145167E3
2023,LTUH,QUAD,QEM3,1.26Q12,0.32,0.032,,-0.5934339505,,0.0,,,,,8.0,3.75680766E2,3.6967501E2,-1.25,-0.895304,0.0,0.0,0.0,,,,,,,,,,-50.674754138773,15.835860668367,,,,,,,,,,,,,,,,,,3.417675161E3
2024,LTUH,BPM,BPMEM3,Stripline-10,0.0,,,,,,,,,,8.0,3.75680766E2,3.6967501E2,-1.25,-0.895304,0.0,0.0,0.0,,,,,,,,,,,,,,,,,,,,,,,,,,,,,3.417675161E3
2027,LTUH,QUAD,QEM3V,1.26Q3.5,0.108,0.032,,0.0,,0.0,,,,,8.0,3.76668065E2,3.70662309E2,-1.25,-0.895304,0.0,0.0,0.0,,,,,,,,,,0.0,0.0,,,,,,,,,,,,,,,,,,3.418662449E3
2030,LTUH,XCOR,XCEM4,class-4,0.0,,,,,,,,,,8.0,3.79481686E2,3.7347593E2,-1.25,-0.895304,0.0,0.0,0.0,,,,,,,,,,,,,,,,,,,,,,,,,,,,,3.42147604E3
2032,LTUH,QUAD,QEM4,1.26Q12,0.32,0.032,,0.4204852592,,0.0,,,,,8.0,3.80141686E2,3.7413593E2,-1.25,-0.895304,0.0,0.0,0.0,,,,,,,,,,35.906248894229,-11.220702779446,,,,,,,,,,,,,,,,,,3.422136032E3
2033,LTUH,BPM,BPMEM4,Stripline-10,0.0,,,,,,,,,,8.0,3.80141686E2,3.7413593E2,-1.25,-0.895304,0.0,0.0,0.0,,,,,,,,,,,,,,,,,,,,,,,,,,,,,3.422136032E3
2036,*LTUH,BPM,RFBEM4,CavityS-1,0.0,,,,,,,,,,8.0,3.80501686E2,3.7449593E2,-1.25,-0.895304,0.0,0.0,0.0,,,,,,,,,,,,,,,,,,,,,,,,,,,,,3.422496028E3
2038,LTUH,INST,PC08,BCS plate,0.0635,,,,,,,,,,8.0,3.81224006E2,3.7521825E2,-1.25,-0.895304,0.0,0.0,0.0,,,,,,,,,,,,,,,,,,,,,,,,,,,,,3.4232183405E3
2039,LTUH,INST,BTM08,PPS BTM,0.0,,,,,,,,,,8.0,3.81255756E2,3.7525E2,-1.25,-0.895304,0.0,0.0,0.0,,,,,,,,,,,,,,,,,,,,,,,,,,,,,3.42325009E3
2041,LTUH,MARK,DBMARK36,,,,,,,,,,,,8.0,3.82372146E2,3.7636639E2,-1.25,-0.895304,0.0,0.0,0.0,,,,,,,,,,,,,,,,,,,,,,,,,,,,,3.424366468E3
2042,LTUH,WIRE,WS31,fast,0.0,,,,,,,,,,8.0,3.82372146E2,3.7636639E2,-1.25,-0.895304,0.0,0.0,0.0,,,,,,,,,,,,,,,,,,,,,,,,,,,,,3.424366468E3
2045,LTUH,INST,PC09,BCS plate,0.0635,,,,,,,,,,8.0,3.88234006E2,3.8222825E2,-1.25,-0.895304,0.0,0.0,0.0,,,,,,,,,,,,,,,,,,,,,,,,,,,,,3.430228264E3
2046,LTUH,INST,BTM09,PPS BTM,0.0,,,,,,,,,,8.0,3.88265756E2,3.8226E2,-1.25,-0.895304,0.0,0.0,0.0,,,,,,,,,,,,,,,,,,,,,,,,,,,,,3.430260014E3
2048,LTUH,XCOR,XCE31,class-4,0.0,,,,,,,,,,8.0,3.907080227E2,3.84702267E2,-1.25,-0.895304,0.0,0.0,0.0,,,,,,,,,,,,,,,,,,,,,,,,,,,,,3.432702254E3
2050,LTUH,QUAD,QE31,1.26Q3.5,0.108,0.032,,0.4027531982,,0.0,,,,,8.0,3.911880227E2,3.85182267E2,-1.25,-0.895304,0.0,0.0,0.0,,,,,,,,,,11.607322107313,-10.747520469735,,,,,,,,,,,,,,,,,,3.433182249E3
2051,LTUH,BPM,BPME31,Stripline-1,0.0,,,,,,,,,,8.0,3.911880227E2,3.85182267E2,-1.25,-0.895304,0.0,0.0,0.0,,,,,,,,,,,,,,,,,,,,,,,,,,,,,3.433182249E3
2057,LTUH,YCOR,YCE32,class-4,0.0,,,,,,,,,,8.0,4.08329776E2,4.0232402E2,-1.25,-0.895304,0.0,0.0,0.0,,,,,,,,,,,,,,,,,,,,,,,,,,,,,3.450323815E3
2059,LTUH,QUAD,QE32,1.26Q3.5,0.108,0.032,,-0.4027531982,,0.0,,,,,8.0,4.08819776E2,4.0281402E2,-1.25,-0.895304,0.0,0.0,0.0,,,,,,,,,,-11.607322107313,10.747520469735,,,,,,,,,,,,,,,,,,3.45081381E3
2060,LTUH,BPM,BPME32,Stripline-1,0.0,,,,,,,,,,8.0,4.08819776E2,4.0281402E2,-1.25,-0.895304,0.0,0.0,0.0,,,,,,,,,,,,,,,,,,,,,,,,,,,,,3.45081381E3
2063,*LTUH,BPM,RFBE32,CavityS-1,0.0,,,,,,,,,,8.0,4.09073776E2,4.0306802E2,-1.25,-0.895304,0.0,0.0,0.0,,,,,,,,,,,,,,,,,,,,,,,,,,,,,3.451067807E3
2067,LTUH,WIRE,WS32,fast,0.0,,,,,,,,,,8.0,4.176356527E2,4.11629897E2,-1.25,-0.895304,0.0,0.0,0.0,,,,,,,,,,,,,,,,,,,,,,,,,,,,,3.45962959E3
2070,LTUH,XCOR,XCE33,class-4,0.0,,,,,,,,,,8.0,4.259415293E2,4.19935774E2,-1.25,-0.895304,0.0,0.0,0.0,,,,,,,,,,,,,,,,,,,,,,,,,,,,,3.467935377E3
2072,LTUH,QUAD,QE33,1.26Q3.5,0.108,0.032,,0.4027531982,,0.0,,,,,8.0,4.264515293E2,4.20445774E2,-1.25,-0.895304,0.0,0.0,0.0,,,,,,,,,,11.607322107313,-10.747520469735,,,,,,,,,,,,,,,,,,3.468445371E3
2073,LTUH,BPM,BPME33,Stripline-1,0.0,,,,,,,,,,8.0,4.264515293E2,4.20445774E2,-1.25,-0.895304,0.0,0.0,0.0,,,,,,,,,,,,,,,,,,,,,,,,,,,,,3.468445371E3
2076,LTUH,PROF,YAGPSI,YAG PAL,0.0,,,,,,,,,,8.0,4.344562563E2,4.28450501E2,-1.25,-0.895304,0.0,0.0,0.0,,,,,,,,,,,,,,,,,,,,,,,,,,,,,3.476450011E3
2078,LTUH,PROF,OTR33,OTR,0.0,,,,,,,,,,8.0,4.35267406E2,4.2926165E2,-1.25,-0.895304,0.0,0.0,0.0,,,,,,,,,,,,,,,,,,,,,,,,,,,,,3.477261152E3
2080,LTUH,YCOR,YCE34,class-4,0.0,,,,,,,,,,8.0,4.436032827E2,4.37597527E2,-1.25,-0.895304,0.0,0.0,0.0,,,,,,,,,,,,,,,,,,,,,,,,,,,,,3.485596937E3
2082,LTUH,QUAD,QE34,1.26Q3.5,0.108,0.032,,-0.4027531982,,0.0,,,,,8.0,4.440832827E2,4.38077527E2,-1.25,-0.895304,0.0,0.0,0.0,,,,,,,,,,-11.607322107313,10.747520469735,,,,,,,,,,,,,,,,,,3.486076932E3
2083,LTUH,BPM,BPME34,Stripline-1,0.0,,,,,,,,,,8.0,4.440832827E2,4.38077527E2,-1.25,-0.895304,0.0,0.0,0.0,,,,,,,,,,,,,,,,,,,,,,,,,,,,,3.486076932E3
2086,*LTUH,BPM,RFBE34,CavityS-1,0.0,,,,,,,,,,8.0,4.443372827E2,4.38331527E2,-1.25,-0.895304,0.0,0.0,0.0,,,,,,,,,,,,,,,,,,,,,,,,,,,,,3.486330929E3
2088,LTUH,WIRE,WS33,fast,0.0,,,,,,,,,,8.0,4.528991593E2,4.46893404E2,-1.25,-0.895304,0.0,0.0,0.0,,,,,,,,,,,,,,,,,,,,,,,,,,,,,3.494892713E3
2091,LTUH,XCOR,XCE35,class-4,0.0,,,,,,,,,,8.0,4.61055036E2,4.5504928E2,-1.25,-0.895304,0.0,0.0,0.0,,,,,,,,,,,,,,,,,,,,,,,,,,,,,3.503048501E3
2093,LTUH,QUAD,QE35,1.26Q3.5,0.108,0.032,,0.4027531982,,0.0,,,,,8.0,4.61715036E2,4.5570928E2,-1.25,-0.895304,0.0,0.0,0.0,,,,,,,,,,11.607322107313,-10.747520469735,,,,,,,,,,,,,,,,,,3.503708493E3
2094,LTUH,BPM,BPME35,Stripline-1,0.0,,,,,,,,,,8.0,4.61715036E2,4.5570928E2,-1.25,-0.895304,0.0,0.0,0.0,,,,,,,,,,,,,,,,,,,,,,,,,,,,,3.503708493E3
2100,LTUH,YCOR,YCE36,class-4,0.0,,,,,,,,,,8.0,4.788667893E2,4.72861034E2,-1.25,-0.895304,0.0,0.0,0.0,,,,,,,,,,,,,,,,,,,,,,,,,,,,,3.52086006E3
2102,LTUH,QUAD,QE36,1.26Q3.5,0.108,0.032,,-0.4027531982,,0.0,,,,,8.0,4.793467893E2,4.73341034E2,-1.25,-0.895304,0.0,0.0,0.0,,,,,,,,,,-11.607322107313,10.747520469735,,,,,,,,,,,,,,,,,,3.521340055E3
2103,LTUH,BPM,BPME36,Stripline-1,0.0,,,,,,,,,,8.0,4.793467893E2,4.73341034E2,-1.25,-0.895304,0.0,0.0,0.0,,,,,,,,,,,,,,,,,,,,,,,,,,,,,3.521340055E3
2106,*LTUH,BPM,RFBE36,CavityS-1,0.0,,,,,,,,,,8.0,4.796007893E2,4.73595034E2,-1.25,-0.895304,0.0,0.0,0.0,,,,,,,,,,,,,,,,,,,,,,,,,,,,,3.521594052E3
2110,LTUH,WIRE,WS34,fast,0.0,,,,,,,,,,8.0,4.88162666E2,4.8215691E2,-1.25,-0.895304,0.0,0.0,0.0,,,,,,,,,,,,,,,,,,,,,,,,,,,,,3.530155835E3
2112,LTUH,MARK,DWS35,,,,,,,,,,,,8.0,4.88530966E2,4.8252521E2,-1.25,-0.895304,0.0,0.0,0.0,,,,,,,,,,,,,,,,,,,,,,,,,,,,,3.530524131E3
2115,LTUH,MARK,DWS36,,,,,,,,,,,,8.0,4.88727816E2,4.8272206E2,-1.25,-0.895304,0.0,0.0,0.0,,,,,,,,,,,,,,,,,,,,,,,,,,,,,3.530720979E3
2119,LTUH,XCOR,XCUM1,class-4f,0.0,,,,,,,,,,8.0,4.93493126E2,4.8748737E2,-1.25,-0.895304,0.0,0.0,0.0,,,,,,,,,,,,,,,,,,,,,,,,,,,,,3.535486237E3
2121,LTUH,QUAD,QUM1,1.26Q12,0.32,0.032,,0.2727414089,,0.0,,,,,8.0,4.94143126E2,4.8813737E2,-1.25,-0.895304,0.0,0.0,0.0,,,,,,,,,,23.290045720885,-7.278139287776,,,,,,,,,,,,,,,,,,3.53613623E3
2122,LTUH,BPM,BPMUM1,Stripline-10,0.0,,,,,,,,,,8.0,4.94143126E2,4.8813737E2,-1.25,-0.895304,0.0,0.0,0.0,,,,,,,,,,,,,,,,,,,,,,,,,,,,,3.53613623E3
2129,LTUH,YCOR,YCUM2,class-4f,0.0,,,,,,,,,,8.0,5.00324046E2,4.9431829E2,-1.25,-0.895304,0.0,0.0,0.0,,,,,,,,,,,,,,,,,,,,,,,,,,,,,3.542317083E3
2131,LTUH,QUAD,QUM2,1.26Q12,0.32,0.032,,-0.2706012683,,0.0,,,,,8.0,5.00854046E2,4.9484829E2,-1.25,-0.895304,0.0,0.0,0.0,,,,,,,,,,-23.107293961171,7.221029362866,,,,,,,,,,,,,,,,,,3.542847077E3
2132,LTUH,BPM,BPMUM2,Stripline-10,0.0,,,,,,,,,,8.0,5.00854046E2,4.9484829E2,-1.25,-0.895304,0.0,0.0,0.0,,,,,,,,,,,,,,,,,,,,,,,,,,,,,3.542847077E3
2136,LTUH,XCOR,XCUM3,class-4f,0.0,,,,,,,,,,8.0,5.08774966E2,5.0276921E2,-1.25,-0.895304,0.0,0.0,0.0,,,,,,,,,,,,,,,,,,,,,,,,,,,,,3.550767911E3
2138,LTUH,QUAD,QUM3,1.26Q12,0.32,0.032,,0.2787626784,,0.0,,,,,8.0,5.09314966E2,5.0330921E2,-1.25,-0.895304,0.0,0.0,0.0,,,,,,,,,,23.80421642389,-7.438817632466,,,,,,,,,,,,,,,,,,3.551307905E3
2139,LTUH,BPM,BPMUM3,Stripline-10,0.0,,,,,,,,,,8.0,5.09314966E2,5.0330921E2,-1.25,-0.895304,0.0,0.0,0.0,,,,,,,,,,,,,,,,,,,,,,,,,,,,,3.551307905E3
2143,LTUH,MARK,EOBLM,,,,,,,,,,,,8.0,5.11753365E2,5.05747609E2,-1.25,-0.895304,0.0,0.0,0.0,,,,,,,,,,,,,,,,,,,,,,,,,,,,,3.553746277E3
2145,LTUH,YCOR,YCUM4,class-4f,0.0,,,,,,,,,,8.0,5.13115886E2,5.0711013E2,-1.25,-0.895304,0.0,0.0,0.0,,,,,,,,,,,,,,,,,,,,,,,,,,,,,3.555108783E3
2147,LTUH,QUAD,QUM4,1.26Q12,0.32,0.032,,-0.2474708899,,0.0,,,,,8.0,5.13775886E2,5.0777013E2,-1.25,-0.895304,0.0,0.0,0.0,,,,,,,,,,-21.132135247098,6.603792264718,,,,,,,,,,,,,,,,,,3.555768776E3
2148,LTUH,BPM,BPMUM4,Stripline-10,0.0,,,,,,,,,,8.0,5.13775886E2,5.0777013E2,-1.25,-0.895304,0.0,0.0,0.0,,,,,,,,,,,,,,,,,,,,,,,,,,,,,3.555768776E3
2151,LTUH,BPM,RFB07,CavityX-1,0.0,,,,,,,,,,8.0,5.14533346E2,5.0852759E2,-1.25,-0.895304,0.0,0.0,0.0,,,,,,,,,,,,,,,,,,,,,,,,,,,,,3.556526228E3
2153,LTUH,IMON,IMUNDI,120Hz toroid,0.0,,,,,,,,,,8.0,5.15033346E2,5.0902759E2,-1.25,-0.895304,0.0,0.0,0.0,,,,,,,,,,,,,,,,,,,,,,,,,,,,,3.557026222E3
2155,LTUH,BLMO,BLTOF,,0.0,,,,,,,,,,8.0,5.152848895E2,5.09279134E2,-1.25,-0.895304,0.0,0.0,0.0,,,,,,,,,,,,,,,,,,,,,,,,,,,,,3.557277763E3
2157,LTUH,MARK,MUHWALL1,,,,,,,,,,,,8.0,5.154249315E2,5.09419176E2,-1.25,-0.895304,0.0,0.0,0.0,,,,,,,,,,,,,,,,,,,,,,,,,,,,,3.557417804E3
2160,LTUH,BPM,RFB08,CavityX-1,0.0,,,,,,,,,,8.0,5.172814405E2,5.11275685E2,-1.25,-0.895304,0.0,0.0,0.0,,,,,,,,,,,,,,,,,,,,,,,,,,,,,3.559274292E3
2162,LTUH,MARK,MUHWALL2,,,,,,,,,,,,8.0,5.176849315E2,5.11679176E2,-1.25,-0.895304,0.0,0.0,0.0,,,,,,,,,,,,,,,,,,,,,,,,,,,,,3.559677779E3
2166,LTUH,INST,TDUND,,0.0,,,,,,,,,,8.0,5.189931465E2,5.12987391E2,-1.25,-0.895304,0.0,0.0,0.0,,,,,,,,,,,,,,,,,,,,,,,,,,,,,3.56098598E3
2169,LTUH,PC,PCMUON,,1.1684,,,,,,,,,,8.0,5.199566975E2,5.13950942E2,-1.25,-0.895304,0.0,0.0,0.0,,,,,,,,,,,,,,,,,,,,,,,,0.432E-2,0.864E-2,,,,3.5619495205E3
2171,LTUH,MARK,VV999,installed,,,,,,,,,,,8.0,5.207276415E2,5.14721886E2,-1.25,-0.895304,0.0,0.0,0.0,,,,,,,,,,,,,,,,,,,,,,,,,,,,,3.562720456E3
2173,LTUH,MARK,RWWAKE4H,WAKE,,,,,,,,,,,8.0,5.207457565E2,5.14740001E2,-1.25,-0.895304,0.0,0.0,0.0,,,,,,,,,,,,,,,,,,,,,,,,,,,,,3.562738571E3
2174,LTUH,INST,ENDLTUH,,,,,,,,,,,,8.0,5.207457565E2,5.14740001E2,-1.25,-0.895304,0.0,0.0,0.0,,,,,,,,,,,,,,,,,,,,,,,,,,,,,3.562738571E3
2175,UNDH,INST,BEGUNDH,,,,,,,,,,,,8.0,5.207457565E2,5.14740001E2,-1.25,-0.895304,0.0,0.0,0.0,,,,,,,,,,,,,,,,,,,,,,,,,,,,,3.562738571E3
2177,UNDH,BPM,RFBHX12,CavityX-1,0.05,,,,,,,,,,8.0,5.209123677E2,5.14906612E2,-1.25,-0.895304,0.0,0.0,0.0,,,,,,,,,,,,,,,,,,,,,,,,,,,,,3.56290518E3
2179,UNDH,MARK,MM3,,,,,,,,,,,,8.0,5.210063485E2,5.15000593E2,-1.25,-0.895304,0.0,0.0,0.0,,,,,,,,,,,,,,,,,,,,,,,,,,,,,3.56299916E3
2180,UNDH,MARK,PFILT1,,,,,,,,,,,,8.0,5.210063485E2,5.15000593E2,-1.25,-0.895304,0.0,0.0,0.0,,,,,,,,,,,,,,,,,,,,,,,,,,,,,3.56299916E3
2181,UNDH,MARK,DBMARK37,,,,,,,,,,,,8.0,5.210063485E2,5.15000593E2,-1.25,-0.895304,0.0,0.0,0.0,,,,,,,,,,,,,,,,,,,,,,,,,,,,,3.56299916E3
2184,UNDH,MARK,HXRSTART,,,,,,,,,,,,8.0,5.211007405E2,5.15094985E2,-1.25,-0.895304,0.0,0.0,0.0,,,,,,,,,,,,,,,,,,,,,,,,,,,,,3.563093551E3
2185,UNDH,MARK,HXR13BEG,,,,,,,,,,,,8.0,5.211007405E2,5.15094985E2,-1.25,-0.895304,0.0,0.0,0.0,,,,,,,,,,,,,,,,,,,,,,,,,,,,,3.563093551E3
2188,UNDH,MARK,HXRCB1BEG,,,,,,,,,,,,8.0,5.211417245E2,5.15135969E2,-1.25,-0.895304,0.0,0.0,0.0,,,,,,,,,,,,,,,,,,,,,,,,,,,,,3.563134534E3
2190,UNDH,BEND,BCXCBX11,0.276D14-C,0.368,0.7E-2,0.0,0.0,,0.0,0.0,0.0,,,8.0,5.213653435E2,5.15359588E2,-1.25,-0.895304,0.0,0.0,0.0,,,,,,0.368,1.0408,0.0,0.0,0.0,0.0,,,,5.15359588E2,-1.249,-0.895304,0.0,0.0,0.0,,,,,,,,,3.563358151E3
2193,UNDH,INST,MCBX4,,0.0,,,,,,,,,,8.0,5.220215595E2,5.16015804E2,-1.25,-0.895304,0.0,0.0,0.0,,,,,,,,,,,,,,,,,,,,,,,,,,,,,3.56401436E3
2195,UNDH,PROF,YAGCBX42,,0.0,,,,,,,,,,8.0,5.221274595E2,5.16121704E2,-1.25,-0.895304,0.0,0.0,0.0,,,,,,,,,,,,,,,,,,,,,,,,,,,,,3.564120259E3
2197,UNDH,BEND,BCXCBX12,0.276D14-C,0.368,0.7E-2,0.0,0.0,,0.0,0.0,0.0,,,8.0,5.225956935E2,5.16589938E2,-1.25,-0.895304,0.0,0.0,0.0,,,,,,0.368,1.0408,0.0,0.0,0.0,0.0,,,,5.16589938E2,-1.2403,-0.895304,0.0,0.0,0.0,,,,,,,,,3.564588487E3
2200,UNDH,MARK,CENTER1,,,,,,,,,,,,8.0,5.22863575E2,5.16857819E2,-1.25,-0.895304,0.0,0.0,0.0,,,,,,,,,,,,,,,,,,,,,,,,,,,,,3.564856366E3
2202,UNDH,BEND,BCXCBX13,0.276D14-C,0.368,0.7E-2,0.0,0.0,,0.0,0.0,0.0,,,8.0,5.231314565E2,5.17125701E2,-1.25,-0.895304,0.0,0.0,0.0,,,,,,0.368,1.0408,0.0,0.0,0.0,0.0,,,,5.17125701E2,-1.2403,-0.895304,0.0,0.0,0.0,,,,,,,,,3.565124245E3
2205,UNDH,PROF,PRCBX40,,0.0,,,,,,,,,,8.0,5.238785656E2,5.1787281E2,-1.25,-0.895304,0.0,0.0,0.0,,,,,,,,,,,,,,,,,,,,,,,,,,,,,3.565871346E3
2207,UNDH,BOD,BODCBX40,,0.0,,,,,,,,,,8.0,5.238842555E2,5.178785E2,-1.25,-0.895304,0.0,0.0,0.0,,,,,,,,,,,,,,,,,,,,,,,,,,,,,3.565877035E3
2209,UNDH,BEND,BCXCBX14,0.276D14-C,0.368,0.7E-2,0.0,0.0,,0.0,0.0,0.0,,,8.0,5.243618065E2,5.18356051E2,-1.25,-0.895304,0.0,0.0,0.0,,,,,,0.368,1.0408,0.0,0.0,0.0,0.0,,,,5.18356051E2,-1.249,-0.895304,0.0,0.0,0.0,,,,,,,,,3.566354581E3
2212,UNDH,MARK,HXRCB1END,,,,,,,,,,,,8.0,5.246458065E2,5.18640051E2,-1.25,-0.895304,0.0,0.0,0.0,,,,,,,,,,,,,,,,,,,,,,,,,,,,,3.566638578E3
2214,UNDH,QUAD,QHXH13,0.433Q3.1,0.084,0.011,,1.338359187,,0.0,,,,,8.0,5.247911685E2,5.18785413E2,-1.25,-0.895304,0.0,0.0,0.0,,,,,,,,,,29.999999927592,-35.714285628086,,,,,,,,,,,,,,,,,,3.566783938E3
2215,UNDH,XCOR,XCHX13,type-U,0.0,,,,,,,,,,8.0,5.247911685E2,5.18785413E2,-1.25,-0.895304,0.0,0.0,0.0,,,,,,,,,,,,,,,,,,,,,,,,,,,,,3.566783938E3
2216,UNDH,MARK,MUQH13,,,,,,,,,,,,8.0,5.247911685E2,5.18785413E2,-1.25,-0.895304,0.0,0.0,0.0,,,,,,,,,,,,,,,,,,,,,,,,,,,,,3.566783938E3
2217,UNDH,YCOR,YCHX13,type-U,0.0,,,,,,,,,,8.0,5.247911685E2,5.18785413E2,-1.25,-0.895304,0.0,0.0,0.0,,,,,,,,,,,,,,,,,,,,,,,,,,,,,3.566783938E3
2220,UNDH,BPM,RFBHX13,CavityX-1,0.05,,,,,,,,,,8.0,5.249209925E2,5.18915237E2,-1.25,-0.895304,0.0,0.0,0.0,,,,,,,,,,,,,,,,,,,,,,,,,,,,,3.566913761E3
2223,UNDH,MARK,HXR13END,,,,,,,,,,,,8.0,5.251134072E2,5.19107651E2,-1.25,-0.895304,0.0,0.0,0.0,,,,,,,,,,,,,,,,,,,,,,,,,,,,,3.567106174E3
2224,UNDH,MARK,HXR14BEG,,,,,,,,,,,,8.0,5.251134072E2,5.19107651E2,-1.25,-0.895304,0.0,0.0,0.0,,,,,,,,,,,,,,,,,,,,,,,,,,,,,3.567106174E3
2228,UNDH,USEG,UMAHXH14,HGVPU26,3.354,,,,,,,,,,8.0,5.268404072E2,5.20834651E2,-1.25,-0.895304,0.0,0.0,0.0,,,,,,,,,,,,,,,,,,,,,,0.026,2.0,,,,,,3.568833155E3
2229,UNDH,EFC,XCHU14,type-V,0.0,,,,,,,,,,8.0,5.268404072E2,5.20834651E2,-1.25,-0.895304,0.0,0.0,0.0,,,,,,,,,,,,,,,,,,,,,,,,,,,,,3.568833155E3
2230,UNDH,EFC,YCHU14,type-V,0.0,,,,,,,,,,8.0,5.268404072E2,5.20834651E2,-1.25,-0.895304,0.0,0.0,0.0,,,,,,,,,,,,,,,,,,,,,,,,,,,,,3.568833155E3
2234,UNDH,MARK,MBLMH14,,,,,,,,,,,,8.0,5.285774152E2,5.22571659E2,-1.25,-0.895304,0.0,0.0,0.0,,,,,,,,,,,,,,,,,,,,,,,,,,,,,3.570570144E3
2236,UNDH,QUAD,QHXH14,0.433Q3.1,0.084,0.011,,-1.338359187,,0.0,,,,,8.0,5.286704072E2,5.22664651E2,-1.25,-0.895304,0.0,0.0,0.0,,,,,,,,,,-29.999999927592,35.714285628086,,,,,,,,,,,,,,,,,,3.570663135E3
2237,UNDH,XCOR,XCHX14,type-U,0.0,,,,,,,,,,8.0,5.286704072E2,5.22664651E2,-1.25,-0.895304,0.0,0.0,0.0,,,,,,,,,,,,,,,,,,,,,,,,,,,,,3.570663135E3
2238,UNDH,MARK,MUQH14,,,,,,,,,,,,8.0,5.286704072E2,5.22664651E2,-1.25,-0.895304,0.0,0.0,0.0,,,,,,,,,,,,,,,,,,,,,,,,,,,,,3.570663135E3
2239,UNDH,YCOR,YCHX14,type-U,0.0,,,,,,,,,,8.0,5.286704072E2,5.22664651E2,-1.25,-0.895304,0.0,0.0,0.0,,,,,,,,,,,,,,,,,,,,,,,,,,,,,3.570663135E3
2242,UNDH,BPM,RFBHX14,CavityX-1,0.05,,,,,,,,,,8.0,5.288004072E2,5.22794651E2,-1.25,-0.895304,0.0,0.0,0.0,,,,,,,,,,,,,,,,,,,,,,,,,,,,,3.5707931335E3
2244,UNDH,USEG,PSHXH14,PS45,0.0495,,,,,,,,,,8.0,5.289279072E2,5.22922151E2,-1.25,-0.895304,0.0,0.0,0.0,,,,,,,,,,,,,,,,,,,,,,0.045,2.737835702998,,,,,,3.570920632E3
2245,UNDH,MARK,MPHH14,,,,,,,,,,,,8.0,5.289279072E2,5.22922151E2,-1.25,-0.895304,0.0,0.0,0.0,,,,,,,,,,,,,,,,,,,,,,,,,,,,,3.570920632E3
2248,UNDH,MARK,VVHXU14,,,,,,,,,,,,8.0,5.290371502E2,5.23031394E2,-1.25,-0.895304,0.0,0.0,0.0,,,,,,,,,,,,,,,,,,,,,,,,,,,,,3.571029874E3
2250,UNDH,MARK,HXR14END,,,,,,,,,,,,8.0,5.291260738E2,5.23120318E2,-1.25,-0.895304,0.0,0.0,0.0,,,,,,,,,,,,,,,,,,,,,,,,,,,,,3.571118797E3
2251,UNDH,MARK,HXR15BEG,,,,,,,,,,,,8.0,5.291260738E2,5.23120318E2,-1.25,-0.895304,0.0,0.0,0.0,,,,,,,,,,,,,,,,,,,,,,,,,,,,,3.571118797E3
2255,UNDH,USEG,UMAHXH15,HGVPU26,3.354,,,,,,,,,,8.0,5.308530738E2,5.24847318E2,-1.25,-0.895304,0.0,0.0,0.0,,,,,,,,,,,,,,,,,,,,,,0.026,2.0,,,,,,3.572845778E3
2256,UNDH,XCOR,XCHU15,type-V,0.0,,,,,,,,,,8.0,5.308530738E2,5.24847318E2,-1.25,-0.895304,0.0,0.0,0.0,,,,,,,,,,,,,,,,,,,,,,,,,,,,,3.572845778E3
2257,UNDH,EFC,YCHU15,type-V,0.0,,,,,,,,,,8.0,5.308530738E2,5.24847318E2,-1.25,-0.895304,0.0,0.0,0.0,,,,,,,,,,,,,,,,,,,,,,,,,,,,,3.572845778E3
2262,UNDH,EFC,QHXH15,0.433Q3.1,0.084,0.011,,1.338359187,,0.0,,,,,8.0,5.326830738E2,5.26677318E2,-1.25,-0.895304,0.0,0.0,0.0,,,,,,,,,,29.999999927592,-35.714285628086,,,,,,,,,,,,,,,,,,3.574675758E3
2263,UNDH,XCOR,XCHX15,type-U,0.0,,,,,,,,,,8.0,5.326830738E2,5.26677318E2,-1.25,-0.895304,0.0,0.0,0.0,,,,,,,,,,,,,,,,,,,,,,,,,,,,,3.574675758E3
2264,UNDH,MARK,MUQH15,,,,,,,,,,,,8.0,5.326830738E2,5.26677318E2,-1.25,-0.895304,0.0,0.0,0.0,,,,,,,,,,,,,,,,,,,,,,,,,,,,,3.574675758E3
2265,UNDH,YCOR,YCHX15,type-U,0.0,,,,,,,,,,8.0,5.326830738E2,5.26677318E2,-1.25,-0.895304,0.0,0.0,0.0,,,,,,,,,,,,,,,,,,,,,,,,,,,,,3.574675758E3
2268,UNDH,BPM,RFBHX15,CavityX-1,0.05,,,,,,,,,,8.0,5.328130738E2,5.26807318E2,-1.25,-0.895304,0.0,0.0,0.0,,,,,,,,,,,,,,,,,,,,,,,,,,,,,3.5748057565E3
2270,UNDH,USEG,PSHXH15,PS45,0.0495,,,,,,,,,,8.0,5.329405738E2,5.26934818E2,-1.25,-0.895304,0.0,0.0,0.0,,,,,,,,,,,,,,,,,,,,,,0.045,2.737835702998,,,,,,3.574933255E3
2271,UNDH,MARK,MPHH15,,,,,,,,,,,,8.0,5.329405738E2,5.26934818E2,-1.25,-0.895304,0.0,0.0,0.0,,,,,,,,,,,,,,,,,,,,,,,,,,,,,3.574933255E3
2276,UNDH,MARK,HXR15END,,,,,,,,,,,,8.0,5.331387405E2,5.27132985E2,-1.25,-0.895304,0.0,0.0,0.0,,,,,,,,,,,,,,,,,,,,,,,,,,,,,3.57513142E3
2277,UNDH,MARK,HXR16BEG,,,,,,,,,,,,8.0,5.331387405E2,5.27132985E2,-1.25,-0.895304,0.0,0.0,0.0,,,,,,,,,,,,,,,,,,,,,,,,,,,,,3.57513142E3
2281,UNDH,USEG,UMAHXH16,HGVPU26,3.354,,,,,,,,,,8.0,5.348657405E2,5.28859985E2,-1.25,-0.895304,0.0,0.0,0.0,,,,,,,,,,,,,,,,,,,,,,0.026,2.0,,,,,,3.576858401E3
2282,UNDH,EFC,XCHU16,type-V,0.0,,,,,,,,,,8.0,5.348657405E2,5.28859985E2,-1.25,-0.895304,0.0,0.0,0.0,,,,,,,,,,,,,,,,,,,,,,,,,,,,,3.576858401E3
2283,UNDH,EFC,YCHU16,type-V,0.0,,,,,,,,,,8.0,5.348657405E2,5.28859985E2,-1.25,-0.895304,0.0,0.0,0.0,,,,,,,,,,,,,,,,,,,,,,,,,,,,,3.576858401E3
2287,UNDH,MARK,MBLMH16,,,,,,,,,,,,8.0,5.366027485E2,5.30596993E2,-1.25,-0.895304,0.0,0.0,0.0,,,,,,,,,,,,,,,,,,,,,,,,,,,,,3.57859539E3
2289,UNDH,QUAD,QHXH16,0.433Q3.1,0.084,0.011,,-1.338359187,,0.0,,,,,8.0,5.366957405E2,5.30689985E2,-1.25,-0.895304,0.0,0.0,0.0,,,,,,,,,,-29.999999927592,35.714285628086,,,,,,,,,,,,,,,,,,3.578688381E3
2290,UNDH,XCOR,XCHX16,type-U,0.0,,,,,,,,,,8.0,5.366957405E2,5.30689985E2,-1.25,-0.895304,0.0,0.0,0.0,,,,,,,,,,,,,,,,,,,,,,,,,,,,,3.578688381E3
2291,UNDH,MARK,MUQH16,,,,,,,,,,,,8.0,5.366957405E2,5.30689985E2,-1.25,-0.895304,0.0,0.0,0.0,,,,,,,,,,,,,,,,,,,,,,,,,,,,,3.578688381E3
2292,UNDH,YCOR,YCHX16,type-U,0.0,,,,,,,,,,8.0,5.366957405E2,5.30689985E2,-1.25,-0.895304,0.0,0.0,0.0,,,,,,,,,,,,,,,,,,,,,,,,,,,,,3.578688381E3
2295,UNDH,BPM,RFBHX16,CavityX-1,0.05,,,,,,,,,,8.0,5.368257405E2,5.30819985E2,-1.25,-0.895304,0.0,0.0,0.0,,,,,,,,,,,,,,,,,,,,,,,,,,,,,3.5788183795E3
2297,UNDH,USEG,PSHXH16,PS45,0.0495,,,,,,,,,,8.0,5.369532405E2,5.30947485E2,-1.25,-0.895304,0.0,0.0,0.0,,,,,,,,,,,,,,,,,,,,,,0.045,2.737835702998,,,,,,3.578945878E3
2298,UNDH,MARK,MPHH16,,,,,,,,,,,,8.0,5.369532405E2,5.30947485E2,-1.25,-0.895304,0.0,0.0,0.0,,,,,,,,,,,,,,,,,,,,,,,,,,,,,3.578945878E3
2303,UNDH,MARK,HXR16END,,,,,,,,,,,,8.0,5.371514072E2,5.31145651E2,-1.25,-0.895304,0.0,0.0,0.0,,,,,,,,,,,,,,,,,,,,,,,,,,,,,3.579144042E3
2304,UNDH,MARK,HXR17BEG,,,,,,,,,,,,8.0,5.371514072E2,5.31145651E2,-1.25,-0.895304,0.0,0.0,0.0,,,,,,,,,,,,,,,,,,,,,,,,,,,,,3.579144042E3
2308,UNDH,USEG,UMAHXH17,HGVPU26,3.354,,,,,,,,,,8.0,5.388784072E2,5.32872651E2,-1.25,-0.895304,0.0,0.0,0.0,,,,,,,,,,,,,,,,,,,,,,0.026,2.0,,,,,,3.580871024E3
2309,UNDH,EFC,XCHU17,type-V,0.0,,,,,,,,,,8.0,5.388784072E2,5.32872651E2,-1.25,-0.895304,0.0,0.0,0.0,,,,,,,,,,,,,,,,,,,,,,,,,,,,,3.580871024E3
2310,UNDH,EFC,YCHU17,type-V,0.0,,,,,,,,,,8.0,5.388784072E2,5.32872651E2,-1.25,-0.895304,0.0,0.0,0.0,,,,,,,,,,,,,,,,,,,,,,,,,,,,,3.580871024E3
2315,UNDH,QUAD,QHXH17,0.433Q3.1,0.084,0.011,,1.338359187,,0.0,,,,,8.0,5.407084072E2,5.34702651E2,-1.25,-0.895304,0.0,0.0,0.0,,,,,,,,,,29.999999927592,-35.714285628086,,,,,,,,,,,,,,,,,,3.582701004E3
2316,UNDH,XCOR,XCHX17,type-U,0.0,,,,,,,,,,8.0,5.407084072E2,5.34702651E2,-1.25,-0.895304,0.0,0.0,0.0,,,,,,,,,,,,,,,,,,,,,,,,,,,,,3.582701004E3
2317,UNDH,MARK,MUQH17,,,,,,,,,,,,8.0,5.407084072E2,5.34702651E2,-1.25,-0.895304,0.0,0.0,0.0,,,,,,,,,,,,,,,,,,,,,,,,,,,,,3.582701004E3
2318,UNDH,YCOR,YCHX17,type-U,0.0,,,,,,,,,,8.0,5.407084072E2,5.34702651E2,-1.25,-0.895304,0.0,0.0,0.0,,,,,,,,,,,,,,,,,,,,,,,,,,,,,3.582701004E3
2321,UNDH,BPM,RFBHX17,CavityX-1,0.05,,,,,,,,,,8.0,5.408384072E2,5.34832651E2,-1.25,-0.895304,0.0,0.0,0.0,,,,,,,,,,,,,,,,,,,,,,,,,,,,,3.5828310025E3
2323,UNDH,USEG,PSHXH17,PS45,0.0495,,,,,,,,,,8.0,5.409659072E2,5.34960151E2,-1.25,-0.895304,0.0,0.0,0.0,,,,,,,,,,,,,,,,,,,,,,0.045,2.737835702998,,,,,,3.582958501E3
2324,UNDH,MARK,MPHH17,,,,,,,,,,,,8.0,5.409659072E2,5.34960151E2,-1.25,-0.895304,0.0,0.0,0.0,,,,,,,,,,,,,,,,,,,,,,,,,,,,,3.582958501E3
2327,UNDH,MARK,VVHXU17,,,,,,,,,,,,8.0,5.410751502E2,5.35069394E2,-1.25,-0.895304,0.0,0.0,0.0,,,,,,,,,,,,,,,,,,,,,,,,,,,,,3.583067743E3
2329,UNDH,MARK,HXR17END,,,,,,,,,,,,8.0,5.411640738E2,5.35158318E2,-1.25,-0.895304,0.0,0.0,0.0,,,,,,,,,,,,,,,,,,,,,,,,,,,,,3.583156665E3
2330,UNDH,MARK,HXR18BEG,,,,,,,,,,,,8.0,5.411640738E2,5.35158318E2,-1.25,-0.895304,0.0,0.0,0.0,,,,,,,,,,,,,,,,,,,,,,,,,,,,,3.583156665E3
2334,UNDH,USEG,UMAHXH18,HGVPU26,3.354,,,,,,,,,,8.0,5.428910738E2,5.36885318E2,-1.25,-0.895304,0.0,0.0,0.0,,,,,,,,,,,,,,,,,,,,,,0.026,2.0,,,,,,3.584883647E3
2335,UNDH,EFC,XCHU18,type-V,0.0,,,,,,,,,,8.0,5.428910738E2,5.36885318E2,-1.25,-0.895304,0.0,0.0,0.0,,,,,,,,,,,,,,,,,,,,,,,,,,,,,3.584883647E3
2336,UNDH,EFC,YCHU18,type-V,0.0,,,,,,,,,,8.0,5.428910738E2,5.36885318E2,-1.25,-0.895304,0.0,0.0,0.0,,,,,,,,,,,,,,,,,,,,,,,,,,,,,3.584883647E3
2340,UNDH,MARK,MBLMH18,,,,,,,,,,,,8.0,5.446280818E2,5.38622326E2,-1.25,-0.895304,0.0,0.0,0.0,,,,,,,,,,,,,,,,,,,,,,,,,,,,,3.586620636E3
2342,UNDH,QUAD,QHXH18,0.433Q3.1,0.084,0.011,,-1.338359187,,0.0,,,,,8.0,5.447210738E2,5.38715318E2,-1.25,-0.895304,0.0,0.0,0.0,,,,,,,,,,-29.999999927592,35.714285628086,,,,,,,,,,,,,,,,,,3.586713627E3
2343,UNDH,XCOR,XCHX18,type-U,0.0,,,,,,,,,,8.0,5.447210738E2,5.38715318E2,-1.25,-0.895304,0.0,0.0,0.0,,,,,,,,,,,,,,,,,,,,,,,,,,,,,3.586713627E3
2344,UNDH,MARK,MUQH18,,,,,,,,,,,,8.0,5.447210738E2,5.38715318E2,-1.25,-0.895304,0.0,0.0,0.0,,,,,,,,,,,,,,,,,,,,,,,,,,,,,3.586713627E3
2345,UNDH,YCOR,YCHX18,type-U,0.0,,,,,,,,,,8.0,5.447210738E2,5.38715318E2,-1.25,-0.895304,0.0,0.0,0.0,,,,,,,,,,,,,,,,,,,,,,,,,,,,,3.586713627E3
2348,UNDH,BPM,RFBHX18,CavityX-1,0.05,,,,,,,,,,8.0,5.448510738E2,5.38845318E2,-1.25,-0.895304,0.0,0.0,0.0,,,,,,,,,,,,,,,,,,,,,,,,,,,,,3.5868436255E3
2350,UNDH,USEG,PSHXH18,PS45,0.0495,,,,,,,,,,8.0,5.449785738E2,5.38972818E2,-1.25,-0.895304,0.0,0.0,0.0,,,,,,,,,,,,,,,,,,,,,,0.045,2.737835702998,,,,,,3.586971124E3
2351,UNDH,MARK,MPHH18,,,,,,,,,,,,8.0,5.449785738E2,5.38972818E2,-1.25,-0.895304,0.0,0.0,0.0,,,,,,,,,,,,,,,,,,,,,,,,,,,,,3.586971124E3
2356,UNDH,MARK,HXR18END,,,,,,,,,,,,8.0,5.451767405E2,5.39170985E2,-1.25,-0.895304,0.0,0.0,0.0,,,,,,,,,,,,,,,,,,,,,,,,,,,,,3.587169288E3
2357,UNDH,MARK,HXR19BEG,,,,,,,,,,,,8.0,5.451767405E2,5.39170985E2,-1.25,-0.895304,0.0,0.0,0.0,,,,,,,,,,,,,,,,,,,,,,,,,,,,,3.587169288E3
2361,UNDH,USEG,UMAHXH19,HGVPU26,3.354,,,,,,,,,,8.0,5.469037405E2,5.40897985E2,-1.25,-0.895304,0.0,0.0,0.0,,,,,,,,,,,,,,,,,,,,,,0.026,2.0,,,,,,3.58889627E3
2362,UNDH,EFC,XCHU19,type-V,0.0,,,,,,,,,,8.0,5.469037405E2,5.40897985E2,-1.25,-0.895304,0.0,0.0,0.0,,,,,,,,,,,,,,,,,,,,,,,,,,,,,3.58889627E3
2363,UNDH,EFC,YCHU19,type-V,0.0,,,,,,,,,,8.0,5.469037405E2,5.40897985E2,-1.25,-0.895304,0.0,0.0,0.0,,,,,,,,,,,,,,,,,,,,,,,,,,,,,3.58889627E3
2368,UNDH,QUAD,QHXH19,0.433Q3.1,0.084,0.011,,1.338359187,,0.0,,,,,8.0,5.487337405E2,5.42727985E2,-1.25,-0.895304,0.0,0.0,0.0,,,,,,,,,,29.999999927592,-35.714285628086,,,,,,,,,,,,,,,,,,3.59072625E3
2369,UNDH,XCOR,XCHX19,type-U,0.0,,,,,,,,,,8.0,5.487337405E2,5.42727985E2,-1.25,-0.895304,0.0,0.0,0.0,,,,,,,,,,,,,,,,,,,,,,,,,,,,,3.59072625E3
2370,UNDH,MARK,MUQH19,,,,,,,,,,,,8.0,5.487337405E2,5.42727985E2,-1.25,-0.895304,0.0,0.0,0.0,,,,,,,,,,,,,,,,,,,,,,,,,,,,,3.59072625E3
2371,UNDH,YCOR,YCHX19,type-U,0.0,,,,,,,,,,8.0,5.487337405E2,5.42727985E2,-1.25,-0.895304,0.0,0.0,0.0,,,,,,,,,,,,,,,,,,,,,,,,,,,,,3.59072625E3
2374,UNDH,BPM,RFBHX19,CavityX-1,0.05,,,,,,,,,,8.0,5.488637405E2,5.42857985E2,-1.25,-0.895304,0.0,0.0,0.0,,,,,,,,,,,,,,,,,,,,,,,,,,,,,3.590856248E3
2376,UNDH,USEG,PSHXH19,PS45,0.0495,,,,,,,,,,8.0,5.489912405E2,5.42985485E2,-1.25,-0.895304,0.0,0.0,0.0,,,,,,,,,,,,,,,,,,,,,,0.045,2.737835702998,,,,,,3.590983747E3
2377,UNDH,MARK,MPHH19,,,,,,,,,,,,8.0,5.489912405E2,5.42985485E2,-1.25,-0.895304,0.0,0.0,0.0,,,,,,,,,,,,,,,,,,,,,,,,,,,,,3.590983747E3
2382,UNDH,MARK,HXR19END,,,,,,,,,,,,8.0,5.491894072E2,5.43183651E2,-1.25,-0.895304,0.0,0.0,0.0,,,,,,,,,,,,,,,,,,,,,,,,,,,,,3.591181911E3
2383,UNDH,MARK,HXR20BEG,,,,,,,,,,,,8.0,5.491894072E2,5.43183651E2,-1.25,-0.895304,0.0,0.0,0.0,,,,,,,,,,,,,,,,,,,,,,,,,,,,,3.591181911E3
2387,UNDH,USEG,UMAHXH20,HGVPU26,3.354,,,,,,,,,,8.0,5.509164072E2,5.44910651E2,-1.25,-0.895304,0.0,0.0,0.0,,,,,,,,,,,,,,,,,,,,,,0.026,2.0,,,,,,3.592908892E3
2388,UNDH,EFC,XCHU20,type-V,0.0,,,,,,,,,,8.0,5.509164072E2,5.44910651E2,-1.25,-0.895304,0.0,0.0,0.0,,,,,,,,,,,,,,,,,,,,,,,,,,,,,3.592908892E3
2389,UNDH,EFC,YCHU20,type-V,0.0,,,,,,,,,,8.0,5.509164072E2,5.44910651E2,-1.25,-0.895304,0.0,0.0,0.0,,,,,,,,,,,,,,,,,,,,,,,,,,,,,3.592908892E3
2393,UNDH,MARK,MBLMH20,,,,,,,,,,,,8.0,5.526534152E2,5.46647659E2,-1.25,-0.895304,0.0,0.0,0.0,,,,,,,,,,,,,,,,,,,,,,,,,,,,,3.594645882E3
2395,UNDH,QUAD,QHXH20,0.433Q3.1,0.084,0.011,,-1.338359187,,0.0,,,,,8.0,5.527464072E2,5.46740651E2,-1.25,-0.895304,0.0,0.0,0.0,,,,,,,,,,-29.999999927592,35.714285628086,,,,,,,,,,,,,,,,,,3.594738873E3
2396,UNDH,XCOR,XCHX20,type-U,0.0,,,,,,,,,,8.0,5.527464072E2,5.46740651E2,-1.25,-0.895304,0.0,0.0,0.0,,,,,,,,,,,,,,,,,,,,,,,,,,,,,3.594738873E3
2397,UNDH,MARK,MUQH20,,,,,,,,,,,,8.0,5.527464072E2,5.46740651E2,-1.25,-0.895304,0.0,0.0,0.0,,,,,,,,,,,,,,,,,,,,,,,,,,,,,3.594738873E3
2398,UNDH,YCOR,YCHX20,type-U,0.0,,,,,,,,,,8.0,5.527464072E2,5.46740651E2,-1.25,-0.895304,0.0,0.0,0.0,,,,,,,,,,,,,,,,,,,,,,,,,,,,,3.594738873E3
2401,UNDH,BPM,RFBHX20,CavityX-1,0.05,,,,,,,,,,8.0,5.528764072E2,5.46870651E2,-1.25,-0.895304,0.0,0.0,0.0,,,,,,,,,,,,,,,,,,,,,,,,,,,,,3.594868871E3
2403,UNDH,USEG,PSHXH20,PS45,0.0495,,,,,,,,,,8.0,5.530039072E2,5.46998151E2,-1.25,-0.895304,0.0,0.0,0.0,,,,,,,,,,,,,,,,,,,,,,0.045,2.737835702998,,,,,,3.59499637E3
2404,UNDH,MARK,MPHH20,,,,,,,,,,,,8.0,5.530039072E2,5.46998151E2,-1.25,-0.895304,0.0,0.0,0.0,,,,,,,,,,,,,,,,,,,,,,,,,,,,,3.59499637E3
2407,UNDH,MARK,VVHXU20,,,,,,,,,,,,8.0,5.531131502E2,5.47107394E2,-1.25,-0.895304,0.0,0.0,0.0,,,,,,,,,,,,,,,,,,,,,,,,,,,,,3.595105612E3
2409,UNDH,MARK,HXR20END,,,,,,,,,,,,8.0,5.532020738E2,5.47196318E2,-1.25,-0.895304,0.0,0.0,0.0,,,,,,,,,,,,,,,,,,,,,,,,,,,,,3.595194534E3
2410,UNDH,MARK,HXR21BEG,,,,,,,,,,,,8.0,5.532020738E2,5.47196318E2,-1.25,-0.895304,0.0,0.0,0.0,,,,,,,,,,,,,,,,,,,,,,,,,,,,,3.595194534E3
2413,UNDH,MARK,HXRCB2BEG,,,,,,,,,,,,8.0,5.532430578E2,5.47237302E2,-1.25,-0.895304,0.0,0.0,0.0,,,,,,,,,,,,,,,,,,,,,,,,,,,,,3.595235518E3
2415,UNDH,BEND,BCXCBX21,0.276D14-C,0.368,0.7E-2,0.0,0.0,,0.0,0.0,0.0,,,8.0,5.534666838E2,5.47460928E2,-1.25,-0.895304,0.0,0.0,0.0,,,,,,0.368,1.0408,0.0,0.0,0.0,0.0,,,,5.47460928E2,-1.249,-0.895304,0.0,0.0,0.0,,,,,,,,,3.595459141E3
2418,UNDH,PROF,DSSCBX11,,0.0,,,,,,,,,,8.0,5.540718065E2,5.48066051E2,-1.25,-0.895304,0.0,0.0,0.0,,,,,,,,,,,,,,,,,,,,,,,,,,,,,3.596064257E3
2420,UNDH,INST,MCBX1,,0.0,,,,,,,,,,8.0,5.541219965E2,5.48116241E2,-1.25,-0.895304,0.0,0.0,0.0,,,,,,,,,,,,,,,,,,,,,,,,,,,,,3.596114447E3
2422,UNDH,BEND,BCXCBX22,0.276D14-C,0.368,0.7E-2,0.0,0.0,,0.0,0.0,0.0,,,8.0,5.546970338E2,5.48691278E2,-1.25,-0.895304,0.0,0.0,0.0,,,,,,0.368,1.0408,0.0,0.0,0.0,0.0,,,,5.48691278E2,-1.2403,-0.895304,0.0,0.0,0.0,,,,,,,,,3.596689478E3
2425,UNDH,MARK,CENTER2,,,,,,,,,,,,8.0,5.549649153E2,5.4895916E2,-1.25,-0.895304,0.0,0.0,0.0,,,,,,,,,,,,,,,,,,,,,,,,,,,,,3.596957357E3
2427,UNDH,BEND,BCXCBX23,0.276D14-C,0.368,0.7E-2,0.0,0.0,,0.0,0.0,0.0,,,8.0,5.552327968E2,5.49227041E2,-1.25,-0.895304,0.0,0.0,0.0,,,,,,0.368,1.0408,0.0,0.0,0.0,0.0,,,,5.49227041E2,-1.2403,-0.895304,0.0,0.0,0.0,,,,,,,,,3.597225235E3
2430,UNDH,BEND,BCXCBX24,0.276D14-C,0.368,0.7E-2,0.0,0.0,,0.0,0.0,0.0,,,8.0,5.564631468E2,5.50457391E2,-1.25,-0.895304,0.0,0.0,0.0,,,,,,0.368,1.0408,0.0,0.0,0.0,0.0,,,,5.50457391E2,-1.249,-0.895304,0.0,0.0,0.0,,,,,,,,,3.598455572E3
2433,UNDH,MARK,HXRCB2END,,,,,,,,,,,,8.0,5.567471468E2,5.50741391E2,-1.25,-0.895304,0.0,0.0,0.0,,,,,,,,,,,,,,,,,,,,,,,,,,,,,3.598739569E3
2435,UNDH,QUAD,QHXH21,0.433Q3.1,0.084,0.011,,1.338359187,,0.0,,,,,8.0,5.568925088E2,5.50886753E2,-1.25,-0.895304,0.0,0.0,0.0,,,,,,,,,,29.999999927592,-35.714285628086,,,,,,,,,,,,,,,,,,3.598884929E3
2436,UNDH,XCOR,XCHX21,type-U,0.0,,,,,,,,,,8.0,5.568925088E2,5.50886753E2,-1.25,-0.895304,0.0,0.0,0.0,,,,,,,,,,,,,,,,,,,,,,,,,,,,,3.598884929E3
2437,UNDH,MARK,MUQH21,,,,,,,,,,,,8.0,5.568925088E2,5.50886753E2,-1.25,-0.895304,0.0,0.0,0.0,,,,,,,,,,,,,,,,,,,,,,,,,,,,,3.598884929E3
2438,UNDH,YCOR,YCHX21,type-U,0.0,,,,,,,,,,8.0,5.568925088E2,5.50886753E2,-1.25,-0.895304,0.0,0.0,0.0,,,,,,,,,,,,,,,,,,,,,,,,,,,,,3.598884929E3
2441,UNDH,BPM,RFBHX21,CavityX-1,0.05,,,,,,,,,,8.0,5.570223328E2,5.51016577E2,-1.25,-0.895304,0.0,0.0,0.0,,,,,,,,,,,,,,,,,,,,,,,,,,,,,3.5990147515E3
2444,UNDH,MARK,HXR21END,,,,,,,,,,,,8.0,5.572147405E2,5.51208985E2,-1.25,-0.895304,0.0,0.0,0.0,,,,,,,,,,,,,,,,,,,,,,,,,,,,,3.599207157E3
2445,UNDH,MARK,HXR22BEG,,,,,,,,,,,,8.0,5.572147405E2,5.51208985E2,-1.25,-0.895304,0.0,0.0,0.0,,,,,,,,,,,,,,,,,,,,,,,,,,,,,3.599207157E3
2449,UNDH,USEG,UMAHXH22,HGVPU26,3.354,,,,,,,,,,8.0,5.589417405E2,5.52935985E2,-1.25,-0.895304,0.0,0.0,0.0,,,,,,,,,,,,,,,,,,,,,,0.026,2.0,,,,,,3.600934138E3
2450,UNDH,EFC,XCHU22,type-V,0.0,,,,,,,,,,8.0,5.589417405E2,5.52935985E2,-1.25,-0.895304,0.0,0.0,0.0,,,,,,,,,,,,,,,,,,,,,,,,,,,,,3.600934138E3
2451,UNDH,EFC,YCHU22,type-V,0.0,,,,,,,,,,8.0,5.589417405E2,5.52935985E2,-1.25,-0.895304,0.0,0.0,0.0,,,,,,,,,,,,,,,,,,,,,,,,,,,,,3.600934138E3
2455,UNDH,MARK,MBLMH22,,,,,,,,,,,,8.0,5.606787485E2,5.54672993E2,-1.25,-0.895304,0.0,0.0,0.0,,,,,,,,,,,,,,,,,,,,,,,,,,,,,3.602671127E3
2457,UNDH,QUAD,QHXH22,0.433Q3.1,0.084,0.011,,-1.338359187,,0.0,,,,,8.0,5.607717405E2,5.54765985E2,-1.25,-0.895304,0.0,0.0,0.0,,,,,,,,,,-29.999999927592,35.714285628086,,,,,,,,,,,,,,,,,,3.602764118E3
2458,UNDH,XCOR,XCHX22,type-U,0.0,,,,,,,,,,8.0,5.607717405E2,5.54765985E2,-1.25,-0.895304,0.0,0.0,0.0,,,,,,,,,,,,,,,,,,,,,,,,,,,,,3.602764118E3
2459,UNDH,MARK,MUQH22,,,,,,,,,,,,8.0,5.607717405E2,5.54765985E2,-1.25,-0.895304,0.0,0.0,0.0,,,,,,,,,,,,,,,,,,,,,,,,,,,,,3.602764118E3
2460,UNDH,YCOR,YCHX22,type-U,0.0,,,,,,,,,,8.0,5.607717405E2,5.54765985E2,-1.25,-0.895304,0.0,0.0,0.0,,,,,,,,,,,,,,,,,,,,,,,,,,,,,3.602764118E3
2463,UNDH,BPM,RFBHX22,CavityX-1,0.05,,,,,,,,,,8.0,5.609017405E2,5.54895985E2,-1.25,-0.895304,0.0,0.0,0.0,,,,,,,,,,,,,,,,,,,,,,,,,,,,,3.602894117E3
2465,UNDH,USEG,PSHXH22,PS45,0.0495,,,,,,,,,,8.0,5.610292405E2,5.55023485E2,-1.25,-0.895304,0.0,0.0,0.0,,,,,,,,,,,,,,,,,,,,,,0.045,2.737835702998,,,,,,3.603021616E3
2466,UNDH,MARK,MPHH22,,,,,,,,,,,,8.0,5.610292405E2,5.55023485E2,-1.25,-0.895304,0.0,0.0,0.0,,,,,,,,,,,,,,,,,,,,,,,,,,,,,3.603021616E3
2469,UNDH,MARK,VVHXU22,,,,,,,,,,,,8.0,5.611384835E2,5.55132728E2,-1.25,-0.895304,0.0,0.0,0.0,,,,,,,,,,,,,,,,,,,,,,,,,,,,,3.603130857E3
2471,UNDH,MARK,HXR22END,,,,,,,,,,,,8.0,5.612274072E2,5.55221651E2,-1.25,-0.895304,0.0,0.0,0.0,,,,,,,,,,,,,,,,,,,,,,,,,,,,,3.60321978E3
2472,UNDH,MARK,HXR23BEG,,,,,,,,,,,,8.0,5.612274072E2,5.55221651E2,-1.25,-0.895304,0.0,0.0,0.0,,,,,,,,,,,,,,,,,,,,,,,,,,,,,3.60321978E3
2476,UNDH,USEG,UMAHXH23,HGVPU26,3.354,,,,,,,,,,8.0,5.629544072E2,5.56948651E2,-1.25,-0.895304,0.0,0.0,0.0,,,,,,,,,,,,,,,,,,,,,,0.026,2.0,,,,,,3.604946761E3
2477,UNDH,EFC,XCHU23,type-V,0.0,,,,,,,,,,8.0,5.629544072E2,5.56948651E2,-1.25,-0.895304,0.0,0.0,0.0,,,,,,,,,,,,,,,,,,,,,,,,,,,,,3.604946761E3
2478,UNDH,EFC,YCHU23,type-V,0.0,,,,,,,,,,8.0,5.629544072E2,5.56948651E2,-1.25,-0.895304,0.0,0.0,0.0,,,,,,,,,,,,,,,,,,,,,,,,,,,,,3.604946761E3
2483,UNDH,QUAD,QHXH23,0.433Q3.1,0.084,0.011,,1.338359187,,0.0,,,,,8.0,5.647844072E2,5.58778651E2,-1.25,-0.895304,0.0,0.0,0.0,,,,,,,,,,29.999999927592,-35.714285628086,,,,,,,,,,,,,,,,,,3.606776741E3
2484,UNDH,XCOR,XCHX23,type-U,0.0,,,,,,,,,,8.0,5.647844072E2,5.58778651E2,-1.25,-0.895304,0.0,0.0,0.0,,,,,,,,,,,,,,,,,,,,,,,,,,,,,3.606776741E3
2485,UNDH,MARK,MUQH23,,,,,,,,,,,,8.0,5.647844072E2,5.58778651E2,-1.25,-0.895304,0.0,0.0,0.0,,,,,,,,,,,,,,,,,,,,,,,,,,,,,3.606776741E3
2486,UNDH,YCOR,YCHX23,type-U,0.0,,,,,,,,,,8.0,5.647844072E2,5.58778651E2,-1.25,-0.895304,0.0,0.0,0.0,,,,,,,,,,,,,,,,,,,,,,,,,,,,,3.606776741E3
2489,UNDH,BPM,RFBHX23,CavityX-1,0.05,,,,,,,,,,8.0,5.649144072E2,5.58908651E2,-1.25,-0.895304,0.0,0.0,0.0,,,,,,,,,,,,,,,,,,,,,,,,,,,,,3.60690674E3
2491,UNDH,USEG,PSHXH23,PS45,0.0495,,,,,,,,,,8.0,5.650419072E2,5.59036151E2,-1.25,-0.895304,0.0,0.0,0.0,,,,,,,,,,,,,,,,,,,,,,0.045,2.737835702998,,,,,,3.607034239E3
2492,UNDH,MARK,MPHH23,,,,,,,,,,,,8.0,5.650419072E2,5.59036151E2,-1.25,-0.895304,0.0,0.0,0.0,,,,,,,,,,,,,,,,,,,,,,,,,,,,,3.607034239E3
2497,UNDH,MARK,HXR23END,,,,,,,,,,,,8.0,5.652400738E2,5.59234318E2,-1.25,-0.895304,0.0,0.0,0.0,,,,,,,,,,,,,,,,,,,,,,,,,,,,,3.607232403E3
2498,UNDH,MARK,HXR24BEG,,,,,,,,,,,,8.0,5.652400738E2,5.59234318E2,-1.25,-0.895304,0.0,0.0,0.0,,,,,,,,,,,,,,,,,,,,,,,,,,,,,3.607232403E3
2502,UNDH,USEG,UMAHXH24,HGVPU26,3.354,,,,,,,,,,8.0,5.669670738E2,5.60961318E2,-1.25,-0.895304,0.0,0.0,0.0,,,,,,,,,,,,,,,,,,,,,,0.026,2.0,,,,,,3.608959384E3
2503,UNDH,EFC,XCHU24,type-V,0.0,,,,,,,,,,8.0,5.669670738E2,5.60961318E2,-1.25,-0.895304,0.0,0.0,0.0,,,,,,,,,,,,,,,,,,,,,,,,,,,,,3.608959384E3
2504,UNDH,EFC,YCHU24,type-V,0.0,,,,,,,,,,8.0,5.669670738E2,5.60961318E2,-1.25,-0.895304,0.0,0.0,0.0,,,,,,,,,,,,,,,,,,,,,,,,,,,,,3.608959384E3
2508,UNDH,MARK,MBLMH24,,,,,,,,,,,,8.0,5.687040818E2,5.62698326E2,-1.25,-0.895304,0.0,0.0,0.0,,,,,,,,,,,,,,,,,,,,,,,,,,,,,3.610696373E3
2510,UNDH,QUAD,QHXH24,0.433Q3.1,0.084,0.011,,-1.338359187,,0.0,,,,,8.0,5.687970738E2,5.62791318E2,-1.25,-0.895304,0.0,0.0,0.0,,,,,,,,,,-29.999999927592,35.714285628086,,,,,,,,,,,,,,,,,,3.610789364E3
2511,UNDH,XCOR,XCHX24,type-U,0.0,,,,,,,,,,8.0,5.687970738E2,5.62791318E2,-1.25,-0.895304,0.0,0.0,0.0,,,,,,,,,,,,,,,,,,,,,,,,,,,,,3.610789364E3
2512,UNDH,MARK,MUQH24,,,,,,,,,,,,8.0,5.687970738E2,5.62791318E2,-1.25,-0.895304,0.0,0.0,0.0,,,,,,,,,,,,,,,,,,,,,,,,,,,,,3.610789364E3
2513,UNDH,YCOR,YCHX24,type-U,0.0,,,,,,,,,,8.0,5.687970738E2,5.62791318E2,-1.25,-0.895304,0.0,0.0,0.0,,,,,,,,,,,,,,,,,,,,,,,,,,,,,3.610789364E3
2516,UNDH,BPM,RFBHX24,CavityX-1,0.05,,,,,,,,,,8.0,5.689270738E2,5.62921318E2,-1.25,-0.895304,0.0,0.0,0.0,,,,,,,,,,,,,,,,,,,,,,,,,,,,,3.610919363E3
2518,UNDH,USEG,PSHXH24,PS45,0.0495,,,,,,,,,,8.0,5.690545738E2,5.63048818E2,-1.25,-0.895304,0.0,0.0,0.0,,,,,,,,,,,,,,,,,,,,,,0.045,2.737835702998,,,,,,3.611046861E3
2519,UNDH,MARK,MPHH24,,,,,,,,,,,,8.0,5.690545738E2,5.63048818E2,-1.25,-0.895304,0.0,0.0,0.0,,,,,,,,,,,,,,,,,,,,,,,,,,,,,3.611046861E3
2522,UNDH,MARK,VVHXU24,,,,,,,,,,,,8.0,5.691638168E2,5.63158061E2,-1.25,-0.895304,0.0,0.0,0.0,,,,,,,,,,,,,,,,,,,,,,,,,,,,,3.611156103E3
2524,UNDH,MARK,HXR24END,,,,,,,,,,,,8.0,5.692527405E2,5.63246985E2,-1.25,-0.895304,0.0,0.0,0.0,,,,,,,,,,,,,,,,,,,,,,,,,,,,,3.611245026E3
2525,UNDH,MARK,HXR25BEG,,,,,,,,,,,,8.0,5.692527405E2,5.63246985E2,-1.25,-0.895304,0.0,0.0,0.0,,,,,,,,,,,,,,,,,,,,,,,,,,,,,3.611245026E3
2529,UNDH,USEG,UMAHXH25,HGVPU26,3.354,,,,,,,,,,8.0,5.709797405E2,5.64973985E2,-1.25,-0.895304,0.0,0.0,0.0,,,,,,,,,,,,,,,,,,,,,,0.026,2.0,,,,,,3.612972007E3
2530,UNDH,EFC,XCHU25,type-V,0.0,,,,,,,,,,8.0,5.709797405E2,5.64973985E2,-1.25,-0.895304,0.0,0.0,0.0,,,,,,,,,,,,,,,,,,,,,,,,,,,,,3.612972007E3
2531,UNDH,EFC,YCHU25,type-V,0.0,,,,,,,,,,8.0,5.709797405E2,5.64973985E2,-1.25,-0.895304,0.0,0.0,0.0,,,,,,,,,,,,,,,,,,,,,,,,,,,,,3.612972007E3
2536,UNDH,QUAD,QHXH25,0.433Q3.1,0.084,0.011,,1.338359187,,0.0,,,,,8.0,5.728097405E2,5.66803985E2,-1.25,-0.895304,0.0,0.0,0.0,,,,,,,,,,29.999999927592,-35.714285628086,,,,,,,,,,,,,,,,,,3.614801987E3
2537,UNDH,XCOR,XCHX25,type-U,0.0,,,,,,,,,,8.0,5.728097405E2,5.66803985E2,-1.25,-0.895304,0.0,0.0,0.0,,,,,,,,,,,,,,,,,,,,,,,,,,,,,3.614801987E3
2538,UNDH,MARK,MUQH25,,,,,,,,,,,,8.0,5.728097405E2,5.66803985E2,-1.25,-0.895304,0.0,0.0,0.0,,,,,,,,,,,,,,,,,,,,,,,,,,,,,3.614801987E3
2539,UNDH,YCOR,YCHX25,type-U,0.0,,,,,,,,,,8.0,5.728097405E2,5.66803985E2,-1.25,-0.895304,0.0,0.0,0.0,,,,,,,,,,,,,,,,,,,,,,,,,,,,,3.614801987E3
2542,UNDH,BPM,RFBHX25,CavityX-1,0.05,,,,,,,,,,8.0,5.729397405E2,5.66933985E2,-1.25,-0.895304,0.0,0.0,0.0,,,,,,,,,,,,,,,,,,,,,,,,,,,,,3.614931986E3
2544,UNDH,USEG,PSHXH25,PS45,0.0495,,,,,,,,,,8.0,5.730672405E2,5.67061485E2,-1.25,-0.895304,0.0,0.0,0.0,,,,,,,,,,,,,,,,,,,,,,0.045,2.737835702998,,,,,,3.615059484E3
2545,UNDH,MARK,MPHH25,,,,,,,,,,,,8.0,5.730672405E2,5.67061485E2,-1.25,-0.895304,0.0,0.0,0.0,,,,,,,,,,,,,,,,,,,,,,,,,,,,,3.615059484E3
2550,UNDH,MARK,HXR25END,,,,,,,,,,,,8.0,5.732654072E2,5.67259651E2,-1.25,-0.895304,0.0,0.0,0.0,,,,,,,,,,,,,,,,,,,,,,,,,,,,,3.615257649E3
2551,UNDH,MARK,HXR26BEG,,,,,,,,,,,,8.0,5.732654072E2,5.67259651E2,-1.25,-0.895304,0.0,0.0,0.0,,,,,,,,,,,,,,,,,,,,,,,,,,,,,3.615257649E3
2555,UNDH,USEG,UMAHXH26,HGVPU26,3.354,,,,,,,,,,8.0,5.749924072E2,5.68986651E2,-1.25,-0.895304,0.0,0.0,0.0,,,,,,,,,,,,,,,,,,,,,,0.026,2.0,,,,,,3.61698463E3
2556,UNDH,EFC,XCHU26,type-V,0.0,,,,,,,,,,8.0,5.749924072E2,5.68986651E2,-1.25,-0.895304,0.0,0.0,0.0,,,,,,,,,,,,,,,,,,,,,,,,,,,,,3.61698463E3
2557,UNDH,EFC,YCHU26,type-V,0.0,,,,,,,,,,8.0,5.749924072E2,5.68986651E2,-1.25,-0.895304,0.0,0.0,0.0,,,,,,,,,,,,,,,,,,,,,,,,,,,,,3.61698463E3
2561,UNDH,MARK,MBLMH26,,,,,,,,,,,,8.0,5.767294152E2,5.70723659E2,-1.25,-0.895304,0.0,0.0,0.0,,,,,,,,,,,,,,,,,,,,,,,,,,,,,3.618721619E3
2563,UNDH,QUAD,QHXH26,0.433Q3.1,0.084,0.011,,-1.338359187,,0.0,,,,,8.0,5.768224072E2,5.70816651E2,-1.25,-0.895304,0.0,0.0,0.0,,,,,,,,,,-29.999999927592,35.714285628086,,,,,,,,,,,,,,,,,,3.61881461E3
2564,UNDH,XCOR,XCHX26,type-U,0.0,,,,,,,,,,8.0,5.768224072E2,5.70816651E2,-1.25,-0.895304,0.0,0.0,0.0,,,,,,,,,,,,,,,,,,,,,,,,,,,,,3.61881461E3
2565,UNDH,MARK,MUQH26,,,,,,,,,,,,8.0,5.768224072E2,5.70816651E2,-1.25,-0.895304,0.0,0.0,0.0,,,,,,,,,,,,,,,,,,,,,,,,,,,,,3.61881461E3
2566,UNDH,YCOR,YCHX26,type-U,0.0,,,,,,,,,,8.0,5.768224072E2,5.70816651E2,-1.25,-0.895304,0.0,0.0,0.0,,,,,,,,,,,,,,,,,,,,,,,,,,,,,3.61881461E3
2569,UNDH,BPM,RFBHX26,CavityX-1,0.05,,,,,,,,,,8.0,5.769524072E2,5.70946651E2,-1.25,-0.895304,0.0,0.0,0.0,,,,,,,,,,,,,,,,,,,,,,,,,,,,,3.6189446085E3
2571,UNDH,USEG,PSHXH26,PS45,0.0495,,,,,,,,,,8.0,5.770799072E2,5.71074151E2,-1.25,-0.895304,0.0,0.0,0.0,,,,,,,,,,,,,,,,,,,,,,0.045,2.737835702998,,,,,,3.619072107E3
2572,UNDH,MARK,MPHH26,,,,,,,,,,,,8.0,5.770799072E2,5.71074151E2,-1.25,-0.895304,0.0,0.0,0.0,,,,,,,,,,,,,,,,,,,,,,,,,,,,,3.619072107E3
2577,UNDH,MARK,HXR26END,,,,,,,,,,,,8.0,5.772780738E2,5.71272318E2,-1.25,-0.895304,0.0,0.0,0.0,,,,,,,,,,,,,,,,,,,,,,,,,,,,,3.619270272E3
2578,UNDH,MARK,HXR27BEG,,,,,,,,,,,,8.0,5.772780738E2,5.71272318E2,-1.25,-0.895304,0.0,0.0,0.0,,,,,,,,,,,,,,,,,,,,,,,,,,,,,3.619270272E3
2582,UNDH,USEG,UMAHXH27,HGVPU26,3.354,,,,,,,,,,8.0,5.790050738E2,5.72999318E2,-1.25,-0.895304,0.0,0.0,0.0,,,,,,,,,,,,,,,,,,,,,,0.026,2.0,,,,,,3.620997253E3
2583,UNDH,EFC,XCHU27,type-V,0.0,,,,,,,,,,8.0,5.790050738E2,5.72999318E2,-1.25,-0.895304,0.0,0.0,0.0,,,,,,,,,,,,,,,,,,,,,,,,,,,,,3.620997253E3
2584,UNDH,EFC,YCHU27,type-V,0.0,,,,,,,,,,8.0,5.790050738E2,5.72999318E2,-1.25,-0.895304,0.0,0.0,0.0,,,,,,,,,,,,,,,,,,,,,,,,,,,,,3.620997253E3
2589,UNDH,QUAD,QHXH27,0.433Q3.1,0.084,0.011,,1.338359187,,0.0,,,,,8.0,5.808350738E2,5.74829318E2,-1.25,-0.895304,0.0,0.0,0.0,,,,,,,,,,29.999999927592,-35.714285628086,,,,,,,,,,,,,,,,,,3.622827233E3
2590,UNDH,XCOR,XCHX27,type-U,0.0,,,,,,,,,,8.0,5.808350738E2,5.74829318E2,-1.25,-0.895304,0.0,0.0,0.0,,,,,,,,,,,,,,,,,,,,,,,,,,,,,3.622827233E3
2591,UNDH,MARK,MUQH27,,,,,,,,,,,,8.0,5.808350738E2,5.74829318E2,-1.25,-0.895304,0.0,0.0,0.0,,,,,,,,,,,,,,,,,,,,,,,,,,,,,3.622827233E3
2592,UNDH,YCOR,YCHX27,type-U,0.0,,,,,,,,,,8.0,5.808350738E2,5.74829318E2,-1.25,-0.895304,0.0,0.0,0.0,,,,,,,,,,,,,,,,,,,,,,,,,,,,,3.622827233E3
2595,UNDH,BPM,RFBHX27,CavityX-1,0.05,,,,,,,,,,8.0,5.809650738E2,5.74959318E2,-1.25,-0.895304,0.0,0.0,0.0,,,,,,,,,,,,,,,,,,,,,,,,,,,,,3.6229572315E3
2597,UNDH,USEG,PSHXH27,PS45,0.0495,,,,,,,,,,8.0,5.810925738E2,5.75086818E2,-1.25,-0.895304,0.0,0.0,0.0,,,,,,,,,,,,,,,,,,,,,,0.045,2.737835702998,,,,,,3.62308473E3
2598,UNDH,MARK,MPHH27,,,,,,,,,,,,8.0,5.810925738E2,5.75086818E2,-1.25,-0.895304,0.0,0.0,0.0,,,,,,,,,,,,,,,,,,,,,,,,,,,,,3.62308473E3
2601,UNDH,MARK,VVHXU27,,,,,,,,,,,,8.0,5.812018168E2,5.75196061E2,-1.25,-0.895304,0.0,0.0,0.0,,,,,,,,,,,,,,,,,,,,,,,,,,,,,3.623193972E3
2603,UNDH,MARK,HXR27END,,,,,,,,,,,,8.0,5.812907405E2,5.75284985E2,-1.25,-0.895304,0.0,0.0,0.0,,,,,,,,,,,,,,,,,,,,,,,,,,,,,3.623282895E3
2604,UNDH,MARK,HXR28BEG,,,,,,,,,,,,8.0,5.812907405E2,5.75284985E2,-1.25,-0.895304,0.0,0.0,0.0,,,,,,,,,,,,,,,,,,,,,,,,,,,,,3.623282895E3
2607,UNDH,MARK,HXRSSBEG,,,,,,,,,,,,8.0,5.813317245E2,5.75325969E2,-1.25,-0.895304,0.0,0.0,0.0,,,,,,,,,,,,,,,,,,,,,,,,,,,,,3.623323878E3
2609,UNDH,BEND,BCXHS1,0.315D14-C,0.363602,0.8001E-2,0.0,0.0,,0.0,0.0,0.0,,,8.0,5.815927405E2,5.75586985E2,-1.25,-0.895304,0.0,0.0,0.0,,,,,,0.363602,0.5,0.0,0.0,0.0,0.0,,,,5.75586985E2,-1.25,-0.895304,0.0,0.0,0.0,,,,,,,,,3.623584892E3
2612,UNDH,BEND,BCXHS2,0.315D14-C,0.363602,0.8001E-2,0.0,0.0,,0.0,0.0,0.0,,,8.0,5.825497405E2,5.76543985E2,-1.25,-0.895304,0.0,0.0,0.0,,,,,,0.363602,0.5,0.0,0.0,0.0,0.0,,,,5.76543985E2,-1.25239,-0.895304,0.0,0.0,0.0,,,,,,,,,3.624541881E3
2615,UNDH,INST,DIAMOND,,0.0,,,,,,,,,,8.0,5.830177405E2,5.77011985E2,-1.25,-0.895304,0.0,0.0,0.0,,,,,,,,,,,,,,,,,,,,,,,,,,,,,3.625009876E3
2617,UNDH,BEND,BCXHS3,0.315D14-C,0.363602,0.8001E-2,0.0,0.0,,0.0,0.0,0.0,,,8.0,5.834857405E2,5.77479985E2,-1.25,-0.895304,0.0,0.0,0.0,,,,,,0.363602,0.5,0.0,0.0,0.0,0.0,,,,5.77479985E2,-1.25239,-0.895304,0.0,0.0,0.0,,,,,,,,,3.625477871E3
2620,UNDH,BEND,BCXHS4,0.315D14-C,0.363602,0.8001E-2,0.0,0.0,,0.0,0.0,0.0,,,8.0,5.844427405E2,5.78436985E2,-1.25,-0.895304,0.0,0.0,0.0,,,,,,0.363602,0.5,0.0,0.0,0.0,0.0,,,,5.78436985E2,-1.25,-0.895304,0.0,0.0,0.0,,,,,,,,,3.62643486E3
2623,UNDH,MARK,HXRSSEND,,,,,,,,,,,,8.0,5.847037565E2,5.78698001E2,-1.25,-0.895304,0.0,0.0,0.0,,,,,,,,,,,,,,,,,,,,,,,,,,,,,3.626695874E3
2626,UNDH,QUAD,QHXH28,0.433Q3.1,0.084,0.011,,-1.338359187,,0.0,,,,,8.0,5.848477405E2,5.78841985E2,-1.25,-0.895304,0.0,0.0,0.0,,,,,,,,,,-29.999999927592,35.714285628086,,,,,,,,,,,,,,,,,,3.626839856E3
2627,UNDH,XCOR,XCHX28,type-U,0.0,,,,,,,,,,8.0,5.848477405E2,5.78841985E2,-1.25,-0.895304,0.0,0.0,0.0,,,,,,,,,,,,,,,,,,,,,,,,,,,,,3.626839856E3
2628,UNDH,MARK,MUQH28,,,,,,,,,,,,8.0,5.848477405E2,5.78841985E2,-1.25,-0.895304,0.0,0.0,0.0,,,,,,,,,,,,,,,,,,,,,,,,,,,,,3.626839856E3
2629,UNDH,YCOR,YCHX28,type-U,0.0,,,,,,,,,,8.0,5.848477405E2,5.78841985E2,-1.25,-0.895304,0.0,0.0,0.0,,,,,,,,,,,,,,,,,,,,,,,,,,,,,3.626839856E3
2632,UNDH,BPM,RFBHX28,CavityX-1,0.05,,,,,,,,,,8.0,5.849777405E2,5.78971985E2,-1.25,-0.895304,0.0,0.0,0.0,,,,,,,,,,,,,,,,,,,,,,,,,,,,,3.6269698545E3
2637,UNDH,MARK,HXR28END,,,,,,,,,,,,8.0,5.853034072E2,5.79297651E2,-1.25,-0.895304,0.0,0.0,0.0,,,,,,,,,,,,,,,,,,,,,,,,,,,,,3.627295518E3
2638,UNDH,MARK,HXR29BEG,,,,,,,,,,,,8.0,5.853034072E2,5.79297651E2,-1.25,-0.895304,0.0,0.0,0.0,,,,,,,,,,,,,,,,,,,,,,,,,,,,,3.627295518E3
2642,UNDH,USEG,UMAHXH29,HGVPU26,3.354,,,,,,,,,,8.0,5.870304072E2,5.81024651E2,-1.25,-0.895304,0.0,0.0,0.0,,,,,,,,,,,,,,,,,,,,,,0.026,2.0,,,,,,3.629022499E3
2643,UNDH,EFC,XCHU29,type-V,0.0,,,,,,,,,,8.0,5.870304072E2,5.81024651E2,-1.25,-0.895304,0.0,0.0,0.0,,,,,,,,,,,,,,,,,,,,,,,,,,,,,3.629022499E3
2644,UNDH,EFC,YCHU29,type-V,0.0,,,,,,,,,,8.0,5.870304072E2,5.81024651E2,-1.25,-0.895304,0.0,0.0,0.0,,,,,,,,,,,,,,,,,,,,,,,,,,,,,3.629022499E3
2649,UNDH,QUAD,QHXH29,0.433Q3.1,0.084,0.011,,1.338359187,,0.0,,,,,8.0,5.888604072E2,5.82854651E2,-1.25,-0.895304,0.0,0.0,0.0,,,,,,,,,,29.999999927592,-35.714285628086,,,,,,,,,,,,,,,,,,3.630852479E3
2650,UNDH,XCOR,XCHX29,type-U,0.0,,,,,,,,,,8.0,5.888604072E2,5.82854651E2,-1.25,-0.895304,0.0,0.0,0.0,,,,,,,,,,,,,,,,,,,,,,,,,,,,,3.630852479E3
2651,UNDH,MARK,MUQH29,,,,,,,,,,,,8.0,5.888604072E2,5.82854651E2,-1.25,-0.895304,0.0,0.0,0.0,,,,,,,,,,,,,,,,,,,,,,,,,,,,,3.630852479E3
2652,UNDH,YCOR,YCHX29,type-U,0.0,,,,,,,,,,8.0,5.888604072E2,5.82854651E2,-1.25,-0.895304,0.0,0.0,0.0,,,,,,,,,,,,,,,,,,,,,,,,,,,,,3.630852479E3
2655,UNDH,BPM,RFBHX29,CavityX-1,0.05,,,,,,,,,,8.0,5.889904072E2,5.82984651E2,-1.25,-0.895304,0.0,0.0,0.0,,,,,,,,,,,,,,,,,,,,,,,,,,,,,3.6309824775E3
2657,UNDH,USEG,PSHXH29,PS45,0.0495,,,,,,,,,,8.0,5.891179072E2,5.83112151E2,-1.25,-0.895304,0.0,0.0,0.0,,,,,,,,,,,,,,,,,,,,,,0.045,2.737835702998,,,,,,3.631109976E3
2658,UNDH,MARK,MPHH29,,,,,,,,,,,,8.0,5.891179072E2,5.83112151E2,-1.25,-0.895304,0.0,0.0,0.0,,,,,,,,,,,,,,,,,,,,,,,,,,,,,3.631109976E3
2661,UNDH,MARK,VVHXU29,,,,,,,,,,,,8.0,5.892271502E2,5.83221394E2,-1.25,-0.895304,0.0,0.0,0.0,,,,,,,,,,,,,,,,,,,,,,,,,,,,,3.631219218E3
2663,UNDH,MARK,HXR29END,,,,,,,,,,,,8.0,5.893160738E2,5.83310318E2,-1.25,-0.895304,0.0,0.0,0.0,,,,,,,,,,,,,,,,,,,,,,,,,,,,,3.631308141E3
2664,UNDH,MARK,HXR30BEG,,,,,,,,,,,,8.0,5.893160738E2,5.83310318E2,-1.25,-0.895304,0.0,0.0,0.0,,,,,,,,,,,,,,,,,,,,,,,,,,,,,3.631308141E3
2668,UNDH,USEG,UMAHXH30,HGVPU26,3.354,,,,,,,,,,8.0,5.910430738E2,5.85037318E2,-1.25,-0.895304,0.0,0.0,0.0,,,,,,,,,,,,,,,,,,,,,,0.026,2.0,,,,,,3.633035122E3
2669,UNDH,EFC,XCHU30,type-V,0.0,,,,,,,,,,8.0,5.910430738E2,5.85037318E2,-1.25,-0.895304,0.0,0.0,0.0,,,,,,,,,,,,,,,,,,,,,,,,,,,,,3.633035122E3
2670,UNDH,EFC,YCHU30,type-V,0.0,,,,,,,,,,8.0,5.910430738E2,5.85037318E2,-1.25,-0.895304,0.0,0.0,0.0,,,,,,,,,,,,,,,,,,,,,,,,,,,,,3.633035122E3
2674,UNDH,MARK,MBLMH30,,,,,,,,,,,,8.0,5.927800818E2,5.86774326E2,-1.25,-0.895304,0.0,0.0,0.0,,,,,,,,,,,,,,,,,,,,,,,,,,,,,3.634772111E3
2676,UNDH,QUAD,QHXH30,0.433Q3.1,0.084,0.011,,-1.338359187,,0.0,,,,,8.0,5.928730738E2,5.86867318E2,-1.25,-0.895304,0.0,0.0,0.0,,,,,,,,,,-29.999999927592,35.714285628086,,,,,,,,,,,,,,,,,,3.634865102E3
2677,UNDH,XCOR,XCHX30,type-U,0.0,,,,,,,,,,8.0,5.928730738E2,5.86867318E2,-1.25,-0.895304,0.0,0.0,0.0,,,,,,,,,,,,,,,,,,,,,,,,,,,,,3.634865102E3
2678,UNDH,MARK,MUQH30,,,,,,,,,,,,8.0,5.928730738E2,5.86867318E2,-1.25,-0.895304,0.0,0.0,0.0,,,,,,,,,,,,,,,,,,,,,,,,,,,,,3.634865102E3
2679,UNDH,YCOR,YCHX30,type-U,0.0,,,,,,,,,,8.0,5.928730738E2,5.86867318E2,-1.25,-0.895304,0.0,0.0,0.0,,,,,,,,,,,,,,,,,,,,,,,,,,,,,3.634865102E3
2682,UNDH,BPM,RFBHX30,CavityX-1,0.05,,,,,,,,,,8.0,5.930030738E2,5.86997318E2,-1.25,-0.895304,0.0,0.0,0.0,,,,,,,,,,,,,,,,,,,,,,,,,,,,,3.6349951005E3
2684,UNDH,USEG,PSHXH30,PS45,0.0495,,,,,,,,,,8.0,5.931305738E2,5.87124818E2,-1.25,-0.895304,0.0,0.0,0.0,,,,,,,,,,,,,,,,,,,,,,0.045,2.737835702998,,,,,,3.635122599E3
2685,UNDH,MARK,MPHH30,,,,,,,,,,,,8.0,5.931305738E2,5.87124818E2,-1.25,-0.895304,0.0,0.0,0.0,,,,,,,,,,,,,,,,,,,,,,,,,,,,,3.635122599E3
2690,UNDH,MARK,HXR30END,,,,,,,,,,,,8.0,5.933287405E2,5.87322985E2,-1.25,-0.895304,0.0,0.0,0.0,,,,,,,,,,,,,,,,,,,,,,,,,,,,,3.635320764E3
2691,UNDH,MARK,HXR31BEG,,,,,,,,,,,,8.0,5.933287405E2,5.87322985E2,-1.25,-0.895304,0.0,0.0,0.0,,,,,,,,,,,,,,,,,,,,,,,,,,,,,3.635320764E3
2695,UNDH,USEG,UMAHXH31,HGVPU26,3.354,,,,,,,,,,8.0,5.950557405E2,5.89049985E2,-1.25,-0.895304,0.0,0.0,0.0,,,,,,,,,,,,,,,,,,,,,,0.026,2.0,,,,,,3.637047745E3
2696,UNDH,EFC,XCHU31,type-V,0.0,,,,,,,,,,8.0,5.950557405E2,5.89049985E2,-1.25,-0.895304,0.0,0.0,0.0,,,,,,,,,,,,,,,,,,,,,,,,,,,,,3.637047745E3
2697,UNDH,EFC,YCHU31,type-V,0.0,,,,,,,,,,8.0,5.950557405E2,5.89049985E2,-1.25,-0.895304,0.0,0.0,0.0,,,,,,,,,,,,,,,,,,,,,,,,,,,,,3.637047745E3
2702,UNDH,QUAD,QHXH31,0.433Q3.1,0.084,0.011,,1.338359187,,0.0,,,,,8.0,5.968857405E2,5.90879985E2,-1.25,-0.895304,0.0,0.0,0.0,,,,,,,,,,29.999999927592,-35.714285628086,,,,,,,,,,,,,,,,,,3.638877725E3
2703,UNDH,XCOR,XCHX31,type-U,0.0,,,,,,,,,,8.0,5.968857405E2,5.90879985E2,-1.25,-0.895304,0.0,0.0,0.0,,,,,,,,,,,,,,,,,,,,,,,,,,,,,3.638877725E3
2704,UNDH,MARK,MUQH31,,,,,,,,,,,,8.0,5.968857405E2,5.90879985E2,-1.25,-0.895304,0.0,0.0,0.0,,,,,,,,,,,,,,,,,,,,,,,,,,,,,3.638877725E3
2705,UNDH,YCOR,YCHX31,type-U,0.0,,,,,,,,,,8.0,5.968857405E2,5.90879985E2,-1.25,-0.895304,0.0,0.0,0.0,,,,,,,,,,,,,,,,,,,,,,,,,,,,,3.638877725E3
2708,UNDH,BPM,RFBHX31,CavityX-1,0.05,,,,,,,,,,8.0,5.970157405E2,5.91009985E2,-1.25,-0.895304,0.0,0.0,0.0,,,,,,,,,,,,,,,,,,,,,,,,,,,,,3.6390077235E3
2710,UNDH,USEG,PSHXH31,PS45,0.0495,,,,,,,,,,8.0,5.971432405E2,5.91137485E2,-1.25,-0.895304,0.0,0.0,0.0,,,,,,,,,,,,,,,,,,,,,,0.045,2.737835702998,,,,,,3.639135222E3
2711,UNDH,MARK,MPHH31,,,,,,,,,,,,8.0,5.971432405E2,5.91137485E2,-1.25,-0.895304,0.0,0.0,0.0,,,,,,,,,,,,,,,,,,,,,,,,,,,,,3.639135222E3
2716,UNDH,MARK,HXR31END,,,,,,,,,,,,8.0,5.973414072E2,5.91335651E2,-1.25,-0.895304,0.0,0.0,0.0,,,,,,,,,,,,,,,,,,,,,,,,,,,,,3.639333387E3
2717,UNDH,MARK,HXR32BEG,,,,,,,,,,,,8.0,5.973414072E2,5.91335651E2,-1.25,-0.895304,0.0,0.0,0.0,,,,,,,,,,,,,,,,,,,,,,,,,,,,,3.639333387E3
2721,UNDH,USEG,UMAHXH32,HGVPU26,3.354,,,,,,,,,,8.0,5.990684072E2,5.93062651E2,-1.25,-0.895304,0.0,0.0,0.0,,,,,,,,,,,,,,,,,,,,,,0.026,2.0,,,,,,3.641060368E3
2722,UNDH,EFC,XCHU32,type-V,0.0,,,,,,,,,,8.0,5.990684072E2,5.93062651E2,-1.25,-0.895304,0.0,0.0,0.0,,,,,,,,,,,,,,,,,,,,,,,,,,,,,3.641060368E3
2723,UNDH,EFC,YCHU32,type-V,0.0,,,,,,,,,,8.0,5.990684072E2,5.93062651E2,-1.25,-0.895304,0.0,0.0,0.0,,,,,,,,,,,,,,,,,,,,,,,,,,,,,3.641060368E3
2727,UNDH,MARK,MBLMH32,,,,,,,,,,,,8.0,6.008054152E2,5.94799659E2,-1.25,-0.895304,0.0,0.0,0.0,,,,,,,,,,,,,,,,,,,,,,,,,,,,,3.642797357E3
2729,UNDH,QUAD,QHXH32,0.433Q3.1,0.084,0.011,,-1.338359187,,0.0,,,,,8.0,6.008984072E2,5.94892651E2,-1.25,-0.895304,0.0,0.0,0.0,,,,,,,,,,-29.999999927592,35.714285628086,,,,,,,,,,,,,,,,,,3.642890348E3
2730,UNDH,XCOR,XCHX32,type-U,0.0,,,,,,,,,,8.0,6.008984072E2,5.94892651E2,-1.25,-0.895304,0.0,0.0,0.0,,,,,,,,,,,,,,,,,,,,,,,,,,,,,3.642890348E3
2731,UNDH,MARK,MUQH32,,,,,,,,,,,,8.0,6.008984072E2,5.94892651E2,-1.25,-0.895304,0.0,0.0,0.0,,,,,,,,,,,,,,,,,,,,,,,,,,,,,3.642890348E3
2732,UNDH,YCOR,YCHX32,type-U,0.0,,,,,,,,,,8.0,6.008984072E2,5.94892651E2,-1.25,-0.895304,0.0,0.0,0.0,,,,,,,,,,,,,,,,,,,,,,,,,,,,,3.642890348E3
2735,UNDH,BPM,RFBHX32,CavityX-1,0.05,,,,,,,,,,8.0,6.010284072E2,5.95022651E2,-1.25,-0.895304,0.0,0.0,0.0,,,,,,,,,,,,,,,,,,,,,,,,,,,,,3.6430203465E3
2737,UNDH,USEG,PSHXH32,PS45,0.0495,,,,,,,,,,8.0,6.011559072E2,5.95150151E2,-1.25,-0.895304,0.0,0.0,0.0,,,,,,,,,,,,,,,,,,,,,,0.045,2.737835702998,,,,,,3.643147845E3
2738,UNDH,MARK,MPHH32,,,,,,,,,,,,8.0,6.011559072E2,5.95150151E2,-1.25,-0.895304,0.0,0.0,0.0,,,,,,,,,,,,,,,,,,,,,,,,,,,,,3.643147845E3
2741,UNDH,MARK,VVHXU32,,,,,,,,,,,,8.0,6.012651502E2,5.95259394E2,-1.25,-0.895304,0.0,0.0,0.0,,,,,,,,,,,,,,,,,,,,,,,,,,,,,3.643257087E3
2743,UNDH,MARK,HXR32END,,,,,,,,,,,,8.0,6.013540738E2,5.95348318E2,-1.25,-0.895304,0.0,0.0,0.0,,,,,,,,,,,,,,,,,,,,,,,,,,,,,3.643346009E3
2744,UNDH,MARK,HXR33BEG,,,,,,,,,,,,8.0,6.013540738E2,5.95348318E2,-1.25,-0.895304,0.0,0.0,0.0,,,,,,,,,,,,,,,,,,,,,,,,,,,,,3.643346009E3
2748,UNDH,USEG,UMAHXH33,HGVPU26,3.354,,,,,,,,,,8.0,6.030810738E2,5.97075318E2,-1.25,-0.895304,0.0,0.0,0.0,,,,,,,,,,,,,,,,,,,,,,0.026,2.0,,,,,,3.645072991E3
2749,UNDH,EFC,XCHU33,type-V,0.0,,,,,,,,,,8.0,6.030810738E2,5.97075318E2,-1.25,-0.895304,0.0,0.0,0.0,,,,,,,,,,,,,,,,,,,,,,,,,,,,,3.645072991E3
2750,UNDH,EFC,YCHU33,type-V,0.0,,,,,,,,,,8.0,6.030810738E2,5.97075318E2,-1.25,-0.895304,0.0,0.0,0.0,,,,,,,,,,,,,,,,,,,,,,,,,,,,,3.645072991E3
2755,UNDH,QUAD,QHXH33,0.433Q3.1,0.084,0.011,,1.338359187,,0.0,,,,,8.0,6.049110738E2,5.98905318E2,-1.25,-0.895304,0.0,0.0,0.0,,,,,,,,,,29.999999927592,-35.714285628086,,,,,,,,,,,,,,,,,,3.646902971E3
2756,UNDH,XCOR,XCHX33,type-U,0.0,,,,,,,,,,8.0,6.049110738E2,5.98905318E2,-1.25,-0.895304,0.0,0.0,0.0,,,,,,,,,,,,,,,,,,,,,,,,,,,,,3.646902971E3
2757,UNDH,MARK,MUQH33,,,,,,,,,,,,8.0,6.049110738E2,5.98905318E2,-1.25,-0.895304,0.0,0.0,0.0,,,,,,,,,,,,,,,,,,,,,,,,,,,,,3.646902971E3
2758,UNDH,YCOR,YCHX33,type-U,0.0,,,,,,,,,,8.0,6.049110738E2,5.98905318E2,-1.25,-0.895304,0.0,0.0,0.0,,,,,,,,,,,,,,,,,,,,,,,,,,,,,3.646902971E3
2761,UNDH,BPM,RFBHX33,CavityX-1,0.05,,,,,,,,,,8.0,6.050410738E2,5.99035318E2,-1.25,-0.895304,0.0,0.0,0.0,,,,,,,,,,,,,,,,,,,,,,,,,,,,,3.6470329695E3
2763,UNDH,USEG,PSHXH33,PS45,0.0495,,,,,,,,,,8.0,6.051685738E2,5.99162818E2,-1.25,-0.895304,0.0,0.0,0.0,,,,,,,,,,,,,,,,,,,,,,0.045,2.737835702998,,,,,,3.647160468E3
2764,UNDH,MARK,MPHH33,,,,,,,,,,,,8.0,6.051685738E2,5.99162818E2,-1.25,-0.895304,0.0,0.0,0.0,,,,,,,,,,,,,,,,,,,,,,,,,,,,,3.647160468E3
2769,UNDH,MARK,HXR33END,,,,,,,,,,,,8.0,6.053667405E2,5.99360985E2,-1.25,-0.895304,0.0,0.0,0.0,,,,,,,,,,,,,,,,,,,,,,,,,,,,,3.647358632E3
2770,UNDH,MARK,HXR34BEG,,,,,,,,,,,,8.0,6.053667405E2,5.99360985E2,-1.25,-0.895304,0.0,0.0,0.0,,,,,,,,,,,,,,,,,,,,,,,,,,,,,3.647358632E3
2774,UNDH,USEG,UMAHXH34,HGVPU26,3.354,,,,,,,,,,8.0,6.070937405E2,6.01087985E2,-1.25,-0.895304,0.0,0.0,0.0,,,,,,,,,,,,,,,,,,,,,,0.026,2.0,,,,,,3.649085614E3
2775,UNDH,EFC,XCHU34,type-V,0.0,,,,,,,,,,8.0,6.070937405E2,6.01087985E2,-1.25,-0.895304,0.0,0.0,0.0,,,,,,,,,,,,,,,,,,,,,,,,,,,,,3.649085614E3
2776,UNDH,EFC,YCHU34,type-V,0.0,,,,,,,,,,8.0,6.070937405E2,6.01087985E2,-1.25,-0.895304,0.0,0.0,0.0,,,,,,,,,,,,,,,,,,,,,,,,,,,,,3.649085614E3
2780,UNDH,MARK,MBLMH34,,,,,,,,,,,,8.0,6.088307485E2,6.02824993E2,-1.25,-0.895304,0.0,0.0,0.0,,,,,,,,,,,,,,,,,,,,,,,,,,,,,3.650822603E3
2782,UNDH,QUAD,QHXH34,0.433Q3.1,0.084,0.011,,-1.338359187,,0.0,,,,,8.0,6.089237405E2,6.02917985E2,-1.25,-0.895304,0.0,0.0,0.0,,,,,,,,,,-29.999999927592,35.714285628086,,,,,,,,,,,,,,,,,,3.650915594E3
2783,UNDH,XCOR,XCHX34,type-U,0.0,,,,,,,,,,8.0,6.089237405E2,6.02917985E2,-1.25,-0.895304,0.0,0.0,0.0,,,,,,,,,,,,,,,,,,,,,,,,,,,,,3.650915594E3
2784,UNDH,MARK,MUQH34,,,,,,,,,,,,8.0,6.089237405E2,6.02917985E2,-1.25,-0.895304,0.0,0.0,0.0,,,,,,,,,,,,,,,,,,,,,,,,,,,,,3.650915594E3
2785,UNDH,YCOR,YCHX34,type-U,0.0,,,,,,,,,,8.0,6.089237405E2,6.02917985E2,-1.25,-0.895304,0.0,0.0,0.0,,,,,,,,,,,,,,,,,,,,,,,,,,,,,3.650915594E3
2788,UNDH,BPM,RFBHX34,CavityX-1,0.05,,,,,,,,,,8.0,6.090537405E2,6.03047985E2,-1.25,-0.895304,0.0,0.0,0.0,,,,,,,,,,,,,,,,,,,,,,,,,,,,,3.6510455925E3
2790,UNDH,USEG,PSHXH34,PS45,0.0495,,,,,,,,,,8.0,6.091812405E2,6.03175485E2,-1.25,-0.895304,0.0,0.0,0.0,,,,,,,,,,,,,,,,,,,,,,0.045,2.737835702998,,,,,,3.651173091E3
2791,UNDH,MARK,MPHH34,,,,,,,,,,,,8.0,6.091812405E2,6.03175485E2,-1.25,-0.895304,0.0,0.0,0.0,,,,,,,,,,,,,,,,,,,,,,,,,,,,,3.651173091E3
2796,UNDH,MARK,HXR34END,,,,,,,,,,,,8.0,6.093794072E2,6.03373651E2,-1.25,-0.895304,0.0,0.0,0.0,,,,,,,,,,,,,,,,,,,,,,,,,,,,,3.651371255E3
2797,UNDH,MARK,HXR35BEG,,,,,,,,,,,,8.0,6.093794072E2,6.03373651E2,-1.25,-0.895304,0.0,0.0,0.0,,,,,,,,,,,,,,,,,,,,,,,,,,,,,3.651371255E3
2801,UNDH,USEG,UMAHXH35,HGVPU26,3.354,,,,,,,,,,8.0,6.111064072E2,6.05100651E2,-1.25,-0.895304,0.0,0.0,0.0,,,,,,,,,,,,,,,,,,,,,,0.026,2.0,,,,,,3.653098237E3
2802,UNDH,EFC,XCHU35,type-V,0.0,,,,,,,,,,8.0,6.111064072E2,6.05100651E2,-1.25,-0.895304,0.0,0.0,0.0,,,,,,,,,,,,,,,,,,,,,,,,,,,,,3.653098237E3
2803,UNDH,EFC,YCHU35,type-V,0.0,,,,,,,,,,8.0,6.111064072E2,6.05100651E2,-1.25,-0.895304,0.0,0.0,0.0,,,,,,,,,,,,,,,,,,,,,,,,,,,,,3.653098237E3
2808,UNDH,QUAD,QHXH35,0.433Q3.1,0.084,0.011,,1.338359187,,0.0,,,,,8.0,6.129364072E2,6.06930651E2,-1.25,-0.895304,0.0,0.0,0.0,,,,,,,,,,29.999999927592,-35.714285628086,,,,,,,,,,,,,,,,,,3.654928217E3
2809,UNDH,XCOR,XCHX35,type-U,0.0,,,,,,,,,,8.0,6.129364072E2,6.06930651E2,-1.25,-0.895304,0.0,0.0,0.0,,,,,,,,,,,,,,,,,,,,,,,,,,,,,3.654928217E3
2810,UNDH,MARK,MUQH35,,,,,,,,,,,,8.0,6.129364072E2,6.06930651E2,-1.25,-0.895304,0.0,0.0,0.0,,,,,,,,,,,,,,,,,,,,,,,,,,,,,3.654928217E3
2811,UNDH,YCOR,YCHX35,type-U,0.0,,,,,,,,,,8.0,6.129364072E2,6.06930651E2,-1.25,-0.895304,0.0,0.0,0.0,,,,,,,,,,,,,,,,,,,,,,,,,,,,,3.654928217E3
2814,UNDH,BPM,RFBHX35,CavityX-1,0.05,,,,,,,,,,8.0,6.130664072E2,6.07060651E2,-1.25,-0.895304,0.0,0.0,0.0,,,,,,,,,,,,,,,,,,,,,,,,,,,,,3.655058215E3
2816,UNDH,USEG,PSHXH35,PS45,0.0495,,,,,,,,,,8.0,6.131939072E2,6.07188151E2,-1.25,-0.895304,0.0,0.0,0.0,,,,,,,,,,,,,,,,,,,,,,0.045,2.737835702998,,,,,,3.655185714E3
2817,UNDH,MARK,MPHH35,,,,,,,,,,,,8.0,6.131939072E2,6.07188151E2,-1.25,-0.895304,0.0,0.0,0.0,,,,,,,,,,,,,,,,,,,,,,,,,,,,,3.655185714E3
2820,UNDH,MARK,VVHXU35,,,,,,,,,,,,8.0,6.133031502E2,6.07297394E2,-1.25,-0.895304,0.0,0.0,0.0,,,,,,,,,,,,,,,,,,,,,,,,,,,,,3.655294956E3
2822,UNDH,MARK,HXR35END,,,,,,,,,,,,8.0,6.133920738E2,6.07386318E2,-1.25,-0.895304,0.0,0.0,0.0,,,,,,,,,,,,,,,,,,,,,,,,,,,,,3.655383878E3
2823,UNDH,MARK,HXR36BEG,,,,,,,,,,,,8.0,6.133920738E2,6.07386318E2,-1.25,-0.895304,0.0,0.0,0.0,,,,,,,,,,,,,,,,,,,,,,,,,,,,,3.655383878E3
2827,UNDH,USEG,UMAHXH36,HGVPU26,3.354,,,,,,,,,,8.0,6.151190738E2,6.09113318E2,-1.25,-0.895304,0.0,0.0,0.0,,,,,,,,,,,,,,,,,,,,,,0.026,2.0,,,,,,3.657110859E3
2828,UNDH,EFC,XCHU36,type-V,0.0,,,,,,,,,,8.0,6.151190738E2,6.09113318E2,-1.25,-0.895304,0.0,0.0,0.0,,,,,,,,,,,,,,,,,,,,,,,,,,,,,3.657110859E3
2829,UNDH,EFC,YCHU36,type-V,0.0,,,,,,,,,,8.0,6.151190738E2,6.09113318E2,-1.25,-0.895304,0.0,0.0,0.0,,,,,,,,,,,,,,,,,,,,,,,,,,,,,3.657110859E3
2833,UNDH,MARK,MBLMH36,,,,,,,,,,,,8.0,6.168560818E2,6.10850326E2,-1.25,-0.895304,0.0,0.0,0.0,,,,,,,,,,,,,,,,,,,,,,,,,,,,,3.658847849E3
2835,UNDH,QUAD,QHXH36,0.433Q3.1,0.084,0.011,,-1.338359187,,0.0,,,,,8.0,6.169490738E2,6.10943318E2,-1.25,-0.895304,0.0,0.0,0.0,,,,,,,,,,-29.999999927592,35.714285628086,,,,,,,,,,,,,,,,,,3.65894084E3
2836,UNDH,XCOR,XCHX36,type-U,0.0,,,,,,,,,,8.0,6.169490738E2,6.10943318E2,-1.25,-0.895304,0.0,0.0,0.0,,,,,,,,,,,,,,,,,,,,,,,,,,,,,3.65894084E3
2837,UNDH,MARK,MUQH36,,,,,,,,,,,,8.0,6.169490738E2,6.10943318E2,-1.25,-0.895304,0.0,0.0,0.0,,,,,,,,,,,,,,,,,,,,,,,,,,,,,3.65894084E3
2838,UNDH,YCOR,YCHX36,type-U,0.0,,,,,,,,,,8.0,6.169490738E2,6.10943318E2,-1.25,-0.895304,0.0,0.0,0.0,,,,,,,,,,,,,,,,,,,,,,,,,,,,,3.65894084E3
2841,UNDH,BPM,RFBHX36,CavityX-1,0.05,,,,,,,,,,8.0,6.170790738E2,6.11073318E2,-1.25,-0.895304,0.0,0.0,0.0,,,,,,,,,,,,,,,,,,,,,,,,,,,,,3.659070838E3
2843,UNDH,USEG,PSHXH36,PS45,0.0495,,,,,,,,,,8.0,6.172065738E2,6.11200818E2,-1.25,-0.895304,0.0,0.0,0.0,,,,,,,,,,,,,,,,,,,,,,0.045,2.737835702998,,,,,,3.659198337E3
2844,UNDH,MARK,MPHH36,,,,,,,,,,,,8.0,6.172065738E2,6.11200818E2,-1.25,-0.895304,0.0,0.0,0.0,,,,,,,,,,,,,,,,,,,,,,,,,,,,,3.659198337E3
2849,UNDH,MARK,HXR36END,,,,,,,,,,,,8.0,6.174047405E2,6.11398985E2,-1.25,-0.895304,0.0,0.0,0.0,,,,,,,,,,,,,,,,,,,,,,,,,,,,,3.659396501E3
2850,UNDH,MARK,HXR37BEG,,,,,,,,,,,,8.0,6.174047405E2,6.11398985E2,-1.25,-0.895304,0.0,0.0,0.0,,,,,,,,,,,,,,,,,,,,,,,,,,,,,3.659396501E3
2854,UNDH,USEG,UMAHXH37,HGVPU26,3.354,,,,,,,,,,8.0,6.191317405E2,6.13125985E2,-1.25,-0.895304,0.0,0.0,0.0,,,,,,,,,,,,,,,,,,,,,,0.026,2.0,,,,,,3.661123482E3
2855,UNDH,EFC,XCHU37,type-V,0.0,,,,,,,,,,8.0,6.191317405E2,6.13125985E2,-1.25,-0.895304,0.0,0.0,0.0,,,,,,,,,,,,,,,,,,,,,,,,,,,,,3.661123482E3
2856,UNDH,EFC,YCHU37,type-V,0.0,,,,,,,,,,8.0,6.191317405E2,6.13125985E2,-1.25,-0.895304,0.0,0.0,0.0,,,,,,,,,,,,,,,,,,,,,,,,,,,,,3.661123482E3
2861,UNDH,QUAD,QHXH37,0.433Q3.1,0.084,0.011,,1.338359187,,0.0,,,,,8.0,6.209617405E2,6.14955985E2,-1.25,-0.895304,0.0,0.0,0.0,,,,,,,,,,29.999999927592,-35.714285628086,,,,,,,,,,,,,,,,,,3.662953462E3
2862,UNDH,XCOR,XCHX37,type-U,0.0,,,,,,,,,,8.0,6.209617405E2,6.14955985E2,-1.25,-0.895304,0.0,0.0,0.0,,,,,,,,,,,,,,,,,,,,,,,,,,,,,3.662953462E3
2863,UNDH,MARK,MUQH37,,,,,,,,,,,,8.0,6.209617405E2,6.14955985E2,-1.25,-0.895304,0.0,0.0,0.0,,,,,,,,,,,,,,,,,,,,,,,,,,,,,3.662953462E3
2864,UNDH,YCOR,YCHX37,type-U,0.0,,,,,,,,,,8.0,6.209617405E2,6.14955985E2,-1.25,-0.895304,0.0,0.0,0.0,,,,,,,,,,,,,,,,,,,,,,,,,,,,,3.662953462E3
2867,UNDH,BPM,RFBHX37,CavityX-1,0.05,,,,,,,,,,8.0,6.210917405E2,6.15085985E2,-1.25,-0.895304,0.0,0.0,0.0,,,,,,,,,,,,,,,,,,,,,,,,,,,,,3.663083461E3
2869,UNDH,USEG,PSHXH37,PS45,0.0495,,,,,,,,,,8.0,6.212192405E2,6.15213485E2,-1.25,-0.895304,0.0,0.0,0.0,,,,,,,,,,,,,,,,,,,,,,0.045,2.737835702998,,,,,,3.66321096E3
2870,UNDH,MARK,MPHH37,,,,,,,,,,,,8.0,6.212192405E2,6.15213485E2,-1.25,-0.895304,0.0,0.0,0.0,,,,,,,,,,,,,,,,,,,,,,,,,,,,,3.66321096E3
2873,UNDH,MARK,VVHXU37,,,,,,,,,,,,8.0,6.213284835E2,6.15322728E2,-1.25,-0.895304,0.0,0.0,0.0,,,,,,,,,,,,,,,,,,,,,,,,,,,,,3.663320201E3
2875,UNDH,MARK,HXR37END,,,,,,,,,,,,8.0,6.214174072E2,6.15411651E2,-1.25,-0.895304,0.0,0.0,0.0,,,,,,,,,,,,,,,,,,,,,,,,,,,,,3.663409124E3
2876,UNDH,MARK,HXR38BEG,,,,,,,,,,,,8.0,6.214174072E2,6.15411651E2,-1.25,-0.895304,0.0,0.0,0.0,,,,,,,,,,,,,,,,,,,,,,,,,,,,,3.663409124E3
2880,UNDH,USEG,UMAHXH38,HGVPU26,3.354,,,,,,,,,,8.0,6.231444072E2,6.17138651E2,-1.25,-0.895304,0.0,0.0,0.0,,,,,,,,,,,,,,,,,,,,,,0.026,2.0,,,,,,3.665136105E3
2881,UNDH,EFC,XCHU38,type-V,0.0,,,,,,,,,,8.0,6.231444072E2,6.17138651E2,-1.25,-0.895304,0.0,0.0,0.0,,,,,,,,,,,,,,,,,,,,,,,,,,,,,3.665136105E3
2882,UNDH,EFC,YCHU38,type-V,0.0,,,,,,,,,,8.0,6.231444072E2,6.17138651E2,-1.25,-0.895304,0.0,0.0,0.0,,,,,,,,,,,,,,,,,,,,,,,,,,,,,3.665136105E3
2886,UNDH,MARK,MBLMH38,,,,,,,,,,,,8.0,6.248814152E2,6.18875659E2,-1.25,-0.895304,0.0,0.0,0.0,,,,,,,,,,,,,,,,,,,,,,,,,,,,,3.666873094E3
2888,UNDH,QUAD,QHXH38,0.433Q3.1,0.084,0.011,,-1.338359187,,0.0,,,,,8.0,6.249744072E2,6.18968651E2,-1.25,-0.895304,0.0,0.0,0.0,,,,,,,,,,-29.999999927592,35.714285628086,,,,,,,,,,,,,,,,,,3.666966085E3
2889,UNDH,XCOR,XCHX38,type-U,0.0,,,,,,,,,,8.0,6.249744072E2,6.18968651E2,-1.25,-0.895304,0.0,0.0,0.0,,,,,,,,,,,,,,,,,,,,,,,,,,,,,3.666966085E3
2890,UNDH,MARK,MUQH38,,,,,,,,,,,,8.0,6.249744072E2,6.18968651E2,-1.25,-0.895304,0.0,0.0,0.0,,,,,,,,,,,,,,,,,,,,,,,,,,,,,3.666966085E3
2891,UNDH,YCOR,YCHX38,type-U,0.0,,,,,,,,,,8.0,6.249744072E2,6.18968651E2,-1.25,-0.895304,0.0,0.0,0.0,,,,,,,,,,,,,,,,,,,,,,,,,,,,,3.666966085E3
2894,UNDH,BPM,RFBHX38,CavityX-1,0.05,,,,,,,,,,8.0,6.251044072E2,6.19098651E2,-1.25,-0.895304,0.0,0.0,0.0,,,,,,,,,,,,,,,,,,,,,,,,,,,,,3.667096084E3
2896,UNDH,USEG,PSHXH38,PS45,0.0495,,,,,,,,,,8.0,6.252319072E2,6.19226151E2,-1.25,-0.895304,0.0,0.0,0.0,,,,,,,,,,,,,,,,,,,,,,0.045,2.737835702998,,,,,,3.667223583E3
2897,UNDH,MARK,MPHH38,,,,,,,,,,,,8.0,6.252319072E2,6.19226151E2,-1.25,-0.895304,0.0,0.0,0.0,,,,,,,,,,,,,,,,,,,,,,,,,,,,,3.667223583E3
2902,UNDH,MARK,HXR38END,,,,,,,,,,,,8.0,6.254300738E2,6.19424318E2,-1.25,-0.895304,0.0,0.0,0.0,,,,,,,,,,,,,,,,,,,,,,,,,,,,,3.667421747E3
2903,UNDH,MARK,HXR39BEG,,,,,,,,,,,,8.0,6.254300738E2,6.19424318E2,-1.25,-0.895304,0.0,0.0,0.0,,,,,,,,,,,,,,,,,,,,,,,,,,,,,3.667421747E3
2907,UNDH,USEG,UMAHXH39,HGVPU26,3.354,,,,,,,,,,8.0,6.271570738E2,6.21151318E2,-1.25,-0.895304,0.0,0.0,0.0,,,,,,,,,,,,,,,,,,,,,,0.026,2.0,,,,,,3.669148728E3
2908,UNDH,EFC,XCHU39,type-V,0.0,,,,,,,,,,8.0,6.271570738E2,6.21151318E2,-1.25,-0.895304,0.0,0.0,0.0,,,,,,,,,,,,,,,,,,,,,,,,,,,,,3.669148728E3
2909,UNDH,EFC,YCHU39,type-V,0.0,,,,,,,,,,8.0,6.271570738E2,6.21151318E2,-1.25,-0.895304,0.0,0.0,0.0,,,,,,,,,,,,,,,,,,,,,,,,,,,,,3.669148728E3
2914,UNDH,QUAD,QHXH39,0.433Q3.1,0.084,0.011,,1.338359187,,0.0,,,,,8.0,6.289870738E2,6.22981318E2,-1.25,-0.895304,0.0,0.0,0.0,,,,,,,,,,29.999999927592,-35.714285628086,,,,,,,,,,,,,,,,,,3.670978708E3
2915,UNDH,XCOR,XCHX39,type-U,0.0,,,,,,,,,,8.0,6.289870738E2,6.22981318E2,-1.25,-0.895304,0.0,0.0,0.0,,,,,,,,,,,,,,,,,,,,,,,,,,,,,3.670978708E3
2916,UNDH,MARK,MUQH39,,,,,,,,,,,,8.0,6.289870738E2,6.22981318E2,-1.25,-0.895304,0.0,0.0,0.0,,,,,,,,,,,,,,,,,,,,,,,,,,,,,3.670978708E3
2917,UNDH,YCOR,YCHX39,type-U,0.0,,,,,,,,,,8.0,6.289870738E2,6.22981318E2,-1.25,-0.895304,0.0,0.0,0.0,,,,,,,,,,,,,,,,,,,,,,,,,,,,,3.670978708E3
2920,UNDH,BPM,RFBHX39,CavityX-1,0.05,,,,,,,,,,8.0,6.291170738E2,6.23111318E2,-1.25,-0.895304,0.0,0.0,0.0,,,,,,,,,,,,,,,,,,,,,,,,,,,,,3.671108707E3
2922,UNDH,USEG,PSHXH39,PS45,0.0495,,,,,,,,,,8.0,6.292445738E2,6.23238818E2,-1.25,-0.895304,0.0,0.0,0.0,,,,,,,,,,,,,,,,,,,,,,0.045,2.737835702998,,,,,,3.671236206E3
2923,UNDH,MARK,MPHH39,,,,,,,,,,,,8.0,6.292445738E2,6.23238818E2,-1.25,-0.895304,0.0,0.0,0.0,,,,,,,,,,,,,,,,,,,,,,,,,,,,,3.671236206E3
2928,UNDH,MARK,HXR39END,,,,,,,,,,,,8.0,6.294427405E2,6.23436985E2,-1.25,-0.895304,0.0,0.0,0.0,,,,,,,,,,,,,,,,,,,,,,,,,,,,,3.67143437E3
2929,UNDH,MARK,HXR40BEG,,,,,,,,,,,,8.0,6.294427405E2,6.23436985E2,-1.25,-0.895304,0.0,0.0,0.0,,,,,,,,,,,,,,,,,,,,,,,,,,,,,3.67143437E3
2933,UNDH,USEG,UMAHXH40,HGVPU26,3.354,,,,,,,,,,8.0,6.311697405E2,6.25163985E2,-1.25,-0.895304,0.0,0.0,0.0,,,,,,,,,,,,,,,,,,,,,,0.026,2.0,,,,,,3.673161351E3
2934,UNDH,EFC,XCHU40,type-V,0.0,,,,,,,,,,8.0,6.311697405E2,6.25163985E2,-1.25,-0.895304,0.0,0.0,0.0,,,,,,,,,,,,,,,,,,,,,,,,,,,,,3.673161351E3
2935,UNDH,EFC,YCHU40,type-V,0.0,,,,,,,,,,8.0,6.311697405E2,6.25163985E2,-1.25,-0.895304,0.0,0.0,0.0,,,,,,,,,,,,,,,,,,,,,,,,,,,,,3.673161351E3
2939,UNDH,MARK,MBLMH40,,,,,,,,,,,,8.0,6.329067485E2,6.26900993E2,-1.25,-0.895304,0.0,0.0,0.0,,,,,,,,,,,,,,,,,,,,,,,,,,,,,3.67489834E3
2941,UNDH,QUAD,QHXH40,0.433Q3.1,0.084,0.011,,-1.338359187,,0.0,,,,,8.0,6.329997405E2,6.26993985E2,-1.25,-0.895304,0.0,0.0,0.0,,,,,,,,,,-29.999999927592,35.714285628086,,,,,,,,,,,,,,,,,,3.674991331E3
2942,UNDH,XCOR,XCHX40,type-U,0.0,,,,,,,,,,8.0,6.329997405E2,6.26993985E2,-1.25,-0.895304,0.0,0.0,0.0,,,,,,,,,,,,,,,,,,,,,,,,,,,,,3.674991331E3
2943,UNDH,MARK,MUQH40,,,,,,,,,,,,8.0,6.329997405E2,6.26993985E2,-1.25,-0.895304,0.0,0.0,0.0,,,,,,,,,,,,,,,,,,,,,,,,,,,,,3.674991331E3
2944,UNDH,YCOR,YCHX40,type-U,0.0,,,,,,,,,,8.0,6.329997405E2,6.26993985E2,-1.25,-0.895304,0.0,0.0,0.0,,,,,,,,,,,,,,,,,,,,,,,,,,,,,3.674991331E3
2947,UNDH,BPM,RFBHX40,CavityX-1,0.05,,,,,,,,,,8.0,6.331297405E2,6.27123985E2,-1.25,-0.895304,0.0,0.0,0.0,,,,,,,,,,,,,,,,,,,,,,,,,,,,,3.67512133E3
2949,UNDH,USEG,PSHXH40,PS45,0.0495,,,,,,,,,,8.0,6.332572405E2,6.27251485E2,-1.25,-0.895304,0.0,0.0,0.0,,,,,,,,,,,,,,,,,,,,,,0.045,2.737835702998,,,,,,3.675248828E3
2950,UNDH,MARK,MPHH40,,,,,,,,,,,,8.0,6.332572405E2,6.27251485E2,-1.25,-0.895304,0.0,0.0,0.0,,,,,,,,,,,,,,,,,,,,,,,,,,,,,3.675248828E3
2953,UNDH,MARK,VVHXU40,,,,,,,,,,,,8.0,6.333664835E2,6.27360728E2,-1.25,-0.895304,0.0,0.0,0.0,,,,,,,,,,,,,,,,,,,,,,,,,,,,,3.67535807E3
2955,UNDH,MARK,HXR40END,,,,,,,,,,,,8.0,6.334554072E2,6.27449651E2,-1.25,-0.895304,0.0,0.0,0.0,,,,,,,,,,,,,,,,,,,,,,,,,,,,,3.675446993E3
2956,UNDH,MARK,HXR41BEG,,,,,,,,,,,,8.0,6.334554072E2,6.27449651E2,-1.25,-0.895304,0.0,0.0,0.0,,,,,,,,,,,,,,,,,,,,,,,,,,,,,3.675446993E3
2960,UNDH,USEG,UMAHXH41,HGVPU26,3.354,,,,,,,,,,8.0,6.351824072E2,6.29176651E2,-1.25,-0.895304,0.0,0.0,0.0,,,,,,,,,,,,,,,,,,,,,,0.026,2.0,,,,,,3.677173974E3
2961,UNDH,EFC,XCHU41,type-V,0.0,,,,,,,,,,8.0,6.351824072E2,6.29176651E2,-1.25,-0.895304,0.0,0.0,0.0,,,,,,,,,,,,,,,,,,,,,,,,,,,,,3.677173974E3
2962,UNDH,EFC,YCHU41,type-V,0.0,,,,,,,,,,8.0,6.351824072E2,6.29176651E2,-1.25,-0.895304,0.0,0.0,0.0,,,,,,,,,,,,,,,,,,,,,,,,,,,,,3.677173974E3
2967,UNDH,QUAD,QHXH41,0.433Q3.1,0.084,0.011,,1.338359187,,0.0,,,,,8.0,6.370124072E2,6.31006651E2,-1.25,-0.895304,0.0,0.0,0.0,,,,,,,,,,29.999999927592,-35.714285628086,,,,,,,,,,,,,,,,,,3.679003954E3
2968,UNDH,XCOR,XCHX41,type-U,0.0,,,,,,,,,,8.0,6.370124072E2,6.31006651E2,-1.25,-0.895304,0.0,0.0,0.0,,,,,,,,,,,,,,,,,,,,,,,,,,,,,3.679003954E3
2969,UNDH,MARK,MUQH41,,,,,,,,,,,,8.0,6.370124072E2,6.31006651E2,-1.25,-0.895304,0.0,0.0,0.0,,,,,,,,,,,,,,,,,,,,,,,,,,,,,3.679003954E3
2970,UNDH,YCOR,YCHX41,type-U,0.0,,,,,,,,,,8.0,6.370124072E2,6.31006651E2,-1.25,-0.895304,0.0,0.0,0.0,,,,,,,,,,,,,,,,,,,,,,,,,,,,,3.679003954E3
2973,UNDH,BPM,RFBHX41,CavityX-1,0.05,,,,,,,,,,8.0,6.371424072E2,6.31136651E2,-1.25,-0.895304,0.0,0.0,0.0,,,,,,,,,,,,,,,,,,,,,,,,,,,,,3.679133953E3
2975,UNDH,USEG,PSHXH41,PS45,0.0495,,,,,,,,,,8.0,6.372699072E2,6.31264151E2,-1.25,-0.895304,0.0,0.0,0.0,,,,,,,,,,,,,,,,,,,,,,0.045,2.737835702998,,,,,,3.679261451E3
2976,UNDH,MARK,MPHH41,,,,,,,,,,,,8.0,6.372699072E2,6.31264151E2,-1.25,-0.895304,0.0,0.0,0.0,,,,,,,,,,,,,,,,,,,,,,,,,,,,,3.679261451E3
2981,UNDH,MARK,HXR41END,,,,,,,,,,,,8.0,6.374680738E2,6.31462318E2,-1.25,-0.895304,0.0,0.0,0.0,,,,,,,,,,,,,,,,,,,,,,,,,,,,,3.679459616E3
2982,UNDH,MARK,HXR42BEG,,,,,,,,,,,,8.0,6.374680738E2,6.31462318E2,-1.25,-0.895304,0.0,0.0,0.0,,,,,,,,,,,,,,,,,,,,,,,,,,,,,3.679459616E3
2986,UNDH,USEG,UMAHXH42,HGVPU26,3.354,,,,,,,,,,8.0,6.391950738E2,6.33189318E2,-1.25,-0.895304,0.0,0.0,0.0,,,,,,,,,,,,,,,,,,,,,,0.026,2.0,,,,,,3.681186597E3
2987,UNDH,EFC,XCHU42,type-V,0.0,,,,,,,,,,8.0,6.391950738E2,6.33189318E2,-1.25,-0.895304,0.0,0.0,0.0,,,,,,,,,,,,,,,,,,,,,,,,,,,,,3.681186597E3
2988,UNDH,EFC,YCHU42,type-V,0.0,,,,,,,,,,8.0,6.391950738E2,6.33189318E2,-1.25,-0.895304,0.0,0.0,0.0,,,,,,,,,,,,,,,,,,,,,,,,,,,,,3.681186597E3
2992,UNDH,MARK,MBLMH42,,,,,,,,,,,,8.0,6.409320818E2,6.34926326E2,-1.25,-0.895304,0.0,0.0,0.0,,,,,,,,,,,,,,,,,,,,,,,,,,,,,3.682923586E3
2994,UNDH,QUAD,QHXH42,0.433Q3.1,0.084,0.011,,-1.338359187,,0.0,,,,,8.0,6.410250738E2,6.35019318E2,-1.25,-0.895304,0.0,0.0,0.0,,,,,,,,,,-29.999999927592,35.714285628086,,,,,,,,,,,,,,,,,,3.683016577E3
2995,UNDH,XCOR,XCHX42,type-U,0.0,,,,,,,,,,8.0,6.410250738E2,6.35019318E2,-1.25,-0.895304,0.0,0.0,0.0,,,,,,,,,,,,,,,,,,,,,,,,,,,,,3.683016577E3
2996,UNDH,MARK,MUQH42,,,,,,,,,,,,8.0,6.410250738E2,6.35019318E2,-1.25,-0.895304,0.0,0.0,0.0,,,,,,,,,,,,,,,,,,,,,,,,,,,,,3.683016577E3
2997,UNDH,YCOR,YCHX42,type-U,0.0,,,,,,,,,,8.0,6.410250738E2,6.35019318E2,-1.25,-0.895304,0.0,0.0,0.0,,,,,,,,,,,,,,,,,,,,,,,,,,,,,3.683016577E3
3000,UNDH,BPM,RFBHX42,CavityX-1,0.05,,,,,,,,,,8.0,6.411550738E2,6.35149318E2,-1.25,-0.895304,0.0,0.0,0.0,,,,,,,,,,,,,,,,,,,,,,,,,,,,,3.6831465755E3
3002,UNDH,USEG,PSHXH42,PS45,0.0495,,,,,,,,,,8.0,6.412825738E2,6.35276818E2,-1.25,-0.895304,0.0,0.0,0.0,,,,,,,,,,,,,,,,,,,,,,0.045,2.737835702998,,,,,,3.683274074E3
3003,UNDH,MARK,MPHH42,,,,,,,,,,,,8.0,6.412825738E2,6.35276818E2,-1.25,-0.895304,0.0,0.0,0.0,,,,,,,,,,,,,,,,,,,,,,,,,,,,,3.683274074E3
3008,UNDH,MARK,HXR42END,,,,,,,,,,,,8.0,6.414807405E2,6.35474985E2,-1.25,-0.895304,0.0,0.0,0.0,,,,,,,,,,,,,,,,,,,,,,,,,,,,,3.683472239E3
3009,UNDH,MARK,HXR43BEG,,,,,,,,,,,,8.0,6.414807405E2,6.35474985E2,-1.25,-0.895304,0.0,0.0,0.0,,,,,,,,,,,,,,,,,,,,,,,,,,,,,3.683472239E3
3013,UNDH,USEG,UMAHXH43,HGVPU26,3.354,,,,,,,,,,8.0,6.432077405E2,6.37201985E2,-1.25,-0.895304,0.0,0.0,0.0,,,,,,,,,,,,,,,,,,,,,,0.026,2.0,,,,,,3.68519922E3
3014,UNDH,EFC,XCHU43,type-V,0.0,,,,,,,,,,8.0,6.432077405E2,6.37201985E2,-1.25,-0.895304,0.0,0.0,0.0,,,,,,,,,,,,,,,,,,,,,,,,,,,,,3.68519922E3
3015,UNDH,EFC,YCHU43,type-V,0.0,,,,,,,,,,8.0,6.432077405E2,6.37201985E2,-1.25,-0.895304,0.0,0.0,0.0,,,,,,,,,,,,,,,,,,,,,,,,,,,,,3.68519922E3
3020,UNDH,QUAD,QHXH43,0.433Q3.1,0.084,0.011,,1.338359187,,0.0,,,,,8.0,6.450377405E2,6.39031985E2,-1.25,-0.895304,0.0,0.0,0.0,,,,,,,,,,29.999999927592,-35.714285628086,,,,,,,,,,,,,,,,,,3.6870292E3
3021,UNDH,XCOR,XCHX43,type-U,0.0,,,,,,,,,,8.0,6.450377405E2,6.39031985E2,-1.25,-0.895304,0.0,0.0,0.0,,,,,,,,,,,,,,,,,,,,,,,,,,,,,3.6870292E3
3022,UNDH,MARK,MUQH43,,,,,,,,,,,,8.0,6.450377405E2,6.39031985E2,-1.25,-0.895304,0.0,0.0,0.0,,,,,,,,,,,,,,,,,,,,,,,,,,,,,3.6870292E3
3023,UNDH,YCOR,YCHX43,type-U,0.0,,,,,,,,,,8.0,6.450377405E2,6.39031985E2,-1.25,-0.895304,0.0,0.0,0.0,,,,,,,,,,,,,,,,,,,,,,,,,,,,,3.6870292E3
3026,UNDH,BPM,RFBHX43,CavityX-1,0.05,,,,,,,,,,8.0,6.451677405E2,6.39161985E2,-1.25,-0.895304,0.0,0.0,0.0,,,,,,,,,,,,,,,,,,,,,,,,,,,,,3.6871591985E3
3028,UNDH,USEG,PSHXH43,PS45,0.0495,,,,,,,,,,8.0,6.452952405E2,6.39289485E2,-1.25,-0.895304,0.0,0.0,0.0,,,,,,,,,,,,,,,,,,,,,,0.045,2.737835702998,,,,,,3.687286697E3
3029,UNDH,MARK,MPHH43,,,,,,,,,,,,8.0,6.452952405E2,6.39289485E2,-1.25,-0.895304,0.0,0.0,0.0,,,,,,,,,,,,,,,,,,,,,,,,,,,,,3.687286697E3
3032,UNDH,MARK,VVHXU43,,,,,,,,,,,,8.0,6.454044835E2,6.39398728E2,-1.25,-0.895304,0.0,0.0,0.0,,,,,,,,,,,,,,,,,,,,,,,,,,,,,3.687395939E3
3034,UNDH,MARK,HXR43END,,,,,,,,,,,,8.0,6.454934072E2,6.39487651E2,-1.25,-0.895304,0.0,0.0,0.0,,,,,,,,,,,,,,,,,,,,,,,,,,,,,3.687484862E3
3035,UNDH,MARK,HXR44BEG,,,,,,,,,,,,8.0,6.454934072E2,6.39487651E2,-1.25,-0.895304,0.0,0.0,0.0,,,,,,,,,,,,,,,,,,,,,,,,,,,,,3.687484862E3
3039,UNDH,USEG,UMAHXH44,HGVPU26,3.354,,,,,,,,,,8.0,6.472204072E2,6.41214651E2,-1.25,-0.895304,0.0,0.0,0.0,,,,,,,,,,,,,,,,,,,,,,0.026,2.0,,,,,,3.689211843E3
3040,UNDH,EFC,XCHU44,type-V,0.0,,,,,,,,,,8.0,6.472204072E2,6.41214651E2,-1.25,-0.895304,0.0,0.0,0.0,,,,,,,,,,,,,,,,,,,,,,,,,,,,,3.689211843E3
3041,UNDH,EFC,YCHU44,type-V,0.0,,,,,,,,,,8.0,6.472204072E2,6.41214651E2,-1.25,-0.895304,0.0,0.0,0.0,,,,,,,,,,,,,,,,,,,,,,,,,,,,,3.689211843E3
3045,UNDH,MARK,MBLMH44,,,,,,,,,,,,8.0,6.489574152E2,6.42951659E2,-1.25,-0.895304,0.0,0.0,0.0,,,,,,,,,,,,,,,,,,,,,,,,,,,,,3.690948832E3
3047,UNDH,QUAD,QHXH44,0.433Q3.1,0.084,0.011,,-1.338359187,,0.0,,,,,8.0,6.490504072E2,6.43044651E2,-1.25,-0.895304,0.0,0.0,0.0,,,,,,,,,,-29.999999927592,35.714285628086,,,,,,,,,,,,,,,,,,3.691041823E3
3048,UNDH,XCOR,XCHX44,type-U,0.0,,,,,,,,,,8.0,6.490504072E2,6.43044651E2,-1.25,-0.895304,0.0,0.0,0.0,,,,,,,,,,,,,,,,,,,,,,,,,,,,,3.691041823E3
3049,UNDH,MARK,MUQH44,,,,,,,,,,,,8.0,6.490504072E2,6.43044651E2,-1.25,-0.895304,0.0,0.0,0.0,,,,,,,,,,,,,,,,,,,,,,,,,,,,,3.691041823E3
3050,UNDH,YCOR,YCHX44,type-U,0.0,,,,,,,,,,8.0,6.490504072E2,6.43044651E2,-1.25,-0.895304,0.0,0.0,0.0,,,,,,,,,,,,,,,,,,,,,,,,,,,,,3.691041823E3
3053,UNDH,BPM,RFBHX44,CavityX-1,0.05,,,,,,,,,,8.0,6.491804072E2,6.43174651E2,-1.25,-0.895304,0.0,0.0,0.0,,,,,,,,,,,,,,,,,,,,,,,,,,,,,3.6911718215E3
3055,UNDH,USEG,PSHXH44,PS45,0.0495,,,,,,,,,,8.0,6.493079072E2,6.43302151E2,-1.25,-0.895304,0.0,0.0,0.0,,,,,,,,,,,,,,,,,,,,,,0.045,2.737835702998,,,,,,3.69129932E3
3056,UNDH,MARK,MPHH44,,,,,,,,,,,,8.0,6.493079072E2,6.43302151E2,-1.25,-0.895304,0.0,0.0,0.0,,,,,,,,,,,,,,,,,,,,,,,,,,,,,3.69129932E3
3061,UNDH,MARK,HXR44END,,,,,,,,,,,,8.0,6.495060738E2,6.43500318E2,-1.25,-0.895304,0.0,0.0,0.0,,,,,,,,,,,,,,,,,,,,,,,,,,,,,3.691497485E3
3062,UNDH,MARK,HXR45BEG,,,,,,,,,,,,8.0,6.495060738E2,6.43500318E2,-1.25,-0.895304,0.0,0.0,0.0,,,,,,,,,,,,,,,,,,,,,,,,,,,,,3.691497485E3
3066,UNDH,USEG,UMAHXH45,HGVPU26,3.354,,,,,,,,,,8.0,6.512330738E2,6.45227318E2,-1.25,-0.895304,0.0,0.0,0.0,,,,,,,,,,,,,,,,,,,,,,0.026,2.0,,,,,,3.693224466E3
3067,UNDH,EFC,XCHU45,type-V,0.0,,,,,,,,,,8.0,6.512330738E2,6.45227318E2,-1.25,-0.895304,0.0,0.0,0.0,,,,,,,,,,,,,,,,,,,,,,,,,,,,,3.693224466E3
3068,UNDH,EFC,YCHU45,type-V,0.0,,,,,,,,,,8.0,6.512330738E2,6.45227318E2,-1.25,-0.895304,0.0,0.0,0.0,,,,,,,,,,,,,,,,,,,,,,,,,,,,,3.693224466E3
3073,UNDH,QUAD,QHXH45,0.433Q3.1,0.084,0.011,,1.338359187,,0.0,,,,,8.0,6.530630738E2,6.47057318E2,-1.25,-0.895304,0.0,0.0,0.0,,,,,,,,,,29.999999927592,-35.714285628086,,,,,,,,,,,,,,,,,,3.695054446E3
3074,UNDH,XCOR,XCHX45,type-U,0.0,,,,,,,,,,8.0,6.530630738E2,6.47057318E2,-1.25,-0.895304,0.0,0.0,0.0,,,,,,,,,,,,,,,,,,,,,,,,,,,,,3.695054446E3
3075,UNDH,MARK,MUQH45,,,,,,,,,,,,8.0,6.530630738E2,6.47057318E2,-1.25,-0.895304,0.0,0.0,0.0,,,,,,,,,,,,,,,,,,,,,,,,,,,,,3.695054446E3
3076,UNDH,YCOR,YCHX45,type-U,0.0,,,,,,,,,,8.0,6.530630738E2,6.47057318E2,-1.25,-0.895304,0.0,0.0,0.0,,,,,,,,,,,,,,,,,,,,,,,,,,,,,3.695054446E3
3079,UNDH,BPM,RFBHX45,CavityX-1,0.05,,,,,,,,,,8.0,6.531930738E2,6.47187318E2,-1.25,-0.895304,0.0,0.0,0.0,,,,,,,,,,,,,,,,,,,,,,,,,,,,,3.6951844445E3
3081,UNDH,USEG,PSHXH45,PS45,0.0495,,,,,,,,,,8.0,6.533205738E2,6.47314818E2,-1.25,-0.895304,0.0,0.0,0.0,,,,,,,,,,,,,,,,,,,,,,0.045,2.737835702998,,,,,,3.695311943E3
3082,UNDH,MARK,MPHH45,,,,,,,,,,,,8.0,6.533205738E2,6.47314818E2,-1.25,-0.895304,0.0,0.0,0.0,,,,,,,,,,,,,,,,,,,,,,,,,,,,,3.695311943E3
3085,UNDH,MARK,VVHXU45,,,,,,,,,,,,8.0,6.534298168E2,6.47424061E2,-1.25,-0.895304,0.0,0.0,0.0,,,,,,,,,,,,,,,,,,,,,,,,,,,,,3.695421185E3
3087,UNDH,MARK,HXR45END,,,,,,,,,,,,8.0,6.535187405E2,6.47512985E2,-1.25,-0.895304,0.0,0.0,0.0,,,,,,,,,,,,,,,,,,,,,,,,,,,,,3.695510108E3
3088,UNDH,MARK,HXR46BEG,,,,,,,,,,,,8.0,6.535187405E2,6.47512985E2,-1.25,-0.895304,0.0,0.0,0.0,,,,,,,,,,,,,,,,,,,,,,,,,,,,,3.695510108E3
3092,UNDH,USEG,UMAHXH46,HGVPU26,3.354,,,,,,,,,,8.0,6.552457405E2,6.49239985E2,-1.25,-0.895304,0.0,0.0,0.0,,,,,,,,,,,,,,,,,,,,,,0.026,2.0,,,,,,3.697237089E3
3093,UNDH,EFC,XCHU46,type-V,0.0,,,,,,,,,,8.0,6.552457405E2,6.49239985E2,-1.25,-0.895304,0.0,0.0,0.0,,,,,,,,,,,,,,,,,,,,,,,,,,,,,3.697237089E3
3094,UNDH,EFC,YCHU46,type-V,0.0,,,,,,,,,,8.0,6.552457405E2,6.49239985E2,-1.25,-0.895304,0.0,0.0,0.0,,,,,,,,,,,,,,,,,,,,,,,,,,,,,3.697237089E3
3098,UNDH,MARK,MBLMH46,,,,,,,,,,,,8.0,6.569827485E2,6.50976993E2,-1.25,-0.895304,0.0,0.0,0.0,,,,,,,,,,,,,,,,,,,,,,,,,,,,,3.698974078E3
3100,UNDH,QUAD,QHXH46,0.433Q3.1,0.084,0.011,,-1.73462426,,0.0,,,,,8.0,6.570757405E2,6.51069985E2,-1.25,-0.895304,0.0,0.0,0.0,,,,,,,,,,-38.882482505348,46.288669649224,,,,,,,,,,,,,,,,,,3.699067069E3
3101,UNDH,XCOR,XCHX46,type-U,0.0,,,,,,,,,,8.0,6.570757405E2,6.51069985E2,-1.25,-0.895304,0.0,0.0,0.0,,,,,,,,,,,,,,,,,,,,,,,,,,,,,3.699067069E3
3102,UNDH,MARK,MUQH46,,,,,,,,,,,,8.0,6.570757405E2,6.51069985E2,-1.25,-0.895304,0.0,0.0,0.0,,,,,,,,,,,,,,,,,,,,,,,,,,,,,3.699067069E3
3103,UNDH,YCOR,YCHX46,type-U,0.0,,,,,,,,,,8.0,6.570757405E2,6.51069985E2,-1.25,-0.895304,0.0,0.0,0.0,,,,,,,,,,,,,,,,,,,,,,,,,,,,,3.699067069E3
3106,UNDH,BPM,RFBHX46,CavityX-1,0.05,,,,,,,,,,8.0,6.572057405E2,6.51199985E2,-1.25,-0.895304,0.0,0.0,0.0,,,,,,,,,,,,,,,,,,,,,,,,,,,,,3.6991970675E3
3108,UNDH,USEG,PSHXH46,PS45,0.0495,,,,,,,,,,8.0,6.573332405E2,6.51327485E2,-1.25,-0.895304,0.0,0.0,0.0,,,,,,,,,,,,,,,,,,,,,,0.045,2.737835702998,,,,,,3.699324566E3
3109,UNDH,MARK,MPHH46,,,,,,,,,,,,8.0,6.573332405E2,6.51327485E2,-1.25,-0.895304,0.0,0.0,0.0,,,,,,,,,,,,,,,,,,,,,,,,,,,,,3.699324566E3
3114,UNDH,MARK,HXR46END,,,,,,,,,,,,8.0,6.575314072E2,6.51525651E2,-1.25,-0.895304,0.0,0.0,0.0,,,,,,,,,,,,,,,,,,,,,,,,,,,,,3.699522731E3
3115,UNDH,MARK,HXR47BEG,,,,,,,,,,,,8.0,6.575314072E2,6.51525651E2,-1.25,-0.895304,0.0,0.0,0.0,,,,,,,,,,,,,,,,,,,,,,,,,,,,,3.699522731E3
3119,UNDH,USEG,UMAHXH47,HGVPU26,3.354,,,,,,,,,,8.0,6.592584072E2,6.53252651E2,-1.25,-0.895304,0.0,0.0,0.0,,,,,,,,,,,,,,,,,,,,,,0.026,2.0,,,,,,3.701249712E3
3120,UNDH,EFC,XCHU47,type-V,0.0,,,,,,,,,,8.0,6.592584072E2,6.53252651E2,-1.25,-0.895304,0.0,0.0,0.0,,,,,,,,,,,,,,,,,,,,,,,,,,,,,3.701249712E3
3121,UNDH,EFC,YCHU47,type-V,0.0,,,,,,,,,,8.0,6.592584072E2,6.53252651E2,-1.25,-0.895304,0.0,0.0,0.0,,,,,,,,,,,,,,,,,,,,,,,,,,,,,3.701249712E3
3126,UNDH,QUAD,QHXH47,0.433Q3.1,0.084,0.011,,0.0,,0.0,,,,,8.0,6.610884072E2,6.55082651E2,-1.25,-0.895304,0.0,0.0,0.0,,,,,,,,,,0.0,0.0,,,,,,,,,,,,,,,,,,3.703079692E3
3127,UNDH,XCOR,XCHX47,type-U,0.0,,,,,,,,,,8.0,6.610884072E2,6.55082651E2,-1.25,-0.895304,0.0,0.0,0.0,,,,,,,,,,,,,,,,,,,,,,,,,,,,,3.703079692E3
3128,UNDH,MARK,MUQH47,,,,,,,,,,,,8.0,6.610884072E2,6.55082651E2,-1.25,-0.895304,0.0,0.0,0.0,,,,,,,,,,,,,,,,,,,,,,,,,,,,,3.703079692E3
3129,UNDH,YCOR,YCHX47,type-U,0.0,,,,,,,,,,8.0,6.610884072E2,6.55082651E2,-1.25,-0.895304,0.0,0.0,0.0,,,,,,,,,,,,,,,,,,,,,,,,,,,,,3.703079692E3
3132,UNDH,BPM,RFBHX47,CavityX-1,0.05,,,,,,,,,,8.0,6.612184072E2,6.55212651E2,-1.25,-0.895304,0.0,0.0,0.0,,,,,,,,,,,,,,,,,,,,,,,,,,,,,3.7032096905E3
3138,UNDH,MARK,HXR47END,,,,,,,,,,,,8.0,6.615440738E2,6.55538318E2,-1.25,-0.895304,0.0,0.0,0.0,,,,,,,,,,,,,,,,,,,,,,,,,,,,,3.703535354E3
3139,UNDH,MARK,HXR48BEG,,,,,,,,,,,,8.0,6.615440738E2,6.55538318E2,-1.25,-0.895304,0.0,0.0,0.0,,,,,,,,,,,,,,,,,,,,,,,,,,,,,3.703535354E3
3152,UNDH,MARK,HXR48END,,,,,,,,,,,,8.0,6.655567405E2,6.59550985E2,-1.25,-0.895304,0.0,0.0,0.0,,,,,,,,,,,,,,,,,,,,,,,,,,,,,3.707547977E3
3153,UNDH,MARK,HXR49BEG,,,,,,,,,,,,8.0,6.655567405E2,6.59550985E2,-1.25,-0.895304,0.0,0.0,0.0,,,,,,,,,,,,,,,,,,,,,,,,,,,,,3.707547977E3
3166,UNDH,MARK,HXR49END,,,,,,,,,,,,8.0,6.695694072E2,6.63563651E2,-1.25,-0.895304,0.0,0.0,0.0,,,,,,,,,,,,,,,,,,,,,,,,,,,,,3.711560599E3
3167,UNDH,MARK,HXR50BEG,,,,,,,,,,,,8.0,6.695694072E2,6.63563651E2,-1.25,-0.895304,0.0,0.0,0.0,,,,,,,,,,,,,,,,,,,,,,,,,,,,,3.711560599E3
3180,UNDH,MARK,HXR50END,,,,,,,,,,,,8.0,6.735820738E2,6.67576318E2,-1.25,-0.895304,0.0,0.0,0.0,,,,,,,,,,,,,,,,,,,,,,,,,,,,,3.715573222E3
3181,UNDH,MARK,RWWAKE5H,WAKE,,,,,,,,,,,8.0,6.735820738E2,6.67576318E2,-1.25,-0.895304,0.0,0.0,0.0,,,,,,,,,,,,,,,,,,,,,,,,,,,,,3.715573222E3
3182,UNDH,MARK,HXRTERM,,,,,,,,,,,,8.0,6.735820738E2,6.67576318E2,-1.25,-0.895304,0.0,0.0,0.0,,,,,,,,,,,,,,,,,,,,,,,,,,,,,3.715573222E3
3184,UNDH,BPM,RFBHX51,CavityX-1,0.05,,,,,,,,,,8.0,6.764102485E2,6.70404493E2,-1.25,-0.895304,0.0,0.0,0.0,,,,,,,,,,,,,,,,,,,,,,,,,,,,,3.7184013665E3
3186,UNDH,INST,ENDUNDH,,,,,,,,,,,,8.0,6.764922485E2,6.70486493E2,-1.25,-0.895304,0.0,0.0,0.0,,,,,,,,,,,,,,,,,,,,,,,,,,,,,3.718483365E3
3187,DMPH,INST,BEGDMPH_1,,,,,,,,,,,,8.0,6.764922485E2,6.70486493E2,-1.25,-0.895304,0.0,0.0,0.0,,,,,,,,,,,,,,,,,,,,,,,,,,,,,3.718483365E3
3188,DMPH,MARK,UEBEG,,,,,,,,,,,,8.0,6.764922485E2,6.70486493E2,-1.25,-0.895304,0.0,0.0,0.0,,,,,,,,,,,,,,,,,,,,,,,,,,,,,3.718483365E3
3190,DMPH,MARK,VV36,,,,,,,,,,,,8.0,6.765922485E2,6.70586493E2,-1.25,-0.895304,0.0,0.0,0.0,,,,,,,,,,,,,,,,,,,,,,,,,,,,,3.718583364E3
3192,DMPH,MARK,MIMUNDO,,,,,,,,,,,,8.0,6.780922485E2,6.72086493E2,-1.25,-0.895304,0.0,0.0,0.0,,,,,,,,,,,,,,,,,,,,,,,,,,,,,3.720083348E3
3195,DMPH,YCOR,YCUE1,class-4,0.0,,,,,,,,,,8.0,6.790922485E2,6.73086493E2,-1.25,-0.895304,0.0,0.0,0.0,,,,,,,,,,,,,,,,,,,,,,,,,,,,,3.721083337E3
3197,DMPH,INST,PH31,2805 MHz,0.0,,,,,,,,,,8.0,6.797218035E2,6.73716048E2,-1.25,-0.895304,0.0,0.0,0.0,,,,,,,,,,,,,,,,,,,,,,,,,,,,,3.721712885E3
3199,DMPH,INST,PH32,2805 MHz,0.0,,,,,,,,,,8.0,6.798978035E2,6.73892048E2,-1.25,-0.895304,0.0,0.0,0.0,,,,,,,,,,,,,,,,,,,,,,,,,,,,,3.721888883E3
3201,DMPH,INST,PH33,2604 MHz,0.0,,,,,,,,,,8.0,6.800738035E2,6.74068048E2,-1.25,-0.895304,0.0,0.0,0.0,,,,,,,,,,,,,,,,,,,,,,,,,,,,,3.722064881E3
3203,DMPH,INST,PH34,2604 MHz,0.0,,,,,,,,,,8.0,6.802498035E2,6.74244048E2,-1.25,-0.895304,0.0,0.0,0.0,,,,,,,,,,,,,,,,,,,,,,,,,,,,,3.722240879E3
3205,DMPH,XCOR,XCUE2,class-4,0.0,,,,,,,,,,8.0,6.808323035E2,6.74826548E2,-1.25,-0.895304,0.0,0.0,0.0,,,,,,,,,,,,,,,,,,,,,,,,,,,,,3.722823373E3
3207,DMPH,QUAD,QUE1,3.25Q20,0.55,0.08255,,0.1691092525,,0.0,,,,,8.0,6.816623035E2,6.75656548E2,-1.25,-0.895304,0.0,0.0,0.0,,,,,,,,,,24.819860861279,-4.512701974778,,,,,,,,,,,,,,,,,,3.723653364E3
3210,DMPH,BPM,BPMUE1,Stripline-13,0.0,,,,,,,,,,8.0,6.823041245E2,6.76298369E2,-1.25,-0.895304,0.0,0.0,0.0,,,,,,,,,,,,,,,,,,,,,,,,,,,,,3.724295178E3
3212,*DMPH,INST,TRUE1,,0.0,,,,,,,,,,8.0,6.83515857E2,6.77510101E2,-1.25,-0.895304,0.0,0.0,0.0,,,,,,,,,,,,,,,,,,,,,,,,,,,,,3.725506897E3
3216,DMPH,PC,PCTCX,,0.0,,,,,,,,,,8.0,6.853127325E2,6.79306977E2,-1.25,-0.895304,0.0,0.0,0.0,,,,,,,,,,,,,,,,,,,,,,,,0.9E-2,0.9E-2,,,,3.727303753E3
3218,DMPH,MARK,VVTCX,,,,,,,,,,,,8.0,6.857097325E2,6.79703977E2,-1.25,-0.895304,0.0,0.0,0.0,,,,,,,,,,,,,,,,,,,,,,,,,,,,,3.727700749E3
3220,DMPH,MARK,MTCX01,,,,,,,,,,,,8.0,6.860297325E2,6.80023977E2,-1.25,-0.895304,0.0,0.0,0.0,,,,,,,,,,,,,,,,,,,,,,,,,,,,,3.728020745E3
3221,DMPH,TCAV,TCX01,TRANS_DEFL,1.0,,,,,,,,,,8.0,6.865297325E2,6.80523977E2,-1.25,-0.895304,0.0,0.0,0.0,1.1424E4,0.0,0.0,0.0,1.0,,,,,,,,,,,,,,,,,,,,,,,,3.72852074E3
3224,DMPH,MARK,MTCX,,,,,,,,,,,,8.0,6.872162325E2,6.81210477E2,-1.25,-0.895304,0.0,0.0,0.0,,,,,,,,,,,,,,,,,,,,,,,,,,,,,3.729207232E3
3226,DMPH,TCAV,TCX02,TRANS_DEFL,1.0,,,,,,,,,,8.0,6.879027325E2,6.81896977E2,-1.25,-0.895304,0.0,0.0,0.0,1.1424E4,0.0,0.0,0.0,1.0,,,,,,,,,,,,,,,,,,,,,,,,3.729893725E3
3229,DMPH,INST,SPTCX,,0.0,,,,,,,,,,8.0,6.887837325E2,6.82777977E2,-1.25,-0.895304,0.0,0.0,0.0,,,,,,,,,,,,,,,,,,,,,,,,,,,,,3.730774715E3
3231,DMPH,QUAD,QUE2,3.25Q20,0.55,0.08255,,-0.1378408162,,0.0,,,,,8.0,6.894527325E2,6.83446977E2,-1.25,-0.895304,0.0,0.0,0.0,,,,,,,,,,-20.230648699066,3.678299763466,,,,,,,,,,,,,,,,,,3.731443708E3
3234,DMPH,BPM,BPMUE2,Stripline-13,0.0,,,,,,,,,,8.0,6.900945535E2,6.84088798E2,-1.25,-0.895304,0.0,0.0,0.0,,,,,,,,,,,,,,,,,,,,,,,,,,,,,3.732085522E3
3236,DMPH,INST,BTMQUE,,0.0,,,,,,,,,,8.0,6.904095315E2,6.84403776E2,-1.25,-0.895304,0.0,0.0,0.0,,,,,,,,,,,,,,,,,,,,,,,,,,,,,3.732400497E3
3238,DMPH,PC,PCPM0,,0.076,,,,,,,,,,8.0,6.907149315E2,6.84709176E2,-1.25,-0.895304,0.0,0.0,0.0,,,,,,,,,,,,,,,,,,,,,,,,0.035,0.035,,,,3.7327058935E3
3240,DMPH,INST,BTM0,,0.0,,,,,,,,,,8.0,6.908029315E2,6.84797176E2,-1.25,-0.895304,0.0,0.0,0.0,,,,,,,,,,,,,,,,,,,,,,,,,,,,,3.732793892E3
3242,DMPH,MARK,MIMBCS3,,,,,,,,,,,,8.0,6.908899865E2,6.84884231E2,-1.25,-0.895304,0.0,0.0,0.0,,,,,,,,,,,,,,,,,,,,,,,,,,,,,3.732880946E3
3244,DMPH,MARK,MDLWALL,,,,,,,,,,,,8.0,6.910057557E2,6.85E2,-1.25,-0.895304,0.0,0.0,0.0,,,,,,,,,,,,,,,,,,,,,,,,,,,,,3.732996714E3
3246,DMPH,MARK,UEEND,,,,,,,,,,,,8.0,6.912565815E2,6.85250826E2,-1.25,-0.895304,0.0,0.0,0.0,,,,,,,,,,,,,,,,,,,,,,,,,,,,,3.733247537E3
3247,DMPH,MARK,DLSTART,,,,,,,,,,,,8.0,6.912565815E2,6.85250826E2,-1.25,-0.895304,0.0,0.0,0.0,,,,,,,,,,,,,,,,,,,,,,,,,,,,,3.733247537E3
3249,DMPH,YCOR,YCD3,class-5,0.0,,,,,,,,,,8.0,6.915167315E2,6.85510976E2,-1.25,-0.895304,0.0,0.0,0.0,,,,,,,,,,,,,,,,,,,,,,,,,,,,,3.733507685E3
3251,DMPH,XCOR,XCD3,class-5,0.0,,,,,,,,,,8.0,6.918607315E2,6.85854976E2,-1.25,-0.895304,0.0,0.0,0.0,,,,,,,,,,,,,,,,,,,,,,,,,,,,,3.733851681E3
3253,DMPH,MARK,VV37,,,,,,,,,,,,8.0,6.921871915E2,6.86181436E2,-1.25,-0.895304,0.0,0.0,0.0,,,,,,,,,,,,,,,,,,,,,,,,,,,,,3.734178137E3
3256,DMPH,INST,ENDDMPH_1,,,,,,,,,,,,8.0,6.924160865E2,6.86410331E2,-1.25,-0.895304,0.0,0.0,0.0,,,,,,,,,,,,,,,,,,,,,,,,,,,,,3.73440703E3
3257,DMPH,INST,BEGDMPH_2,,,,,,,,,,,,8.0,6.924160865E2,6.86410331E2,-1.25,-0.895304,0.0,0.0,0.0,,,,,,,,,,,,,,,,,,,,,,,,,,,,,3.73440703E3
3258,DMPH,MARK,RODMP1H,,0.0,,9.999241008571,,,,,,,,8.0,6.924160865E2,6.86410331E2,-1.25,-0.895304,0.08726,0.0,0.0,,,,,,,,,,,,,,,,,,,,,,,,,,,,,3.73440703E3
3259,DMPH,BEND,BYDSH,1.26D18.43,0.5,0.032,0.034377467708,0.0,,90.000000011752,0.017188733854,0.017188733854,,,8.0,6.926660865E2,6.86660331E2,-1.249993,-0.895341,0.17452,0.295E-3,0.52E-4,,,,,,0.4999999925,0.5,0.160110765368,-0.032022153074,0.0,0.0,,,,6.86660331E2,-1.24999,-0.89536,0.17452,0.295E-3,0.52E-4,,,,,,,,,3.734657027E3
3262,DMPH,BEND,BYD1,1.69VD55.1,1.45203,0.043,1.283467580366,0.0,,90.000000011752,0.641733790183,0.641733790183,,,8.0,6.93957978E2,6.87952204E2,-1.249159,-0.900072,0.17452,0.011621,0.2049E-2,,,,,,1.451999641091,0.57,5.977664741467,-0.411676393839,0.0,0.0,,,,6.8795218E2,-1.248806,-0.902074,0.17452,0.011621,0.2049E-2,,,,,,,,,3.735948909E3
3265,DMPH,BEND,BYD2,1.69VD55.1,1.45203,0.043,1.283467580366,0.0,,90.000000011752,0.641733790183,0.641733790183,,,8.0,6.956579543E2,6.89651701E2,-1.242371,-0.938574,0.17452,0.033681,0.5941E-2,,,,,,1.451999641091,0.57,5.977664741467,-0.411676393839,0.0,0.0,,,,6.89651631E2,-1.242018,-0.940575,0.17452,0.033681,0.5941E-2,,,,,,,,,3.737648566E3
3268,DMPH,BEND,BYD3,1.69VD55.1,1.45203,0.043,1.283467580366,0.0,,90.000000011752,0.641733790183,0.641733790183,,,8.0,6.973579307E2,6.91349895E2,-1.228974,-1.014556,0.17452,0.055741,0.9838E-2,,,,,,1.451999641091,0.57,5.977664741467,-0.411676393839,0.0,0.0,,,,6.9134978E2,-1.228622,-1.016555,0.17452,0.055741,0.9838E-2,,,,,,,,,3.739347097E3
3271,DMPH,PC,PCPM1L,,0.076,,,,,,,,,,8.0,6.986996272E2,6.92688769E2,-1.213895,-1.10008,0.17452,0.066771,0.01179,,,,,,,,,,,,,,,,,,,,,,,,0.028575,0.028575,,,,3.740686356E3
3272,DMPH,INST,BTM1L,,0.0,,,,,,,,,,8.0,6.987376272E2,6.92726682E2,-1.213448,-1.102615,0.17452,0.066771,0.01179,,,,,,,,,,,,,,,,,,,,,,,,,,,,,3.74072428E3
3274,DMPH,MARK,MIMDUMP,,,,,,,,,,,,8.0,6.997377147E2,6.93724471E2,-1.201684,-1.169342,0.17452,0.066771,0.01179,,,,,,,,,,,,,,,,,,,,,,,,,,,,,3.74172237E3
3276,DMPH,MARK,MIMBCS4,,,,,,,,,,,,8.0,7.000425147E2,6.94028571E2,-1.198098,-1.189679,0.17452,0.066771,0.01179,,,,,,,,,,,,,,,,,,,,,,,,,,,,,3.742026561E3
3278,DMPH,YCOR,YCDD,class-5,0.0,,,,,,,,,,8.0,7.08865227E2,7.02831011E2,-1.094309,-1.77834,0.17452,0.066771,0.01179,,,,,,,,,,,,,,,,,,,,,,,,,,,,,3.750831654E3
3280,DMPH,PC,PCPM2L,,0.076,,,,,,,,,,8.0,7.091528651E2,7.03117989E2,-1.090925,-1.797532,0.17452,0.066771,0.01179,,,,,,,,,,,,,,,,,,,,,,,,0.0762,0.0762,,,,3.751118718E3
3281,DMPH,INST,BTM2L,,0.0,,,,,,,,,,8.0,7.091908651E2,7.03155901E2,-1.090478,-1.800067,0.17452,0.066771,0.01179,,,,,,,,,,,,,,,,,,,,,,,,,,,,,3.751156642E3
3283,DMPH,QUAD,QDMP1,3.94Q17,0.43,0.1,,-0.1552127101,,0.0,,,,,8.0,7.098151051E2,7.03778707E2,-1.083135,-1.841717,0.17452,0.066771,0.01179,,,,,,,,,,-17.810045163137,4.141870968171,,,,,,,,,,,,,,,,,,3.751779635E3
3286,DMPH,BPM,BPMQD,Stripline-11,0.0,,,,,,,,,,8.0,7.103321679E2,7.04294582E2,-1.077052,-1.876216,0.17452,0.066771,0.01179,,,,,,,,,,,,,,,,,,,,,,,,,,,,,3.752295665E3
3288,DMPH,MARK,MQDMP,,,,,,,,,,,,8.0,7.103401051E2,7.04302501E2,-1.076959,-1.876746,0.17452,0.066771,0.01179,,,,,,,,,,,,,,,,,,,,,,,,,,,,,3.752303587E3
3290,DMPH,QUAD,QDMP2,3.94Q17,0.43,0.1,,-0.1552127101,,0.0,,,,,8.0,7.108651051E2,7.04826294E2,-1.070783,-1.911774,0.17452,0.066771,0.01179,,,,,,,,,,-17.810045163137,4.141870968171,,,,,,,,,,,,,,,,,,3.752827538E3
3293,DMPH,XCOR,XCDD,class-5,0.0,,,,,,,,,,8.0,7.115551051E2,7.05514709E2,-1.062666,-1.957812,0.17452,0.066771,0.01179,,,,,,,,,,,,,,,,,,,,,,,,,,,,,3.75351616E3
3297,DMPH,BPM,BPMDD,Stripline-8,0.0,,,,,,,,,,8.0,7.191086255E2,7.13050874E2,-0.973807,-2.461791,0.17452,0.066771,0.01179,,,,,,,,,,,,,,,,,,,,,,,,,,,,,3.761054596E3
3299,DMPH,PROF,OTRDMP,OTR,0.0,,,,,,,,,,8.0,7.192623399E2,7.13204235E2,-0.971999,-2.472047,0.17452,0.066771,0.01179,,,,,,,,,,,,,,,,,,,,,,,,,,,,,3.761208003E3
3301,DMPH,PC,PCEBD,gasket coll,0.0,,,,,,,,,,8.0,7.19338305E2,7.13280026E2,-0.971106,-2.477116,0.17452,0.066771,0.01179,,,,,,,,,,,,,,,,,,,,,,,,0.068,0.068,,,,3.761283816E3
3303,*DMPH,BPM,RFBDD,CavityL-1,0.0,,,,,,,,,,8.0,7.194831199E2,7.13424508E2,-0.969402,-2.486778,0.17452,0.066771,0.01179,,,,,,,,,,,,,,,,,,,,,,,,,,,,,3.761428342E3
3305,*DMPH,WIRE,WSDUMP,special,0.0,,,,,,,,,,8.0,7.197038999E2,7.1364478E2,-0.966805,-2.501509,0.17452,0.066771,0.01179,,,,,,,,,,,,,,,,,,,,,,,,,,,,,3.761648681E3
3307,DMPH,MARK,RODMP2H,,0.0,,-10.021802757281,,,,,,,,8.0,7.219909752E2,7.15926601E2,-0.9399,-2.654105,0.08726,0.066771,0.01179,,,,,,,,,,,,,,,,,,,,,,,,,,,,,3.763931189E3
3308,DMPH,INST,DUMPFACE,,0.0,,,,,,,,,,8.0,7.219909752E2,7.15926601E2,-0.9399,-2.654105,0.0,0.066771,0.01179,,,,,,,,,,,,,,,,,,,,,,,,,,,,,3.763931189E3
3310,DMPH,MARK,DMPEND,,,,,,,,,,,,8.0,7.235434232E2,7.17475482E2,-0.921637,-2.757686,0.0,0.066771,0.01179,,,,,,,,,,,,,,,,,,,,,,,,,,,,,3.765480537E3
3311,DMPH,INST,BTMDUMP,,0.0,,,,,,,,,,8.0,7.235434232E2,7.17475482E2,-0.921637,-2.757686,0.0,0.066771,0.01179,,,,,,,,,,,,,,,,,,,,,,,,,,,,,3.765480537E3
3312,DMPH,MARK,DBMARK38,,,,,,,,,,,,8.0,7.235434232E2,7.17475482E2,-0.921637,-2.757686,0.0,0.066771,0.01179,,,,,,,,,,,,,,,,,,,,,,,,,,,,,3.765480537E3
3313,DMPH,INST,ENDDMPH_2,,,,,,,,,,,,8.0,7.235434232E2,7.17475482E2,-0.921637,-2.757686,0.0,0.066771,0.01179,,,,,,,,,,,,,,,,,,,,,,,,,,,,,3.765480537E3
3257,SFTH,INST,BEGSFTH_1,,,,,,,,,,,,8.0,6.924160865E2,6.86410331E2,-1.25,-0.895304,0.0,0.0,0.0,,,,,,,,,,,,,,,,,,,,,,,,,,,,,3.73440703E3
3266,SFTH,MARK,VV38,,,,,,,,,,,,8.0,6.985584558E2,6.925527E2,-1.25,-0.895304,0.0,0.0,0.0,,,,,,,,,,,,,,,,,,,,,,,,,,,,,3.740549332E3
3268,SFTH,PC,PCPM1,,0.076,,,,,,,,,,8.0,6.986907558E2,6.92685E2,-1.25,-0.895304,0.0,0.0,0.0,,,,,,,,,,,,,,,,,,,,,,,,0.016,0.016,,,,3.7406816305E3
3270,SFTH,INST,BTM1,,0.0,,,,,,,,,,8.0,6.987437558E2,6.92738E2,-1.25,-0.895304,0.0,0.0,0.0,,,,,,,,,,,,,,,,,,,,,,,,,,,,,3.74073463E3
3272,SFTH,INST,TV1L0_VGC_1,GATE VALVE,0.0,,,,,,,,,,8.0,6.995845548E2,6.93578799E2,-1.25,-0.895304,0.0,0.0,0.0,,,,,,,,,,,,,,,,,,,,,,,,,,,,,3.74157542E3
3274,SFTH,INST,TP_HXTES0,treaty flange,0.0,,,,,,,,,,8.0,6.996220558E2,6.936163E2,-1.25,-0.895304,0.0,0.0,0.0,,,,,,,,,,,,,,,,,,,,,,,,,,,,,3.741612921E3
3276,SFTH,INST,TV1L0_VRM_1,RIGHT ANGLE VALV,0.0,,,,,,,,,,8.0,7.005002568E2,6.94494501E2,-1.25,-0.895304,0.0,0.0,0.0,,,,,,,,,,,,,,,,,,,,,,,,,,,,,3.742491112E3
3277,SFTH,INST,TV1L0_GCC_1,COLD CATHODE GAU,0.0,,,,,,,,,,8.0,7.005002568E2,6.94494501E2,-1.25,-0.895304,0.0,0.0,0.0,,,,,,,,,,,,,,,,,,,,,,,,,,,,,3.742491112E3
3278,SFTH,INST,TV1L0_GPI_1,PIRANI GAUGE,0.0,,,,,,,,,,8.0,7.005002568E2,6.94494501E2,-1.25,-0.895304,0.0,0.0,0.0,,,,,,,,,,,,,,,,,,,,,,,,,,,,,3.742491112E3
3281,SFTH,PROF,RTDSL0,RAPID TRNAD DIAG,0.0,,,,,,,,,,8.0,7.008987558E2,6.94893E2,-1.25,-0.895304,0.0,0.0,0.0,,,,,,,,,,,,,,,,,,,,,,,,,,,,,3.742889607E3
3284,SFTH,PROF,RTDSL0_YAGXRAY,PROFILE MON (RTD,0.0,,,,,,,,,,8.0,7.021337558E2,6.96128E2,-1.25,-0.895304,0.0,0.0,0.0,,,,,,,,,,,,,,,,,,,,,,,,,,,,,3.744124593E3
3287,SFTH,INST,IM1L0_XTES_VGC_1,GATE VALVE,0.0,,,,,,,,,,8.0,7.050504528E2,6.99044697E2,-1.25,-0.895304,0.0,0.0,0.0,,,,,,,,,,,,,,,,,,,,,,,,,,,,,3.747041258E3
3289,SFTH,INST,IM1L0_XTES_VRM_1,RIGHT ANGLE VALV,0.0,,,,,,,,,,8.0,7.051928548E2,6.99187099E2,-1.25,-0.895304,0.0,0.0,0.0,,,,,,,,,,,,,,,,,,,,,,,,,,,,,3.747183659E3
3291,SFTH,INST,IM1L0_XTES,IMAGER,0.0,,,,,,,,,,8.0,7.055634388E2,6.99557683E2,-1.25,-0.895304,0.0,0.0,0.0,,,,,,,,,,,,,,,,,,,,,,,,,,,,,3.747554239E3
3293,SFTH,PC,PCPM2,,0.076,,,,,,,,,,8.0,7.05960722E2,6.99954966E2,-1.25,-0.895304,0.0,0.0,0.0,,,,,,,,,,,,,,,,,,,,,,,,0.0254,0.0254,,,,3.7479515175E3
3294,SFTH,INST,BTM2,,0.0,,,,,,,,,,8.0,7.05998722E2,6.99992966E2,-1.25,-0.895304,0.0,0.0,0.0,,,,,,,,,,,,,,,,,,,,,,,,,,,,,3.747989517E3
3296,SFTH,INST,MBXPM1_PIP_1,ION PUMP,0.0,,,,,,,,,,8.0,7.06187366E2,7.0018161E2,-1.25,-0.895304,0.0,0.0,0.0,,,,,,,,,,,,,,,,,,,,,,,,,,,,,3.748178159E3
3298,SFTH,INST,ENDSFTH_1,,,,,,,,,,,,8.0,7.065337558E2,7.00528E2,-1.25,-0.895304,0.0,0.0,0.0,,,,,,,,,,,,,,,,,,,,,,,,,,,,,3.748524545E3
3299,SFTH,INST,BEGSFTH_2,,,,,,,,,,,,8.0,7.065337558E2,7.00528E2,-1.25,-0.895304,0.0,0.0,0.0,,,,,,,,,,,,,,,,,,,,,,,,,,,,,3.748524545E3
3300,SFTH,BEND,BXPM1,4D36-C,0.944019,0.052,0.638593394413,0.0,,0.0,0.0,0.638593394184,,,8.0,7.070057582E2,7.01E2,-1.251315,-0.895304,0.0,0.0,-0.5573E-2,,,,,,0.943999455239,0.5,2.974206186671,-0.315057873483,0.0,0.0,,,,7.01E2,-1.215,-0.895304,0.0,0.0,0.0,,,,,,,,,3.74899654E3
3303,SFTH,BEND,BXPM2,4D36-C,0.944136,0.052,0.638672739901,0.0,,0.0,-0.638593394184,1.277266134429,,,8.0,7.082498404E2,7.02244E2,-1.265181,-0.895304,0.0,0.0,-0.016719,,,,,,0.944131111967,0.5,2.974575732992,-0.315057971838,0.0,0.0,,,,7.02244E2,-1.215,-0.895304,0.0,0.0,0.0,,,,,,,,,3.750240527E3
3306,SFTH,MARK,MVV10,,,,,,,,,,,,8.0,7.169944347E2,7.10986448E2,-1.458788,-0.895304,0.0,0.0,-0.022292,,,,,,,,,,,,,,,,,,,,,,,,,,,,,3.75898288E3
3310,SFTH,MARK,MBTM3,,,,,,,,,,,,8.0,7.175881338E2,7.1158E2,-1.472022,-0.895304,0.0,0.0,-0.022292,,,,,,,,,,,,,,,,,,,,,,,,,,,,,3.759576425E3
3312,SFTH,INST,SFTDMP,,0.0,,,,,,,,,,8.0,7.200087352E2,7.14E2,-1.525979,-0.895304,0.0,0.0,-0.022292,,,,,,,,,,,,,,,,,,,,,,,,,,,,,3.761996398E3
3314,SFTH,INST,BTMSFT,,0.0,,,,,,,,,,8.0,7.200849542E2,7.140762E2,-1.527678,-0.895304,0.0,0.0,-0.022292,,,,,,,,,,,,,,,,,,,,,,,,,,,,,3.762072598E3
3315,SFTH,INST,ENDSFTH_2,,,,,,,,,,,,8.0,7.200849542E2,7.140762E2,-1.527678,-0.895304,0.0,0.0,-0.022292,,,,,,,,,,,,,,,,,,,,,,,,,,,,,3.762072598E3
3299,HXTES,INST,BEGHXTES_1,,,,,,,,,,,,8.0,7.065337558E2,7.00528E2,-1.25,-0.895304,0.0,0.0,0.0,,,,,,,,,,,,,,,,,,,,,,,,,,,,,3.748524545E3
3301,HXTES,INST,MBXPM1,MAGNET,0.0,,,,,,,,,,8.0,7.070057548E2,7.00999999E2,-1.25,-0.895304,0.0,0.0,0.0,,,,,,,,,,,,,,,,,,,,,,,,,,,,,3.748996539E3
3303,HXTES,INST,MBXPM2,MAGNET,0.0,,,,,,,,,,8.0,7.082497548E2,7.02243999E2,-1.25,-0.895304,0.0,0.0,0.0,,,,,,,,,,,,,,,,,,,,,,,,,,,,,3.750240526E3
3305,HXTES,INST,TV2L0_PIP_1,ION PUMP,0.0,,,,,,,,,,8.0,7.119357548E2,7.05929999E2,-1.25,-0.895304,0.0,0.0,0.0,,,,,,,,,,,,,,,,,,,,,,,,,,,,,3.753926485E3
3307,HXTES,INST,TV2L0_VRM_1,RIGHT ANGLE VALV,0.0,,,,,,,,,,8.0,7.133459628E2,7.07340207E2,-1.25,-0.895304,0.0,0.0,0.0,,,,,,,,,,,,,,,,,,,,,,,,,,,,,3.755336678E3
3308,HXTES,INST,TV2L0_GCC_1,COLD CATHODE GAU,0.0,,,,,,,,,,8.0,7.133459628E2,7.07340207E2,-1.25,-0.895304,0.0,0.0,0.0,,,,,,,,,,,,,,,,,,,,,,,,,,,,,3.755336678E3
3309,HXTES,INST,TV2L0_GPI_1,PIRANI GAUGE,0.0,,,,,,,,,,8.0,7.133459628E2,7.07340207E2,-1.25,-0.895304,0.0,0.0,0.0,,,,,,,,,,,,,,,,,,,,,,,,,,,,,3.755336678E3
3311,HXTES,INST,TV2L0_VGC_1,GATE VALVE,0.0,,,,,,,,,,8.0,7.169922032E2,7.10986447E2,-1.25,-0.895304,0.0,0.0,0.0,,,,,,,,,,,,,,,,,,,,,,,,,,,,,3.758982879E3
3313,HXTES,INST,TV2L0_PIP_2,ION PUMP,0.0,,,,,,,,,,8.0,7.17134478E2,7.11128722E2,-1.25,-0.895304,0.0,0.0,0.0,,,,,,,,,,,,,,,,,,,,,,,,,,,,,3.759125152E3
3314,HXTES,INST,TV2L0_VRM_2,RIGHT ANGLE VALV,0.0,,,,,,,,,,8.0,7.17134478E2,7.11128722E2,-1.25,-0.895304,0.0,0.0,0.0,,,,,,,,,,,,,,,,,,,,,,,,,,,,,3.759125152E3
3316,HXTES,PC,PCPM3,ELECTRON COLL,0.08,,,,,,,,,,8.0,7.175457548E2,7.11539999E2,-1.25,-0.895304,0.0,0.0,0.0,,,,,,,,,,,,,,,,,,,,,,,,0.016,0.016,,,,3.7595364245E3
3317,HXTES,INST,BTM3,BTM,0.0,,,,,,,,,,8.0,7.175857548E2,7.11579999E2,-1.25,-0.895304,0.0,0.0,0.0,,,,,,,,,,,,,,,,,,,,,,,,,,,,,3.759576424E3
3319,HXTES,INST,TV2L0_GFS_1,FAST VALVE SENSO,0.0,,,,,,,,,,8.0,7.178426046E2,7.11836849E2,-1.25,-0.895304,0.0,0.0,0.0,,,,,,,,,,,,,,,,,,,,,,,,,,,,,3.759833271E3
3320,HXTES,INST,TV2L0_GCC_2,COLD CATHODE GAU,0.0,,,,,,,,,,8.0,7.178426046E2,7.11836849E2,-1.25,-0.895304,0.0,0.0,0.0,,,,,,,,,,,,,,,,,,,,,,,,,,,,,3.759833271E3
3321,HXTES,INST,TV2L0_GPI_2,PIRANI GAUGE,0.0,,,,,,,,,,8.0,7.178426046E2,7.11836849E2,-1.25,-0.895304,0.0,0.0,0.0,,,,,,,,,,,,,,,,,,,,,,,,,,,,,3.759833271E3
3323,HXTES,INST,MSFTDMP,SAFETY DUMP,0.0,,,,,,,,,,8.0,7.200057548E2,7.13999999E2,-1.25,-0.895304,0.0,0.0,0.0,,,,,,,,,,,,,,,,,,,,,,,,,,,,,3.761996397E3
3325,HXTES,INST,MBTMSFT,BTM,0.0,,,,,,,,,,8.0,7.200819548E2,7.14076199E2,-1.25,-0.895304,0.0,0.0,0.0,,,,,,,,,,,,,,,,,,,,,,,,,,,,,3.762072597E3
3327,HXTES,INST,TV2L0_PIP_3,ION PUMP,0.0,,,,,,,,,,8.0,7.203019342E2,7.14296178E2,-1.25,-0.895304,0.0,0.0,0.0,,,,,,,,,,,,,,,,,,,,,,,,,,,,,3.762292574E3
3329,HXTES,INST,TP_WALL1HE,EAST WALL,0.0,,,,,,,,,,8.0,7.255857548E2,7.19579999E2,-1.25,-0.895304,0.0,0.0,0.0,,,,,,,,,,,,,,,,,,,,,,,,,,,,,3.767576337E3
3331,HXTES,INST,TP_WALL1HW,WEST WALL,0.0,,,,,,,,,,8.0,7.279257548E2,7.21919999E2,-1.25,-0.895304,0.0,0.0,0.0,,,,,,,,,,,,,,,,,,,,,,,,,,,,,3.769916311E3
3333,HXTES,INST,TV2L0_VGC_2,GATE VALVE,0.0,,,,,,,,,,8.0,7.28140883E2,7.22135127E2,-1.25,-0.895304,0.0,0.0,0.0,,,,,,,,,,,,,,,,,,,,,,,,,,,,,3.770131437E3
3335,HXTES,INST,SL1L0_PWR_VRM_1,RIGHT ANGLE VALV,0.0,,,,,,,,,,8.0,7.282831586E2,7.22277403E2,-1.25,-0.895304,0.0,0.0,0.0,,,,,,,,,,,,,,,,,,,,,,,,,,,,,3.770273711E3
3336,HXTES,INST,SL1L0_PWR_GCC_1,COLD CATHODE GAU,0.0,,,,,,,,,,8.0,7.282831586E2,7.22277403E2,-1.25,-0.895304,0.0,0.0,0.0,,,,,,,,,,,,,,,,,,,,,,,,,,,,,3.770273711E3
3337,HXTES,INST,SL1L0_PWR_GPI_1,PIRANI GAUGE,0.0,,,,,,,,,,8.0,7.282831586E2,7.22277403E2,-1.25,-0.895304,0.0,0.0,0.0,,,,,,,,,,,,,,,,,,,,,,,,,,,,,3.770273711E3
3339,HXTES,INST,SL1L0_PWR,ADJ APER,0.0,,,,,,,,,,8.0,7.304376148E2,7.24431859E2,-1.25,-0.895304,0.0,0.0,0.0,,,,,,,,,,,,,,,,,,,,,,,,,,,,,3.772428144E3
3341,HXTES,INST,SL1L0_PWR_PIP_1,ION PUMP,0.0,,,,,,,,,,8.0,7.305156148E2,7.24509859E2,-1.25,-0.895304,0.0,0.0,0.0,,,,,,,,,,,,,,,,,,,,,,,,,,,,,3.772506143E3
3343,HXTES,INST,EM1L0_GEM,GAS ENERGY MONIT,0.0,,,,,,,,,,8.0,7.322037548E2,7.26197999E2,-1.25,-0.895304,0.0,0.0,0.0,,,,,,,,,,,,,,,,,,,,,,,,,,,,,3.774194265E3
3345,HXTES,INST,AT1L0_GAS,GAS ATTENUATOR,0.0,,,,,,,,,,8.0,7.353017498E2,7.29295994E2,-1.25,-0.895304,0.0,0.0,0.0,,,,,,,,,,,,,,,,,,,,,,,,,,,,,3.777292226E3
3347,HXTES,INST,EM2L0_GEM,GAS ENERGY MONIT,0.0,,,,,,,,,,8.0,7.383997548E2,7.32393999E2,-1.25,-0.895304,0.0,0.0,0.0,,,,,,,,,,,,,,,,,,,,,,,,,,,,,3.780390197E3
3349,HXTES,INST,AT2L0_SOL_PIP_1,ION PUMP,0.0,,,,,,,,,,8.0,7.400204558E2,7.340147E2,-1.25,-0.895304,0.0,0.0,0.0,,,,,,,,,,,,,,,,,,,,,,,,,,,,,3.78201088E3
3350,HXTES,INST,AT2L0_SOL_VRM_1,RIGHT ANGLE VALV,0.0,,,,,,,,,,8.0,7.400204558E2,7.340147E2,-1.25,-0.895304,0.0,0.0,0.0,,,,,,,,,,,,,,,,,,,,,,,,,,,,,3.78201088E3
3351,HXTES,INST,AT2L0_SOL_GCC_1,COLD CATHODE GAU,0.0,,,,,,,,,,8.0,7.400204558E2,7.340147E2,-1.25,-0.895304,0.0,0.0,0.0,,,,,,,,,,,,,,,,,,,,,,,,,,,,,3.78201088E3
3352,HXTES,INST,AT2L0_SOL_GPI_1,PIRANI GAUGE,0.0,,,,,,,,,,8.0,7.400204558E2,7.340147E2,-1.25,-0.895304,0.0,0.0,0.0,,,,,,,,,,,,,,,,,,,,,,,,,,,,,3.78201088E3
3354,HXTES,INST,AT2L0_SOL,SOLID ATTEN,0.0,,,,,,,,,,8.0,7.405284558E2,7.345227E2,-1.25,-0.895304,0.0,0.0,0.0,,,,,,,,,,,,,,,,,,,,,,,,,,,,,3.782518875E3
3356,HXTES,INST,PC1L0_XTES_VGC_1,GATE VALVE,0.0,,,,,,,,,,8.0,7.409441167E2,7.34938361E2,-1.25,-0.895304,0.0,0.0,0.0,,,,,,,,,,,,,,,,,,,,,,,,,,,,,3.782934531E3
3358,HXTES,INST,PC1L0_XTES,PHOTON COLL,0.0,,,,,,,,,,8.0,7.41216853E2,7.35211097E2,-1.25,-0.895304,0.0,0.0,0.0,,,,,,,,,,,,,,,,,,,,,,,,,,,,,3.783207265E3
3360,HXTES,INST,BT1L0_XTES,BTM,0.0,,,,,,,,,,8.0,7.413392942E2,7.35333539E2,-1.25,-0.895304,0.0,0.0,0.0,,,,,,,,,,,,,,,,,,,,,,,,,,,,,3.783329704E3
3362,HXTES,INST,BS1L0_XTES,BREMSS COLL,0.0,,,,,,,,,,8.0,7.41391986E2,7.3538623E2,-1.25,-0.895304,0.0,0.0,0.0,,,,,,,,,,,,,,,,,,,,,,,,,,,,,3.783382396E3
3364,HXTES,INST,PF1L0_WFS,WAVEFRONT SENSOR,0.0,,,,,,,,,,8.0,7.416874961E2,7.3568174E2,-1.25,-0.895304,0.0,0.0,0.0,,,,,,,,,,,,,,,,,,,,,,,,,,,,,3.783677902E3
3366,HXTES,INST,SL2L0_PWR,ADJ APER,0.0,,,,,,,,,,8.0,7.420983848E2,7.36092629E2,-1.25,-0.895304,0.0,0.0,0.0,,,,,,,,,,,,,,,,,,,,,,,,,,,,,3.784088787E3
3368,HXTES,INST,IM2L0_XTES,IMAGER,0.0,,,,,,,,,,8.0,7.425142348E2,7.36508479E2,-1.25,-0.895304,0.0,0.0,0.0,,,,,,,,,,,,,,,,,,,,,,,,,,,,,3.784504632E3
3370,HXTES,INST,SP1L0_KMONO,K MONO,0.0,,,,,,,,,,8.0,7.433229344E2,7.37317179E2,-1.25,-0.895304,0.0,0.0,0.0,,,,,,,,,,,,,,,,,,,,,,,,,,,,,3.785313323E3
3372,HXTES,INST,PA1L0_RGA_1,RGA,0.0,,,,,,,,,,8.0,7.438519603E2,7.37846205E2,-1.25,-0.895304,0.0,0.0,0.0,,,,,,,,,,,,,,,,,,,,,,,,,,,,,3.785842343E3
3374,HXTES,INST,PA1L0,DIFF PUMP,0.0,,,,,,,,,,8.0,7.443363383E2,7.38330583E2,-1.25,-0.895304,0.0,0.0,0.0,,,,,,,,,,,,,,,,,,,,,,,,,,,,,3.786326716E3
3376,HXTES,INST,PA1L0_VFS_1,FAST SHUTTER,0.0,,,,,,,,,,8.0,7.447743419E2,7.38768586E2,-1.25,-0.895304,0.0,0.0,0.0,,,,,,,,,,,,,,,,,,,,,,,,,,,,,3.786764715E3
3378,HXTES,INST,ND1H,NEUTRON DETECTOR,0.0,,,,,,,,,,8.0,7.449060828E2,7.38900327E2,-1.25,-0.895304,0.0,0.0,0.0,,,,,,,,,,,,,,,,,,,,,,,,,,,,,3.786896454E3
3380,HXTES,INST,PA1L0_VRM_1,RIGHT ANGLE VALV,0.0,,,,,,,,,,8.0,7.449091778E2,7.38903422E2,-1.25,-0.895304,0.0,0.0,0.0,,,,,,,,,,,,,,,,,,,,,,,,,,,,,3.786899549E3
3381,HXTES,INST,PA1L0_GCC_1,COLD CATHODE GAU,0.0,,,,,,,,,,8.0,7.449091778E2,7.38903422E2,-1.25,-0.895304,0.0,0.0,0.0,,,,,,,,,,,,,,,,,,,,,,,,,,,,,3.786899549E3
3382,HXTES,INST,PA1L0_GCC_2,COLD CATHODE GAU,0.0,,,,,,,,,,8.0,7.449091778E2,7.38903422E2,-1.25,-0.895304,0.0,0.0,0.0,,,,,,,,,,,,,,,,,,,,,,,,,,,,,3.786899549E3
3383,HXTES,INST,PA1L0_GPI_1,PIRANI GAUGE,0.0,,,,,,,,,,8.0,7.449091778E2,7.38903422E2,-1.25,-0.895304,0.0,0.0,0.0,,,,,,,,,,,,,,,,,,,,,,,,,,,,,3.786899549E3
3385,HXTES,INST,MR1L0_HOMS_VGC_1,GATE VALVE,0.0,,,,,,,,,,8.0,7.450515527E2,7.39045797E2,-1.25,-0.895304,0.0,0.0,0.0,,,,,,,,,,,,,,,,,,,,,,,,,,,,,3.787041922E3
3387,HXTES,INST,ENDHXTES_1,,,,,,,,,,,,8.0,7.460057548E2,7.39999999E2,-1.25,-0.895304,0.0,0.0,0.0,,,,,,,,,,,,,,,,,,,,,,,,,,,,,3.787996114E3
3388,HXTES,INST,BEGHXTES_2,,,,,,,,,,,,8.0,7.460057548E2,7.39999999E2,-1.25,-0.895304,0.0,0.0,0.0,,,,,,,,,,,,,,,,,,,,,,,,,,,,,3.787996114E3
3389,HXTES,INST,MR1L0_HOMS_XTES,MIRROR,0.0,0.0,,,,,,,,,8.0,7.460057548E2,7.39999999E2,-1.25,-0.895304,0.0,0.0,0.42E-2,,,,,,,,,,,,,,,,,,,,,,,,,,,,,3.787996114E3
3391,HXTES,INST,BT2L0_PLEG_VGC_1,GATE VALVE,0.0,,,,,,,,,,8.0,7.484485417E2,7.42442764E2,-1.23974,-0.895304,0.0,0.0,0.42E-2,,,,,,,,,,,,,,,,,,,,,,,,,,,,,3.790438853E3
3393,HXTES,INST,BT2L0_PLEG_PIP_1,ION PUMP,0.0,,,,,,,,,,8.0,7.48681286E2,7.42675507E2,-1.238763,-0.895304,0.0,0.0,0.42E-2,,,,,,,,,,,,,,,,,,,,,,,,,,,,,3.790671593E3
3394,HXTES,INST,BT2L0_PLEG_VRM_1,RIGHT ANGLE VALV,0.0,,,,,,,,,,8.0,7.48681286E2,7.42675507E2,-1.238763,-0.895304,0.0,0.0,0.42E-2,,,,,,,,,,,,,,,,,,,,,,,,,,,,,3.790671593E3
3395,HXTES,INST,BT2L0_PLEG_GCC_1,COLD CATHODE GAU,0.0,,,,,,,,,,8.0,7.48681286E2,7.42675507E2,-1.238763,-0.895304,0.0,0.0,0.42E-2,,,,,,,,,,,,,,,,,,,,,,,,,,,,,3.790671593E3
3396,HXTES,INST,BT2L0_PLEG_GPI_1,PIRANI GAUGE,0.0,,,,,,,,,,8.0,7.48681286E2,7.42675507E2,-1.238763,-0.895304,0.0,0.0,0.42E-2,,,,,,,,,,,,,,,,,,,,,,,,,,,,,3.790671593E3
3398,HXTES,INST,BT2L0_PLEG_XTES,BTM U/S FACE,0.0,,,,,,,,,,8.0,7.490580475E2,7.43052265E2,-1.23718,-0.895304,0.0,0.0,0.42E-2,,,,,,,,,,,,,,,,,,,,,,,,,,,,,3.791048347E3
3400,HXTES,INST,IM3L0_PPM_PGT_1,GETTER PUMP,0.0,,,,,,,,,,8.0,7.506279247E2,7.44622128E2,-1.230587,-0.895304,0.0,0.0,0.42E-2,,,,,,,,,,,,,,,,,,,,,,,,,,,,,3.792618193E3
3401,HXTES,INST,IM3L0_PPM_VRM_1,ROUGH OUT VALVE,0.0,,,,,,,,,,8.0,7.506279247E2,7.44622128E2,-1.230587,-0.895304,0.0,0.0,0.42E-2,,,,,,,,,,,,,,,,,,,,,,,,,,,,,3.792618193E3
3403,HXTES,INST,IM3L0_PPM,IMAGER,0.0,,,,,,,,,,8.0,7.520058244E2,7.46000016E2,-1.2248,-0.895304,0.0,0.0,0.42E-2,,,,,,,,,,,,,,,,,,,,,,,,,,,,,3.793996065E3
3405,HXTES,INST,PC2L0_XTES,PHOTON COLL,0.0,,,,,,,,,,8.0,7.522779394E2,7.46272128E2,-1.223657,-0.895304,0.0,0.0,0.42E-2,,,,,,,,,,,,,,,,,,,,,,,,,,,,,3.794268175E3
3407,HXTES,INST,BT3L0_L2SI,BTM,0.0,,,,,,,,,,8.0,7.52329776E2,7.46323964E2,-1.223439,-0.895304,0.0,0.0,0.42E-2,,,,,,,,,,,,,,,,,,,,,,,,,,,,,3.794320011E3
3409,HXTES,INST,MR2L0_HOMS_VGC_1,VAT VALVE,0.0,,,,,,,,,,8.0,7.525977272E2,7.46591913E2,-1.222314,-0.895304,0.0,0.0,0.42E-2,,,,,,,,,,,,,,,,,,,,,,,,,,,,,3.794587957E3
3411,HXTES,INST,MR2L0_HOMS,MIRROR,0.0,0.0,,,,,,,,,8.0,7.532918191E2,7.47285999E2,-1.219399,-0.895304,0.0,0.0,0.0,,,,,,,,,,,,,,,,,,,,,,,,,,,,,3.795282035E3
3412,HXTES,INST,MR2L0_HOMS_GBC_1,BCS VAC SENSOR,0.0,,,,,,,,,,8.0,7.532918191E2,7.47285999E2,-1.219399,-0.895304,0.0,0.0,0.0,,,,,,,,,,,,,,,,,,,,,,,,,,,,,3.795282035E3
3414,HXTES,INST,MR2L0_HOMS_VGC_2,GATE VALVE,0.0,,,,,,,,,,8.0,7.540928179E2,7.48086998E2,-1.219399,-0.895304,0.0,0.0,0.0,,,,,,,,,,,,,,,,,,,,,,,,,,,,,3.796083025E3
3416,HXTES,INST,TV3L0_VFS_1,FAST SHUTTER,0.0,,,,,,,,,,8.0,7.548052991E2,7.48799479E2,-1.219399,-0.895304,0.0,0.0,0.0,,,,,,,,,,,,,,,,,,,,,,,,,,,,,3.796795498E3
3418,HXTES,INST,TV3L0_PIP_1,ION PUMP,0.0,,,,,,,,,,8.0,7.55049442E2,7.49043622E2,-1.219399,-0.895304,0.0,0.0,0.0,,,,,,,,,,,,,,,,,,,,,,,,,,,,,3.797039638E3
3420,HXTES,INST,PC3L0_XTES,PHOTON COLL,0.0,,,,,,,,,,8.0,7.577326925E2,7.51726872E2,-1.219399,-0.895304,0.0,0.0,0.0,,,,,,,,,,,,,,,,,,,,,,,,,,,,,3.79972286E3
3422,HXTES,INST,BT4L0_COMBO,BTM,0.0,,,,,,,,,,8.0,7.577845237E2,7.51778704E2,-1.219399,-0.895304,0.0,0.0,0.0,,,,,,,,,,,,,,,,,,,,,,,,,,,,,3.79977469E3
3424,HXTES,INST,TP_LUSI,LUSI WP,0.0,,,,,,,,,,8.0,7.578488191E2,7.51842999E2,-1.219399,-0.895304,0.0,0.0,0.0,,,,,,,,,,,,,,,,,,,,,,,,,,,,,3.799838985E3
3426,HXTES,INST,BS3L0_LUSI,BREMSS COLL,0.0,,,,,,,,,,8.0,7.579447469E2,7.51938927E2,-1.219399,-0.895304,0.0,0.0,0.0,,,,,,,,,,,,,,,,,,,,,,,,,,,,,3.799934912E3
3428,HXTES,INST,SL3L0_PWR_FUT,POWER SLITS (F),0.0,,,,,,,,,,8.0,7.591696792E2,7.53163859E2,-1.219399,-0.895304,0.0,0.0,0.0,,,,,,,,,,,,,,,,,,,,,,,,,,,,,3.801159831E3
3430,HXTES,INST,EM3L0_IPM_FUT,IPM (F),0.0,,,,,,,,,,8.0,7.593304327E2,7.53324613E2,-1.219399,-0.895304,0.0,0.0,0.0,,,,,,,,,,,,,,,,,,,,,,,,,,,,,3.801320583E3
3432,HXTES,INST,IM4L0_XTES,IMAGER,0.0,,,,,,,,,,8.0,7.595645607E2,7.53558741E2,-1.219399,-0.895304,0.0,0.0,0.0,,,,,,,,,,,,,,,,,,,,,,,,,,,,,3.801554708E3
3434,HXTES,INST,ST1L0_PPS,PPS STOPPER,0.0,,,,,,,,,,8.0,7.612662351E2,7.55260415E2,-1.219399,-0.895304,0.0,0.0,0.0,,,,,,,,,,,,,,,,,,,,,,,,,,,,,3.803256364E3
3435,HXTES,INST,ST1L0_PPS_GBC_1,BCS VAC SENSOR,0.0,,,,,,,,,,8.0,7.612662351E2,7.55260415E2,-1.219399,-0.895304,0.0,0.0,0.0,,,,,,,,,,,,,,,,,,,,,,,,,,,,,3.803256364E3
3437,HXTES,INST,PC4L0_XTES,PHOTON COLL,0.0,,,,,,,,,,8.0,7.617538501E2,7.5574803E2,-1.219399,-0.895304,0.0,0.0,0.0,,,,,,,,,,,,,,,,,,,,,,,,,,,,,3.803743974E3
3439,HXTES,INST,BT5L0_COMBO,BTM,0.0,,,,,,,,,,8.0,7.618056803E2,7.5579986E2,-1.219399,-0.895304,0.0,0.0,0.0,,,,,,,,,,,,,,,,,,,,,,,,,,,,,3.803795803E3
3441,HXTES,INST,BS4L0_LUSI,BREMSS COLL,0.0,,,,,,,,,,8.0,7.619659035E2,7.55960084E2,-1.219399,-0.895304,0.0,0.0,0.0,,,,,,,,,,,,,,,,,,,,,,,,,,,,,3.803956025E3
3443,HXTES,INST,TP_WALL2HE,FEE WALL 2 SHLDG,0.0,,,,,,,,,,8.0,7.623658191E2,7.56359999E2,-1.219399,-0.895304,0.0,0.0,0.0,,,,,,,,,,,,,,,,,,,,,,,,,,,,,3.804355936E3
3445,HXTES,INST,TP_WALL2HW,HUTCH 1 WALL 1,0.0,,,,,,,,,,8.0,7.642958191E2,7.58289999E2,-1.219399,-0.895304,0.0,0.0,0.0,,,,,,,,,,,,,,,,,,,,,,,,,,,,,3.806285915E3
3447,HXTES,INST,TP_XPP,INTERFACE (2.75,0.0,,,,,,,,,,8.0,7.650677491E2,7.59061929E2,-1.219399,-0.895304,0.0,0.0,0.0,,,,,,,,,,,,,,,,,,,,,,,,,,,,,3.807057836E3
3448,HXTES,INST,ENDHXTES_2,,,,,,,,,,,,8.0,7.650677491E2,7.59061929E2,-1.219399,-0.895304,0.0,0.0,0.0,,,,,,,,,,,,,,,,,,,,,,,,,,,,,3.807057836E3
3388,HXTES,INST,BEGHXTES_3,,,,,,,,,,,,8.0,7.460057548E2,7.39999999E2,-1.25,-0.895304,0.0,0.0,0.0,,,,,,,,,,,,,,,,,,,,,,,,,,,,,3.787996114E3
3389,HXTES,INST,MR1L0_HOMS_TXI,MIRROR,0.0,0.0,,,,,,,,,8.0,7.460057548E2,7.39999999E2,-1.25,-0.895304,0.0,0.0,0.014,,,,,,,,,,,,,,,,,,,,,,,,,,,,,3.787996114E3
3391,HXTES,INST,MR1L1_TXI,MIRROR,0.0,0.0,,,,,,,,,8.0,7.476059116E2,7.41599999E2,-1.227599,-0.895304,0.0,0.0,0.028,,,,,,,,,,,,,,,,,,,,,,,,,,,,,3.789596097E3
3392,HXTES,INST,MR1L1_TXI_GBC_1,BCS VAC SENSOR,0.0,,,,,,,,,,8.0,7.476059116E2,7.41599999E2,-1.227599,-0.895304,0.0,0.0,0.028,,,,,,,,,,,,,,,,,,,,,,,,,,,,,3.789596097E3
3394,HXTES,INST,BT2L0_PLEG_TXI,BTM U/S FACE,0.0,,,,,,,,,,8.0,7.490587469E2,7.43052265E2,-1.186924,-0.895304,0.0,0.0,0.028,,,,,,,,,,,,,,,,,,,,,,,,,,,,,3.791048347E3
3396,HXTES,INST,TP_TXI_FEE,INTERFACE (2.75,0.0,,,,,,,,,,8.0,7.495408262E2,7.43534155E2,-1.173428,-0.895304,0.0,0.0,0.028,,,,,,,,,,,,,,,,,,,,,,,,,,,,,3.791530232E3
3398,HXTES,INST,IM1L1_PPM_PGT_1,GETTER PUMP,0.0,,,,,,,,,,8.0,7.508993296E2,7.44892126E2,-1.135395,-0.895304,0.0,0.0,0.028,,,,,,,,,,,,,,,,,,,,,,,,,,,,,3.792888188E3
3399,HXTES,INST,IM1L1_PPM_VRM_1,ROUGH OUT VALVE,0.0,,,,,,,,,,8.0,7.508993296E2,7.44892126E2,-1.135395,-0.895304,0.0,0.0,0.028,,,,,,,,,,,,,,,,,,,,,,,,,,,,,3.792888188E3
3401,HXTES,INST,IM1L1_PPM,IMAGER,0.0,,,,,,,,,,8.0,7.514120285E2,7.45404624E2,-1.121041,-0.895304,0.0,0.0,0.028,,,,,,,,,,,,,,,,,,,,,,,,,,,,,3.79340068E3
3403,HXTES,INST,PC1L1_L2SI,PHOTON COLL,0.0,,,,,,,,,,8.0,7.516291985E2,7.45621709E2,-1.114961,-0.895304,0.0,0.0,0.028,,,,,,,,,,,,,,,,,,,,,,,,,,,,,3.793617763E3
3405,HXTES,INST,BT1L1_COMBO,BTM,0.0,,,,,,,,,,8.0,7.516855865E2,7.45678075E2,-1.113383,-0.895304,0.0,0.0,0.028,,,,,,,,,,,,,,,,,,,,,,,,,,,,,3.793674128E3
3407,HXTES,INST,BS1L1_MINI,BREMSS COLL,0.0,,,,,,,,,,8.0,7.517312086E2,7.45723679E2,-1.112105,-0.895304,0.0,0.0,0.028,,,,,,,,,,,,,,,,,,,,,,,,,,,,,3.793719732E3
3409,HXTES,INST,TV1L1_VGC_1,VAT VALVE - TXI,0.0,,,,,,,,,,8.0,7.525260331E2,7.46518192E2,-1.089853,-0.895304,0.0,0.0,0.028,,,,,,,,,,,,,,,,,,,,,,,,,,,,,3.794514236E3
3411,HXTES,INST,PC2L1_L2SI_VGC_1,GATE VALVE,0.0,,,,,,,,,,8.0,7.553268191E2,7.4931788E2,-1.011441,-0.895304,0.0,0.0,0.028,,,,,,,,,,,,,,,,,,,,,,,,,,,,,3.797313894E3
3413,HXTES,INST,PC2L1_L2SI_PIP_1,ION PUMP,0.0,,,,,,,,,,8.0,7.554690947E2,7.494601E2,-1.007458,-0.895304,0.0,0.0,0.028,,,,,,,,,,,,,,,,,,,,,,,,,,,,,3.797456112E3
3415,HXTES,INST,PC2L1_L2SI,PHOTON COLL,0.0,,,,,,,,,,8.0,7.556259397E2,7.49616884E2,-1.003067,-0.895304,0.0,0.0,0.028,,,,,,,,,,,,,,,,,,,,,,,,,,,,,3.797612894E3
3417,HXTES,INST,BT2L1_L2SI,BTM,0.0,,,,,,,,,,8.0,7.556823277E2,7.49673249E2,-1.001488,-0.895304,0.0,0.0,0.028,,,,,,,,,,,,,,,,,,,,,,,,,,,,,3.797669259E3
3419,HXTES,INST,ST1L1_PPS,PPS STOPPER,0.0,,,,,,,,,,8.0,7.603151505E2,7.54304256E2,-0.871786,-0.895304,0.0,0.0,0.028,,,,,,,,,,,,,,,,,,,,,,,,,,,,,3.802300215E3
3420,HXTES,INST,ST1L1_PPS_GBC_1,BCS VAC SENSOR,0.0,,,,,,,,,,8.0,7.603151505E2,7.54304256E2,-0.871786,-0.895304,0.0,0.0,0.028,,,,,,,,,,,,,,,,,,,,,,,,,,,,,3.802300215E3
3422,HXTES,INST,PC3L1_L2SI,PHOTON COLL,0.0,,,,,,,,,,8.0,7.617108891E2,7.55699448E2,-0.832711,-0.895304,0.0,0.0,0.028,,,,,,,,,,,,,,,,,,,,,,,,,,,,,3.803695392E3
3424,HXTES,INST,BT3L1_COMBO,BTM,0.0,,,,,,,,,,8.0,7.617672771E2,7.55755814E2,-0.831132,-0.895304,0.0,0.0,0.028,,,,,,,,,,,,,,,,,,,,,,,,,,,,,3.803751757E3
3426,HXTES,INST,BS2L1_LUSI,BREMSS COLL,0.0,,,,,,,,,,8.0,7.619275003E2,7.55915974E2,-0.826646,-0.895304,0.0,0.0,0.028,,,,,,,,,,,,,,,,,,,,,,,,,,,,,3.803911916E3
3428,HXTES,INST,BS2L1_LUSI_VRM_1,RIGHT ANGLE VALV,0.0,,,,,,,,,,8.0,7.622041505E2,7.56192516E2,-0.818901,-0.895304,0.0,0.0,0.028,,,,,,,,,,,,,,,,,,,,,,,,,,,,,3.804188454E3
3430,HXTES,INST,TP_TXI,INTERFACE (3.38,0.0,,,,,,,,,,8.0,7.64373354E2,7.58360869E2,-0.758171,-0.895304,0.0,0.0,0.028,,,,,,,,,,,,,,,,,,,,,,,,,,,,,3.806356784E3
3431,HXTES,INST,ENDHXTES_3,,,,,,,,,,,,8.0,7.64373354E2,7.58360869E2,-0.758171,-0.895304,0.0,0.0,0.028,,,,,,,,,,,,,,,,,,,,,,,,,,,,,3.806356784E3
1567,CLTS,INST,BEGCLTS,,,,,,,,,,,,8.0,16.451916,10.456803,0.0,-0.048818,0.0,0.4669E-2,0.0,,,,,,,,,,,,,,,,,,,,,,,,,,,,,3.058456916E3
1568,CLTS,BEND,BRCUSDC1,3D8.8MK3,0.2691,0.0515874,0.0,0.0,,51.390160365164,0.0,0.0,,,8.0,16.58645492,10.59134,0.0,-0.049446,0.0,0.4669E-2,0.0,,,,,,0.2691,0.3041,0.0,0.0,0.0,0.0,,,,10.591352,0.0,-0.049446,0.896928,0.4669E-2,0.0,,,,,,,,,3.058591455E3
1571,CLTS,KICK,BKRCUS,1.92K41.2,1.0601,0.0254,-0.050034288934,0.0,,51.390160365164,0.0,-0.050034288934,,,8.0,17.60322802,11.608103,0.72E-4,-0.054103,1.0E-6,0.4327E-2,0.272E-3,,,,,,1.0601,0.5,-0.233031367058,0.021982017457,0.0,0.0,,,,11.608102,0.0,-0.054193,0.896928,0.4669E-2,0.0,,,,,,,,,3.059608228E3
1574,CLTS,BEND,BRCUSDC2,3D8.8MK3,0.2691,0.0515874,0.0,0.0,,51.390160365164,0.0,0.0,,,8.0,18.61999816,12.624864,0.554E-3,-0.058246,0.2E-5,0.3986E-2,0.545E-3,,,,,,0.2691,0.3041,0.0,0.0,0.0,0.0,,,,12.624853,0.0,-0.05894,0.896928,0.4669E-2,0.0,,,,,,,,,3.060624998E3
1577,CLTS,BPM,BPMCUS?,Stripline-5,0.0,,,,,,,,,,8.0,23.32888001,17.333708,0.312E-2,-0.077016,0.2E-5,0.3986E-2,0.545E-3,,,,,,,,,,,,,,,,,,,,,,,,,,,,,3.065333878E3
1579,CLTS,SEPT,BLRCUS,0.625SD38.98,1.000014,0.0159,0.52200911224,0.0,,-38.609839635129,0.0,0.52200911224,,,8.0,34.78018611,28.784923,0.847E-2,-0.121952,-0.7E-5,0.1144E-2,-0.3015E-2,,,,,,1.0,0.5,2.431222660155,-0.243118862351,0.0,0.0,,,,28.784851,-0.2496E-2,-0.137509,-0.673869,0.4669E-2,0.0,,,,,,,,,3.076785178E3
1581,CLTS,MARK,CNTCUS1,CENTER,,,,,,,,,,,8.0,35.2801984,29.284929,0.6073E-2,-0.121813,-0.6E-5,-0.1699E-2,-0.6574E-2,,,,,,,,,,,,,,,,,,,,,,,,,,,,,3.077285178E3
1582,CLTS,MARK,ROCUS1,,0.0,,-0.142723106093E-2,,,,,,,,8.0,35.2801984,29.284929,0.6073E-2,-0.121813,-0.18E-4,-0.1699E-2,-0.6574E-2,,,,,,,,,,,,,,,,,,,,,,,,,,,,,3.077285178E3
1589,CLTS,MARK,CNTCUS5,CENTER,,,,,,,,,,,8.0,64.1801984,58.184263,-0.183924,-0.072707,-0.31E-4,-0.1699E-2,-0.6574E-2,,,,,,,,,,,,,,,,,,,,,,,,,,,,,3.106183968E3
1591,CLTS,QUAD,QCUS1,2Q10,0.263,0.0514,,0.4922970925,,0.0,,,,,8.0,64.8116984,58.815749,-0.188075,-0.071634,-0.31E-4,-0.1699E-2,-0.6574E-2,,,,,,,,,,34.550338171182,-13.137010711476,,,,,,,,,,,,,,,,,,3.106815441E3
1594,CLTS,BPM,BPMCUS1,Stripline-5,0.0,,,,,,,,,,8.0,65.4072814,59.411318,-0.191991,-0.070622,-0.31E-4,-0.1699E-2,-0.6574E-2,,,,,,,,,,,,,,,,,,,,,,,,,,,,,3.107411E3
1596,CLTS,XCOR,XCCUS1,class-4,0.0,,,,,,,,,,8.0,66.1543134,60.158333,-0.196902,-0.069353,-0.31E-4,-0.1699E-2,-0.6574E-2,,,,,,,,,,,,,,,,,,,,,,,,,,,,,3.108158E3
1598,CLTS,QUAD,QCUS2,2Q10,0.263,0.0514,,-0.423724073,,0.0,,,,,8.0,70.20837416,64.2123,-0.223555,-0.062465,-0.31E-4,-0.1699E-2,-0.6574E-2,,,,,,,,,,-29.737754369168,11.307130938847,,,,,,,,,,,,,,,,,,3.112211891E3
1601,CLTS,BPM,BPMCUS2,Stripline-5,0.0,,,,,,,,,,8.0,70.80350816,64.80742,-0.227467,-0.061453,-0.31E-4,-0.1699E-2,-0.6574E-2,,,,,,,,,,,,,,,,,,,,,,,,,,,,,3.112807E3
1603,CLTS,YCOR,YCCUS2,class-4,0.0,,,,,,,,,,8.0,71.55053916,65.554434,-0.232378,-0.060184,-0.31E-4,-0.1699E-2,-0.6574E-2,,,,,,,,,,,,,,,,,,,,,,,,,,,,,3.113554E3
1605,CLTS,BPM,BPMCUS3,Stripline-5,0.0,,,,,,,,,,8.0,74.18364991,68.187484,-0.249689,-0.05571,-0.31E-4,-0.1699E-2,-0.6574E-2,,,,,,,,,,,,,,,,,,,,,,,,,,,,,3.116187E3
1607,CLTS,QUAD,QCUS3,2Q10,0.263,0.0514,,-0.3022667323,,0.0,,,,,8.0,74.70504991,68.708872,-0.253117,-0.054824,-0.31E-4,-0.1699E-2,-0.6574E-2,,,,,,,,,,-21.213649192663,8.066026308997,,,,,,,,,,,,,,,,,,3.116708379E3
1610,CLTS,YCOR,YCCUS3,class-4,0.0,,,,,,,,,,8.0,75.26504991,69.268859,-0.256799,-0.053873,-0.31E-4,-0.1699E-2,-0.6574E-2,,,,,,,,,,,,,,,,,,,,,,,,,,,,,3.117268355E3
1613,CLTS,QUAD,QCUS4,1.085Q4.31,0.1068,0.027559,,2.374032642,,0.0,,,,,8.0,81.76168879,75.765348,-0.299509,-0.042834,-0.31E-4,-0.1699E-2,-0.6574E-2,,,,,,,,,,67.65925663103,-63.351363886732,,,,,,,,,,,,,,,,,,3.123764722E3
1614,CLTS,BPM,BPMCUS4,Stripline-2,0.0,,,,,,,,,,8.0,81.76168879,75.765348,-0.299509,-0.042834,-0.31E-4,-0.1699E-2,-0.6574E-2,,,,,,,,,,,,,,,,,,,,,,,,,,,,,3.123764722E3
1617,CLTS,XCOR,XCCUS4,class-4,0.0,,,,,,,,,,8.0,82.21508879,76.218738,-0.30249,-0.042063,-0.31E-4,-0.1699E-2,-0.6574E-2,,,,,,,,,,,,,,,,,,,,,,,,,,,,,3.124218103E3
1619,CLTS,BEND,BYCUS1,3D8.8MK3,0.2691,0.0515874,0.022918311805,0.0,,90.000000011752,0.011459155903,0.011459155903,,,8.0,83.28318879,77.286813,-0.309512,-0.040262,-0.31E-4,-0.1499E-2,-0.6574E-2,,,,,,0.269099998206,0.5,0.106740510246,-0.039665741451,0.0,0.0,,,,77.286813,-0.309512,-0.040269,1.570796,-0.1499E-2,-0.6574E-2,,,,,,,,,3.125286158E3
1621,CLTS,MARK,CNTCUS3,CENTER,,,,,,,,,,,8.0,83.41773879,77.42136,-0.310397,-0.040074,-0.31E-4,-0.1299E-2,-0.6574E-2,,,,,,,,,,,,,,,,,,,,,,,,,,,,,3.125420703E3
1622,CLTS,MARK,ROCUS3,,0.0,,0.0,,,,,,,,8.0,83.41773879,77.42136,-0.310397,-0.040074,-0.31E-4,-0.1299E-2,-0.6574E-2,,,,,,,,,,,,,,,,,,,,,,,,,,,,,3.125420703E3
1625,CLTS,QUAD,QCUS5,1.085Q4.31,0.1068,0.027559,,-1.402669754,,0.0,,,,,8.0,84.76128879,78.76488,-0.31923,-0.038328,-0.31E-4,-0.1299E-2,-0.6574E-2,,,,,,,,,,-39.975689961246,37.430421312028,,,,,,,,,,,,,,,,,,3.1267642E3
1626,CLTS,BPM,BPMCUS5,Stripline-2,0.0,,,,,,,,,,8.0,84.76128879,78.76488,-0.31923,-0.038328,-0.31E-4,-0.1299E-2,-0.6574E-2,,,,,,,,,,,,,,,,,,,,,,,,,,,,,3.1267642E3
1629,CLTS,MARK,MIDCUSXR,,,,,,,,,,,,8.0,84.96468879,78.968275,-0.320567,-0.038064,-0.31E-4,-0.1299E-2,-0.6574E-2,,,,,,,,,,,,,,,,,,,,,,,,,,,,,3.126967592E3
1631,CLTS,QUAD,QCUS6,1.085Q4.31,0.1068,0.027559,,-1.402669754,,0.0,,,,,8.0,85.16808879,79.171671,-0.321904,-0.0378,-0.31E-4,-0.1299E-2,-0.6574E-2,,,,,,,,,,-39.975689961246,37.430421312028,,,,,,,,,,,,,,,,,,3.127170984E3
1634,CLTS,YCOR,YCCUS6,class-4,0.0,,,,,,,,,,8.0,85.62148879,79.625061,-0.324885,-0.037211,-0.31E-4,-0.1299E-2,-0.6574E-2,,,,,,,,,,,,,,,,,,,,,,,,,,,,,3.127624366E3
1636,CLTS,MARK,ROCUS4,,0.0,,0.0,,,,,,,,8.0,86.51163879,80.515191,-0.330737,-0.036054,-0.31E-4,-0.1299E-2,-0.6574E-2,,,,,,,,,,,,,,,,,,,,,,,,,,,,,3.128514481E3
1637,CLTS,BEND,BYCUS2,3D8.8MK3,0.2691,0.0515874,-0.022918311805,0.0,,90.000000011752,-0.011459155903,-0.011459155903,,,8.0,86.64618879,80.649738,-0.331621,-0.035866,-0.31E-4,-0.1499E-2,-0.6574E-2,,,,,,0.269099998206,0.5,-0.106740510246,0.039665741451,0.0,0.0,,,,80.649738,-0.331621,-0.035859,1.570796,-0.1499E-2,-0.6574E-2,,,,,,,,,3.128649026E3
1639,CLTS,MARK,CNTCUS4,CENTER,,,,,,,,,,,8.0,86.78073879,80.784284,-0.332506,-0.035651,-0.31E-4,-0.1699E-2,-0.6574E-2,,,,,,,,,,,,,,,,,,,,,,,,,,,,,3.12878357E3
1642,CLTS,QUAD,QCUS7,1.085Q4.31,0.1068,0.027559,,2.374032642,,0.0,,,,,8.0,88.16768879,82.171202,-0.341624,-0.033294,-0.31E-4,-0.1699E-2,-0.6574E-2,,,,,,,,,,67.65925663103,-63.351363886732,,,,,,,,,,,,,,,,,,3.130170462E3
1643,CLTS,BPM,BPMCUS7,Stripline-2,0.0,,,,,,,,,,8.0,88.16768879,82.171202,-0.341624,-0.033294,-0.31E-4,-0.1699E-2,-0.6574E-2,,,,,,,,,,,,,,,,,,,,,,,,,,,,,3.130170462E3
1646,CLTS,XCOR,XCCUS7,class-4,0.0,,,,,,,,,,8.0,88.62108879,82.624592,-0.344605,-0.032524,-0.31E-4,-0.1699E-2,-0.6574E-2,,,,,,,,,,,,,,,,,,,,,,,,,,,,,3.130623843E3
1648,CLTS,BPM,BPMCUS8,Stripline-5,0.0,,,,,,,,,,8.0,94.70250067,88.705864,-0.384586,-0.022191,-0.31E-4,-0.1699E-2,-0.6574E-2,,,,,,,,,,,,,,,,,,,,,,,,,,,,,3.136705E3
1650,CLTS,QUAD,QCUS8,2Q10,0.263,0.0514,,-0.3022667323,,0.0,,,,,8.0,95.22432767,89.227679,-0.388016,-0.021304,-0.31E-4,-0.1699E-2,-0.6574E-2,,,,,,,,,,-21.213649192663,8.066026308997,,,,,,,,,,,,,,,,,,3.137226805E3
1653,CLTS,YCOR,YCCUS8,class-4,0.0,,,,,,,,,,8.0,95.78432767,89.787666,-0.391698,-0.020352,-0.31E-4,-0.1699E-2,-0.6574E-2,,,,,,,,,,,,,,,,,,,,,,,,,,,,,3.137786782E3
1655,CLTS,INST,STCLTS,PPS stopper,0.3,,,,,,,,,,8.0,98.04864067,92.051927,-0.406584,-0.016505,-0.31E-4,-0.1699E-2,-0.6574E-2,,,,,,,,,,,,,,,,,,,,,,,,,,,,,3.140051E3
1656,CLTS,INST,BTMCLTS,PPS BTM,0.0,,,,,,,,,,8.0,98.19864067,92.201923,-0.40757,-0.01625,-0.31E-4,-0.1699E-2,-0.6574E-2,,,,,,,,,,,,,,,,,,,,,,,,,,,,,3.140200994E3
1658,CLTS,BPM,BPMCUS9,Stripline-5,0.0,,,,,,,,,,8.0,99.19868843,93.201948,-0.414145,-0.014551,-0.31E-4,-0.1699E-2,-0.6574E-2,,,,,,,,,,,,,,,,,,,,,,,,,,,,,3.141201E3
1660,CLTS,QUAD,QCUS9,2Q10,0.263,0.0514,,-0.4660501575,,0.0,,,,,8.0,99.72100343,93.724251,-0.417579,-0.013663,-0.31E-4,-0.1699E-2,-0.6574E-2,,,,,,,,,,-32.70827878464,12.436607902905,,,,,,,,,,,,,,,,,,3.141723293E3
1663,CLTS,YCOR,YCCUS9,class-4,0.0,,,,,,,,,,8.0,1.002810034E2,94.284238,-0.42126,-0.012712,-0.31E-4,-0.1699E-2,-0.6574E-2,,,,,,,,,,,,,,,,,,,,,,,,,,,,,3.142283269E3
1665,CLTS,XCOR,XCCUS10,class-4,0.0,,,,,,,,,,8.0,1.037748802E2,97.778034,-0.44423,-0.6775E-2,-0.31E-4,-0.1699E-2,-0.6574E-2,,,,,,,,,,,,,,,,,,,,,,,,,,,,,3.145777E3
1667,CLTS,BPM,BPMCUS10,Stripline-5,0.0,,,,,,,,,,8.0,1.045959152E2,98.59905,-0.449628,-0.538E-2,-0.31E-4,-0.1699E-2,-0.6574E-2,,,,,,,,,,,,,,,,,,,,,,,,,,,,,3.146598E3
1669,CLTS,QUAD,QCUS10,2Q10,0.263,0.0514,,0.4977713731,,0.0,,,,,8.0,1.051176792E2,99.120802,-0.453058,-0.4494E-2,-0.31E-4,-0.1699E-2,-0.6574E-2,,,,,,,,,,34.934533505372,-13.283092587594,,,,,,,,,,,,,,,,,,3.147119742E3
1672,CLTS,MARK,ROCUS2,,0.0,,0.119930382683E-2,,,,,,,,8.0,1.346491845E2,1.28651627E2,-0.647206,0.045685,-0.2E-4,-0.1699E-2,-0.6574E-2,,,,,,,,,,,,,,,,,,,,,,,,,,,,,3.176650011E3
1673,CLTS,BEND,BRCUS1,1.0D38.37,1.000004,0.0254,-0.524401443655,0.0,,-44.084731876281,-0.262200721828,-0.262200721828,,,8.0,1.351491863E2,1.29151622E2,-0.649672,0.045739,-1.0E-5,0.1485E-2,-0.3287E-2,,,,,,1.000000509621,0.4861,-2.442364784328,0.244235501491,0.0,0.0,,,,1.29151623E2,-0.649261,0.045341,-0.769424,0.1485E-2,-0.3287E-2,,,,,,,,,3.17715E3
1675,CLTS,MARK,CNTCUS2,CENTER,,,,,,,,,,,8.0,1.35649188E2,1.2965162E2,-0.650494,0.0442,0.0,0.4669E-2,0.0,,,,,,,,,,,,,,,,,,,,,,,,,,,,,3.17765E3
1676,CLTS,INST,ENDCLTS,,,,,,,,,,,,8.0,1.35649188E2,1.2965162E2,-0.650494,0.0442,0.0,0.4669E-2,0.0,,,,,,,,,,,,,,,,,,,,,,,,,,,,,3.17765E3
MAD #,AREA,KeyW,ELEMENT,Eng_Name,L_EFF,APER,ANGLE,K1,K2,TILT,E1,E2,H1,H2,ENERGY,SUML,MAD Z,MAD X,MAD Y,MAD Psi,MAD Phi,MAD Theta,RF_Frequency,RF_Amplitude,RF_Phase,RF_Gradient,RF_Power_Fraction,Z_Length,Fringe_Field_Integral,Integrated_Field_BL,Field_B,Integrated_Field_Gradient_GL,Field_Gradient_G,XAL_Scale_Name,XAL_Scale_Value,XAL_Polarity,Magnet_MAD_Z,Magnet_MAD_X,Magnet_MAD_Y,Magnet_MAD_Psi,Magnet_MAD_Phi,Magnet_MAD_Theta,Solenoid_Strength_KS,Undulator_Period_Length,Undulator_Strength_K,X_Size,Y_Size,Section,Distance_From_Section_Start,XAL_Keyword,S_Display
,,,,,m,m,deg,1/m^2,1/m^3,deg,deg,deg,1/m,1/m,GeV,m,m,m,m,rad,rad,rad,MHz,MeV,deg,MeV/m,1,m,1,kG-m,T,kG,T/m,,,,m,m,m,rad,rad,rad,1/m,m,1,m,m,,m,,m
