-6.499999999999348521e-01 3.750890999250097810e-04
-6.494999999999349072e-01 3.856491034331623242e-04
-6.489999999999349622e-01 3.964211923785019003e-04
-6.484999999999350173e-01 4.075804325436146384e-04
-6.479999999999350724e-01 4.189638330048894659e-04
-6.474999999999351274e-01 4.307563837085538836e-04
-6.469999999999351825e-01 4.427858558072777563e-04
-6.464999999999352376e-01 4.552477259948127563e-04
-6.459999999999352926e-01 4.679600006845025971e-04
-6.454999999999353477e-01 4.811292416697818502e-04
-6.449999999999354028e-01 4.945631362163917374e-04
-6.444999999999354579e-01 5.084799586952037844e-04
-6.439999999999354019e-01 5.226764916465822999e-04
-6.434999999999354570e-01 5.373833898636458167e-04
-6.429999999999355120e-01 5.523859128811827194e-04
-6.424999999999355671e-01 5.679277908410618799e-04
-6.419999999999356222e-01 5.837821046910967497e-04
-6.414999999999356772e-01 6.002064166764293010e-04
-6.409999999999357323e-01 6.169609362752959559e-04
-6.404999999999357874e-01 6.343178294089207945e-04
-6.399999999999358424e-01 6.520237085009373363e-04
-6.394999999999358975e-01 6.703661760385059686e-04
-6.389999999999359526e-01 6.890774809276016327e-04
-6.384999999999360076e-01 7.084615257696964081e-04
-6.379999999999360627e-01 7.282353783925144073e-04
-6.374999999999361178e-01 7.487201817065207345e-04
-6.369999999999361728e-01 7.696169589128129627e-04
-6.364999999999362279e-01 7.912650640840527150e-04
-6.359999999999362830e-01 8.133485611487980887e-04
-6.354999999999363380e-01 8.362260577316631182e-04
-6.349999999999363931e-01 8.595636978549699202e-04
-6.344999999999364482e-01 8.837404259630694424e-04
-6.339999999999365032e-01 9.084034595505689411e-04
-6.334999999999365583e-01 9.339532346858931766e-04
-6.329999999999365023e-01 9.600169488486418609e-04
-6.324999999999365574e-01 9.870177611819564139e-04
-6.319999999999366125e-01 1.014561725004614048e-03
-6.314999999999366675e-01 1.043096005082651614e-03
-6.309999999999367226e-01 1.072204304672150785e-03
-6.304999999999367777e-01 1.102359148246775554e-03
-6.299999999999368328e-01 1.133120642220007256e-03
-6.294999999999368878e-01 1.164988096394420488e-03
-6.289999999999369429e-01 1.197496676475673805e-03
-6.284999999999369980e-01 1.231174015631114702e-03
-6.279999999999370530e-01 1.265528918347050670e-03
-6.274999999999371081e-01 1.301118930289004881e-03
-6.269999999999371632e-01 1.337425007785604135e-03
-6.264999999999372182e-01 1.375036315658284720e-03
-6.259999999999372733e-01 1.413404383164099457e-03
-6.254999999999373284e-01 1.453151777584439511e-03
-6.249999999999373834e-01 1.493698930215322422e-03
-6.244999999999374385e-01 1.535703711626471533e-03
-6.239999999999374936e-01 1.578553692287841970e-03
-6.234999999999375486e-01 1.622944038861434766e-03
-6.229999999999376037e-01 1.668227606150547281e-03
-6.224999999999376588e-01 1.715138977457243566e-03
-6.219999999999377138e-01 1.762994314443481602e-03
-6.214999999999376579e-01 1.812569844904003517e-03
-6.209999999999377129e-01 1.863142967909178077e-03
-6.204999999999377680e-01 1.915533911342881231e-03
-6.199999999999378231e-01 1.968979119599554694e-03
-6.194999999999378781e-01 2.024345303992508126e-03
-6.189999999999379332e-01 2.080825654851088842e-03
-6.184999999999379883e-01 2.139335972892429834e-03
-6.179999999999380433e-01 2.199023751918514902e-03
-6.174999999999380984e-01 2.260856677085574130e-03
-6.169999999999381535e-01 2.323933944803592382e-03
-6.164999999999382085e-01 2.389278057666524221e-03
-6.159999999999382636e-01 2.455937191193632158e-03
-6.154999999999383187e-01 2.524991767037090395e-03
-6.149999999999383737e-01 2.595436052814598625e-03
-6.144999999999384288e-01 2.668411649259413900e-03
-6.139999999999384839e-01 2.742855875784217488e-03
-6.134999999999385389e-01 2.819974986835869363e-03
-6.129999999999385940e-01 2.898646124257693059e-03
-6.124999999999386491e-01 2.980143829245030483e-03
-6.119999999999387041e-01 3.063281698744159485e-03
-6.114999999999387592e-01 3.149406398123935722e-03
-6.109999999999387033e-01 3.237264387276735968e-03
-6.104999999999387583e-01 3.328278533328386714e-03
-6.099999999999388134e-01 3.421124383009376164e-03
-6.094999999999388685e-01 3.517305282066349962e-03
-6.089999999999389235e-01 3.615421878460022345e-03
-6.084999999999389786e-01 3.717062518689882855e-03
-6.079999999999390337e-01 3.820748736400064738e-03
-6.074999999999390887e-01 3.928158682011386772e-03
-6.069999999999391438e-01 4.037730303816911524e-03
-6.064999999999391989e-01 4.151236599485685907e-03
-6.059999999999392539e-01 4.267027256535067120e-03
-6.054999999999393090e-01 4.386975423806677675e-03
-6.049999999999393641e-01 4.509337592020086147e-03
-6.044999999999394191e-01 4.636092666589302497e-03
-6.039999999999394742e-01 4.765398719267827272e-03
-6.034999999999395293e-01 4.899346339356352650e-03
-6.029999999999395843e-01 5.035989655998555220e-03
-6.024999999999396394e-01 5.177537191610587924e-03
-6.019999999999396945e-01 5.321933363814377975e-03
-6.014999999999397495e-01 5.471511183955534048e-03
-6.009999999999398046e-01 5.624099211100528142e-03
-6.004999999999398597e-01 5.782161879460206121e-03
-5.999999999999399147e-01 5.943405471694931941e-03
-5.994999999999398588e-01 6.110433202926116199e-03
-5.989999999999399138e-01 6.280822130142984204e-03
-5.984999999999399689e-01 6.457322118398215426e-03
-5.979999999999400240e-01 6.637373845354704871e-03
-5.974999999999400790e-01 6.823881746114642682e-03
-5.969999999999401341e-01 7.014142607676652173e-03
-5.964999999999401892e-01 7.211224172871266366e-03
-5.959999999999402442e-01 7.412271315719524967e-03
-5.954999999999402993e-01 7.620524079946818310e-03
-5.949999999999403544e-01 7.832966995502992774e-03
-5.944999999999404094e-01 8.053021808955109981e-03
-5.939999999999404645e-01 8.277504121795599412e-03
-5.934999999999405196e-01 8.510027347452915267e-03
-5.929999999999405746e-01 8.747228603722652721e-03
-5.924999999999406297e-01 8.992923701377429982e-03
-5.919999999999406848e-01 9.243561514886432934e-03
-5.914999999999407398e-01 9.503171187239367601e-03
-5.909999999999407949e-01 9.768003232266680644e-03
-5.904999999999408500e-01 1.004231157102346630e-02
-5.899999999999409050e-01 1.032213757512110731e-02
-5.894999999999409601e-01 1.061197236038158818e-02
-5.889999999999409042e-01 1.090763665925141047e-02
-5.884999999999409592e-01 1.121387150560614922e-02
-5.879999999999410143e-01 1.152626518919637466e-02
-5.874999999999410694e-01 1.184982225389611017e-02
-5.869999999999411244e-01 1.217988577237573075e-02
-5.864999999999411795e-01 1.252173800362300915e-02
-5.859999999999412346e-01 1.287046387555125515e-02
-5.854999999999412896e-01 1.323163802725511005e-02
-5.849999999999413447e-01 1.360007339445828446e-02
-5.844999999999413998e-01 1.398165258111109220e-02
-5.839999999999414548e-01 1.437090222343727700e-02
-5.834999999999415099e-01 1.477402898596697801e-02
-5.829999999999415650e-01 1.518525813165054472e-02
-5.824999999999416200e-01 1.561113755437039917e-02
-5.819999999999416751e-01 1.604557525246948224e-02
-5.814999999999417302e-01 1.649547792673521779e-02
-5.809999999999417852e-01 1.695442006188637579e-02
-5.804999999999418403e-01 1.742968571402132155e-02
-5.799999999999418954e-01 1.791449853216960098e-02
-5.794999999999419504e-01 1.841653924260951841e-02
-5.789999999999420055e-01 1.892866282564096073e-02
-5.784999999999420606e-01 1.945896665685917931e-02
-5.779999999999421156e-01 1.999991849942844152e-02
-5.774999999999421707e-01 2.056005332825110860e-02
-5.769999999999422258e-01 2.113143222119424902e-02
-5.764999999999421698e-01 2.172304941782302393e-02
-5.759999999999422249e-01 2.232653922937525778e-02
-5.754999999999422799e-01 2.295137764299519031e-02
-5.749999999999423350e-01 2.358875150878891186e-02
-5.744999999999423901e-01 2.424864150427388440e-02
-5.739999999999424452e-01 2.492176571075148742e-02
-5.734999999999425002e-01 2.561863351195482405e-02
-5.729999999999425553e-01 2.632947189075690239e-02
-5.724999999999426104e-01 2.706534361721682144e-02
-5.719999999999426654e-01 2.781596183737525263e-02
-5.714999999999427205e-01 2.859296779650798495e-02
-5.709999999999427756e-01 2.938553770773659132e-02
-5.704999999999428306e-01 3.020591709580975823e-02
-5.699999999999428857e-01 3.104272117399002953e-02
-5.694999999999429408e-01 3.190882601063302348e-02
-5.689999999999429958e-01 3.279226185439737540e-02
-5.684999999999430509e-01 3.370656188796488512e-02
-5.679999999999431060e-01 3.463914661308484244e-02
-5.674999999999431610e-01 3.560423335736229850e-02
-5.669999999999431051e-01 3.658860814442928266e-02
-5.664999999999431601e-01 3.760719937521610906e-02
-5.659999999999432152e-01 3.864613376183455989e-02
-5.654999999999432703e-01 3.972107770694223439e-02
-5.649999999999433253e-01 4.081747387992270409e-02
-5.644999999999433804e-01 4.195175325588013093e-02
-5.639999999999434355e-01 4.310865003684720420e-02
-5.634999999999434905e-01 4.430538588121604032e-02
-5.629999999999435456e-01 4.552596266111864909e-02
-5.624999999999436007e-01 4.678841796041841028e-02
-5.619999999999436557e-01 4.807599827635744560e-02
-5.614999999999437108e-01 4.940758103191772443e-02
-5.609999999999437659e-01 5.076563553080318258e-02
-5.604999999999438209e-01 5.216990162022575039e-02
-5.599999999999438760e-01 5.360205112462894383e-02
-5.594999999999439311e-01 5.508270649898179550e-02
-5.589999999999439861e-01 5.659272302908611302e-02
-5.584999999999440412e-01 5.815362504143946343e-02
-5.579999999999440963e-01 5.974543493199012401e-02
-5.574999999999441513e-01 6.139059320607454656e-02
-5.569999999999442064e-01 6.306827659540320541e-02
-5.564999999999442615e-01 6.480185251463423113e-02
-5.559999999999443165e-01 6.656964232270824733e-02
-5.554999999999443716e-01 6.839594851921100560e-02
-5.549999999999444267e-01 7.025822993665813143e-02
-5.544999999999443707e-01 7.218172671443977284e-02
-5.539999999999444258e-01 7.414303413669580400e-02
-5.534999999999444809e-01 7.616832589481789539e-02
-5.529999999999445359e-01 7.823333832334847249e-02
-5.524999999999445910e-01 8.036516793519794810e-02
-5.519999999999446461e-01 8.253870182384329124e-02
-5.514999999999447011e-01 8.478194297250182809e-02
-5.509999999999447562e-01 8.706894609577234267e-02
-5.504999999999448113e-01 8.942859305450903684e-02
-5.499999999999448663e-01 9.183413326612713257e-02
-5.494999999999449214e-01 9.431528965694029043e-02
-5.489999999999449765e-01 9.684454109350539019e-02
-5.484999999999450315e-01 9.945240506883684661e-02
-5.479999999999450866e-01 1.021106338425150223e-01
-5.474999999999451417e-01 1.048504796901367775e-01
-5.469999999999451967e-01 1.076430249825720414e-01
-5.464999999999452518e-01 1.105201837085222072e-01
-5.459999999999453069e-01 1.134524352879202336e-01
-5.454999999999453619e-01 1.164722700896852203e-01
-5.449999999999454170e-01 1.195496442949709609e-01
-5.444999999999453610e-01 1.227175214358894456e-01
-5.439999999999454161e-01 1.259454310291602541e-01
-5.434999999999454712e-01 1.292666896908762075e-01
-5.429999999999455262e-01 1.326505101330273939e-01
-5.424999999999455813e-01 1.361304261362389634e-01
-5.419999999999456364e-01 1.396754587967371231e-01
-5.414999999999456914e-01 1.433192052560929852e-01
-5.409999999999457465e-01 1.470306355129956943e-01
-5.404999999999458016e-01 1.508432363383364061e-01
-5.399999999999458566e-01 1.547260860575827845e-01
-5.394999999999459117e-01 1.587123689442067054e-01
-5.389999999999459668e-01 1.627714458930556440e-01
-5.384999999999460218e-01 1.669359891802804918e-01
-5.379999999999460769e-01 1.711758323529462000e-01
-5.374999999999461320e-01 1.755229057509659629e-01
-5.369999999999461870e-01 1.799477225186472684e-01
-5.364999999999462421e-01 1.844812278353894497e-01
-5.359999999999462972e-01 1.890948326292254400e-01
-5.354999999999463522e-01 1.938182378545280637e-01
-5.349999999999464073e-01 1.986239831839232139e-01
-5.344999999999464624e-01 2.035402529968846075e-01
-5.339999999999465174e-01 2.085409594458827731e-01
-5.334999999999465725e-01 2.136524877661127308e-01
-5.329999999999466276e-01 2.188503704129440841e-01
-5.324999999999466826e-01 2.241589068201104151e-01
-5.319999999999466267e-01 2.295555016567380202e-01
-5.314999999999466818e-01 2.350620798540147549e-01
-5.309999999999467368e-01 2.406581691837304804e-01
-5.304999999999467919e-01 2.463630380161230260e-01
-5.299999999999468470e-01 2.521585778950450885e-01
-5.294999999999469020e-01 2.580611287908873286e-01
-5.289999999999469571e-01 2.640551805572604604e-01
-5.284999999999470122e-01 2.701538867221461304e-01
-5.279999999999470672e-01 2.763445495475929659e-01
-5.274999999999471223e-01 2.826369046473307112e-01
-5.269999999999471774e-01 2.890212583076100517e-01
-5.264999999999472324e-01 2.955037269036130954e-01
-5.259999999999472875e-01 3.020777806810830968e-01
-5.254999999999473426e-01 3.087457553084375639e-01
-5.249999999999473976e-01 3.155044076250013707e-01
-5.244999999999474527e-01 3.223521766010183365e-01
-5.239999999999475078e-01 3.292891874254540996e-01
-5.234999999999475628e-01 3.363099164545561015e-01
-5.229999999999475069e-01 3.434178935061821258e-01
-5.224999999999475619e-01 3.506036226140509804e-01
-5.219999999999476170e-01 3.578740198297993280e-01
-5.214999999999476721e-01 3.652156725609327914e-01
-5.209999999999477271e-01 3.726388105343643176e-01
-5.204999999999477822e-01 3.801262210337707503e-01
-5.199999999999478373e-01 3.876913197174987058e-01
-5.194999999999478923e-01 3.953132776965296302e-01
-5.189999999999479474e-01 4.030085100546335619e-01
-5.184999999999480025e-01 4.107528185312003810e-01
-5.179999999999480575e-01 4.185653790099258531e-01
-5.174999999999481126e-01 4.264189335096825739e-01
-5.169999999999481677e-01 4.343351269471553144e-01
-5.164999999999482228e-01 4.422840049241879012e-01
-5.159999999999482778e-01 4.502893461906113948e-01
-5.154999999999483329e-01 4.583189158651920225e-01
-5.149999999999483880e-01 4.663982473871823853e-01
-5.144999999999484430e-01 4.744932816932767583e-01
-5.139999999999484981e-01 4.826309001757546069e-01
-5.134999999999485532e-01 4.907757070597414950e-01
-5.129999999999486082e-01 4.989555019602573971e-01
-5.124999999999486633e-01 5.071340572345250930e-01
-5.119999999999487184e-01 5.153396517924615505e-01
-5.114999999999487734e-01 5.235357376097327098e-01
-5.109999999999488285e-01 5.317506273206298317e-01
-5.104999999999488836e-01 5.399479752470653926e-01
-5.099999999999489386e-01 5.481556908637640335e-01
-5.094999999999489937e-01 5.563381131996338880e-01
-5.089999999999489377e-01 5.645223392785608807e-01
-5.084999999999489928e-01 5.726738782630511615e-01
-5.079999999999490479e-01 5.808186008361018171e-01
-5.074999999999491029e-01 5.889236257326359025e-01
-5.069999999999491580e-01 5.970132651607709118e-01
-5.064999999999492131e-01 6.050566204398661885e-01
-5.059999999999492681e-01 6.130761284984306281e-01
-5.054999999999493232e-01 6.210432207035121444e-01
-5.049999999999493783e-01 6.289781929968178975e-01
-5.044999999999494333e-01 6.368550878295381468e-01
-5.039999999999494884e-01 6.446918455469230480e-01
-5.034999999999495435e-01 6.524653547329750669e-01
-5.029999999999495985e-01 6.601910161853543624e-01
-5.024999999999496536e-01 6.678487434622554231e-01
-5.019999999999497087e-01 6.754512905089201658e-01
-5.014999999999497637e-01 6.829816929430556627e-01
-5.009999999999497078e-01 6.904499965404413686e-01
-5.004999999999497629e-01 6.978424100758334747e-01
-4.999999999999498734e-01 7.051662558262882241e-01
-4.994999999999499285e-01 7.124109310528721206e-01
-4.989999999999499836e-01 7.195810396436717049e-01
-4.984999999999500386e-01 7.266691213582804343e-01
-4.979999999999500382e-01 7.336771485616280231e-01
-4.974999999999500933e-01 7.406006910972542379e-01
-4.969999999999501483e-01 7.474391868922514170e-01
-4.964999999999502034e-01 7.541911387887846319e-01
-4.959999999999502585e-01 7.608535575809382001e-01
-4.954999999999503135e-01 7.674277053778764124e-01
-4.949999999999503686e-01 7.739083497918074483e-01
-4.944999999999504237e-01 7.802993180282550290e-01
-4.939999999999504787e-01 7.865933031394239938e-01
-4.934999999999505338e-01 7.927965032565559289e-01
-4.929999999999505889e-01 7.988997054937246878e-01
-4.924999999999506439e-01 8.049112694079879615e-01
-4.919999999999506990e-01 8.108202907849439978e-01
-4.914999999999507541e-01 8.166370402295354269e-01
-4.909999999999508091e-01 8.223491316987868727e-01
-4.904999999999508642e-01 8.279685271261163493e-01
-4.899999999999508637e-01 8.334815477008614693e-01
-4.894999999999509188e-01 8.389016167459996121e-01
-4.889999999999509739e-01 8.442139721830833610e-01
-4.884999999999510290e-01 8.494332585662248691e-01
-4.879999999999510840e-01 8.545438451588474038e-01
-4.874999999999511391e-01 8.595613626975276977e-01
-4.869999999999511386e-01 8.644695110679538885e-01
-4.864999999999511937e-01 8.692846874697582882e-01
-4.859999999999512488e-01 8.739901012522733881e-01
-4.854999999999513038e-01 8.786027116880388288e-01
-4.849999999999513589e-01 8.831054317606725768e-01
-4.844999999999514140e-01 8.875155682059658879e-01
-4.839999999999514690e-01 8.918158960441867622e-01
-4.834999999999515241e-01 8.960239110720130684e-01
-4.829999999999515792e-01 9.001223934194670928e-01
-4.824999999999516342e-01 9.041288388832268152e-01
-4.819999999999516893e-01 9.080262013249397191e-01
-4.814999999999517444e-01 9.118318130291658274e-01
-4.809999999999517994e-01 9.155289242232672597e-01
-4.804999999999518545e-01 9.191345606065817186e-01
-4.799999999999519096e-01 9.226324067355362590e-01
-4.794999999999519646e-01 9.260390233218817047e-01
-4.789999999999520197e-01 9.293386467754447544e-01
-4.784999999999520193e-01 9.325472604058077097e-01
-4.779999999999520743e-01 9.356497495615179183e-01
-4.774999999999521294e-01 9.386614128451615802e-01
-4.769999999999521845e-01 9.415678611903112172e-01
-4.764999999999522395e-01 9.443836114072370336e-01
-4.759999999999522391e-01 9.470951022096112393e-01
-4.754999999999522942e-01 9.497159613105596865e-01
-4.749999999999523492e-01 9.522335369599139732e-01
-4.744999999999524043e-01 9.546604757980885481e-01
-4.739999999999524594e-01 9.569851020378725703e-01
-4.734999999999525144e-01 9.592190148201713562e-01
-4.729999999999525695e-01 9.613515858572829753e-01
-4.724999999999526246e-01 9.633932901442984198e-01
-4.719999999999526796e-01 9.653345877710544087e-01
-4.714999999999527347e-01 9.671847784892899647e-01
-4.709999999999527898e-01 9.689354720834253420e-01
-4.704999999999528448e-01 9.705947164155420692e-01
-4.699999999999528999e-01 9.721553425011956184e-01
-4.694999999999529550e-01 9.736240849957656929e-01
-4.689999999999530100e-01 9.749950165849575745e-01
-4.684999999999530651e-01 9.762735280589274200e-01
-4.679999999999531202e-01 9.774549950905742079e-01
-4.674999999999531197e-01 9.785433930682788661e-01
-4.669999999999531748e-01 9.795354364204102993e-01
-4.664999999999532299e-01 9.804336544750515969e-01
-4.659999999999532849e-01 9.812361361843175978e-01
-4.654999999999533400e-01 9.819439188282104158e-01
-4.649999999999533951e-01 9.825565016508669425e-01
-4.644999999999533946e-01 9.830733890061779112e-01
-4.639999999999534497e-01 9.834955313083322270e-01
-4.634999999999535047e-01 9.838208539973263278e-01
-4.629999999999535598e-01 9.840517995354304270e-01
-4.624999999999536149e-01 9.841846735707172611e-01
-4.619999999999536699e-01 9.842234310525526109e-01
-4.614999999999537250e-01 9.841627322883175211e-01
-4.609999999999537801e-01 9.840080907022570322e-01
-4.604999999999538352e-01 9.837524548342609920e-01
-4.599999999999538902e-01 9.834029425712380590e-01
-4.594999999999539453e-01 9.829507651368190047e-01
-4.589999999999540004e-01 9.824046653195892542e-01
-4.584999999999540554e-01 9.817540659293840788e-01
-4.579999999999541105e-01 9.810094010832646205e-01
-4.574999999999541656e-01 9.801582489699797174e-01
-4.569999999999542206e-01 9.792127554740804873e-01
-4.564999999999542202e-01 9.781586388339675864e-01
-4.559999999999542752e-01 9.770097822504520968e-01
-4.554999999999543303e-01 9.757499929140490691e-01
-4.549999999999543854e-01 9.743949526588728816e-01
-4.544999999999544404e-01 9.729264860910026291e-01
-4.539999999999544955e-01 9.713621298851461416e-01
-4.534999999999544951e-01 9.696816902946703287e-01
-4.529999999999545501e-01 9.679045894933990812e-01
-4.524999999999546052e-01 9.660085591746959688e-01
-4.519999999999546603e-01 9.640149478895310153e-01
-4.514999999999547153e-01 9.618993923322494144e-01
-4.509999999999547704e-01 9.596852031992434418e-01
-4.504999999999548255e-01 9.573458506492878994e-01
-4.499999999999548805e-01 9.549066637314879147e-01
-4.494999999999549356e-01 9.523389154105261767e-01
-4.489999999999549907e-01 9.496699735272348120e-01
-4.484999999999550457e-01 9.468688831936824535e-01
-4.479999999999551008e-01 9.439650919204579660e-01
-4.474999999999551559e-01 9.409253658694788358e-01
-4.469999999999552109e-01 9.377812628796131644e-01
-4.464999999999552660e-01 9.344972548333659867e-01
-4.459999999999553211e-01 9.311070354466526311e-01
-4.454999999999553761e-01 9.275727414445363861e-01
-4.449999999999553757e-01 9.239302381882563697e-01
-4.444999999999554308e-01 9.201393068064183112e-01
-4.439999999999554858e-01 9.162379945250931357e-01
-4.434999999999555409e-01 9.121837166569218835e-01
-4.429999999999555960e-01 9.080167074025599083e-01
-4.424999999999555955e-01 9.036920366976991525e-01
-4.419999999999556506e-01 8.992521052785652502e-01
-4.414999999999557057e-01 8.946496428136534451e-01
-4.409999999999557607e-01 8.899292216845131609e-01
-4.404999999999558158e-01 8.850412568412130421e-01
-4.399999999999558709e-01 8.800324463228421656e-01
-4.394999999999559259e-01 8.748509567878399729e-01
-4.389999999999559810e-01 8.695455506157919734e-01
-4.384999999999560361e-01 8.640622279295674391e-01
-4.379999999999560911e-01 8.584517490224491398e-01
-4.374999999999561462e-01 8.526580292377962111e-01
-4.369999999999562013e-01 8.467337399167761403e-01
-4.364999999999562563e-01 8.406208444768333843e-01
-4.359999999999563114e-01 8.343737873436705144e-01
-4.354999999999563665e-01 8.279327537404431725e-01
-4.349999999999564215e-01 8.213538129945319177e-01
-4.344999999999564766e-01 8.145755611956903008e-01
-4.339999999999564761e-01 8.076555035120897008e-01
-4.334999999999565312e-01 8.005308768389985952e-01
-4.329999999999565863e-01 7.932604280147377285e-01
-4.324999999999566413e-01 7.857802902277764012e-01
-4.319999999999566964e-01 7.781501811696388549e-01
-4.314999999999566960e-01 7.703054828949997823e-01
-4.309999999999567510e-01 7.623065671438575830e-01
-4.304999999999568061e-01 7.540884327393591047e-01
-4.299999999999568612e-01 7.457117784457396592e-01
-4.294999999999569162e-01 7.371116184154072881e-01
-4.289999999999569713e-01 7.283486003150604349e-01
-4.284999999999570264e-01 7.193582288334624542e-01
-4.279999999999570814e-01 7.102006662107097634e-01
-4.274999999999571365e-01 7.008124237570456661e-01
-4.269999999999571916e-01 6.912527030788703231e-01
-4.264999999999572466e-01 6.814595995100748427e-01
-4.259999999999573017e-01 6.714908430479928914e-01
-4.254999999999573568e-01 6.612867057815928762e-01
-4.249999999999574118e-01 6.509028942457423250e-01
-4.244999999999574669e-01 6.402825368817296470e-01
-4.239999999999575220e-01 6.294787138110189417e-01
-4.234999999999575770e-01 6.184380945342146108e-01
-4.229999999999575766e-01 6.072105246986869709e-01
-4.224999999999576317e-01 5.957469302298746827e-01
-4.219999999999576867e-01 5.840932835818416491e-01
-4.214999999999577418e-01 5.722055131289016661e-01
-4.209999999999577969e-01 5.601250589735836671e-01
-4.204999999999578519e-01 5.478136030728709693e-01
-4.199999999999578515e-01 5.353074093487921736e-01
-4.194999999999579066e-01 5.225746287065177187e-01
-4.189999999999579616e-01 5.096457249866480632e-01
-4.184999999999580167e-01 4.964960405617154793e-01
-4.179999999999580718e-01 4.831496142680143380e-01
-4.174999999999581268e-01 4.695896488121977241e-01
-4.169999999999581819e-01 4.558332138374849296e-01
-4.164999999999582370e-01 4.418719574514488047e-01
-4.159999999999582920e-01 4.277154951886073531e-01
-4.154999999999583471e-01 4.133644289779467296e-01
-4.149999999999584022e-01 3.988205186186420947e-01
-4.144999999999584572e-01 3.840937158670049700e-01
-4.139999999999585123e-01 3.691776309760300689e-01
-4.134999999999585674e-01 3.540918291926453132e-01
-4.129999999999586224e-01 3.388215980030142571e-01
-4.124999999999586775e-01 3.233962316251149383e-01
-4.119999999999586771e-01 3.077926610539054586e-01
-4.114999999999587321e-01 2.920498548040491582e-01
-4.109999999999587872e-01 2.761365069475354428e-01
-4.104999999999588423e-01 2.601010242250919591e-01
-4.099999999999588973e-01 2.439041438002420570e-01
-4.094999999999589524e-01 2.276032885741221812e-01
-4.089999999999589519e-01 2.111516828393863177e-01
-4.084999999999590070e-01 1.946151509542089486e-01
-4.079999999999590621e-01 1.779400159778932455e-01
-4.074999999999591171e-01 1.611997004723696447e-01
-4.069999999999591722e-01 1.443343957924979881e-01
-4.064999999999592273e-01 1.274241431641799371e-01
-4.059999999999592823e-01 1.104039204605723606e-01
-4.054999999999593374e-01 9.335924707452164517e-02
-4.049999999999593925e-01 7.622093234211402279e-02
-4.044999999999594475e-01 5.907869945056708899e-02
-4.039999999999595026e-01 4.186033940445484103e-02
-4.034999999999595577e-01 2.465839842772061391e-02
-4.029999999999596128e-01 7.398877935899049116e-03
-4.024999999999596678e-01 -9.824307097342123082e-03
-4.019999999999597229e-01 -2.708567129049471722e-02
-4.014999999999597780e-01 -4.429141790959169322e-02
-4.009999999999598330e-01 -6.151529112446154496e-02
-4.004999999999598326e-01 -7.866509616002059779e-02
-3.999999999999598876e-01 -9.581254151131972374e-02
-3.994999999999599427e-01 -1.128684757725805787e-01
-3.989999999999599978e-01 -1.299013589129375257e-01
-3.984999999999600528e-01 -1.468264441343039572e-01
-3.979999999999601079e-01 -1.637078174566447275e-01
-3.974999999999601630e-01 -1.804663855133699646e-01
-3.969999999999602180e-01 -1.971608440452634614e-01
-3.964999999999602176e-01 -2.137188604008594950e-01
-3.959999999999602727e-01 -2.301928586092469864e-01
-3.954999999999603277e-01 -2.465182115275440788e-01
-3.949999999999603828e-01 -2.627403382234885787e-01
-3.944999999999604379e-01 -2.788030825038870786e-01
-3.939999999999604929e-01 -2.947442861827114235e-01
-3.934999999999605480e-01 -3.105168419296006066e-01
-3.929999999999606031e-01 -3.261506091012920661e-01
-3.924999999999606581e-01 -3.416079134837350928e-01
-3.919999999999607132e-01 -3.569103897741074394e-01
-3.914999999999607683e-01 -3.720299966660390312e-01
-3.909999999999607678e-01 -3.869800629520634416e-01
-3.904999999999608229e-01 -4.017422006725059336e-01
-3.899999999999608780e-01 -4.163214970981529706e-01
-3.894999999999609330e-01 -4.307090765868228921e-01
-3.889999999999609881e-01 -4.449019857008754131e-01
-3.884999999999610432e-01 -4.589005693486856163e-01
-3.879999999999610982e-01 -4.726941542767190141e-01
-3.874999999999611533e-01 -4.862918910319065646e-01
-3.869999999999612084e-01 -4.996758040116973110e-01
-3.864999999999612634e-01 -5.128633271847498065e-01
-3.859999999999613185e-01 -5.258296848882851870e-01
-3.854999999999613181e-01 -5.385999864519991354e-01
-3.849999999999613731e-01 -5.511432258904229720e-01
-3.844999999999614282e-01 -5.634915128958252195e-01
-3.839999999999614833e-01 -5.756082207536642459e-01
-3.834999999999615383e-01 -5.875317492630164340e-01
-3.829999999999615934e-01 -5.992204845897264320e-01
-3.824999999999616485e-01 -6.107183961644063741e-01
-3.819999999999617035e-01 -6.219795166427463107e-01
-3.814999999999617586e-01 -6.330526339531004076e-01
-3.809999999999618137e-01 -6.438880915089848500e-01
-3.804999999999618687e-01 -6.545387599319624217e-01
-3.799999999999618683e-01 -6.649519218930816100e-01
-3.794999999999619233e-01 -6.751838204513488373e-01
-3.789999999999619784e-01 -6.851792958155423774e-01
-3.784999999999620335e-01 -6.949972532263483105e-01
-3.779999999999620885e-01 -7.045806831617045241e-01
-3.774999999999621436e-01 -7.139905194345164130e-01
-3.769999999999621987e-01 -7.231684444257746591e-01
-3.764999999999622537e-01 -7.321768022404062659e-01
-3.759999999999623088e-01 -7.409564781378242815e-01
-3.754999999999623639e-01 -7.495706746615781180e-01
-3.749999999999624190e-01 -7.579599347175823842e-01
-3.744999999999624185e-01 -7.661878185321457924e-01
-3.739999999999624736e-01 -7.741949405477347446e-01
-3.734999999999625286e-01 -7.820447485760764206e-01
-3.729999999999625837e-01 -7.896783322667318972e-01
-3.724999999999626388e-01 -7.971586029072894597e-01
-3.719999999999626938e-01 -8.044274472688874855e-01
-3.714999999999627489e-01 -8.115468875419703521e-01
-3.709999999999628040e-01 -8.184599039849687063e-01
-3.704999999999628590e-01 -8.252273026669454392e-01
-3.699999999999629141e-01 -8.317934230408166041e-01
-3.694999999999629692e-01 -8.382175791275636723e-01
-3.689999999999630242e-01 -8.444456790744893082e-01
-3.684999999999630238e-01 -8.505353098058233696e-01
-3.679999999999630789e-01 -8.564341372241424111e-01
-3.674999999999631339e-01 -8.621978269862843325e-01
-3.669999999999631890e-01 -8.677759560427100727e-01
-3.664999999999632441e-01 -8.732221052707471731e-01
-3.659999999999632991e-01 -8.784878750833228223e-01
-3.654999999999633542e-01 -8.836246389441645421e-01
-3.649999999999634093e-01 -8.885861229237403958e-01
-3.644999999999634643e-01 -8.934213857673503068e-01
-3.639999999999635194e-01 -8.980863660688153116e-01
-3.634999999999635745e-01 -9.026277056599346649e-01
-3.629999999999635740e-01 -9.070036169749268185e-01
-3.624999999999636291e-01 -9.112582789443058884e-01
-3.619999999999636842e-01 -9.153522187207181471e-01
-3.614999999999637392e-01 -9.193270961261020835e-01
-3.609999999999637943e-01 -9.231457836900536229e-01
-3.604999999999638494e-01 -9.268474016869208132e-01
-3.599999999999639044e-01 -9.303971782427565840e-01
-3.594999999999639595e-01 -9.338316838648116347e-01
-3.589999999999640146e-01 -9.371185022755956773e-01
-3.584999999999640696e-01 -9.402916439957540451e-01
-3.579999999999641247e-01 -9.433210534540072967e-01
-3.574999999999641243e-01 -9.462381914039031949e-01
-3.569999999999641793e-01 -9.490153476511118402e-01
-3.564999999999642344e-01 -9.516814382918371562e-01
-3.559999999999642895e-01 -9.542110933989448318e-01
-3.554999999999643445e-01 -9.566306844112947294e-01
-3.549999999999643996e-01 -9.589171765591949503e-01
-3.544999999999644547e-01 -9.610944221729299519e-01
-3.539999999999645097e-01 -9.631416960914814807e-01
-3.534999999999645648e-01 -9.650803468658194495e-01
-3.529999999999646199e-01 -9.668919333948305939e-01
-3.524999999999646749e-01 -9.685953362184467341e-01
-3.519999999999646745e-01 -9.701743829661986229e-01
-3.514999999999647295e-01 -9.716454810572258127e-01
-3.509999999999647846e-01 -9.729947166321957219e-01
-3.504999999999648397e-01 -9.742360648674852630e-01
-3.499999999999648947e-01 -9.753578346466226234e-01
-3.494999999999649498e-01 -9.763715893422372227e-01
-3.489999999999650049e-01 -9.772678452514566017e-01
-3.484999999999650599e-01 -9.780557590529161960e-01
-3.479999999999651150e-01 -9.787280595670969641e-01
-3.474999999999651701e-01 -9.792915069981475984e-01
-3.469999999999652252e-01 -9.797410171411338187e-01
-3.464999999999652247e-01 -9.800809792744863413e-01
-3.459999999999652798e-01 -9.803084859483484070e-01
-3.454999999999653348e-01 -9.804255452959252937e-01
-3.449999999999653899e-01 -9.804314419516982904e-01
-3.444999999999654450e-01 -9.803258080134009678e-01
-3.439999999999655000e-01 -9.801100997608386267e-01
-3.434999999999655551e-01 -9.797815885855337692e-01
-3.429999999999656102e-01 -9.793438973028619765e-01
-3.424999999999656652e-01 -9.787919314883815058e-01
-3.419999999999657203e-01 -9.781314958222987466e-01
-3.414999999999657754e-01 -9.773551147349461843e-01
-3.409999999999657749e-01 -9.764707798811154138e-01
-3.404999999999658300e-01 -9.754686294361598620e-01
-3.399999999999658851e-01 -9.743588573587165236e-01
-3.394999999999659401e-01 -9.731291951301451748e-01
-3.389999999999659952e-01 -9.717920543421897372e-01
-3.384999999999660503e-01 -9.703327393432013004e-01
-3.379999999999661053e-01 -9.687658997970451935e-01
-3.374999999999661604e-01 -9.670744026995564679e-01
-3.369999999999662155e-01 -9.652751357867226378e-01
-3.364999999999662705e-01 -9.633485287018621612e-01
-3.359999999999663256e-01 -9.613137225823453758e-01
-3.354999999999663252e-01 -9.591486688409451844e-01
-3.349999999999663802e-01 -9.568748028944445982e-01
-3.344999999999664353e-01 -9.544675723763016428e-01
-3.339999999999664904e-01 -9.519507120924657340e-01
-3.334999999999665454e-01 -9.492971710068344171e-01
-3.329999999999666005e-01 -9.465329986437845955e-01
-3.324999999999666556e-01 -9.436286095293769938e-01
-3.319999999999667106e-01 -9.406123832356768633e-01
-3.314999999999667657e-01 -9.374521998509086629e-01
-3.309999999999668208e-01 -9.341787843240870748e-01
-3.304999999999668758e-01 -9.307574669763388764e-01
-3.299999999999668754e-01 -9.272213232433820229e-01
-3.294999999999669305e-01 -9.235331285694918790e-01
-3.289999999999669855e-01 -9.197283190965972466e-01
-3.284999999999670406e-01 -9.157671205018755867e-01
-3.279999999999670957e-01 -9.116873040846977805e-01
-3.274999999999671507e-01 -9.074465866331735686e-01
-3.269999999999672058e-01 -9.030850592748547179e-01
-3.264999999999672609e-01 -8.985579350185365355e-01
-3.259999999999673159e-01 -8.939076094906910352e-01
-3.254999999999673710e-01 -8.890868430183357374e-01
-3.249999999999674261e-01 -8.841402744098184607e-01
-3.244999999999674811e-01 -8.790182930664388605e-01
-3.239999999999674807e-01 -8.737677196613752306e-01
-3.234999999999675357e-01 -8.683366390970076454e-01
-3.229999999999675908e-01 -8.627739772650400152e-01
-3.224999999999676459e-01 -8.570256372030211622e-01
-3.219999999999677009e-01 -8.511425427163530344e-01
-3.214999999999677560e-01 -8.450685427215955947e-01
-3.209999999999678111e-01 -8.388564414135134539e-01
-3.204999999999678661e-01 -8.324481868802895423e-01
-3.199999999999679212e-01 -8.258983001939320667e-01
-3.194999999999679763e-01 -8.191470636629171187e-01
-3.189999999999680314e-01 -8.122505057365952963e-01
-3.184999999999680309e-01 -8.051474626631447418e-01
-3.179999999999680860e-01 -7.978952812083712764e-01
-3.174999999999681410e-01 -7.904316172673477858e-01
-3.169999999999681961e-01 -7.828148651053892237e-01
-3.164999999999682512e-01 -7.749818426179611031e-01
-3.159999999999683062e-01 -7.669916747651579492e-01
-3.154999999999683613e-01 -7.587807144548581739e-01
-3.149999999999684164e-01 -7.504084903176989618e-01
-3.144999999999684714e-01 -7.418113041640216343e-01
-3.139999999999685265e-01 -7.330486897342171071e-01
-3.134999999999685816e-01 -7.240573678384305545e-01
-3.129999999999685811e-01 -7.148964583270026596e-01
-3.124999999999686362e-01 -7.055036119852522436e-01
-3.119999999999686913e-01 -6.959370697858838772e-01
-3.114999999999687463e-01 -6.861359796720507553e-01
-3.109999999999688014e-01 -6.761571876536965897e-01
-3.104999999999688565e-01 -6.659419366729931733e-01
-3.099999999999689115e-01 -6.555451310334765580e-01
-3.094999999999689666e-01 -6.449107831638256627e-01
-3.089999999999690217e-01 -6.340912527102324781e-01
-3.084999999999690767e-01 -6.230340062948794833e-01
-3.079999999999691318e-01 -6.117882559556773181e-01
-3.074999999999691314e-01 -6.003056276543222713e-01
-3.069999999999691864e-01 -5.886315573207393514e-01
-3.064999999999692415e-01 -5.767225609509178952e-01
-3.059999999999692966e-01 -5.646196596475837604e-01
-3.054999999999693516e-01 -5.522850054650605411e-01
-3.049999999999694067e-01 -5.397545404108934353e-01
-3.044999999999694618e-01 -5.269967832925197548e-01
-3.039999999999695168e-01 -5.140419736323526001e-01
-3.034999999999695719e-01 -5.008657108235350375e-01
-3.029999999999696270e-01 -4.874919325292383365e-01
-3.024999999999696820e-01 -4.739039579584998774e-01
-3.019999999999696816e-01 -4.601188792374555914e-01
-3.014999999999697367e-01 -4.461283368090474544e-01
-3.009999999999697917e-01 -4.319420851930942384e-01
-3.004999999999698468e-01 -4.175605914210843150e-01
-2.999999999999699019e-01 -4.029858723128041942e-01
-2.994999999999699569e-01 -3.882276210710280395e-01
-2.989999999999700120e-01 -3.732798158510171049e-01
-2.984999999999700671e-01 -3.581616458218267462e-01
-2.979999999999701221e-01 -3.428588726547642240e-01
-2.974999999999701772e-01 -3.274003030973042794e-01
-2.969999999999702323e-01 -3.117634399258443767e-01
-2.964999999999702318e-01 -2.959866640333721488e-01
-2.959999999999702869e-01 -2.800393255842522078e-01
-2.954999999999703419e-01 -2.639691583646497364e-01
-2.949999999999703970e-01 -2.477376276779906239e-01
-2.944999999999704521e-01 -2.314014109123460894e-01
-2.939999999999705071e-01 -2.149145167075635077e-01
-2.934999999999705622e-01 -1.983419712782890643e-01
-2.929999999999706173e-01 -1.816309193322212245e-01
-2.924999999999706723e-01 -1.648539525853383869e-01
-2.919999999999707274e-01 -1.479521019250338021e-01
-2.914999999999707825e-01 -1.310045670007742302e-01
-2.909999999999707820e-01 -1.139471611304469501e-01
-2.904999999999708371e-01 -9.686457541582318975e-02
-2.899999999999708922e-01 -7.968842959992636366e-02
-2.894999999999709472e-01 -6.250765179229798851e-02
-2.889999999999710023e-01 -4.525080140227379782e-02
-2.884999999999710574e-01 -2.800968133792605674e-02
-2.879999999999711124e-01 -1.071100092006736261e-02
-2.874999999999711675e-01 6.551996605856323479e-03
-2.869999999999712226e-01 2.385319408838899868e-02
-2.864999999999712776e-01 4.109938042243550110e-02
-2.859999999999713327e-01 5.836375650881065608e-02
-2.854999999999713878e-01 7.555461534951923852e-02
-2.849999999999713873e-01 9.274321976689416103e-02
-2.844999999999714424e-01 1.098407980098572156e-01
-2.839999999999714975e-01 1.269154707598968701e-01
-2.834999999999715525e-01 1.438827599919713651e-01
-2.829999999999716076e-01 1.608065161663997100e-01
-2.824999999999716627e-01 1.776078038079816346e-01
-2.819999999999717177e-01 1.943451883587812845e-01
-2.814999999999717728e-01 2.109463862209686735e-01
-2.809999999999718279e-01 2.274637917870612203e-01
-2.804999999999718829e-01 2.438327232398123656e-01
-2.799999999999719380e-01 2.600986640298566521e-01
-2.794999999999719376e-01 2.762053092701678425e-01
-2.789999999999719926e-01 2.921906510014767866e-01
-2.784999999999720477e-01 3.080073483776780141e-01
-2.779999999999721028e-01 3.236854835407705355e-01
-2.774999999999721578e-01 3.391870802902600124e-01
-2.769999999999722129e-01 3.545340564036790210e-01
-2.764999999999722680e-01 3.696980123809230356e-01
-2.759999999999723230e-01 3.846926065936394634e-01
-2.754999999999723781e-01 3.994990520103894327e-01
-2.749999999999724332e-01 4.141227986944722717e-01
-2.744999999999724882e-01 4.285545453612228384e-01
-2.739999999999724878e-01 4.427917207825778356e-01
-2.734999999999725429e-01 4.568342324719952829e-01
-2.729999999999725979e-01 4.706717970501483883e-01
-2.724999999999726530e-01 4.843131251141742921e-01
-2.719999999999727081e-01 4.977406304247540270e-01
-2.714999999999727631e-01 5.109713161983091556e-01
-2.709999999999728182e-01 5.239807818279825780e-01
-2.704999999999728733e-01 5.367937345058536591e-01
-2.699999999999729283e-01 5.493795075340993650e-01
-2.694999999999729834e-01 5.617698427027217889e-01
-2.689999999999730385e-01 5.739284352116623689e-01
-2.684999999999730380e-01 5.858933425064994927e-01
-2.679999999999730931e-01 5.976232420090389352e-01
-2.674999999999731481e-01 6.091617863451633808e-01
-2.669999999999732032e-01 6.204632789875088594e-01
-2.664999999999732583e-01 6.315762370474833354e-01
-2.659999999999733133e-01 6.424512185482589288e-01
-2.654999999999733684e-01 6.531408846114959976e-01
-2.649999999999734235e-01 6.635926865301153832e-01
-2.644999999999734785e-01 6.738626936314978666e-01
-2.639999999999735336e-01 6.838958789780180680e-01
-2.634999999999735887e-01 6.937510251762726288e-01
-2.629999999999735882e-01 7.033712146797664877e-01
-2.624999999999736433e-01 7.128172995453458949e-01
-2.619999999999736984e-01 7.220310081417845582e-01
-2.614999999999737534e-01 7.310746539154875379e-01
-2.609999999999738085e-01 7.398891272356213911e-01
-2.604999999999738636e-01 7.485376408652429925e-01
-2.599999999999739186e-01 7.569607121614985168e-01
-2.594999999999739737e-01 7.652219371189723507e-01
-2.589999999999740288e-01 7.732618841923479813e-01
-2.584999999999740838e-01 7.811440676201504285e-01
-2.579999999999741389e-01 7.888094901861277819e-01
-2.574999999999741385e-01 7.963211807022037014e-01
-2.569999999999741935e-01 8.036208981956739494e-01
-2.564999999999742486e-01 8.107708079300862680e-01
-2.559999999999743037e-01 8.177137522005218928e-01
-2.554999999999743587e-01 8.245107005881618933e-01
-2.549999999999744138e-01 8.311058188142960157e-01
-2.544999999999744689e-01 8.375586150705472965e-01
-2.539999999999745239e-01 8.438148084433305662e-01
-2.534999999999745790e-01 8.499322004665318397e-01
-2.529999999999746341e-01 8.558582475428255787e-01
-2.524999999999746891e-01 8.616488503777199881e-01
-2.519999999999746887e-01 8.672533559827595440e-01
-2.514999999999747438e-01 8.727255905034493333e-01
-2.509999999999747988e-01 8.780169244137997486e-01
-2.504999999999748539e-01 8.831789917749776064e-01
-2.499999999999749090e-01 8.881652631697655176e-01
-2.494999999999749640e-01 8.930250681604099405e-01
-2.489999999999750191e-01 8.977140949628001909e-01
-2.484999999999750742e-01 9.022792562256817250e-01
-2.479999999999751292e-01 9.066785037858343665e-01
-2.474999999999751843e-01 9.109563027199796270e-01
-2.469999999999752394e-01 9.150728991443098925e-01
-2.464999999999752389e-01 9.190702645757398148e-01
-2.459999999999752940e-01 9.229109802879039703e-01
-2.454999999999753491e-01 9.266344680306189963e-01
-2.449999999999754041e-01 9.302056697837305377e-01
-2.444999999999754592e-01 9.336614677494650127e-01
-2.439999999999755143e-01 9.369691441748636551e-01
-2.434999999999755693e-01 9.401630314950553124e-01
-2.429999999999756244e-01 9.432127828827993055e-01
-2.424999999999756795e-01 9.461501554573583661e-01
-2.419999999999757345e-01 9.489471579879484864e-01
-2.414999999999757896e-01 9.516330080462422902e-01
-2.409999999999758447e-01 9.541820444491444508e-01
-2.404999999999758442e-01 9.566209605499984558e-01
-2.399999999999758993e-01 9.589264201036433732e-01
-2.394999999999759543e-01 9.611225820255859809e-01
-2.389999999999760094e-01 9.631884298988470094e-01
-2.384999999999760645e-01 9.651456290791260439e-01
-2.379999999999761195e-01 9.669754369898412305e-01
-2.374999999999761746e-01 9.686970458659003302e-01
-2.369999999999762297e-01 9.702939818613657286e-01
-2.364999999999762847e-01 9.717829896391211308e-01
-2.359999999999763398e-01 9.731498283155970430e-01
-2.354999999999763949e-01 9.744088052011610213e-01
-2.349999999999763944e-01 9.755479225941193766e-01
-2.344999999999764495e-01 9.765790606718307565e-01
-2.339999999999765046e-01 9.774924342559544455e-01
-2.334999999999765596e-01 9.782975270493626807e-01
-2.329999999999766147e-01 9.789867459580532394e-01
-2.324999999999766698e-01 9.795671935396729202e-01
-2.319999999999767248e-01 9.800334585650507524e-01
-2.314999999999767799e-01 9.803902624466075411e-01
-2.309999999999768350e-01 9.806343911492648724e-01
-2.304999999999768900e-01 9.807681798304643817e-01
-2.299999999999769451e-01 9.807905861004510006e-01
-2.294999999999769447e-01 9.807015895202099154e-01
-2.289999999999769997e-01 9.805023142355556720e-01
-2.284999999999770548e-01 9.801903791012627210e-01
-2.279999999999771099e-01 9.797690747987156668e-01
-2.274999999999771649e-01 9.792336543667248261e-01
-2.269999999999772200e-01 9.785895852417517693e-01
-2.264999999999772751e-01 9.778297444271352168e-01
-2.259999999999773301e-01 9.769617914436755646e-01
-2.254999999999773852e-01 9.759762119299780769e-01
-2.249999999999774403e-01 9.748828574911818645e-01
-2.244999999999774953e-01 9.736698172914055593e-01
-2.239999999999774949e-01 9.723491605688953099e-01
-2.234999999999775500e-01 9.709065544645146817e-01
-2.229999999999776050e-01 9.693562960691242125e-01
-2.224999999999776601e-01 9.676816253905786702e-01
-2.219999999999777152e-01 9.658990724821066021e-01
-2.214999999999777702e-01 9.639894246697856550e-01
-2.209999999999778253e-01 9.619714858472417918e-01
-2.204999999999778804e-01 9.598235651100069932e-01
-2.199999999999779354e-01 9.575667453018587016e-01
-2.194999999999779905e-01 9.551768470682755474e-01
-2.189999999999780456e-01 9.526772526422012666e-01
-2.184999999999780451e-01 9.500412737800464358e-01
-2.179999999999781002e-01 9.472946023234284363e-01
-2.174999999999781553e-01 9.444080258104288195e-01
-2.169999999999782103e-01 9.414095763498606662e-01
-2.164999999999782654e-01 9.382674917127076242e-01
-2.159999999999783205e-01 9.350121493847327603e-01
-2.154999999999783755e-01 9.316092424795756610e-01
-2.149999999999784306e-01 9.280914938599488240e-01
-2.144999999999784857e-01 9.244220570919016167e-01
-2.139999999999785407e-01 9.206359901955886160e-01
-2.134999999999785958e-01 9.166939122992227018e-01
-2.129999999999785953e-01 9.126332267999081038e-01
-2.124999999999786504e-01 9.084120183880209920e-01
-2.119999999999787055e-01 9.040700205083541663e-01
-2.114999999999787605e-01 8.995628242914768258e-01
-2.109999999999788156e-01 8.949324574615942218e-01
-2.104999999999788707e-01 8.901320533577445904e-01
-2.099999999999789257e-01 8.852059033250235798e-01
-2.094999999999789808e-01 8.801047391182289514e-01
-2.089999999999790359e-01 8.748750543863023088e-01
-2.084999999999790909e-01 8.694652712753678792e-01
-2.079999999999791460e-01 8.639239886528926604e-01
-2.074999999999791456e-01 8.581974365806623872e-01
-2.069999999999792006e-01 8.523362373886106402e-01
-2.064999999999792557e-01 8.462845312492582872e-01
-2.059999999999793108e-01 8.400948311014092562e-01
-2.054999999999793658e-01 8.337093865087142897e-01
-2.049999999999794209e-01 8.271824426164823274e-01
-2.044999999999794760e-01 8.204545270013667846e-01
-2.039999999999795310e-01 8.135814432835556387e-01
-2.034999999999795861e-01 8.065022423208820790e-01
-2.029999999999796412e-01 7.992740613792506110e-01
-2.024999999999796962e-01 7.918347556341281956e-01
-2.019999999999797513e-01 7.842425302899429518e-01
-2.014999999999797509e-01 7.764343565347713305e-01
-2.009999999999798059e-01 7.684692315848653532e-01
-2.004999999999798610e-01 7.602836003236702611e-01
-1.999999999999799161e-01 7.519369045160100296e-01
-1.994999999999799711e-01 7.433654919600094502e-01
-1.989999999999800262e-01 7.346288657375373843e-01
-1.984999999999800813e-01 7.256637313294773683e-01
-1.979999999999801363e-01 7.165292290251853435e-01
-1.974999999999801914e-01 7.071629329636747174e-01
-1.969999999999802465e-01 6.976231760932161130e-01
-1.964999999999803015e-01 6.878489377350911482e-01
-1.959999999999803011e-01 6.778972325211153338e-01
-1.954999999999803562e-01 6.677090734545439998e-01
-1.949999999999804112e-01 6.573395998875835033e-01
-1.944999999999804663e-01 6.467324972246757397e-01
-1.939999999999805214e-01 6.359404521362498341e-01
-1.934999999999805764e-01 6.249105071349305707e-01
-1.929999999999806315e-01 6.136922983681862842e-01
-1.924999999999806866e-01 6.022369306028356739e-01
-1.919999999999807416e-01 5.905903456344199220e-01
-1.914999999999807967e-01 5.787084513982378997e-01
-1.909999999999808518e-01 5.666328566186913385e-01
-1.904999999999808513e-01 5.543250082040929172e-01
-1.899999999999809064e-01 5.418215277592300927e-01
-1.894999999999809615e-01 5.290901420797164967e-01
-1.889999999999810165e-01 5.161618571510203646e-01
-1.884999999999810716e-01 5.030113704947564157e-01
-1.879999999999811267e-01 4.896634823005208692e-01
-1.874999999999811817e-01 4.761005301936649392e-01
-1.869999999999812368e-01 4.623405383193996965e-01
-1.864999999999812919e-01 4.483740878687247911e-01
-1.859999999999813469e-01 4.342119364061106657e-01
-1.854999999999814020e-01 4.198534232404035893e-01
-1.849999999999814015e-01 4.053016269982094300e-01
-1.844999999999814566e-01 3.905650574633448557e-01
-1.839999999999815117e-01 3.756388026295753857e-01
-1.834999999999815667e-01 3.605408263470182839e-01
-1.829999999999816218e-01 3.452580333388843847e-01
-1.824999999999816769e-01 3.298179810178679672e-01
-1.819999999999817319e-01 3.141993305415308746e-01
-1.814999999999817870e-01 2.984392093802774037e-01
-1.809999999999818421e-01 2.825081235247598466e-01
-1.804999999999818971e-01 2.664525707117226805e-01
-1.799999999999819522e-01 2.502351470330861916e-01
-1.794999999999819518e-01 2.339113352165058390e-01
-1.789999999999820068e-01 2.174362297244909203e-01
-1.784999999999820619e-01 2.008737234283163031e-01
-1.779999999999821170e-01 1.841719834973963854e-01
-1.774999999999821720e-01 1.674025521042990239e-01
-1.769999999999822271e-01 1.505073972652465619e-01
-1.764999999999822822e-01 1.335647748581968164e-01
-1.759999999999823372e-01 1.165113321128414120e-01
-1.754999999999823923e-01 9.943093950450689056e-02
-1.749999999999824474e-01 8.225593214173503032e-02
-1.744999999999825024e-01 6.507455751487416229e-02
-1.739999999999825020e-01 4.781595713640184042e-02
-1.734999999999825571e-01 3.057140643451559947e-02
-1.729999999999826121e-01 1.326805268701789289e-02
-1.724999999999826672e-01 -4.001225405803737582e-03
-1.719999999999827223e-01 -2.131002368273756178e-02
-1.714999999999827773e-01 -3.856532791238881375e-02
-1.709999999999828324e-01 -5.584020551347636252e-02
-1.704999999999828875e-01 -7.304297825591833659e-02
-1.699999999999829425e-01 -9.024492781703877253e-02
-1.694999999999829976e-01 -1.073571475482617416e-01
-1.689999999999830527e-01 -1.244479231761203009e-01
-1.684999999999830522e-01 -1.414324849086362745e-01
-1.679999999999831073e-01 -1.583749882584247204e-01
-1.674999999999831624e-01 -1.751960603553683327e-01
-1.669999999999832174e-01 -1.919546979047439539e-01
-1.664999999999832725e-01 -2.085780501260604269e-01
-1.659999999999833276e-01 -2.251190545786538044e-01
-1.654999999999833826e-01 -2.415123498480351849e-01
-1.649999999999834377e-01 -2.578040586150271429e-01
-1.644999999999834928e-01 -2.739371018649175427e-01
-1.639999999999835478e-01 -2.899501880259063857e-01
-1.634999999999836029e-01 -3.057951285437489619e-01
-1.629999999999836025e-01 -3.215027822430070459e-01
-1.624999999999836575e-01 -3.370342715626330476e-01
-1.619999999999837126e-01 -3.524123313297767845e-01
-1.614999999999837677e-01 -3.676076269594059642e-01
-1.609999999999838227e-01 -3.826346573776522320e-01
-1.604999999999838778e-01 -3.974736861608386684e-01
-1.599999999999839329e-01 -4.121310100584530955e-01
-1.594999999999839879e-01 -4.265963819704201021e-01
-1.589999999999840430e-01 -4.408680676463328507e-01
-1.584999999999840981e-01 -4.549450487122784770e-01
-1.579999999999841531e-01 -4.688178547507441674e-01
-1.574999999999842082e-01 -4.824943057287968129e-01
-1.569999999999842077e-01 -4.959575905567541465e-01
-1.564999999999842628e-01 -5.092238698526520002e-01
-1.559999999999843179e-01 -5.222694742153882741e-01
-1.554999999999843729e-01 -5.351183178032675736e-01
-1.549999999999844280e-01 -5.477404160705863223e-01
-1.544999999999844831e-01 -5.601667852223205513e-01
-1.539999999999845381e-01 -5.723617285191026083e-01
-1.534999999999845932e-01 -5.843626646872980279e-01
-1.529999999999846483e-01 -5.961288025630975262e-01
-1.524999999999847033e-01 -6.077032378092300791e-01
-1.519999999999847584e-01 -6.190407337761654194e-01
-1.514999999999847580e-01 -6.301893170389555321e-01
-1.509999999999848130e-01 -6.410999595108226590e-01
-1.504999999999848681e-01 -6.518248777648552039e-01
-1.499999999999849232e-01 -6.623118909962404377e-01
-1.494999999999849782e-01 -6.726166955203387587e-01
-1.489999999999850333e-01 -6.826845607652395342e-01
-1.484999999999850884e-01 -6.925739678620712603e-01
-1.479999999999851434e-01 -7.022282292032552276e-01
-1.474999999999851985e-01 -7.117079771262283527e-01
-1.469999999999852536e-01 -7.209550932923758371e-01
-1.464999999999853086e-01 -7.300317429652450896e-01
-1.459999999999853637e-01 -7.388789187090765154e-01
-1.454999999999854188e-01 -7.475597310918534744e-01
-1.449999999999854738e-01 -7.560147587877659170e-01
-1.444999999999855289e-01 -7.643075518036156479e-01
-1.439999999999855840e-01 -7.723786837038392195e-01
-1.434999999999855280e-01 -7.802916789464693359e-01
-1.429999999999855831e-01 -7.879875045469781902e-01
-1.424999999999856382e-01 -7.955292250855652281e-01
-1.419999999999856932e-01 -8.028585484919893434e-01
-1.414999999999857483e-01 -8.100377166761038028e-01
-1.409999999999858034e-01 -8.170094595184080877e-01
-1.404999999999858584e-01 -8.238348845634335671e-01
-1.399999999999859135e-01 -8.304580093496127802e-01
-1.394999999999859686e-01 -8.369385055806864981e-01
-1.389999999999860236e-01 -8.432219237211981966e-01
-1.384999999999860787e-01 -8.493662492561667721e-01
-1.379999999999861338e-01 -8.553187495273797403e-01
-1.374999999999861888e-01 -8.611355347402471772e-01
-1.369999999999862439e-01 -8.667657372966579565e-01
-1.364999999999862990e-01 -8.722634235005410908e-01
-1.359999999999863540e-01 -8.775797236674833801e-01
-1.354999999999864091e-01 -8.827665273463364271e-01
-1.349999999999864642e-01 -8.877770598517049638e-01
-1.344999999999865192e-01 -8.926609164530282525e-01
-1.339999999999865743e-01 -8.973735145492495180e-01
-1.334999999999866294e-01 -9.019620631548286305e-01
-1.329999999999866844e-01 -9.063842330700918604e-01
-1.324999999999867395e-01 -9.106847857374755772e-01
-1.319999999999866835e-01 -9.148236862367185029e-01
-1.314999999999867386e-01 -9.188431973406961939e-01
-1.309999999999867937e-01 -9.227056192865896733e-01
-1.304999999999868487e-01 -9.264506804094378989e-01
-1.299999999999869038e-01 -9.300430263233714356e-01
-1.294999999999869589e-01 -9.335198458158391333e-01
-1.289999999999870139e-01 -9.368481400974284501e-01
-1.284999999999870690e-01 -9.400625430787368231e-01
-1.279999999999871241e-01 -9.431324013473010304e-01
-1.274999999999871791e-01 -9.460898041563748917e-01
-1.269999999999872342e-01 -9.489064536899520785e-01
-1.264999999999872893e-01 -9.516118843244349979e-01
-1.259999999999873443e-01 -9.541801334012596225e-01
-1.254999999999873994e-01 -9.566382110784990012e-01
-1.249999999999874545e-01 -9.589624694160163720e-01
-1.244999999999875095e-01 -9.611774096828167302e-01
-1.239999999999875646e-01 -9.632616884376835609e-01
-1.234999999999876197e-01 -9.652373082800610460e-01
-1.229999999999876747e-01 -9.670852047188841505e-01
-1.224999999999877298e-01 -9.688249072328047884e-01
-1.219999999999877849e-01 -9.704396251711557841e-01
-1.214999999999878399e-01 -9.719464251113041353e-01
-1.209999999999877840e-01 -9.733307646942119806e-01
-1.204999999999878391e-01 -9.746072782544840107e-01
-1.199999999999878941e-01 -9.757636461759428004e-01
-1.194999999999879492e-01 -9.768120807699380848e-01
-1.189999999999880043e-01 -9.777424851631529856e-01
-1.184999999999880593e-01 -9.785646700826972078e-01
-1.179999999999881144e-01 -9.792707307395920324e-01
-1.174999999999881695e-01 -9.798680967157217259e-01
-1.169999999999882245e-01 -9.803510450869388215e-01
-1.164999999999882796e-01 -9.807246242899020361e-01
-1.159999999999883347e-01 -9.809852932652951552e-01
-1.154999999999883897e-01 -9.811357397435656047e-01
-1.149999999999884448e-01 -9.811745943107216261e-01
-1.144999999999884999e-01 -9.811021635519847628e-01
-1.139999999999885549e-01 -9.809192599181942862e-01
-1.134999999999886100e-01 -9.806238343981149574e-01
-1.129999999999886651e-01 -9.802188608684019311e-01
-1.124999999999887201e-01 -9.796999142823487050e-01
-1.119999999999887752e-01 -9.790721606009487044e-01
-1.114999999999888303e-01 -9.783287936322699885e-01
-1.109999999999888853e-01 -9.774771612021369016e-01
-1.104999999999889404e-01 -9.765080810831455738e-01
-1.099999999999888844e-01 -9.754310931854592859e-01
-1.094999999999889395e-01 -9.742346085876799622e-01
-1.089999999999889946e-01 -9.729303848330778104e-01
-1.084999999999890496e-01 -9.715044211965071508e-01
-1.079999999999891047e-01 -9.699706877445913866e-01
-1.074999999999891598e-01 -9.683127668386836140e-01
-1.069999999999892148e-01 -9.665468666175289769e-01
-1.064999999999892699e-01 -9.646541167607028955e-01
-1.059999999999893250e-01 -9.626529839180875125e-01
-1.054999999999893801e-01 -9.605221246484662023e-01
-1.049999999999894351e-01 -9.582822947713796058e-01
-1.044999999999894902e-01 -9.559096623955581906e-01
-1.039999999999895453e-01 -9.534272622906937444e-01
-1.034999999999896003e-01 -9.508087741154634953e-01
-1.029999999999896554e-01 -9.480795371384793668e-01
-1.024999999999897105e-01 -9.452107068000894508e-01
-1.019999999999897655e-01 -9.422299626361013702e-01
-1.014999999999898206e-01 -9.391059052100116933e-01
-1.009999999999898757e-01 -9.358685594345780290e-01
-1.004999999999899307e-01 -9.324839914354601245e-01
-9.999999999998998579e-02 -9.289845715023651307e-01
-9.949999999999004086e-02 -9.253338006645940306e-01
-9.899999999998998490e-02 -9.215664150278183309e-01
-9.849999999999003997e-02 -9.176433658542415550e-01
-9.799999999999009503e-02 -9.136017346264846406e-01
-9.749999999999015010e-02 -9.093999483884218638e-01
-9.699999999999020517e-02 -9.050774135606087789e-01
-9.649999999999026024e-02 -9.005900482978519417e-01
-9.599999999999031530e-02 -8.959795737391341719e-01
-9.549999999999037037e-02 -8.911994400282234885e-01
-9.499999999999042544e-02 -8.862936268152393771e-01
-9.449999999999048050e-02 -8.812131877694632243e-01
-9.399999999999053557e-02 -8.760043150643679333e-01
-9.349999999999059064e-02 -8.706157323215463206e-01
-9.299999999999064570e-02 -8.650957522622578777e-01
-9.249999999999070077e-02 -8.593908962042495769e-01
-9.199999999999075584e-02 -8.535515003312476034e-01
-9.149999999999081091e-02 -8.475219960717338408e-01
-9.099999999999086597e-02 -8.413546306573194133e-01
-9.049999999999092104e-02 -8.349918938100796550e-01
-8.999999999999097611e-02 -8.284878109559139503e-01
-8.949999999999103117e-02 -8.217831242811310943e-01
-8.899999999999108624e-02 -8.149334330157712580e-01
-8.849999999999114131e-02 -8.078779821883081969e-01
-8.799999999999119638e-02 -8.006737302232669329e-01
-8.749999999999114042e-02 -7.932586855887250321e-01
-8.699999999999119549e-02 -7.856909104160075819e-01
-8.649999999999125055e-02 -7.779075036370333152e-01
-8.599999999999130562e-02 -7.699673398339654806e-01
-8.549999999999136069e-02 -7.618069558658157048e-01
-8.499999999999141576e-02 -7.534857219608563916e-01
-8.449999999999147082e-02 -7.449400063562270358e-01
-8.399999999999152589e-02 -7.362293070240426562e-01
-8.349999999999158096e-02 -7.272902834574038744e-01
-8.299999999999163602e-02 -7.181821321529571200e-01
-8.249999999999169109e-02 -7.088423199448878886e-01
-8.199999999999174616e-02 -6.993292921960484465e-01
-8.149999999999180123e-02 -6.895818544960944374e-01
-8.099999999999185629e-02 -6.796572003182210775e-01
-8.049999999999191136e-02 -6.694960820682448466e-01
-7.999999999999196643e-02 -6.591539048055644612e-01
-7.949999999999202149e-02 -6.485740115811239326e-01
-7.899999999999207656e-02 -6.378094263090968719e-01
-7.849999999999213163e-02 -6.268067725023040992e-01
-7.799999999999218669e-02 -6.156160848690029885e-01
-7.749999999999224176e-02 -6.041879776396565926e-01
-7.699999999999229683e-02 -5.925688780364078978e-01
-7.649999999999224087e-02 -5.807141012631266141e-01
-7.599999999999229594e-02 -5.686658232268749780e-01
-7.549999999999235101e-02 -5.563848163484771403e-01
-7.499999999999240607e-02 -5.439083511714410957e-01
-7.449999999999246114e-02 -5.312033880283244525e-01
-7.399999999999251621e-02 -5.183016687091289709e-01
-7.349999999999257128e-02 -5.051770404724531538e-01
-7.299999999999262634e-02 -4.918551047172740609e-01
-7.249999999999268141e-02 -4.783172747144977532e-01
-7.199999999999273648e-02 -4.645824504211200634e-01
-7.149999999999279154e-02 -4.506402156042180196e-01
-7.099999999999284661e-02 -4.365022639351401890e-01
-7.049999999999290168e-02 -4.221668790476179600e-01
-6.999999999999295675e-02 -4.076381262616972090e-01
-6.949999999999301181e-02 -3.929234121653700784e-01
-6.899999999999306688e-02 -3.780188477250934764e-01
-6.849999999999312195e-02 -3.629412654915149528e-01
-6.799999999999317701e-02 -3.476786130885758941e-01
-6.749999999999323208e-02 -3.322573038551165925e-01
-6.699999999999328715e-02 -3.166570469591833414e-01
-6.649999999999334221e-02 -3.009138319290308727e-01
-6.599999999999339728e-02 -2.849991994804362272e-01
-6.549999999999334133e-02 -2.689585359787134977e-01
-6.499999999999339639e-02 -2.527554395384842278e-01
-6.449999999999345146e-02 -2.364443295476582052e-01
-6.399999999999350653e-02 -2.199812498609827749e-01
-6.349999999999356159e-02 -2.034291025684897558e-01
-6.299999999999361666e-02 -1.867369275855260691e-01
-6.249999999999367173e-02 -1.699753693009339317e-01
-6.199999999999372680e-02 -1.530871785452029565e-01
-6.149999999999378186e-02 -1.361498232722700430e-01
-6.099999999999383693e-02 -1.191006246883401509e-01
-6.049999999999389200e-02 -1.020227946214875697e-01
-5.999999999999394706e-02 -8.484921696780174660e-02
-5.949999999999400213e-02 -6.766762619835925419e-02
-5.899999999999405720e-02 -5.040757480312796357e-02
-5.849999999999411227e-02 -3.315998149839940318e-02
-5.799999999999416733e-02 -1.585225911587597597e-02
-5.749999999999422240e-02 1.422907130088488974e-03
-5.699999999999427747e-02 1.873899842562867790e-02
-5.649999999999433253e-02 3.600302699765450809e-02
-5.599999999999438760e-02 5.328809814859878508e-02
-5.549999999999444267e-02 7.050239287466511517e-02
-5.499999999999449773e-02 8.771738099430892444e-02
-5.449999999999444178e-02 1.048438548944611304e-01
-5.399999999999449685e-02 1.219504309027193978e-01
-5.349999999999455191e-02 1.389518854809767001e-01
-5.299999999999460698e-02 1.559128391294350990e-01
-5.249999999999466205e-02 1.727533252245970485e-01
-5.199999999999471711e-02 1.895329270714644077e-01
-5.149999999999477218e-02 2.061780759691507758e-01
-5.099999999999482725e-02 2.227424008266682132e-01
-5.049999999999488232e-02 2.391597165372309208e-01
-4.999999999999493738e-02 2.554769245081258133e-01
-4.949999999999499245e-02 2.716360377214077637e-01
-4.899999999999504752e-02 2.876766107804898942e-01
-4.849999999999510258e-02 3.035494842779239977e-01
-4.799999999999515765e-02 3.192864112451698766e-01
-4.749999999999521272e-02 3.348474998350699505e-01
-4.699999999999526779e-02 3.502564097401941190e-01
-4.649999999999532285e-02 3.654827701174593324e-01
-4.599999999999537792e-02 3.805420154889000983e-01
-4.549999999999543299e-02 3.954133716398624543e-01
-4.499999999999548805e-02 4.101040642730574004e-01
-4.449999999999554312e-02 4.246028228047429298e-01
-4.399999999999559819e-02 4.389088220096958315e-01
-4.349999999999565325e-02 4.530200517108096681e-01
-4.299999999999559730e-02 4.669279142365039825e-01
-4.249999999999565237e-02 4.806392842494105477e-01
-4.199999999999570743e-02 4.941381758850703076e-01
-4.149999999999576250e-02 5.074398611753500044e-01
-4.099999999999581757e-02 5.205214376931784903e-01
-4.049999999999587263e-02 5.334060035691936541e-01
-3.999999999999592770e-02 5.460642737829743965e-01
-3.949999999999598277e-02 5.585265185154557610e-01
-3.899999999999603784e-02 5.707576797464830598e-01
-3.849999999999609290e-02 5.827944914954256150e-01
-3.799999999999614797e-02 5.945967451103962853e-01
-3.749999999999620304e-02 6.062069281934334697e-01
-3.699999999999625810e-02 6.175803099606232971e-01
-3.649999999999631317e-02 6.287643957921403848e-01
-3.599999999999636824e-02 6.397105766010102723e-01
-3.549999999999642331e-02 6.504706448507641126e-01
-3.499999999999647837e-02 6.609927569803336622e-01
-3.449999999999653344e-02 6.713322618418273713e-01
-3.399999999999658851e-02 6.814346945705275216e-01
-3.349999999999664357e-02 6.913582757001233148e-01
-3.299999999999669864e-02 7.010465117936769408e-01
-3.249999999999675371e-02 7.105598307984773987e-01
-3.199999999999669775e-02 7.198402676685204948e-01
-3.149999999999675282e-02 7.289498394844965423e-01
-3.099999999999680789e-02 7.378296256764593775e-01
-3.049999999999686295e-02 7.465426754953468080e-01
-2.999999999999691802e-02 7.550295727251035149e-01
-2.949999999999697309e-02 7.633538724822844790e-01
-2.899999999999702816e-02 7.714561074532968465e-01
-2.849999999999708322e-02 7.793998583034639216e-01
-2.799999999999713829e-02 7.871260000726914008e-01
-2.749999999999719336e-02 7.946977097557600400e-01
-2.699999999999724842e-02 8.020565573190786557e-01
-2.649999999999730349e-02 8.092649379651118968e-01
-2.599999999999735856e-02 8.162654129524867797e-01
-2.549999999999741362e-02 8.231192686671144898e-01
-2.499999999999746869e-02 8.297703335865403984e-01
-2.449999999999752376e-02 8.362784889144072586e-01
-2.399999999999757883e-02 8.425890653958492127e-01
-2.349999999999763389e-02 8.487602886743090824e-01
-2.299999999999768896e-02 8.547391808233969490e-01
-2.249999999999774403e-02 8.605821126459614057e-01
-2.199999999999779909e-02 8.662379559464525869e-01
-2.149999999999785416e-02 8.717610580652535024e-01
-2.099999999999779821e-02 8.771022733912503533e-01
-2.049999999999785327e-02 8.823137827292563129e-01
-1.999999999999790834e-02 8.873485252476687180e-01
-1.949999999999796341e-02 8.922564028011484849e-01
-1.899999999999801847e-02 8.969925364229247577e-01
-1.849999999999807354e-02 9.016044417126792831e-01
-1.799999999999812861e-02 9.060494982147772047e-01
-1.749999999999818368e-02 9.103727790666308328e-01
-1.699999999999823874e-02 9.145339376530030595e-01
-1.649999999999829381e-02 9.185755791002673254e-01
-1.599999999999834888e-02 9.224596664018606118e-01
-1.549999999999840394e-02 9.262262804658270010e-01
-1.499999999999845901e-02 9.298397398820604787e-01
-1.449999999999851408e-02 9.333375706817538253e-01
-1.399999999999856914e-02 9.366864470512580310e-01
-1.349999999999862421e-02 9.399213503644218148e-01
-1.299999999999867928e-02 9.430112950747917555e-01
-1.249999999999873435e-02 9.459887230086267973e-01
-1.199999999999878941e-02 9.488249939964226165e-01
-1.149999999999884448e-02 9.515499949875870778e-01
-1.099999999999889955e-02 9.541374362993193525e-01
-1.049999999999895461e-02 9.566146704431903736e-01
-9.999999999998898659e-03 9.589577224548264667e-01
-9.499999999998953726e-03 9.611914308469771129e-01
-8.999999999999008793e-03 9.632941302639425052e-01
-8.499999999999063860e-03 9.652881656586647097e-01
-7.999999999999118927e-03 9.671541506255956211e-01
-7.499999999999173994e-03 9.689119467773777972e-01
-6.999999999999229061e-03 9.705444415488606591e-01
-6.499999999999284128e-03 9.720690489806631529e-01
-5.999999999999339195e-03 9.734708894700030424e-01
-5.499999999999394262e-03 9.747649448147367446e-01
-4.999999999999449329e-03 9.759385683744498108e-01
-4.499999999999504396e-03 9.770043148139899714e-01
-3.999999999999559464e-03 9.779517602358036577e-01
-3.499999999999614531e-03 9.787910577204983475e-01
-2.999999999999669598e-03 9.795139754548586319e-01
-2.499999999999724665e-03 9.801282751547591987e-01
-1.999999999999779732e-03 9.806279222010770846e-01
-1.499999999999834799e-03 9.810182971644613170e-01
-9.999999999998898659e-04 9.812955421808660095e-01
-4.999999999999449329e-04 9.814626720049763886e-01
0.000000000000000000e+00 9.815179953083160713e-01
4.999999999999449329e-04 9.814621661393597707e-01
9.999999999998898659e-04 9.812956750344623558e-01
1.499999999999945821e-03 9.810167897871189258e-01
1.999999999999890754e-03 9.806281776887623147e-01
2.499999999999835687e-03 9.801257509364300624e-01
2.999999999999780620e-03 9.795143484668790146e-01
3.499999999999725553e-03 9.787875064416748927e-01
3.999999999999670486e-03 9.779522456624055726e-01
4.499999999999615419e-03 9.769997160356576060e-01
4.999999999999560352e-03 9.759391406668644908e-01
5.499999999999505285e-03 9.747592729881267015e-01
5.999999999999450218e-03 9.734715332989696268e-01
6.499999999999395150e-03 9.720622683374995354e-01
6.999999999999340083e-03 9.705451313656103807e-01
7.499999999999285016e-03 9.689040266591384398e-01
7.999999999999229949e-03 9.671548506618528052e-01
8.499999999999174882e-03 9.652790600775663643e-01
8.999999999999119815e-03 9.632948098611849863e-01
9.499999999999064748e-03 9.611810938152364203e-01
9.999999999999009681e-03 9.589583305155170434e-01
1.049999999999895461e-02 9.566030355340089386e-01
1.099999999999889955e-02 9.541379319454285080e-01
1.149999999999884448e-02 9.515370111034284761e-01
1.199999999999878941e-02 9.488253108011521775e-01
1.249999999999884537e-02 9.459743135031848382e-01
1.299999999999879030e-02 9.430113768308509004e-01
1.349999999999873523e-02 9.399054385913913068e-01
1.399999999999868017e-02 9.366862120025877259e-01
1.449999999999862510e-02 9.333200799948293547e-01
1.499999999999857003e-02 9.298391011628476255e-01
1.549999999999851497e-02 9.262071137796880071e-01
1.599999999999845990e-02 9.224585269267848719e-01
1.649999999999840483e-02 9.185546342198397385e-01
1.699999999999834976e-02 9.145321901172366319e-01
1.749999999999829470e-02 9.103499486870869628e-01
1.799999999999823963e-02 9.060470148744776964e-01
1.849999999999818456e-02 9.015796185291912179e-01
1.899999999999812950e-02 8.969891793147419801e-01
1.949999999999807443e-02 8.922294539601202112e-01
1.999999999999801936e-02 8.873441410789917327e-01
2.049999999999796430e-02 8.822845804868449937e-01
2.099999999999790923e-02 8.770966833206996771e-01
2.149999999999785416e-02 8.717294644581091712e-01
2.199999999999779909e-02 8.662309658033873205e-01
2.249999999999774403e-02 8.605479692717195039e-01
2.299999999999768896e-02 8.547305759981613793e-01
2.349999999999774491e-02 8.487234422403584500e-01
2.399999999999768985e-02 8.425786108397733676e-01
2.449999999999763478e-02 8.362387759086293837e-01
2.499999999999757971e-02 8.297577635924314743e-01
2.549999999999752465e-02 8.230765051383760467e-01
2.599999999999746958e-02 8.162504362643839828e-01
2.649999999999741451e-02 8.092189450720332911e-01
2.699999999999735945e-02 8.020388571322523141e-01
2.749999999999730438e-02 7.946482984374542147e-01
2.799999999999724931e-02 7.871052340336432973e-01
2.849999999999719424e-02 7.793468241697829590e-01
2.899999999999713918e-02 7.714318974402530893e-01
2.949999999999708411e-02 7.632970111430800175e-01
2.999999999999702904e-02 7.550015201772753981e-01
3.049999999999697398e-02 7.464817723409635786e-01
3.099999999999691891e-02 7.377972962647818544e-01
3.149999999999686384e-02 7.288846747955252114e-01
3.199999999999680877e-02 7.198031912956531775e-01
3.249999999999675371e-02 7.104901695262475503e-01
3.299999999999669864e-02 7.010042030330180252e-01
3.349999999999664357e-02 6.912838879057183750e-01
3.399999999999658851e-02 6.813866322271993070e-01
3.449999999999653344e-02 6.712529073668234147e-01
3.499999999999658939e-02 6.609383943106900139e-01
3.549999999999653433e-02 6.503860835367369919e-01
3.599999999999647926e-02 6.396493464223899084e-01
3.649999999999642419e-02 6.286743721514049810e-01
3.699999999999636913e-02 6.175116246513506768e-01
3.749999999999631406e-02 6.061111969578121261e-01
3.799999999999625899e-02 5.945200119390418037e-01
3.849999999999620393e-02 5.826927920674793704e-01
3.899999999999614886e-02 5.706722855426025198e-01
3.949999999999609379e-02 5.584185902977457649e-01
3.999999999999603872e-02 5.459696207053842398e-01
4.049999999999598366e-02 5.332915808545275471e-01
4.099999999999592859e-02 5.204169227909420936e-01
4.149999999999587352e-02 5.073186792784858401e-01
4.199999999999581846e-02 4.940232176682161080e-01
4.249999999999576339e-02 4.805110672436484487e-01
4.299999999999570832e-02 4.668019557418785492e-01
4.349999999999565325e-02 4.528845231584743281e-01
4.399999999999559819e-02 4.387713405094952890e-01
4.449999999999554312e-02 4.244597001364544542e-01
4.499999999999548805e-02 4.099545820053104861e-01
4.549999999999543299e-02 3.952623681984381299e-01
4.599999999999548894e-02 3.803801098769756250e-01
4.649999999999543387e-02 3.653235941359628813e-01
4.699999999999537881e-02 3.500817200354807146e-01
4.749999999999532374e-02 3.346798534148604509e-01
4.799999999999526867e-02 3.190986492575586531e-01
4.849999999999521361e-02 3.033730664545083444e-01
4.899999999999515854e-02 2.874755659881283454e-01
4.949999999999510347e-02 2.714505424205391204e-01
4.999999999999504841e-02 2.552624696781466973e-01
5.049999999999499334e-02 2.389648351297856410e-01
5.099999999999493827e-02 2.225144950810419575e-01
5.149999999999488320e-02 2.059734982930790936e-01
5.199999999999482814e-02 1.892916169089496614e-01
5.249999999999477307e-02 1.725387416288246545e-01
5.299999999999471800e-02 1.556582548487513429e-01
5.349999999999466294e-02 1.387269904022321032e-01
5.399999999999460787e-02 1.216827845586452017e-01
5.449999999999455280e-02 1.046083499231281050e-01
5.499999999999449773e-02 8.743695720012559236e-02
5.549999999999444267e-02 7.025599033161020190e-02
5.599999999999438760e-02 5.299524590048421135e-02
5.649999999999433253e-02 3.574545340885951217e-02
5.699999999999438849e-02 1.843412078095493442e-02
5.749999999999433342e-02 1.153908949574697232e-03
5.799999999999427835e-02 -1.616871995902345593e-02
5.849999999999422329e-02 -3.344063461832891271e-02
5.899999999999416822e-02 -5.073514941167649867e-02
5.949999999999411315e-02 -6.796013660395110179e-02
5.999999999999405809e-02 -8.518742338978209372e-02
6.049999999999400302e-02 -1.023273333872957436e-01
6.099999999999394795e-02 -1.194489806141003224e-01
6.149999999999389289e-02 -1.364665263177430587e-01
6.199999999999383782e-02 -1.534452159213037514e-01
6.249999999999378275e-02 -1.703043337113920863e-01
6.299999999999372768e-02 -1.871042023743707261e-01
6.349999999999367262e-02 -2.037703865951252802e-01
6.399999999999361755e-02 -2.203573527712996971e-01
6.449999999999356248e-02 -2.367979515855844208e-01
6.499999999999350742e-02 -2.531400011350807278e-01
6.549999999999345235e-02 -2.693244730340387250e-01
6.599999999999339728e-02 -2.853918978488290126e-01
6.649999999999334221e-02 -3.012920206408092327e-01
6.699999999999328715e-02 -3.170576092385246070e-01
6.749999999999323208e-02 -3.326476425392494440e-01
6.799999999999328804e-02 -3.480868159826289165e-01
6.849999999999323297e-02 -3.633436172066030201e-01
6.899999999999317790e-02 -3.784345159693063287e-01
6.949999999999312283e-02 -3.933376057346643084e-01
6.999999999999306777e-02 -4.080611305793011567e-01
7.049999999999301270e-02 -4.225927141687731980e-01
7.099999999999295763e-02 -4.369325164383715543e-01
7.149999999999290257e-02 -4.510774643822190733e-01
7.199999999999284750e-02 -4.650198984795156365e-01
7.249999999999279243e-02 -4.787656872823887189e-01
7.299999999999273737e-02 -4.922997258479175353e-01
7.349999999999268230e-02 -5.056363475462137824e-01
7.399999999999262723e-02 -5.187534629120204022e-01
7.449999999999257216e-02 -5.316733065275994763e-01
7.499999999999251710e-02 -5.443673399075459329e-01
7.549999999999246203e-02 -5.568650463307245335e-01
7.599999999999240696e-02 -5.691320320449619885e-01
7.649999999999235190e-02 -5.812043412528776765e-01
7.699999999999229683e-02 -5.930423375949991360e-01
7.749999999999224176e-02 -6.046879159419354943e-01
7.799999999999218669e-02 -6.160968309363743511e-01
7.849999999999213163e-02 -6.273160872026274371e-01
7.899999999999207656e-02 -6.382974844340167930e-01
7.949999999999213252e-02 -6.490923960942698301e-01
7.999999999999207745e-02 -6.596493005368017082e-01
8.049999999999202238e-02 -6.700232144797299005e-01
8.099999999999196731e-02 -6.801599336557755393e-01
8.149999999999191225e-02 -6.901174231109428181e-01
8.199999999999185718e-02 -6.998393580301663919e-01
8.249999999999180211e-02 -7.093860079583699241e-01
8.299999999999174705e-02 -7.186995100446236240e-01
8.349999999999169198e-02 -7.278417842842974661e-01
8.399999999999163691e-02 -7.367539458757208504e-01
8.449999999999158184e-02 -7.454990134113099742e-01
8.499999999999152678e-02 -7.540175655652553433e-01
8.549999999999147171e-02 -7.623731676736194007e-01
8.599999999999141664e-02 -7.705063064350261559e-01
8.649999999999136158e-02 -7.784806238318432436e-01
8.699999999999130651e-02 -7.862368978186559110e-01
8.749999999999125144e-02 -7.938384229145801774e-01
8.799999999999119638e-02 -8.012266260129211615e-01
8.849999999999114131e-02 -8.084640556087546726e-01
8.899999999999108624e-02 -8.154930992290818637e-01
8.949999999999103117e-02 -8.223752425402079957e-01
8.999999999999097611e-02 -8.290540943002695506e-01
9.049999999999103206e-02 -8.355897758713332069e-01
9.099999999999097700e-02 -8.419273676206017187e-01
9.149999999999092193e-02 -8.481253660084642210e-01
9.199999999999086686e-02 -8.541305171818305286e-01
9.249999999999081179e-02 -8.599994831995104727e-01
9.299999999999075673e-02 -8.656808497197472363e-01
9.349999999999070166e-02 -8.712292655583914192e-01
9.399999999999064659e-02 -8.765952836288616323e-01
9.449999999999059153e-02 -8.818314015407000550e-01
9.499999999999053646e-02 -8.868902518770821475e-01
9.549999999999048139e-02 -8.918220635169058497e-01
9.599999999999042632e-02 -8.965816304691629490e-01
9.649999999999037126e-02 -9.012168260162946032e-01
9.699999999999031619e-02 -9.056846720199069889e-01
9.749999999999026112e-02 -9.100306146294323550e-01
9.799999999999020606e-02 -9.142139597663818673e-01
9.849999999999015099e-02 -9.182776600203811368e-01
9.899999999999009592e-02 -9.221833462508759460e-01
9.949999999999004086e-02 -9.259714621584237415e-01
9.999999999998998579e-02 -9.296059686501587649e-01
1.004999999999899307e-01 -9.331247647692946234e-01
1.009999999999898757e-01 -9.364941670194227852e-01
1.014999999999899316e-01 -9.397495246766588428e-01
1.019999999999898765e-01 -9.428595098410510467e-01
1.024999999999898215e-01 -9.458569220216174189e-01
1.029999999999897664e-01 -9.487127735856024646e-01
1.034999999999897113e-01 -9.514573193846800336e-01
1.039999999999896563e-01 -9.540639171630438398e-01
1.044999999999896012e-01 -9.565602822247779580e-01
1.049999999999895461e-01 -9.589220972520107189e-01
1.054999999999894911e-01 -9.611745635500043017e-01
1.059999999999894360e-01 -9.632956631900532196e-01
1.064999999999893809e-01 -9.653081090273666343e-01
1.069999999999893259e-01 -9.671921569736369184e-01
1.074999999999892708e-01 -9.689680467632805216e-01
1.079999999999892157e-01 -9.706183132581414075e-01
1.084999999999891607e-01 -9.721607281815981549e-01
1.089999999999891056e-01 -9.735800695773700886e-01
1.094999999999890505e-01 -9.748916718163190831e-01
1.099999999999889955e-01 -9.760825612337937773e-01
1.104999999999889404e-01 -9.771656348481401189e-01
1.109999999999888853e-01 -9.781301366278136733e-01
1.114999999999888303e-01 -9.789865620069199137e-01
1.119999999999887752e-01 -9.797263521480068516e-01
1.124999999999888312e-01 -9.803576213399542993e-01
1.129999999999887761e-01 -9.808739926101414097e-01
1.134999999999887210e-01 -9.812811991022224456e-01
1.139999999999886660e-01 -9.815750559279150522e-01
1.144999999999886109e-01 -9.817589048661405915e-01
1.149999999999885558e-01 -9.818307531129552013e-01
1.154999999999885008e-01 -9.817915715215623784e-01
1.159999999999884457e-01 -9.816415338235879862e-01
1.164999999999883906e-01 -9.813792501660247858e-01
1.169999999999883356e-01 -9.810070608160689209e-01
1.174999999999882805e-01 -9.805212203242560376e-01
1.179999999999882254e-01 -9.799262354933517827e-01
1.184999999999881704e-01 -9.792159848384205389e-01
1.189999999999881153e-01 -9.783971723563203993e-01
1.194999999999880602e-01 -9.774612749778749388e-01
1.199999999999880052e-01 -9.764172041135418256e-01
1.204999999999879501e-01 -9.752540351099047156e-01
1.209999999999878950e-01 -9.739828816812667878e-01
1.214999999999878399e-01 -9.725904175899715565e-01
1.219999999999877849e-01 -9.710899792931829699e-01
1.224999999999877298e-01 -9.694657980909745509e-01
1.229999999999876747e-01 -9.677334638418934043e-01
1.234999999999876197e-01 -9.658747551642351548e-01
1.239999999999876756e-01 -9.639075204276840170e-01
1.244999999999876206e-01 -9.618110651297433478e-01
1.249999999999875655e-01 -9.596055217000024617e-01
1.254999999999875104e-01 -9.572677071859115872e-01
1.259999999999874554e-01 -9.548200482964722680e-01
1.264999999999874003e-01 -9.522368531900670119e-01
1.269999999999873452e-01 -9.495428632941247393e-01
1.274999999999872902e-01 -9.467098625486984886e-01
1.279999999999872351e-01 -9.437649173191520191e-01
1.284999999999871800e-01 -9.406772822174557236e-01
1.289999999999871250e-01 -9.374763689859227922e-01
1.294999999999870699e-01 -9.341288722499184738e-01
1.299999999999870148e-01 -9.306665542384592316e-01
1.304999999999869598e-01 -9.270535598098127439e-01
1.309999999999869047e-01 -9.233240170089597187e-01
1.314999999999868496e-01 -9.194395004880555611e-01
1.319999999999867946e-01 -9.154365041080452237e-01
1.324999999999867395e-01 -9.112740578637401612e-01
1.329999999999866844e-01 -9.069910009930346462e-01
1.334999999999866294e-01 -9.025438392724111081e-01
1.339999999999865743e-01 -8.979737368776989914e-01
1.344999999999865192e-01 -8.932347162450808842e-01
1.349999999999865752e-01 -8.883702205005372665e-01
1.354999999999865201e-01 -8.833318500569961040e-01
1.359999999999864650e-01 -8.781652810028059974e-01
1.364999999999864100e-01 -8.728197632641911952e-01
1.369999999999863549e-01 -8.673431190260559864e-01
1.374999999999862998e-01 -8.616823550327489256e-01
1.379999999999862448e-01 -8.558873629194239108e-01
1.384999999999861897e-01 -8.499030033338741408e-01
1.389999999999861346e-01 -8.437811300566755435e-01
1.394999999999860796e-01 -8.374646313706921585e-01
1.399999999999860245e-01 -8.310071494702956363e-01
1.404999999999859694e-01 -8.243497944440616454e-01
1.409999999999859144e-01 -8.175478384977928892e-01
1.414999999999858593e-01 -8.105408128061710737e-01
1.419999999999858042e-01 -8.033854254157892782e-01
1.424999999999857492e-01 -7.960198994043811149e-01
1.429999999999856941e-01 -7.885021129521377903e-01
1.434999999999856390e-01 -7.807692927348208745e-01
1.439999999999855840e-01 -7.728802213590271197e-01
1.444999999999855289e-01 -7.647714561227826335e-01
1.449999999999854738e-01 -7.565023723641137732e-01
1.454999999999854188e-01 -7.480092667836081288e-01
1.459999999999854747e-01 -7.393517242191938177e-01
1.464999999999854197e-01 -7.304662304323451538e-01
1.469999999999853646e-01 -7.214121760903495773e-01
1.474999999999853095e-01 -7.121267265519241052e-01
1.479999999999852545e-01 -7.026686337651431025e-01
1.484999999999851994e-01 -6.929762792101049618e-01
1.489999999999851443e-01 -6.831072906890697238e-01
1.494999999999850893e-01 -6.730018585349460958e-01
1.499999999999850342e-01 -6.627159345507795951e-01
1.504999999999849791e-01 -6.521921668610102252e-01
1.509999999999849241e-01 -6.414842640868080315e-01
1.514999999999848690e-01 -6.305380015218788881e-01
1.519999999999848139e-01 -6.194042416545804119e-01
1.524999999999847589e-01 -6.080325869841420872e-01
1.529999999999847038e-01 -5.964704304761572207e-01
1.534999999999846487e-01 -5.846719376399117651e-01
1.539999999999845937e-01 -5.726803931990220864e-01
1.544999999999845386e-01 -5.604552461481029368e-01
1.549999999999844835e-01 -5.480350240300730924e-01
1.554999999999844285e-01 -5.353852257879316845e-01
1.559999999999843734e-01 -5.225389626256723430e-01
1.564999999999843183e-01 -5.094684911355661372e-01
1.569999999999843743e-01 -4.962009093634494050e-01
1.574999999999843192e-01 -4.827159070603045943e-01
1.579999999999842641e-01 -4.690339886457900453e-01
1.584999999999842091e-01 -4.551429060402802373e-01
1.589999999999841540e-01 -4.410560483314025504e-01
1.594999999999840989e-01 -4.267697804403727813e-01
1.599999999999840439e-01 -4.122899285083629350e-01
1.604999999999839888e-01 -3.976219226706328436e-01
1.609999999999839337e-01 -3.827636761037703228e-01
1.614999999999838787e-01 -3.677300137361932397e-01
1.619999999999838236e-01 -3.525106966434319311e-01
1.624999999999837685e-01 -3.371301376957521745e-01
1.629999999999837135e-01 -3.215698354969470096e-01
1.634999999999836584e-01 -3.058638240725290447e-01
1.639999999999836033e-01 -2.899853732789283156e-01
1.644999999999835483e-01 -2.739780003335545167e-01
1.649999999999834932e-01 -2.578069343844110461e-01
1.654999999999834381e-01 -2.415248523933951064e-01
1.659999999999833831e-01 -2.250892958840642888e-01
1.664999999999833280e-01 -2.085615890545069739e-01
1.669999999999832729e-01 -1.918921008670081696e-01
1.674999999999832179e-01 -1.751501047634917707e-01
1.679999999999831628e-01 -1.582794716324588680e-01
1.684999999999832188e-01 -1.413565442600810684e-01
1.689999999999831637e-01 -1.243195252850771149e-01
1.694999999999831086e-01 -1.072507767834804671e-01
1.699999999999830536e-01 -9.008380042060325221e-02
1.704999999999829985e-01 -7.290578239094973323e-02
1.709999999999829434e-01 -5.564660716518585182e-02
1.714999999999828884e-01 -3.839696822165993700e-02
1.719999999999828333e-01 -2.108430951047440827e-02
1.724999999999827782e-01 -3.801424245737375623e-03
1.729999999999827232e-01 1.352544324443525139e-02
1.734999999999826681e-01 3.080286115957613091e-02
1.739999999999826130e-01 4.810451371677357951e-02
1.744999999999825580e-01 6.533780793783786067e-02
1.749999999999825029e-01 8.257508786898536124e-02
1.754999999999824478e-01 9.972605435156103870e-02
1.759999999999823928e-01 1.168604764735979157e-01
1.764999999999823377e-01 1.338917469756862322e-01
1.769999999999822826e-01 1.508858920512717583e-01
1.774999999999822275e-01 1.677612966703122821e-01
1.779999999999821725e-01 1.845791741492409654e-01
1.784999999999821174e-01 2.012640779526856383e-01
1.789999999999820623e-01 2.178714565729518715e-01
1.794999999999821183e-01 2.343330595408071593e-01
1.799999999999820632e-01 2.506977565406648956e-01
1.804999999999820082e-01 2.669053495641525720e-01
1.809999999999819531e-01 2.829974733954159216e-01
1.814999999999818980e-01 2.989226549305299407e-01
1.819999999999818430e-01 3.147147968743371216e-01
1.824999999999817879e-01 3.303316374759127094e-01
1.829999999999817328e-01 3.457990147158300775e-01
1.834999999999816778e-01 3.610841745618791343e-01
1.839999999999816227e-01 3.762047206265412558e-01
1.844999999999815676e-01 3.911375210548040382e-01
1.849999999999815126e-01 4.058919277178942298e-01
1.854999999999814575e-01 4.204543747307064039e-01
1.859999999999814024e-01 4.348260874121784858e-01
1.864999999999813474e-01 4.490028558362347266e-01
1.869999999999812923e-01 4.629780281255048702e-01
1.874999999999812372e-01 4.767564038716419761e-01
1.879999999999811822e-01 4.903238162825050428e-01
1.884999999999811271e-01 5.036936084579383133e-01
1.889999999999810720e-01 5.168445560139862671e-01
1.894999999999810170e-01 5.297979758211464052e-01
1.899999999999809619e-01 5.425261219168122651e-01
1.904999999999810179e-01 5.550576600192570487e-01
1.909999999999809628e-01 5.673588759735493925e-01
1.914999999999809077e-01 5.794651190558051113e-01
1.919999999999808526e-01 5.913373354184739972e-01
1.924999999999807976e-01 6.030168067617208694e-01
1.929999999999807425e-01 6.144597987036034548e-01
1.934999999999806874e-01 6.257127844540485428e-01
1.939999999999806324e-01 6.367279929256891569e-01
1.944999999999805773e-01 6.475563683629416145e-01
1.949999999999805222e-01 6.581467212532117195e-01
1.954999999999804672e-01 6.685537361806264123e-01
1.959999999999804121e-01 6.787234541460845927e-01
1.964999999999803570e-01 6.887135949274126867e-01
1.969999999999803020e-01 6.984680125509244997e-01
1.974999999999802469e-01 7.080467977201648777e-01
1.979999999999801918e-01 7.173921897792774338e-01
1.984999999999801368e-01 7.265660269675734417e-01
1.989999999999800817e-01 7.355094500321504025e-01
1.994999999999800266e-01 7.442854622361634309e-01
1.999999999999799716e-01 7.528346013757736266e-01
2.004999999999799165e-01 7.612204889943340325e-01
2.009999999999798614e-01 7.693835147051480972e-01
2.014999999999799174e-01 7.773874329051654319e-01
2.019999999999798623e-01 7.851728784758671420e-01
2.024999999999798073e-01 7.928032992289806291e-01
2.029999999999797522e-01 8.002199381066775752e-01
2.034999999999796971e-01 8.074855531039355494e-01
2.039999999999796421e-01 8.145423069185927512e-01
2.044999999999795870e-01 8.214519151558713483e-01
2.049999999999795319e-01 8.281577464154834534e-01
2.054999999999794769e-01 8.347201826569348171e-01
2.059999999999794218e-01 8.410840232109745296e-01
2.064999999999793667e-01 8.473080711232137130e-01
2.069999999999793117e-01 8.533387608455863527e-01
2.074999999999792566e-01 8.592330865708933674e-01
2.079999999999792015e-01 8.649392916038791679e-01
2.084999999999791465e-01 8.705123875529078292e-01
2.089999999999790914e-01 8.759025747583920607e-01
2.094999999999790363e-01 8.811627136223872947e-01
2.099999999999789813e-01 8.862450841550632008e-01
2.104999999999789262e-01 8.912002831375843703e-01
2.109999999999788711e-01 8.959827366766761614e-01
2.114999999999788161e-01 9.006407115058148172e-01
2.119999999999787610e-01 9.051308462550785583e-01
2.124999999999787059e-01 9.094989856346888946e-01
2.129999999999787619e-01 9.137040421151214620e-01
2.134999999999787068e-01 9.177893872858057245e-01
2.139999999999786517e-01 9.217162483356445835e-01
2.144999999999785967e-01 9.255254777454923198e-01
2.149999999999785416e-01 9.291806429714477567e-01
2.154999999999784865e-01 9.327200569467744007e-01
2.159999999999784315e-01 9.361096427240284124e-01
2.164999999999783764e-01 9.393851532498680434e-01
2.169999999999783213e-01 9.425148722830603010e-01
2.174999999999782663e-01 9.455319978934121350e-01
2.179999999999782112e-01 9.484071694361472238e-01
2.184999999999781561e-01 9.511710249944675954e-01
2.189999999999781011e-01 9.537965493005464701e-01
2.194999999999780460e-01 9.563118562192567396e-01
2.199999999999779909e-01 9.586922452011991114e-01
2.204999999999779359e-01 9.609633110026706282e-01
2.209999999999778808e-01 9.631026626829459758e-01
2.214999999999778257e-01 9.651333912190078745e-01
2.219999999999777707e-01 9.670353999495432396e-01
2.224999999999777156e-01 9.688292965112353938e-01
2.229999999999776605e-01 9.704972631929228433e-01
2.234999999999776055e-01 9.720574294007430227e-01
2.239999999999776614e-01 9.734942410444246130e-01
2.244999999999776064e-01 9.748233850678352796e-01
2.249999999999775513e-01 9.760315352333179817e-01
2.254999999999774962e-01 9.771319615712389384e-01
2.259999999999774412e-01 9.781135605868018779e-01
2.264999999999773861e-01 9.789871802871179529e-01
2.269999999999773310e-01 9.797439297007444203e-01
2.274999999999772760e-01 9.803922603603054675e-01
2.279999999999772209e-01 9.809254784884504641e-01
2.284999999999771658e-01 9.813496544725783810e-01
2.289999999999771108e-01 9.816602712904159977e-01
2.294999999999770557e-01 9.818610232938904669e-01
2.299999999999770006e-01 9.819495804353131074e-01
2.304999999999769456e-01 9.819272610311393645e-01
2.309999999999768905e-01 9.817939117887583000e-01
2.314999999999768354e-01 9.815484800989069392e-01
2.319999999999767804e-01 9.811929945338051517e-01
2.324999999999767253e-01 9.807240213389651906e-01
2.329999999999766702e-01 9.801457760611912429e-01
2.334999999999766152e-01 9.794524438007699008e-01
2.339999999999765601e-01 9.786504321888443991e-01
2.344999999999765050e-01 9.777315349609682071e-01
2.349999999999765610e-01 9.767043569423764504e-01
2.354999999999765059e-01 9.755583005038896971e-01
2.359999999999764508e-01 9.743041676648357408e-01
2.364999999999763958e-01 9.729289541020409438e-01
2.369999999999763407e-01 9.714456845776938687e-01
2.374999999999762856e-01 9.698389276356118582e-01
2.379999999999762306e-01 9.681239512198589470e-01
2.384999999999761755e-01 9.662828558632142739e-01
2.389999999999761204e-01 9.643331935696468626e-01
2.394999999999760654e-01 9.622545866413900750e-01
2.399999999999760103e-01 9.600668609228105721e-01
2.404999999999759552e-01 9.577471553758423184e-01
2.409999999999759002e-01 9.553175850145108061e-01
2.414999999999758451e-01 9.527527850214355665e-01
2.419999999999757900e-01 9.500771953485769306e-01
2.424999999999757350e-01 9.472629065212102573e-01
2.429999999999756799e-01 9.443367038682456416e-01
2.434999999999756248e-01 9.412681281478606499e-01
2.439999999999755698e-01 9.380863202854223815e-01
2.444999999999755147e-01 9.347582559427496385e-01
2.449999999999754596e-01 9.313154469709274963e-01
2.454999999999754046e-01 9.277222988256627056e-01
2.459999999999753495e-01 9.240126840642506334e-01
2.464999999999754055e-01 9.201484532655463955e-01
2.469999999999753504e-01 9.161658448028099366e-01
2.474999999999752953e-01 9.120241543780455151e-01
2.479999999999752403e-01 9.077619657414621734e-01
2.484999999999751852e-01 9.033360503767348115e-01
2.489999999999751301e-01 8.987873323012687266e-01
2.494999999999750750e-01 8.940700792194242741e-01
2.499999999999750200e-01 8.892275094280193137e-01
2.504999999999749649e-01 8.842114532788980519e-01
2.509999999999749098e-01 8.790673722507538201e-01
2.514999999999748548e-01 8.737447308794664691e-01
2.519999999999747997e-01 8.682911673988067403e-01
2.524999999999747446e-01 8.626538673945027824e-01
2.529999999999746896e-01 8.568825589895899819e-01
2.534999999999746345e-01 8.509222765634877339e-01
2.539999999999745794e-01 8.448247103846531214e-01
2.544999999999745244e-01 8.385329071383151867e-01
2.549999999999744693e-01 8.321003710554956134e-01
2.554999999999744142e-01 8.254683399686125744e-01
2.559999999999743592e-01 8.186919787786411939e-01
2.564999999999743041e-01 8.117109106358292303e-01
2.569999999999742490e-01 8.045817720502186354e-01
2.574999999999743050e-01 7.972428371970796679e-01
2.579999999999742499e-01 7.897519484883277485e-01
2.584999999999741949e-01 7.820463479289854192e-01
2.589999999999741398e-01 7.741848181256495431e-01
2.594999999999740847e-01 7.661038908275776826e-01
2.599999999999740297e-01 7.578629771410723137e-01
2.604999999999739746e-01 7.493983022301689001e-01
2.609999999999739195e-01 7.407695326888548149e-01
2.614999999999738645e-01 7.319130367542693305e-01
2.619999999999738094e-01 7.228883277277887709e-01
2.624999999999737543e-01 7.136323972365041790e-01
2.629999999999736993e-01 7.042041760698697361e-01
2.634999999999736442e-01 6.945418208788205483e-01
2.639999999999735891e-01 6.847031791850258786e-01
2.644999999999735341e-01 6.746281602849412140e-01
2.649999999999734790e-01 6.643729970180652922e-01
2.654999999999734239e-01 6.538799798260792606e-01
2.659999999999733689e-01 6.432031699031582894e-01
2.664999999999733138e-01 6.322879133236976035e-01
2.669999999999732587e-01 6.211854864661046083e-01
2.674999999999732037e-01 6.098450012932531417e-01
2.679999999999731486e-01 5.983143157583236116e-01
2.684999999999732045e-01 5.865470384074483734e-01
2.689999999999731495e-01 5.745869802688751138e-01
2.694999999999730944e-01 5.623929720570207680e-01
2.699999999999730393e-01 5.500041238267259214e-01
2.704999999999729843e-01 5.373852498139934930e-01
2.709999999999729292e-01 5.245700999420304100e-01
2.714999999999728741e-01 5.115301873339436201e-01
2.719999999999728191e-01 4.982932988303687138e-01
2.724999999999727640e-01 4.848383311485133795e-01
2.729999999999727089e-01 4.711865148040372264e-01
2.734999999999726539e-01 4.573247698494118385e-01
2.739999999999725988e-01 4.432672416158126572e-01
2.744999999999725437e-01 4.290094335199812203e-01
2.749999999999724887e-01 4.145579473637015511e-01
2.754999999999724336e-01 3.999173364484980842e-01
2.759999999999723785e-01 3.850862931883983764e-01
2.764999999999723235e-01 3.700787687439370810e-01
2.769999999999722684e-01 3.548852921866260668e-01
2.774999999999722133e-01 3.395294189700597820e-01
2.779999999999721583e-01 3.239933906562196264e-01
2.784999999999721032e-01 3.083104206441734663e-01
2.789999999999720481e-01 2.924544772936827353e-01
2.794999999999721041e-01 2.764683118700769215e-01
2.799999999999720490e-01 2.603177912186215859e-01
2.804999999999719940e-01 2.440549024844639314e-01
2.809999999999719389e-01 2.276377441543153135e-01
2.814999999999718838e-01 2.111270461619083882e-01
2.819999999999718288e-01 1.944736363254107592e-01
2.824999999999717737e-01 1.777463082808735106e-01
2.829999999999717186e-01 1.608892798690742254e-01
2.834999999999716636e-01 1.439785428361051167e-01
2.839999999999716085e-01 1.269525185181434312e-01
2.844999999999715534e-01 1.098933661340005530e-01
2.849999999999714984e-01 9.273466450626963176e-02
2.854999999999714433e-01 7.556355384167150191e-02
2.859999999999713882e-01 5.830984860724644503e-02
2.864999999999713332e-01 4.106436062323850361e-02
2.869999999999712781e-01 2.375431054351331492e-02
2.874999999999712230e-01 6.472780502982591368e-03
2.879999999999711680e-01 -1.085436589287639558e-02
2.884999999999711129e-01 -2.813323656209250692e-02
2.889999999999710578e-01 -4.543805154585660311e-02
2.894999999999710028e-01 -6.267559202334541113e-02
2.899999999999709477e-01 -7.991888357972420920e-02
2.904999999999708926e-01 -9.707684735902047390e-02
2.909999999999709486e-01 -1.142200664330320359e-01
2.914999999999708935e-01 -1.312610137866827009e-01
2.919999999999708384e-01 -1.482666486544442219e-01
2.924999999999707834e-01 -1.651543131055438207e-01
2.929999999999707283e-01 -1.819862562034901265e-01
2.934999999999706732e-01 -1.986858832512539141e-01
2.939999999999706182e-01 -2.153097627991525098e-01
2.944999999999705631e-01 -2.317884108834095402e-01
2.949999999999705080e-01 -2.481718836732480504e-01
2.954999999999704530e-01 -2.643986873267566984e-01
2.959999999999703979e-01 -2.805116865457972786e-01
2.964999999999703428e-01 -2.964580715148762979e-01
2.969999999999702878e-01 -3.122730004053210218e-01
2.974999999999702327e-01 -3.279128573814754088e-01
2.979999999999701776e-01 -3.434047364013729231e-01
2.984999999999701226e-01 -3.587145375236781564e-01
2.989999999999700675e-01 -3.738610988773672372e-01
2.994999999999700124e-01 -3.888199723348736980e-01
2.999999999999699574e-01 -4.036017049388155309e-01
3.004999999999699023e-01 -4.181914630741936922e-01
3.009999999999698472e-01 -4.325916115350217361e-01
3.014999999999697922e-01 -4.467967365372514932e-01
3.019999999999698481e-01 -4.608012597627657025e-01
3.024999999999697931e-01 -4.746088505256984003e-01
3.029999999999697380e-01 -4.882063399688066907e-01
3.034999999999696829e-01 -5.016060267582779231e-01
3.039999999999696279e-01 -5.147875940024144725e-01
3.044999999999695728e-01 -5.277714219538596208e-01
3.049999999999695177e-01 -5.405305689252404289e-01
3.054999999999694626e-01 -5.530928626352220601e-01
3.059999999999694076e-01 -5.654253094041455929e-01
3.064999999999693525e-01 -5.775625073743327897e-01
3.069999999999692974e-01 -5.894660311979385003e-01
3.074999999999692424e-01 -6.011765289656686440e-01
3.079999999999691873e-01 -6.126507772709509636e-01
3.084999999999691322e-01 -6.239347383483424547e-01
3.089999999999690772e-01 -6.349810447810179115e-01
3.094999999999690221e-01 -6.458402218135906869e-01
3.099999999999689670e-01 -6.564614120674570064e-01
3.104999999999689120e-01 -6.668989731025068979e-01
3.109999999999688569e-01 -6.770991809683095664e-01
3.114999999999688018e-01 -6.871195152842672904e-01
3.119999999999687468e-01 -6.969039986985661184e-01
3.124999999999686917e-01 -7.065125635123862269e-01
3.129999999999687477e-01 -7.158875308259305958e-01
3.134999999999686926e-01 -7.250906724517118818e-01
3.139999999999686375e-01 -7.340631393563352702e-01
3.144999999999685825e-01 -7.428679296932023668e-01
3.149999999999685274e-01 -7.514455301609369586e-01
3.154999999999684723e-01 -7.598596389491978353e-01
3.159999999999684173e-01 -7.680505230371994507e-01
3.164999999999683622e-01 -7.760820696754875403e-01
3.169999999999683071e-01 -7.838947451236714103e-01
3.174999999999682521e-01 -7.915521811446113443e-01
3.179999999999681970e-01 -7.989954111805774861e-01
3.184999999999681419e-01 -8.062874180557102477e-01
3.189999999999680869e-01 -8.133701140899164406e-01
3.194999999999680318e-01 -8.203054857053643234e-01
3.199999999999679767e-01 -8.270366102458053259e-01
3.204999999999679217e-01 -8.336241762559669644e-01
3.209999999999678666e-01 -8.400126764813760083e-01
3.214999999999678115e-01 -8.462612307723736960e-01
3.219999999999677565e-01 -8.523159414469032580e-01
3.224999999999677014e-01 -8.582341603805241359e-01
3.229999999999676463e-01 -8.639637783049760600e-01
3.234999999999675913e-01 -8.695601696211356924e-01
3.239999999999676472e-01 -8.749731667671490909e-01
3.244999999999675921e-01 -8.802560235961068846e-01
3.249999999999675371e-01 -8.853606215573897043e-01
3.254999999999674820e-01 -8.903379764319661049e-01
3.259999999999674269e-01 -8.951421106560188967e-01
3.264999999999673719e-01 -8.998216997433201580e-01
3.269999999999673168e-01 -9.043329888729134680e-01
3.274999999999672617e-01 -9.087222264255623294e-01
3.279999999999672067e-01 -9.129479365304615790e-01
3.284999999999671516e-01 -9.170538893378290535e-01
3.289999999999670965e-01 -9.210009288050403642e-01
3.294999999999670415e-01 -9.248303059737379428e-01
3.299999999999669864e-01 -9.285052050684935443e-01
3.304999999999669313e-01 -9.320643426931126685e-01
3.309999999999668763e-01 -9.354732382296097049e-01
3.314999999999668212e-01 -9.387680687341994901e-01
3.319999999999667661e-01 -9.419167142951068161e-01
3.324999999999667111e-01 -9.449527868721883106e-01
3.329999999999666560e-01 -9.478465272598793900e-01
3.334999999999666009e-01 -9.506289874314314270e-01
3.339999999999665459e-01 -9.532727586679830001e-01
3.344999999999664908e-01 -9.558063533951954849e-01
3.349999999999664357e-01 -9.582046878321420769e-01
3.354999999999664917e-01 -9.604937604056622558e-01
3.359999999999664366e-01 -9.626507969435027512e-01
3.364999999999663816e-01 -9.646992767639279709e-01
3.369999999999663265e-01 -9.666187353033584007e-01
3.374999999999662714e-01 -9.684301583202510333e-01
3.379999999999662164e-01 -9.701153653109316766e-01
3.384999999999661613e-01 -9.716928689130652774e-01
3.389999999999661062e-01 -9.731467420243604671e-01
3.394999999999660512e-01 -9.744930548202124232e-01
3.399999999999659961e-01 -9.757181284899586471e-01
3.404999999999659410e-01 -9.768355907467245469e-01
3.409999999999658860e-01 -9.778339906324623465e-01
3.414999999999658309e-01 -9.787245389467956747e-01
3.419999999999657758e-01 -9.794980023647837930e-01
3.424999999999657208e-01 -9.801631901018102999e-01
3.429999999999656657e-01 -9.807130609172727276e-01
3.434999999999656106e-01 -9.811540428813290138e-01
3.439999999999655556e-01 -9.814812868377155164e-01
3.444999999999655005e-01 -9.816988243821033189e-01
3.449999999999654454e-01 -9.818040086620749562e-01
3.454999999999653904e-01 -9.817984850183223422e-01
3.459999999999653353e-01 -9.816817884632583757e-01
3.464999999999653912e-01 -9.814531934118576606e-01
3.469999999999653362e-01 -9.811144116316103947e-01
3.474999999999652811e-01 -9.806623466117726506e-01
3.479999999999652260e-01 -9.801008919846662115e-01
3.484999999999651710e-01 -9.794245649845676471e-01
3.489999999999651159e-01 -9.786394615476445846e-01
3.494999999999650608e-01 -9.777376973239335634e-01
3.499999999999650058e-01 -9.767275705534479435e-01
3.504999999999649507e-01 -9.755987953019841230e-01
3.509999999999648956e-01 -9.743618874426622778e-01
3.514999999999648406e-01 -9.730041390180236283e-01
3.519999999999647855e-01 -9.715382988635565820e-01
3.524999999999647304e-01 -9.699492165595323678e-01
3.529999999999646754e-01 -9.682518943428226610e-01
3.534999999999646203e-01 -9.664287291119209033e-01
3.539999999999645652e-01 -9.644969816148353248e-01
3.544999999999645102e-01 -9.624365705195141452e-01
3.549999999999644551e-01 -9.602670457436239815e-01
3.554999999999644000e-01 -9.579658375050597030e-01
3.559999999999643450e-01 -9.555547900009009332e-01
3.564999999999642899e-01 -9.530088194502202015e-01
3.569999999999642348e-01 -9.503520949880321922e-01
3.574999999999641798e-01 -9.475569932858193267e-01
3.579999999999641247e-01 -9.446500390750530718e-01
3.584999999999640696e-01 -9.416010388211033533e-01
3.589999999999640146e-01 -9.384388830714059937e-01
3.594999999999639595e-01 -9.351308131949722657e-01
3.599999999999639044e-01 -9.317080906649557459e-01
3.604999999999638494e-01 -9.281353815345018132e-01
3.609999999999637943e-01 -9.244463182024822423e-01
3.614999999999637392e-01 -9.206029965159298056e-01
3.619999999999636842e-01 -9.166414249091878741e-01
3.624999999999636291e-01 -9.125211392426841872e-01
3.629999999999637961e-01 -9.082805086569729625e-01
3.634999999999637410e-01 -9.038765243551376560e-01
3.639999999999636859e-01 -8.993499008546824713e-01
3.644999999999636309e-01 -8.946551153598690798e-01
3.649999999999635758e-01 -8.898352073261360795e-01
3.654999999999635207e-01 -8.848421910564605586e-01
3.659999999999634657e-01 -8.797213542979102074e-01
3.664999999999634106e-01 -8.744223302082370086e-01
3.669999999999633555e-01 -8.689926139481080059e-01
3.674999999999633005e-01 -8.633795341763552678e-01
3.679999999999632454e-01 -8.576326861624176123e-01
3.684999999999631903e-01 -8.516972320295569387e-01
3.689999999999631353e-01 -8.456247547414030841e-01
3.694999999999630802e-01 -8.393583878489975225e-01
3.699999999999630251e-01 -8.329515793760714493e-01
3.704999999999629701e-01 -8.263456029233187117e-01
3.709999999999629150e-01 -8.195955978429462219e-01
3.714999999999628599e-01 -8.126412026144628209e-01
3.719999999999628049e-01 -8.055390435284027761e-01
3.724999999999627498e-01 -7.982273743210217543e-01
3.729999999999626947e-01 -7.907640833920184242e-01
3.734999999999626397e-01 -7.830863361001100253e-01
3.739999999999625846e-01 -7.752529865884448812e-01
3.744999999999625295e-01 -7.672004644112067062e-01
3.749999999999624745e-01 -7.589882981990330180e-01
3.754999999999624194e-01 -7.505525393843336390e-01
3.759999999999623643e-01 -7.419530334024754259e-01
3.764999999999623093e-01 -7.331259083321735037e-01
3.769999999999622542e-01 -7.241309278527355842e-01
3.774999999999621991e-01 -7.149047770060307228e-01
3.779999999999621441e-01 -7.055066829472277368e-01
3.784999999999620890e-01 -6.958744293152415716e-01
3.789999999999620339e-01 -6.860662315340079198e-01
3.794999999999619789e-01 -6.760215441319029628e-01
3.799999999999619238e-01 -6.657970393872436610e-01
3.804999999999618687e-01 -6.553344916565873035e-01
3.809999999999618137e-01 -6.446884475607107534e-01
3.814999999999617586e-01 -6.338036604425795195e-01
3.819999999999617035e-01 -6.227319789730161315e-01
3.824999999999616485e-01 -6.114218252981442614e-01
3.829999999999615934e-01 -5.999217114196184752e-01
3.834999999999615383e-01 -5.881844743107618179e-01
3.839999999999614833e-01 -5.762546454750941960e-01
3.844999999999614282e-01 -5.640902074079177098e-01
3.849999999999613731e-01 -5.517310570661432267e-01
3.854999999999615401e-01 -5.391410838203537503e-01
3.859999999999614850e-01 -5.263548960323779502e-01
3.864999999999614300e-01 -5.133430002038434914e-01
3.869999999999613749e-01 -5.001341131505597781e-01
3.874999999999613198e-01 -4.867060503658509618e-01
3.879999999999612648e-01 -4.730810234380876667e-01
3.884999999999612097e-01 -4.592448211202717068e-01
3.889999999999611546e-01 -4.452126091613928804e-01
3.894999999999610996e-01 -4.309787157348412001e-01
3.899999999999610445e-01 -4.165507957626386482e-01
3.904999999999609894e-01 -4.019321930676084120e-01
3.909999999999609344e-01 -3.871226726010801311e-01
3.914999999999608793e-01 -3.721349591826997871e-01
3.919999999999608242e-01 -3.569606585090845940e-01
3.924999999999607692e-01 -3.416220996929401066e-01
3.929999999999607141e-01 -3.261025896798948054e-01
3.934999999999606590e-01 -3.104341349451921750e-01
3.939999999999606040e-01 -2.945917375517675407e-01
3.944999999999605489e-01 -2.786169832301307325e-01
3.949999999999604938e-01 -2.624767229641105093e-01
3.954999999999604388e-01 -2.462218417249804892e-01
3.959999999999603837e-01 -2.298113475356110269e-01
3.964999999999603286e-01 -2.133049596204524279e-01
3.969999999999602736e-01 -1.966543202924124489e-01
3.974999999999602185e-01 -1.799273228489397247e-01
3.979999999999601634e-01 -1.630688861890199626e-01
3.984999999999601084e-01 -1.461542340627638159e-01
3.989999999999600533e-01 -1.291223595877878105e-01
3.994999999999599982e-01 -1.120548037027053467e-01
3.999999999999599432e-01 -9.488556985064226790e-02
4.004999999999598881e-01 -7.770134960194430285e-02
4.009999999999598330e-01 -6.043222057596744912e-02
4.014999999999597780e-01 -4.316872709734937558e-02
4.019999999999597229e-01 -2.583818317515588700e-02
4.024999999999596678e-01 -8.533592867262105447e-03
4.029999999999596128e-01 8.819258859964179686e-03
4.034999999999595577e-01 2.612636868521371961e-02
4.039999999999595026e-01 4.346220370626890234e-02
4.044999999999594475e-01 6.073324587512961281e-02
4.049999999999593925e-01 7.801293522908397948e-02
4.054999999999593374e-01 9.520970860970352778e-02
4.059999999999592823e-01 1.123947270019298450e-01
4.064999999999592273e-01 1.294798021885575912e-01
4.069999999999591722e-01 1.465326215439612667e-01
4.074999999999593392e-01 1.634697054889725498e-01
4.079999999999592841e-01 1.803541640805990387e-01
4.084999999999592291e-01 1.971084399442139812e-01
4.089999999999591740e-01 2.137900760601657013e-01
4.094999999999591189e-01 2.303285082627451186e-01
4.099999999999590639e-01 2.467748575938469302e-01
4.104999999999590088e-01 2.630664585450357973e-01
4.109999999999589537e-01 2.792473035408156168e-01
4.114999999999588987e-01 2.952633533589520964e-01
4.119999999999588436e-01 3.111509240409614518e-01
4.124999999999587885e-01 3.268651407078753679e-01
4.129999999999587335e-01 3.424342664293745231e-01
4.134999999999586784e-01 3.578229360891067024e-01
4.139999999999586233e-01 3.730511431313599524e-01
4.144999999999585683e-01 3.880931972474431224e-01
4.149999999999585132e-01 4.029607619611580427e-01
4.154999999999584581e-01 4.176378095080652275e-01
4.159999999999584031e-01 4.321277618902193418e-01
4.164999999999583480e-01 4.464240821997085273e-01
4.169999999999582929e-01 4.605221670594219496e-01
4.174999999999582379e-01 4.744246597449500169e-01
4.179999999999581828e-01 4.881192631230317214e-01
4.184999999999581277e-01 5.016173683675966277e-01
4.189999999999580726e-01 5.148994107426920763e-01
4.194999999999580176e-01 5.279849943293742909e-01
4.199999999999579625e-01 5.408477926546156889e-01
4.204999999999579074e-01 5.535150151568835053e-01
4.209999999999578524e-01 5.659541382538599841e-01
4.214999999999577973e-01 5.781992951002792314e-01
4.219999999999577422e-01 5.902123822627797223e-01
4.224999999999576872e-01 6.020337463565987868e-01
4.229999999999576321e-01 6.136203325970367439e-01
4.234999999999575770e-01 6.250179754748071970e-01
4.239999999999575220e-01 6.361793075730857172e-01
4.244999999999574669e-01 6.471549052340224151e-01
4.249999999999574118e-01 6.578937526766487354e-01
4.254999999999573568e-01 6.684504373997712801e-01
4.259999999999573017e-01 6.787709033189684993e-01
4.264999999999572466e-01 6.889130592729538760e-01
4.269999999999571916e-01 6.988204118247897112e-01
4.274999999999571365e-01 7.085535064461000454e-01
4.279999999999570814e-01 7.180539948593527289e-01
4.284999999999570264e-01 7.273844204498700616e-01
4.289999999999569713e-01 7.364851166236644486e-01
4.294999999999569162e-01 7.454200319483262893e-01
4.299999999999570832e-01 7.541286771595221428e-01
4.304999999999570282e-01 7.626758694829715024e-01
4.309999999999569731e-01 7.710007364228134152e-01
4.314999999999569180e-01 7.791684631070341371e-01
4.319999999999568630e-01 7.871182332470632037e-01
4.324999999999568079e-01 7.949151297758128010e-01
4.329999999999567528e-01 8.024987502947625861e-01
4.334999999999566977e-01 8.099337025297302928e-01
4.339999999999566427e-01 8.171603198867286588e-01
4.344999999999565876e-01 8.242423669822146470e-01
4.349999999999565325e-01 8.311211991729413606e-01
4.354999999999564775e-01 8.378594518197977070e-01
4.359999999999564224e-01 8.443997372789475708e-01
4.364999999999563673e-01 8.508032857290113160e-01
4.369999999999563123e-01 8.570141913547268953e-01
4.374999999999562572e-01 8.630920594330374618e-01
4.379999999999562021e-01 8.689826294893727709e-01
4.384999999999561471e-01 8.747437030576189487e-01
4.389999999999560920e-01 8.803228029672482968e-01
4.394999999999560369e-01 8.857757788262322629e-01
4.399999999999559819e-01 8.910520645119281991e-01
4.404999999999559268e-01 8.962054248527965283e-01
4.409999999999558717e-01 9.011872865301389091e-01
4.414999999999558167e-01 9.060492478368458169e-01
4.419999999999557616e-01 9.107447997947146767e-01
4.424999999999557065e-01 9.153233026245141124e-01
4.429999999999556515e-01 9.197403525665672763e-01
4.434999999999555964e-01 9.240430206719838502e-01
4.439999999999555413e-01 9.281890543873957400e-01
4.444999999999554863e-01 9.322231998259781216e-01
4.449999999999554312e-01 9.361053658601791172e-01
4.454999999999553761e-01 9.398779634457316012e-01
4.459999999999553211e-01 9.435030679906535322e-01
4.464999999999552660e-01 9.470207552932361494e-01
4.469999999999552109e-01 9.503952468580519897e-01
4.474999999999551559e-01 9.536643139844724892e-01
4.479999999999551008e-01 9.567943089443647908e-01
4.484999999999550457e-01 9.598206934284260194e-01
4.489999999999549907e-01 9.627119402563100170e-01
4.494999999999549356e-01 9.655012372783164931e-01
4.499999999999548805e-01 9.681591472033637125e-01
4.504999999999548255e-01 9.707166044803680061e-01
4.509999999999547704e-01 9.731462361587439602e-01
4.514999999999547153e-01 9.754767641640545994e-01
4.519999999999548823e-01 9.776828390081806486e-01
4.524999999999548272e-01 9.797910160811154068e-01
4.529999999999547722e-01 9.817779182596686471e-01
4.534999999999547171e-01 9.836679854958007008e-01
4.539999999999546620e-01 9.854397823727282235e-01
4.544999999999546070e-01 9.871156640629012990e-01
4.549999999999545519e-01 9.886760959779140601e-01
4.554999999999544968e-01 9.901414098277497855e-01
4.559999999999544418e-01 9.914939105353356430e-01
4.564999999999543867e-01 9.927519523359722431e-01
4.569999999999543316e-01 9.938996541151512432e-01
4.574999999999542766e-01 9.949534335115194361e-01
4.579999999999542215e-01 9.958991824951038963e-01
4.584999999999541664e-01 9.967514127664202084e-01
4.589999999999541114e-01 9.974977536117540788e-01
4.594999999999540563e-01 9.981508721105345483e-01
4.599999999999540012e-01 9.987000939872766603e-01
4.604999999999539462e-01 9.991562672490914565e-01
4.609999999999538911e-01 9.995103782904469769e-01
4.614999999999538360e-01 9.997715122534269749e-01
4.619999999999537810e-01 9.999322651049160626e-01
4.624999999999537259e-01 1.000000000000000000e+00
4.629999999999536708e-01 9.999689020389650462e-01
4.634999999999536158e-01 9.998446481581747536e-01
4.639999999999535607e-01 9.996229563840264287e-01
4.644999999999535056e-01 9.993078736414525709e-01
4.649999999999534506e-01 9.988966304439462762e-01
4.654999999999533955e-01 9.983916590342700736e-01
4.659999999999533404e-01 9.977916666447372851e-01
4.664999999999532854e-01 9.970975168237236064e-01
4.669999999999532303e-01 9.963093730833474382e-01
4.674999999999531752e-01 9.954265558263662994e-01
4.679999999999531202e-01 9.944506388569207544e-01
4.684999999999530651e-01 9.933794607491944761e-01
4.689999999999530100e-01 9.922159698310739628e-01
4.694999999999529550e-01 9.909565432871839663e-01
4.699999999999528999e-01 9.896054733106348644e-01
4.704999999999528448e-01 9.881577319037829765e-01
4.709999999999527898e-01 9.866189091371794229e-01
4.714999999999527347e-01 9.849826178186952275e-01
4.719999999999526796e-01 9.832557050182927361e-01
4.724999999999526246e-01 9.814304550078803979e-01
4.729999999999525695e-01 9.795149514178159711e-01
4.734999999999525144e-01 9.775002010815826425e-01
4.739999999999524594e-01 9.753954730923972694e-01
4.744999999999526263e-01 9.731905428331005803e-01
4.749999999999525713e-01 9.708958188719851723e-01
4.754999999999525162e-01 9.684999064582938688e-01
4.759999999999524611e-01 9.660143025378578052e-01
4.764999999999524061e-01 9.634265086531200728e-01
4.769999999999523510e-01 9.607490385908987740e-01
4.774999999999522959e-01 9.579683770526500330e-01
4.779999999999522409e-01 9.550979831296270151e-01
4.784999999999521858e-01 9.521233859993433191e-01
4.789999999999521307e-01 9.490589491794576560e-01
4.794999999999520757e-01 9.458893229698466243e-01
4.799999999999520206e-01 9.426296782292541421e-01
4.804999999999519655e-01 9.392638936847477193e-01
4.809999999999519105e-01 9.358078759996039109e-01
4.814999999999518554e-01 9.322448140841407271e-01
4.819999999999518003e-01 9.285912533208481312e-01
4.824999999999517453e-01 9.248298256568899811e-01
4.829999999999516902e-01 9.209776078891408480e-01
4.834999999999516351e-01 9.170167925259469222e-01
4.839999999999515801e-01 9.129648753639864056e-01
4.844999999999515250e-01 9.088037474361363444e-01
4.849999999999514699e-01 9.045511957950365112e-01
4.854999999999514149e-01 9.001889735102140966e-01
4.859999999999513598e-01 8.957350004879048866e-01
4.864999999999513047e-01 8.911710706756656997e-01
4.869999999999512497e-01 8.865150886504711281e-01
4.874999999999511946e-01 8.817490527500262409e-01
4.879999999999511395e-01 8.768907142586946923e-01
4.884999999999510845e-01 8.719224547457090635e-01
4.889999999999510294e-01 8.668616831419349023e-01
4.894999999999509743e-01 8.616913890772953666e-01
4.899999999999509193e-01 8.564284551780249055e-01
4.904999999999508642e-01 8.510566835248853934e-01
4.909999999999508091e-01 8.455922464883460776e-01
4.914999999999507541e-01 8.400199834291709466e-01
4.919999999999506990e-01 8.343551469621627303e-01
4.924999999999506439e-01 8.285838589962648548e-01
4.929999999999505889e-01 8.227202326712041991e-01
4.934999999999505338e-01 8.167519177122811724e-01
4.939999999999504787e-01 8.106916731744916449e-01
4.944999999999504237e-01 8.045289218676707765e-01
4.949999999999503686e-01 7.982748592621815575e-01
4.954999999999503135e-01 7.919209214108180461e-01
4.959999999999502585e-01 7.854765204799004641e-01
4.964999999999504254e-01 7.789353459236063593e-01
4.969999999999503704e-01 7.723048222140654895e-01
4.974999999999503153e-01 7.655811221457549109e-01
4.979999999999502602e-01 7.587694832162193981e-01
4.984999999999502052e-01 7.518687761698911176e-01
4.989999999999501501e-01 7.448818777981043304e-01
4.994999999999500950e-01 7.378105407463793064e-01
4.999999999999500400e-01 7.306551124779681050e-01
5.004999999999499849e-01 7.234204012711044074e-01
5.009999999999499298e-01 7.161040924073612812e-01
5.014999999999498748e-01 7.087141826512834974e-01
5.019999999999498197e-01 7.012455877979368868e-01
5.024999999999497646e-01 6.937095799639894089e-01
5.029999999999497096e-01 6.860982543604633443e-01
5.034999999999496545e-01 6.784261942244259602e-01
5.039999999999495994e-01 6.706826435243332662e-01
5.044999999999495444e-01 6.628854915078985499e-01
5.049999999999494893e-01 6.550211717790409560e-01
5.054999999999494342e-01 6.471108080595675549e-01
5.059999999999493792e-01 6.391380900156593547e-01
5.064999999999493241e-01 6.311272532091284360e-01
5.069999999999492690e-01 6.230593813317673035e-01
5.074999999999492140e-01 6.149616327245061020e-01
5.079999999999491589e-01 6.068126537266208542e-01
5.084999999999491038e-01 5.986423006289968152e-01
5.089999999999490488e-01 5.904270123573109874e-01
5.094999999999489937e-01 5.821990110184123157e-01
5.099999999999489386e-01 5.739328449291077883e-01
5.104999999999488836e-01 5.656627290001909891e-01
5.109999999999488285e-01 5.573616479638354715e-01
5.114999999999487734e-01 5.490653905349753838e-01
5.119999999999487184e-01 5.407457662024324208e-01
5.124999999999486633e-01 5.324396776074482585e-01
5.129999999999486082e-01 5.241181575562815498e-01
5.134999999999485532e-01 5.158187320801257414e-01
5.139999999999484981e-01 5.075121049171011922e-01
5.144999999999484430e-01 4.992358874312879946e-01
5.149999999999483880e-01 4.909609233680579665e-01
5.154999999999483329e-01 4.827243718782885940e-01
5.159999999999482778e-01 4.744976750595103487e-01
5.164999999999482228e-01 4.663170058801359708e-01
5.169999999999481677e-01 4.581548677335399722e-01
5.174999999999481126e-01 4.500459185461622713e-01
5.179999999999480575e-01 4.419641675557936522e-01
5.184999999999480025e-01 4.339422589349395953e-01
5.189999999999481695e-01 4.259561226778079690e-01
5.194999999999481144e-01 4.180359277922104932e-01
5.199999999999480593e-01 4.101599067273735133e-01
5.204999999999480043e-01 4.023553333046608338e-01
5.209999999999479492e-01 3.946030817159630333e-01
5.214999999999478941e-01 3.869271683146585095e-01
5.219999999999478391e-01 3.793113951815094143e-01
5.224999999999477840e-01 3.717762217703417527e-01
5.229999999999477289e-01 3.643086085006813635e-01
5.234999999999476739e-01 3.569252203232543552e-01
5.239999999999476188e-01 3.496163533048040062e-01
5.244999999999475637e-01 3.423947087601091899e-01
5.249999999999475087e-01 3.352540318396622920e-01
5.254999999999474536e-01 3.282029636479500967e-01
5.259999999999473985e-01 3.212387515606529576e-01
5.264999999999473435e-01 3.143659422366155143e-01
5.269999999999472884e-01 3.075852873206076366e-01
5.274999999999472333e-01 3.008972686624032944e-01
5.279999999999471783e-01 2.943060859685708852e-01
5.284999999999471232e-01 2.878082467224545304e-01
5.289999999999470681e-01 2.814112975192979427e-01
5.294999999999470131e-01 2.751079089283897106e-01
5.299999999999469580e-01 2.689088318715205927e-01
5.304999999999469029e-01 2.628030839550570819e-01
5.309999999999468479e-01 2.568044426079081899e-01
5.314999999999467928e-01 2.508984932148781710e-01
5.319999999999467377e-01 2.451018317450183448e-01
5.324999999999466826e-01 2.393968607175517849e-01
5.329999999999466276e-01 2.338027677686077277e-01
5.334999999999465725e-01 2.282990428577986175e-01
5.339999999999465174e-01 2.229072200201540066e-01
5.344999999999464624e-01 2.176041643348092525e-01
5.349999999999464073e-01 2.124134992150830958e-01
5.354999999999463522e-01 2.073097617363237333e-01
5.359999999999462972e-01 2.023184046036755335e-01
5.364999999999462421e-01 1.974119337653899575e-01
5.369999999999461870e-01 1.926173741978255138e-01
5.374999999999461320e-01 1.879054924890734002e-01
5.379999999999460769e-01 1.833046314209720862e-01
5.384999999999460218e-01 1.787841084554625537e-01
5.389999999999459668e-01 1.743733368677840290e-01
5.394999999999459117e-01 1.700404578545751666e-01
5.399999999999458566e-01 1.658157237126332284e-01
5.404999999999458016e-01 1.616663609926839440e-01
5.409999999999459686e-01 1.576232407826979875e-01
5.414999999999459135e-01 1.536529177007892877e-01
5.419999999999458584e-01 1.497866767249783904e-01
5.424999999999458034e-01 1.459906289467577944e-01
5.429999999999457483e-01 1.422962826403849079e-01
5.434999999999456932e-01 1.386695153816079884e-01
5.439999999999456382e-01 1.351418844983199585e-01
5.444999999999455831e-01 1.316792226004365463e-01
5.449999999999455280e-01 1.283129827768751396e-01
5.454999999999454730e-01 1.250091218045663588e-01
5.459999999999454179e-01 1.217988495481513861e-01
5.464999999999453628e-01 1.186483976893101117e-01
5.469999999999453077e-01 1.155886102343185451e-01
5.474999999999452527e-01 1.125861271341774272e-01
5.479999999999451976e-01 1.096713202539206372e-01
5.484999999999451425e-01 1.068113522723526942e-01
5.489999999999450875e-01 1.040360309376987397e-01
5.494999999999450324e-01 1.013131412967642336e-01
5.499999999999449773e-01 9.867184931270925330e-02
5.504999999999449223e-01 9.608064415639956668e-02
5.509999999999448672e-01 9.356798715595958382e-02
5.514999999999448121e-01 9.110313956603956209e-02
5.519999999999447571e-01 8.871380596024054654e-02
5.524999999999447020e-01 8.637007588428796678e-02
5.529999999999446469e-01 8.409885474630382496e-02
5.534999999999445919e-01 8.187110483794599047e-02
5.539999999999445368e-01 7.971289969943357034e-02
5.544999999999444817e-01 7.759610860370670660e-02
5.549999999999444267e-01 7.554595074016545730e-02
5.554999999999443716e-01 7.353522484594847419e-02
5.559999999999443165e-01 7.158828196330165039e-02
5.564999999999442615e-01 6.967886460087262257e-02
5.569999999999442064e-01 6.783044696717187294e-02
5.574999999999441513e-01 6.601772453991254508e-02
5.579999999999440963e-01 6.426329264996830104e-02
5.584999999999440412e-01 6.254280076606859307e-02
5.589999999999439861e-01 6.087796738535165147e-02
5.594999999999439311e-01 5.924539187976030075e-02
5.599999999999438760e-01 5.766592562122942189e-02
5.604999999999438209e-01 5.611710766540774914e-02
5.609999999999437659e-01 5.461893298950959430e-02
5.614999999999437108e-01 5.314986806948073655e-02
5.619999999999436557e-01 5.172906630610064893e-02
5.624999999999436007e-01 5.033590432464465220e-02
5.629999999999435456e-01 4.898871188469285792e-02
5.634999999999437126e-01 4.766775588390821661e-02
5.639999999999436575e-01 4.639056262419863352e-02
5.644999999999436024e-01 4.513826755916146294e-02
5.649999999999435474e-01 4.392761463631515012e-02
5.654999999999434923e-01 4.274058446251950000e-02
5.659999999999434372e-01 4.159316121601489696e-02
5.664999999999433822e-01 4.046814572132551024e-02
5.669999999999433271e-01 3.938078635215853940e-02
5.674999999999432720e-01 3.831467798876354164e-02
5.679999999999432170e-01 3.728435782932737474e-02
5.684999999999431619e-01 3.627418798361806834e-02
5.689999999999431068e-01 3.529801946099773297e-02
5.694999999999430518e-01 3.434095431466811094e-02
5.699999999999429967e-01 3.341618270954491154e-02
5.704999999999429416e-01 3.250951920288619457e-02
5.709999999999428866e-01 3.163351825514951893e-02
5.714999999999428315e-01 3.077467953936940254e-02
5.719999999999427764e-01 2.994494690043592380e-02
5.724999999999427214e-01 2.913147799436792071e-02
5.729999999999426663e-01 2.834563083279343157e-02
5.734999999999426112e-01 2.757519417741113171e-02
5.739999999999425562e-01 2.683096463120973607e-02
5.744999999999425011e-01 2.610133533755587196e-02
5.749999999999424460e-01 2.539656586432411517e-02
5.754999999999423910e-01 2.470562757461008258e-02
5.759999999999423359e-01 2.403826650604121845e-02
5.764999999999422808e-01 2.338400689706379362e-02
5.769999999999422258e-01 2.275210409565716491e-02
5.774999999999421707e-01 2.213261048441032483e-02
5.779999999999421156e-01 2.153431289798562326e-02
5.784999999999420606e-01 2.094776784727236246e-02
5.789999999999420055e-01 2.038131531897159968e-02
5.794999999999419504e-01 1.982599265179605177e-02
5.799999999999418954e-01 1.928971373008550594e-02
5.804999999999418403e-01 1.876397428855737168e-02
5.809999999999417852e-01 1.825628224161972291e-02
5.814999999999417302e-01 1.775857000354141846e-02
5.819999999999416751e-01 1.727795888476539587e-02
5.824999999999416200e-01 1.680679713131682032e-02
5.829999999999415650e-01 1.635183799807943955e-02
5.834999999999415099e-01 1.590582543040515787e-02
5.839999999999414548e-01 1.547516286943921571e-02
5.844999999999413998e-01 1.505297033840606244e-02
5.849999999999413447e-01 1.464531863348487485e-02
5.854999999999415117e-01 1.424568556285436653e-02
5.859999999999414566e-01 1.385982557784199223e-02
5.864999999999414015e-01 1.348155664293044717e-02
5.869999999999413465e-01 1.311633250044177794e-02
5.874999999999412914e-01 1.275829425568284804e-02
5.879999999999412363e-01 1.241261022013386180e-02
5.884999999999411813e-01 1.207372839090907653e-02
5.889999999999411262e-01 1.174654595595722543e-02
5.894999999999410711e-01 1.142580221945115743e-02
5.899999999999410161e-01 1.111613704214313783e-02
5.904999999999409610e-01 1.081256647246656155e-02
5.909999999999409059e-01 1.051948592055654448e-02
5.914999999999408509e-01 1.023217407618680699e-02
5.919999999999407958e-01 9.954794519966973440e-03
5.924999999999407407e-01 9.682874939968697664e-03
5.929999999999406857e-01 9.420359197392388570e-03
5.934999999999406306e-01 9.163011204223371273e-03
5.939999999999405755e-01 8.914566190418374281e-03
5.944999999999405205e-01 8.671012181760133497e-03
5.949999999999404654e-01 8.435886762932144622e-03
5.954999999999404103e-01 8.205390321081033195e-03
5.959999999999403553e-01 7.982873015124479499e-03
5.964999999999403002e-01 7.764736658700067094e-03
5.969999999999402451e-01 7.554153642394163121e-03
5.974999999999401901e-01 7.347716782437760212e-03
5.979999999999401350e-01 7.148429949740104684e-03
5.984999999999400799e-01 6.953067050203418087e-03
5.989999999999400249e-01 6.764472223836194911e-03
5.994999999999399698e-01 6.579590910972460405e-03
5.999999999999399147e-01 6.401115900716035367e-03
6.004999999999398597e-01 6.226155276861299222e-03
6.009999999999398046e-01 6.057258499920714460e-03
6.014999999999397495e-01 5.891687457275114094e-03
6.019999999999396945e-01 5.731855894378611212e-03
6.024999999999396394e-01 5.575171735372867060e-03
6.029999999999395843e-01 5.423919857723609288e-03
6.034999999999395293e-01 5.275646455507695953e-03
6.039999999999394742e-01 5.132514589662582997e-03
6.044999999999394191e-01 4.992201294618439818e-03
6.049999999999393641e-01 4.856754273513128398e-03
6.054999999999393090e-01 4.723974523401648119e-03
6.059999999999392539e-01 4.595800393582867398e-03
6.064999999999391989e-01 4.470150323690890055e-03
6.069999999999391438e-01 4.348859134304812989e-03
6.074999999999390887e-01 4.229956473738326339e-03
6.079999999999392557e-01 4.115179106396972888e-03
6.084999999999392006e-01 4.002662007947516490e-03
6.089999999999391456e-01 3.894049067912198556e-03
6.094999999999390905e-01 3.787575004350061166e-03
6.099999999999390354e-01 3.684795793470889078e-03
6.104999999999389804e-01 3.584040566252890206e-03
6.109999999999389253e-01 3.486782071237539207e-03
6.114999999999388702e-01 3.391438829434321664e-03
6.119999999999388152e-01 3.299404791872859091e-03
6.124999999999387601e-01 3.209183107303463858e-03
6.129999999999387050e-01 3.122093124351696738e-03
6.134999999999386500e-01 3.036718122925437073e-03
6.139999999999385949e-01 2.954306809305305356e-03
6.144999999999385398e-01 2.873518338131911612e-03
6.149999999999384848e-01 2.795534529009908922e-03
6.154999999999384297e-01 2.719086359277952773e-03
6.159999999999383746e-01 2.645292354021579889e-03
6.164999999999383196e-01 2.572951460523200708e-03
6.169999999999382645e-01 2.503122281786678179e-03
6.174999999999382094e-01 2.434668127552063605e-03
6.179999999999381544e-01 2.368590862118104615e-03
6.184999999999380993e-01 2.303814723928004297e-03
6.189999999999380442e-01 2.241287889098355496e-03
6.194999999999379892e-01 2.179992234094127717e-03
6.199999999999379341e-01 2.120825144080108748e-03
6.204999999999378790e-01 2.062823052361552681e-03
6.209999999999378240e-01 2.006835240881888870e-03
6.214999999999377689e-01 1.951949812775814015e-03
6.219999999999377138e-01 1.898970506752005634e-03
6.224999999999376588e-01 1.847034331397848835e-03
6.229999999999376037e-01 1.796901919539784431e-03
6.234999999999375486e-01 1.747756553694730305e-03
6.239999999999374936e-01 1.700318095964332542e-03
6.244999999999374385e-01 1.653813619454741479e-03
6.249999999999373834e-01 1.608924376968625444e-03
6.254999999999373284e-01 1.564918912373186545e-03
6.259999999999372733e-01 1.522441928402856791e-03
6.264999999999372182e-01 1.480801201613768554e-03
6.269999999999371632e-01 1.440606862146801091e-03
6.274999999999371081e-01 1.401203824247997934e-03
6.279999999999370530e-01 1.363169474756511243e-03
6.284999999999369980e-01 1.325883877914106135e-03
6.289999999999369429e-01 1.289893450342741686e-03
6.294999999999368878e-01 1.254611515671034830e-03
6.299999999999370548e-01 1.220555175863951777e-03
6.304999999999369997e-01 1.187169225523164668e-03
6.309999999999369447e-01 1.154943035980294987e-03
6.314999999999368896e-01 1.123351186591348356e-03
6.319999999999368345e-01 1.092856789663667260e-03
6.324999999999367795e-01 1.062962625283943308e-03
6.329999999999367244e-01 1.034106946807755376e-03
6.334999999999366693e-01 1.005819217455630136e-03
6.339999999999366143e-01 9.785141857161139180e-04
6.344999999999365592e-01 9.517465569930253291e-04
6.349999999999365041e-01 9.259088267975351932e-04
6.354999999999364491e-01 9.005795988515297645e-04
6.359999999999363940e-01 8.761302960419096574e-04
6.364999999999363389e-01 8.521621480799572088e-04
6.369999999999362839e-01 8.290266447033783166e-04
6.374999999999362288e-01 8.063464101622087703e-04
6.379999999999361737e-01 7.844540843127450125e-04
6.384999999999361187e-01 7.629925362491931512e-04
6.389999999999360636e-01 7.422765523484123893e-04
6.394999999999360085e-01 7.219681735005016414e-04
6.399999999999359535e-01 7.023652983463319482e-04
6.404999999999358984e-01 6.831480920723863488e-04
6.409999999999358433e-01 6.645984751197074342e-04
6.414999999999357883e-01 6.464137865569728530e-04
6.419999999999357332e-01 6.288608015152505120e-04
6.424999999999356781e-01 6.116531080799928518e-04
6.429999999999356231e-01 5.950431689621461014e-04
6.434999999999355680e-01 5.787599372765470443e-04
6.439999999999355129e-01 5.630423348868295649e-04
6.444999999999354579e-01 5.476338623766224302e-04
6.449999999999354028e-01 5.327606110180117555e-04
6.454999999999353477e-01 5.181798419613475523e-04
6.459999999999352926e-01 5.041055327856131798e-04
6.464999999999352376e-01 4.903079622496915417e-04
6.469999999999351825e-01 4.769896252940452577e-04
6.474999999999351274e-01 4.639331274473900216e-04
6.479999999999350724e-01 4.513301013357668215e-04
6.484999999999350173e-01 4.389748144787671068e-04
6.489999999999349622e-01 4.270486207218836911e-04
6.494999999999349072e-01 4.153568236307550411e-04
6.499999999999348521e-01 4.040710496127499309e-04
