,,,EPICS Channel Access Device,,,,,,,,,,,,,,,,,,,,,,,,,,,Sections Table Data,,,,,,,,,,,,,,,,,,,,,,,,,,,,,,,,,,,,,,,,,,,,,,,,,,,,,,,,,,,,,,,,,,,,,,
Element,Area,Type,Control System Name,Area2,Component Name,Component Comments,Slc Name,Symbols Upload Id,Ltu Upload Id,First Sourced From,Active,Filename,Sector,Sector Location,Undulator Cell,Keyword,Barcode,Engineering Name,SumL (m),SumL (ft),Linac Z (m),Linac Z (ft),Ltu SumL (m),Ltu SumL (ft),Ltu Linac Z (m),Ltu Linac Z (ft),Local Area Drawing,Irmis Ioc Names,Element Comment,Sections,Begin Dbmark,Begin SumL (m),End Dbmark,End SumL (m),Bsa Device,Obstruction,Effective Length (m),Rf Frequency (MHz),Rf Amplitude (MeV),Rf Phase (deg),Rf Gradient (MeV/m),Rf Power Fraction,Z Length (m),Fringe Field Integral,Integrated Field BL (kG-m),Field B (T),Integrated Field Grad GL (kG),Field Gradient G (T/m),Xal Scale Name,Xal Scale Value,Xal Polarity,Magnet X Coor (m),Magnet Y Coor (m),Magnet Z Coor (m),Magnet X Angle (rad),Magnet Y Angle (rad),Magnet Z Angle (rad),Solenoid Strength KS (1/m),Undulator Period Length (m),Undulator Strength K,X Size (m),Y Size (m),Section,Dist From Section Start (m),Xal Keyword,S Display,Ltu Rf Frequency (MHz),Ltu Rf Amplitude (MeV),Ltu Rf Phase (deg),Ltu Rf Gradient (MeV/m),Ltu Rf Power Fraction,Ltu Z Length (m),Ltu Fringe Field Integral,Ltu Integrated Field BL (kG-m),Ltu Field B (T),Ltu Integrated Field Grad GL (kG),Ltu Field Gradient G (T/m),Ltu Xal Scale Name,Ltu Xal Scale Value,Ltu Xal Polarity,Ltu Magnet X Coor,Ltu Magnet Y Coor,Ltu Magnet Z Coor,Ltu Magnet X Angle,Ltu Magnet Y Angle,Ltu Magnet Z Angle,Ltu Solenoid Strength Ks,Ltu Undulator Period Length,Ltu Undulator Strength K,Ltu X Size,Ltu Y Size,Ltu Section,Ltu Dist From Section Start,Ltu Xal Keyword,Ltu S Display,Ioc Captar Search,Slc Captar Search,Operation Status,Op Status Date,Beampath
BEGL4B,L4B,MAD,,,,,,308,,SYMBOLS,A,AD_ACCEL,,,,INST,,,659.0990511,2162.398462,649.004,2129.278215,,,,,,,,"	- NO SECTION -",,,,,,N,0,,,,,,,,,,,,,,,,,,,,,,,,,,,,,649.0039999,,,,,,,,,,,,,,,,,,,,,,,,,,,,,,%25,%25,,,
VVL4BU,L4B,MAD,,L4B,,,,308,,SYMBOLS,A,AD_ACCEL,S07,,,INST,,GATE VALVE,659.0990511,2162.398462,649.004,2129.278215,,,,,,,,"	- NO SECTION -",,,,,,N,0,,,,,,,,,,,,,,,,,,,,,,,,,,,,,649.0039999,,,,,,,,,,,,,,,,,,,,,,,,,,,,,,%25,%25,,,"SC_BSYD, SC_BSYD2, SC_DASEL, SC_DASEL2, SC_HXR, SC_HXR2, SC_S2_X, SC_S2_X2, SC_SFTS, SC_SFTS2, SC_STMO, SC_STMO2, SC_STXI, SC_STXI2, SC_SXR, SC_SXR2, "
VTL3,L4B,MAD,,L4B,,,,308,,SYMBOLS,A,AD_ACCEL,S07,,,INST,,,661.7180511,2170.990981,651.623,2137.870735,,,,,,,,"	- NO SECTION -",,,,,,N,0,,,,,,,,,,,,,,,,,,,,,,,,,,,,,651.6229999,,,,,,,,,,,,,,,,,,,,,,,,,,,,,,%25,%25,,,"SC_BSYD, SC_BSYD2, SC_DASEL, SC_DASEL2, SC_HXR, SC_HXR2, SC_S2_X, SC_S2_X2, SC_SFTS, SC_SFTS2, SC_STMO, SC_STMO2, SC_STXI, SC_STXI2, SC_SXR, SC_SXR2, "
CAVL371,L4B,MAD,ACCL:L4B:3710,L4B,,,,308,,SYMBOLS,A,AD_ACCEL,S07,,,LCAV,,CRYO,663.49136115,2176.808928,653.39631,2143.688681,,,,,,,,"	- NO SECTION -",,,,,,N,1.037743,1300,21.73913043,0,20.948472242164,1,,,,,,,,,,,,,,,,,,,,,,,,653.3963099,,,,,,,,,,,,,,,,,,,,,,,,,,,,,,ACCL:L4B%25,ACCL:%25,,,"SC_BSYD, SC_BSYD2, SC_DASEL, SC_DASEL2, SC_HXR, SC_HXR2, SC_S2_X, SC_S2_X2, SC_SFTS, SC_SFTS2, SC_STMO, SC_STMO2, SC_STXI, SC_STXI2, SC_SXR, SC_SXR2, "
CAVL372,L4B,MAD,ACCL:L4B:3720,L4B,,,,308,,SYMBOLS,A,AD_ACCEL,S07,,,LCAV,,CRYO,664.87496115,2181.348298,654.77991,2148.228051,,,,,,,,"	- NO SECTION -",,,,,,N,1.037743,1300,21.73913043,0,20.948472242164,1,,,,,,,,,,,,,,,,,,,,,,,,654.7799099,,,,,,,,,,,,,,,,,,,,,,,,,,,,,,ACCL:L4B%25,ACCL:%25,,,"SC_BSYD, SC_BSYD2, SC_DASEL, SC_DASEL2, SC_HXR, SC_HXR2, SC_S2_X, SC_S2_X2, SC_SFTS, SC_SFTS2, SC_STMO, SC_STMO2, SC_STXI, SC_STXI2, SC_SXR, SC_SXR2, "
CAVL373,L4B,MAD,ACCL:L4B:3730,L4B,,,,308,,SYMBOLS,A,AD_ACCEL,S07,,,LCAV,,CRYO,666.25856115,2185.887668,656.16351,2152.767421,,,,,,,,"	- NO SECTION -",,,,,,N,1.037743,1300,21.73913043,0,20.948472242164,1,,,,,,,,,,,,,,,,,,,,,,,,656.1635099,,,,,,,,,,,,,,,,,,,,,,,,,,,,,,ACCL:L4B%25,ACCL:%25,,,"SC_BSYD, SC_BSYD2, SC_DASEL, SC_DASEL2, SC_HXR, SC_HXR2, SC_S2_X, SC_S2_X2, SC_SFTS, SC_SFTS2, SC_STMO, SC_STMO2, SC_STXI, SC_STXI2, SC_SXR, SC_SXR2, "
CAVL374,L4B,MAD,ACCL:L4B:3740,L4B,,,,308,,SYMBOLS,A,AD_ACCEL,S07,,,LCAV,,CRYO,667.64216115,2190.427038,657.54711,2157.306791,,,,,,,,"	- NO SECTION -",,,,,,N,1.037743,1300,21.73913043,0,20.948472242164,1,,,,,,,,,,,,,,,,,,,,,,,,657.5471099,,,,,,,,,,,,,,,,,,,,,,,,,,,,,,ACCL:L4B%25,ACCL:%25,,,"SC_BSYD, SC_BSYD2, SC_DASEL, SC_DASEL2, SC_HXR, SC_HXR2, SC_S2_X, SC_S2_X2, SC_SFTS, SC_SFTS2, SC_STMO, SC_STMO2, SC_STXI, SC_STXI2, SC_SXR, SC_SXR2, "
CAVL375,L4B,MAD,ACCL:L4B:3750,L4B,,,,308,,SYMBOLS,A,AD_ACCEL,S07,,,LCAV,,CRYO,669.02576115,2194.966408,658.93071,2161.846161,,,,,,,,"	- NO SECTION -",,,,,,N,1.037744,1300,21.739130438,0,20.948452063322,1,,,,,,,,,,,,,,,,,,,,,,,,658.9307099,,,,,,,,,,,,,,,,,,,,,,,,,,,,,,ACCL:L4B%25,ACCL:%25,,,"SC_BSYD, SC_BSYD2, SC_DASEL, SC_DASEL2, SC_HXR, SC_HXR2, SC_S2_X, SC_S2_X2, SC_SFTS, SC_SFTS2, SC_STMO, SC_STMO2, SC_STXI, SC_STXI2, SC_SXR, SC_SXR2, "
CSP37,L4B,MAD,,L4B,,,,308,,SYMBOLS,A,AD_ACCEL,S07,,,INST,,,669.1661111,2195.426874,659.07106,2162.306627,,,,,,,,"	- NO SECTION -",,,,,,N,0,,,,,,,,,,,,,,,,,,,,,,,,,,,,,659.0710599,,,,,,,,,,,,,,,,,,,,,,,,,,,,,,%25,%25,,,"SC_BSYD, SC_BSYD2, SC_DASEL, SC_DASEL2, SC_HXR, SC_HXR2, SC_S2_X, SC_S2_X2, SC_SFTS, SC_SFTS2, SC_STMO, SC_STMO2, SC_STXI, SC_STXI2, SC_SXR, SC_SXR2, "
CAVL376,L4B,MAD,ACCL:L4B:3760,L4B,,,,308,,SYMBOLS,A,AD_ACCEL,S07,,,LCAV,,CRYO,670.40936115,2199.505778,660.31431,2166.385531,,,,,,,,"	- NO SECTION -",,,,,,N,1.037743,1300,21.73913043,0,20.948472242164,1,,,,,,,,,,,,,,,,,,,,,,,,660.3143099,,,,,,,,,,,,,,,,,,,,,,,,,,,,,,ACCL:L4B%25,ACCL:%25,,,"SC_BSYD, SC_BSYD2, SC_DASEL, SC_DASEL2, SC_HXR, SC_HXR2, SC_S2_X, SC_S2_X2, SC_SFTS, SC_SFTS2, SC_STMO, SC_STMO2, SC_STXI, SC_STXI2, SC_SXR, SC_SXR2, "
CAVL377,L4B,MAD,ACCL:L4B:3770,L4B,,,,308,,SYMBOLS,A,AD_ACCEL,S07,,,LCAV,,CRYO,671.79296115,2204.045148,661.69791,2170.924902,,,,,,,,"	- NO SECTION -",,,,,,N,1.037743,1300,21.73913043,0,20.948472242164,1,,,,,,,,,,,,,,,,,,,,,,,,661.6979099,,,,,,,,,,,,,,,,,,,,,,,,,,,,,,ACCL:L4B%25,ACCL:%25,,,"SC_BSYD, SC_BSYD2, SC_DASEL, SC_DASEL2, SC_HXR, SC_HXR2, SC_S2_X, SC_S2_X2, SC_SFTS, SC_SFTS2, SC_STMO, SC_STMO2, SC_STXI, SC_STXI2, SC_SXR, SC_SXR2, "
CAVL378,L4B,MAD,ACCL:L4B:3780,L4B,,,,308,,SYMBOLS,A,AD_ACCEL,S07,,,LCAV,,CRYO,673.17656115,2208.584518,663.08151,2175.464272,,,,,,,,"	- NO SECTION -",,,,,,N,1.037743,1300,21.73913043,0,20.948472242164,1,,,,,,,,,,,,,,,,,,,,,,,,663.0815099,,,,,,,,,,,,,,,,,,,,,,,,,,,,,,ACCL:L4B%25,ACCL:%25,,,"SC_BSYD, SC_BSYD2, SC_DASEL, SC_DASEL2, SC_HXR, SC_HXR2, SC_S2_X, SC_S2_X2, SC_SFTS, SC_SFTS2, SC_STMO, SC_STMO2, SC_STXI, SC_STXI2, SC_SXR, SC_SXR2, "
CMB37,L4B,MAD,BPMS:L4B:3783,L4B,,,,308,,SYMBOLS,A,AD_ACCEL,S07,,,BPM,,CRYO,673.9879511,2211.246559,663.8929,2178.126312,,,,,,,,"	- NO SECTION -",,,,,,N,0,,,,,,,,,,,,,,,,,,,,,,,,,,,,,663.8928999,,,,,,,,,,,,,,,,,,,,,,,,,,,,,,BPMS:L4B%25,BPMS:%25,,,"SC_BSYD, SC_BSYD2, SC_DASEL, SC_DASEL2, SC_HXR, SC_HXR2, SC_S2_X, SC_S2_X2, SC_SFTS, SC_SFTS2, SC_STMO, SC_STMO2, SC_STXI, SC_STXI2, SC_SXR, SC_SXR2, "
QCM37,L4B,MAD,QUAD:L4B:3785,L4B,,,,308,,SYMBOLS,A,AD_ACCEL,S07,,,QUAD,4837Q,CRYO,674.2523911,2212.114144,664.15734,2178.993898,,,,,,,,"	- NO SECTION -",,,,,,N,.23,,,,,,,,,,-6.132430576128,2.666274163534,,,,,,,,,,,,,,,,,,664.1573399,,,,,,,,,,,,,,,,,,,,,,,,,,,,,,QUAD:L4B%25,QUAD:%25,,,"SC_BSYD, SC_BSYD2, SC_DASEL, SC_DASEL2, SC_HXR, SC_HXR2, SC_S2_X, SC_S2_X2, SC_SFTS, SC_SFTS2, SC_STMO, SC_STMO2, SC_STXI, SC_STXI2, SC_SXR, SC_SXR2, "
XCM37,L4B,MAD,XCOR:L4B:3785,L4B,,,,308,,SYMBOLS,A,AD_ACCEL,S07,,,XCOR,4837X,CRYO,674.2523911,2212.114144,664.15734,2178.993898,,,,,,,,"	- NO SECTION -",,,,,,N,0,,,,,,,,,,,,,,,,,,,,,,,,,,,,,664.1573399,,,,,,,,,,,,,,,,,,,,,,,,,,,,,,XCOR:L4B%25,XCOR:%25,,,"SC_BSYD, SC_BSYD2, SC_DASEL, SC_DASEL2, SC_HXR, SC_HXR2, SC_S2_X, SC_S2_X2, SC_SFTS, SC_SFTS2, SC_STMO, SC_STMO2, SC_STXI, SC_STXI2, SC_SXR, SC_SXR2, "
YCM37,L4B,MAD,YCOR:L4B:3785,L4B,,,,308,,SYMBOLS,A,AD_ACCEL,S07,,,YCOR,4837Y,CRYO,674.2523911,2212.114144,664.15734,2178.993898,,,,,,,,"	- NO SECTION -",,,,,,N,0,,,,,,,,,,,,,,,,,,,,,,,,,,,,,664.1573399,,,,,,,,,,,,,,,,,,,,,,,,,,,,,,YCOR:L4B%25,YCOR:%25,,,"SC_BSYD, SC_BSYD2, SC_DASEL, SC_DASEL2, SC_HXR, SC_HXR2, SC_S2_X, SC_S2_X2, SC_SFTS, SC_SFTS2, SC_STMO, SC_STMO2, SC_STXI, SC_STXI2, SC_SXR, SC_SXR2, "
CAVL381,L4B,MAD,ACCL:L4B:3810,L4B,,,,308,,SYMBOLS,A,AD_ACCEL,S07,,,LCAV,,CRYO,675.71175115,2216.902071,665.6167,2183.781824,,,,,,,,"	- NO SECTION -",,,,,,N,1.037743,1300,21.73913043,0,20.948472242164,1,,,,,,,,,,,,,,,,,,,,,,,,665.6166999,,,,,,,,,,,,,,,,,,,,,,,,,,,,,,ACCL:L4B%25,ACCL:%25,,,"SC_BSYD, SC_BSYD2, SC_DASEL, SC_DASEL2, SC_HXR, SC_HXR2, SC_S2_X, SC_S2_X2, SC_SFTS, SC_SFTS2, SC_STMO, SC_STMO2, SC_STXI, SC_STXI2, SC_SXR, SC_SXR2, "
CAVL382,L4B,MAD,ACCL:L4B:3820,L4B,,,,308,,SYMBOLS,A,AD_ACCEL,S07,,,LCAV,,CRYO,677.09535115,2221.441441,667.0003,2188.321194,,,,,,,,"	- NO SECTION -",,,,,,N,1.037743,1300,21.73913043,0,20.948472242164,1,,,,,,,,,,,,,,,,,,,,,,,,667.0002999,,,,,,,,,,,,,,,,,,,,,,,,,,,,,,ACCL:L4B%25,ACCL:%25,,,"SC_BSYD, SC_BSYD2, SC_DASEL, SC_DASEL2, SC_HXR, SC_HXR2, SC_S2_X, SC_S2_X2, SC_SFTS, SC_SFTS2, SC_STMO, SC_STMO2, SC_STXI, SC_STXI2, SC_SXR, SC_SXR2, "
CAVL383,L4B,MAD,ACCL:L4B:3830,L4B,,,,308,,SYMBOLS,A,AD_ACCEL,S07,,,LCAV,,CRYO,678.47895115,2225.980811,668.3839,2192.860564,,,,,,,,"	- NO SECTION -",,,,,,N,1.037743,1300,21.73913043,0,20.948472242164,1,,,,,,,,,,,,,,,,,,,,,,,,668.3838999,,,,,,,,,,,,,,,,,,,,,,,,,,,,,,ACCL:L4B%25,ACCL:%25,,,"SC_BSYD, SC_BSYD2, SC_DASEL, SC_DASEL2, SC_HXR, SC_HXR2, SC_S2_X, SC_S2_X2, SC_SFTS, SC_SFTS2, SC_STMO, SC_STMO2, SC_STXI, SC_STXI2, SC_SXR, SC_SXR2, "
CAVL384,L4B,MAD,ACCL:L4B:3840,L4B,,,,308,,SYMBOLS,A,AD_ACCEL,S07,,,LCAV,,CRYO,679.86255115,2230.520181,669.7675,2197.399934,,,,,,,,"	- NO SECTION -",,,,,,N,1.037743,1300,21.73913043,0,20.948472242164,1,,,,,,,,,,,,,,,,,,,,,,,,669.7674999,,,,,,,,,,,,,,,,,,,,,,,,,,,,,,ACCL:L4B%25,ACCL:%25,,,"SC_BSYD, SC_BSYD2, SC_DASEL, SC_DASEL2, SC_HXR, SC_HXR2, SC_S2_X, SC_S2_X2, SC_SFTS, SC_SFTS2, SC_STMO, SC_STMO2, SC_STXI, SC_STXI2, SC_SXR, SC_SXR2, "
CAVL385,L4B,MAD,ACCL:L4B:3850,L4B,,,,308,,SYMBOLS,A,AD_ACCEL,S07,,,LCAV,,CRYO,681.24615115,2235.059551,671.1511,2201.939304,,,,,,,,"	- NO SECTION -",,,,,,N,1.037744,1300,21.739130438,0,20.948452063322,1,,,,,,,,,,,,,,,,,,,,,,,,671.1510999,,,,,,,,,,,,,,,,,,,,,,,,,,,,,,ACCL:L4B%25,ACCL:%25,,,"SC_BSYD, SC_BSYD2, SC_DASEL, SC_DASEL2, SC_HXR, SC_HXR2, SC_S2_X, SC_S2_X2, SC_SFTS, SC_SFTS2, SC_STMO, SC_STMO2, SC_STXI, SC_STXI2, SC_SXR, SC_SXR2, "
CSP38,L4B,MAD,,L4B,,,,308,,SYMBOLS,A,AD_ACCEL,S07,,,INST,,,681.3865011,2235.520017,671.29145,2202.39977,,,,,,,,"	- NO SECTION -",,,,,,N,0,,,,,,,,,,,,,,,,,,,,,,,,,,,,,671.2914499,,,,,,,,,,,,,,,,,,,,,,,,,,,,,,%25,%25,,,"SC_BSYD, SC_BSYD2, SC_DASEL, SC_DASEL2, SC_HXR, SC_HXR2, SC_S2_X, SC_S2_X2, SC_SFTS, SC_SFTS2, SC_STMO, SC_STMO2, SC_STXI, SC_STXI2, SC_SXR, SC_SXR2, "
CAVL386,L4B,MAD,ACCL:L4B:3860,L4B,,,,308,,SYMBOLS,A,AD_ACCEL,S07,,,LCAV,,CRYO,682.62975115,2239.598921,672.5347,2206.478675,,,,,,,,"	- NO SECTION -",,,,,,N,1.037743,1300,21.73913043,0,20.948472242164,1,,,,,,,,,,,,,,,,,,,,,,,,672.5346999,,,,,,,,,,,,,,,,,,,,,,,,,,,,,,ACCL:L4B%25,ACCL:%25,,,"SC_BSYD, SC_BSYD2, SC_DASEL, SC_DASEL2, SC_HXR, SC_HXR2, SC_S2_X, SC_S2_X2, SC_SFTS, SC_SFTS2, SC_STMO, SC_STMO2, SC_STXI, SC_STXI2, SC_SXR, SC_SXR2, "
CAVL387,L4B,MAD,ACCL:L4B:3870,L4B,,,,308,,SYMBOLS,A,AD_ACCEL,S07,,,LCAV,,CRYO,684.01335115,2244.138291,673.9183,2211.018045,,,,,,,,"	- NO SECTION -",,,,,,N,1.037743,1300,21.73913043,0,20.948472242164,1,,,,,,,,,,,,,,,,,,,,,,,,673.9182999,,,,,,,,,,,,,,,,,,,,,,,,,,,,,,ACCL:L4B%25,ACCL:%25,,,"SC_BSYD, SC_BSYD2, SC_DASEL, SC_DASEL2, SC_HXR, SC_HXR2, SC_S2_X, SC_S2_X2, SC_SFTS, SC_SFTS2, SC_STMO, SC_STMO2, SC_STXI, SC_STXI2, SC_SXR, SC_SXR2, "
CAVL388,L4B,MAD,ACCL:L4B:3880,L4B,,,,308,,SYMBOLS,A,AD_ACCEL,S07,,,LCAV,,CRYO,685.39695115,2248.677661,675.3019,2215.557415,,,,,,,,"	- NO SECTION -",,,,,,N,1.037743,1300,21.73913043,0,20.948472242164,1,,,,,,,,,,,,,,,,,,,,,,,,675.3018999,,,,,,,,,,,,,,,,,,,,,,,,,,,,,,ACCL:L4B%25,ACCL:%25,,,"SC_BSYD, SC_BSYD2, SC_DASEL, SC_DASEL2, SC_HXR, SC_HXR2, SC_S2_X, SC_S2_X2, SC_SFTS, SC_SFTS2, SC_STMO, SC_STMO2, SC_STXI, SC_STXI2, SC_SXR, SC_SXR2, "
CMB38,L4B,MAD,BPMS:L4B:3883,L4B,,,,308,,SYMBOLS,A,AD_ACCEL,S07,,,BPM,,CRYO,686.2083411,2251.339702,676.11329,2218.219455,,,,,,,,"	- NO SECTION -",,,,,,N,0,,,,,,,,,,,,,,,,,,,,,,,,,,,,,676.1132899,,,,,,,,,,,,,,,,,,,,,,,,,,,,,,BPMS:L4B%25,BPMS:%25,,,"SC_BSYD, SC_BSYD2, SC_DASEL, SC_DASEL2, SC_HXR, SC_HXR2, SC_S2_X, SC_S2_X2, SC_SFTS, SC_SFTS2, SC_STMO, SC_STMO2, SC_STXI, SC_STXI2, SC_SXR, SC_SXR2, "
QCM38,L4B,MAD,QUAD:L4B:3885,L4B,,,,308,,SYMBOLS,A,AD_ACCEL,S07,,,QUAD,4838Q,CRYO,686.4727811,2252.207287,676.37773,2219.087041,,,,,,,,"	- NO SECTION -",,,,,,N,.23,,,,,,,,,,7.848241575088,-3.41227894569,,,,,,,,,,,,,,,,,,676.3777299,,,,,,,,,,,,,,,,,,,,,,,,,,,,,,QUAD:L4B%25,QUAD:%25,,,"SC_BSYD, SC_BSYD2, SC_DASEL, SC_DASEL2, SC_HXR, SC_HXR2, SC_S2_X, SC_S2_X2, SC_SFTS, SC_SFTS2, SC_STMO, SC_STMO2, SC_STXI, SC_STXI2, SC_SXR, SC_SXR2, "
XCM38,L4B,MAD,XCOR:L4B:3805,L4B,,,,308,,SYMBOLS,A,AD_ACCEL,S07,,,XCOR,4838X,CRYO,686.4727811,2252.207287,676.37773,2219.087041,,,,,,,,"	- NO SECTION -",,,,,,N,0,,,,,,,,,,,,,,,,,,,,,,,,,,,,,676.3777299,,,,,,,,,,,,,,,,,,,,,,,,,,,,,,XCOR:L4B%25,XCOR:%25,,,"SC_BSYD, SC_BSYD2, SC_DASEL, SC_DASEL2, SC_HXR, SC_HXR2, SC_S2_X, SC_S2_X2, SC_SFTS, SC_SFTS2, SC_STMO, SC_STMO2, SC_STXI, SC_STXI2, SC_SXR, SC_SXR2, "
YCM38,L4B,MAD,YCOR:L4B:3885,L4B,,,,308,,SYMBOLS,A,AD_ACCEL,S07,,,YCOR,4838Y,CRYO,686.4727811,2252.207287,676.37773,2219.087041,,,,,,,,"	- NO SECTION -",,,,,,N,0,,,,,,,,,,,,,,,,,,,,,,,,,,,,,676.3777299,,,,,,,,,,,,,,,,,,,,,,,,,,,,,,YCOR:L4B%25,YCOR:%25,,,"SC_BSYD, SC_BSYD2, SC_DASEL, SC_DASEL2, SC_HXR, SC_HXR2, SC_S2_X, SC_S2_X2, SC_SFTS, SC_SFTS2, SC_STMO, SC_STMO2, SC_STXI, SC_STXI2, SC_SXR, SC_SXR2, "
CAVL391,L4B,MAD,ACCL:L4B:3910,L4B,,,,308,,SYMBOLS,A,AD_ACCEL,S07,,,LCAV,,CRYO,687.93214115,2256.995214,677.83709,2223.874967,,,,,,,,"	- NO SECTION -",,,,,,N,1.037743,1300,21.73913043,0,20.948472242164,1,,,,,,,,,,,,,,,,,,,,,,,,677.8370899,,,,,,,,,,,,,,,,,,,,,,,,,,,,,,ACCL:L4B%25,ACCL:%25,,,"SC_BSYD, SC_BSYD2, SC_DASEL, SC_DASEL2, SC_HXR, SC_HXR2, SC_S2_X, SC_S2_X2, SC_SFTS, SC_SFTS2, SC_STMO, SC_STMO2, SC_STXI, SC_STXI2, SC_SXR, SC_SXR2, "
CAVL392,L4B,MAD,ACCL:L4B:3920,L4B,,,,308,,SYMBOLS,A,AD_ACCEL,S07,,,LCAV,,CRYO,689.31574115,2261.534584,679.22069,2228.414337,,,,,,,,"	- NO SECTION -",,,,,,N,1.037743,1300,21.73913043,0,20.948472242164,1,,,,,,,,,,,,,,,,,,,,,,,,679.2206899,,,,,,,,,,,,,,,,,,,,,,,,,,,,,,ACCL:L4B%25,ACCL:%25,,,"SC_BSYD, SC_BSYD2, SC_DASEL, SC_DASEL2, SC_HXR, SC_HXR2, SC_S2_X, SC_S2_X2, SC_SFTS, SC_SFTS2, SC_STMO, SC_STMO2, SC_STXI, SC_STXI2, SC_SXR, SC_SXR2, "
CAVL393,L4B,MAD,ACCL:L4B:3930,L4B,,,,308,,SYMBOLS,A,AD_ACCEL,S07,,,LCAV,,CRYO,690.69934115,2266.073954,680.60429,2232.953707,,,,,,,,"	- NO SECTION -",,,,,,N,1.037743,1300,21.73913043,0,20.948472242164,1,,,,,,,,,,,,,,,,,,,,,,,,680.6042899,,,,,,,,,,,,,,,,,,,,,,,,,,,,,,ACCL:L4B%25,ACCL:%25,,,"SC_BSYD, SC_BSYD2, SC_DASEL, SC_DASEL2, SC_HXR, SC_HXR2, SC_S2_X, SC_S2_X2, SC_SFTS, SC_SFTS2, SC_STMO, SC_STMO2, SC_STXI, SC_STXI2, SC_SXR, SC_SXR2, "
CAVL394,L4B,MAD,ACCL:L4B:3940,L4B,,,,308,,SYMBOLS,A,AD_ACCEL,S07,,,LCAV,,CRYO,692.08294115,2270.613324,681.98789,2237.493077,,,,,,,,"	- NO SECTION -",,,,,,N,1.037743,1300,21.73913043,0,20.948472242164,1,,,,,,,,,,,,,,,,,,,,,,,,681.9878899,,,,,,,,,,,,,,,,,,,,,,,,,,,,,,ACCL:L4B%25,ACCL:%25,,,"SC_BSYD, SC_BSYD2, SC_DASEL, SC_DASEL2, SC_HXR, SC_HXR2, SC_S2_X, SC_S2_X2, SC_SFTS, SC_SFTS2, SC_STMO, SC_STMO2, SC_STXI, SC_STXI2, SC_SXR, SC_SXR2, "
CAVL395,L4B,MAD,ACCL:L4B:3950,L4B,,,,308,,SYMBOLS,A,AD_ACCEL,S07,,,LCAV,,CRYO,693.46654115,2275.152694,683.37149,2242.032448,,,,,,,,"	- NO SECTION -",,,,,,N,1.037744,1300,21.739130438,0,20.948452063322,1,,,,,,,,,,,,,,,,,,,,,,,,683.3714899,,,,,,,,,,,,,,,,,,,,,,,,,,,,,,ACCL:L4B%25,ACCL:%25,,,"SC_BSYD, SC_BSYD2, SC_DASEL, SC_DASEL2, SC_HXR, SC_HXR2, SC_S2_X, SC_S2_X2, SC_SFTS, SC_SFTS2, SC_STMO, SC_STMO2, SC_STXI, SC_STXI2, SC_SXR, SC_SXR2, "
CSP39,L4B,MAD,,L4B,,,,308,,SYMBOLS,A,AD_ACCEL,S07,,,INST,,,693.6068911,2275.61316,683.51184,2242.492913,,,,,,,,"	- NO SECTION -",,,,,,N,0,,,,,,,,,,,,,,,,,,,,,,,,,,,,,683.5118399,,,,,,,,,,,,,,,,,,,,,,,,,,,,,,%25,%25,,,"SC_BSYD, SC_BSYD2, SC_DASEL, SC_DASEL2, SC_HXR, SC_HXR2, SC_S2_X, SC_S2_X2, SC_SFTS, SC_SFTS2, SC_STMO, SC_STMO2, SC_STXI, SC_STXI2, SC_SXR, SC_SXR2, "
CAVL396,L4B,MAD,ACCL:L4B:3960,L4B,,,,308,,SYMBOLS,A,AD_ACCEL,S07,,,LCAV,,CRYO,694.85014115,2279.692064,684.75509,2246.571818,,,,,,,,"	- NO SECTION -",,,,,,N,1.037743,1300,21.73913043,0,20.948472242164,1,,,,,,,,,,,,,,,,,,,,,,,,684.7550899,,,,,,,,,,,,,,,,,,,,,,,,,,,,,,ACCL:L4B%25,ACCL:%25,,,"SC_BSYD, SC_BSYD2, SC_DASEL, SC_DASEL2, SC_HXR, SC_HXR2, SC_S2_X, SC_S2_X2, SC_SFTS, SC_SFTS2, SC_STMO, SC_STMO2, SC_STXI, SC_STXI2, SC_SXR, SC_SXR2, "
CAVL397,L4B,MAD,ACCL:L4B:3970,L4B,,,,308,,SYMBOLS,A,AD_ACCEL,S07,,,LCAV,,CRYO,696.23374115,2284.231434,686.13869,2251.111188,,,,,,,,"	- NO SECTION -",,,,,,N,1.037743,1300,21.73913043,0,20.948472242164,1,,,,,,,,,,,,,,,,,,,,,,,,686.1386899,,,,,,,,,,,,,,,,,,,,,,,,,,,,,,ACCL:L4B%25,ACCL:%25,,,"SC_BSYD, SC_BSYD2, SC_DASEL, SC_DASEL2, SC_HXR, SC_HXR2, SC_S2_X, SC_S2_X2, SC_SFTS, SC_SFTS2, SC_STMO, SC_STMO2, SC_STXI, SC_STXI2, SC_SXR, SC_SXR2, "
CAVL398,L4B,MAD,ACCL:L4B:3980,L4B,,,,308,,SYMBOLS,A,AD_ACCEL,S07,,,LCAV,,CRYO,697.61734115,2288.770804,687.52229,2255.650558,,,,,,,,"	- NO SECTION -",,,,,,N,1.037743,1300,21.73913043,0,20.948472242164,1,,,,,,,,,,,,,,,,,,,,,,,,687.5222899,,,,,,,,,,,,,,,,,,,,,,,,,,,,,,ACCL:L4B%25,ACCL:%25,,,"SC_BSYD, SC_BSYD2, SC_DASEL, SC_DASEL2, SC_HXR, SC_HXR2, SC_S2_X, SC_S2_X2, SC_SFTS, SC_SFTS2, SC_STMO, SC_STMO2, SC_STXI, SC_STXI2, SC_SXR, SC_SXR2, "
CMB39,L4B,MAD,BPMS:L4B:3983,L4B,,,,308,,SYMBOLS,A,AD_ACCEL,S07,,,BPM,,CRYO,698.4287311,2291.432845,688.33368,2258.312598,,,,,,,,"	- NO SECTION -",,,,,,N,0,,,,,,,,,,,,,,,,,,,,,,,,,,,,,688.3336799,,,,,,,,,,,,,,,,,,,,,,,,,,,,,,BPMS:L4B%25,BPMS:%25,,,"SC_BSYD, SC_BSYD2, SC_DASEL, SC_DASEL2, SC_HXR, SC_HXR2, SC_S2_X, SC_S2_X2, SC_SFTS, SC_SFTS2, SC_STMO, SC_STMO2, SC_STXI, SC_STXI2, SC_SXR, SC_SXR2, "
QCM39,L4B,MAD,QUAD:L4B:3985,L4B,,,,308,,SYMBOLS,A,AD_ACCEL,S07,,,QUAD,4839Q,CRYO,698.6931711,2292.30043,688.59812,2259.180184,,,,,,,,"	- NO SECTION -",,,,,,N,.23,,,,,,,,,,-7.021569559685,3.052856330298,,,,,,,,,,,,,,,,,,688.5981199,,,,,,,,,,,,,,,,,,,,,,,,,,,,,,QUAD:L4B%25,QUAD:%25,,,"SC_BSYD, SC_BSYD2, SC_DASEL, SC_DASEL2, SC_HXR, SC_HXR2, SC_S2_X, SC_S2_X2, SC_SFTS, SC_SFTS2, SC_STMO, SC_STMO2, SC_STXI, SC_STXI2, SC_SXR, SC_SXR2, "
XCM39,L4B,MAD,XCOR:L4B:3985,L4B,,,,308,,SYMBOLS,A,AD_ACCEL,S07,,,XCOR,4839X,CRYO,698.6931711,2292.30043,688.59812,2259.180184,,,,,,,,"	- NO SECTION -",,,,,,N,0,,,,,,,,,,,,,,,,,,,,,,,,,,,,,688.5981199,,,,,,,,,,,,,,,,,,,,,,,,,,,,,,XCOR:L4B%25,XCOR:%25,,,"SC_BSYD, SC_BSYD2, SC_DASEL, SC_DASEL2, SC_HXR, SC_HXR2, SC_S2_X, SC_S2_X2, SC_SFTS, SC_SFTS2, SC_STMO, SC_STMO2, SC_STXI, SC_STXI2, SC_SXR, SC_SXR2, "
YCM39,L4B,MAD,YCOR:L4B:3985,L4B,,,,308,,SYMBOLS,A,AD_ACCEL,S07,,,YCOR,4839Y,CRYO,698.6931711,2292.30043,688.59812,2259.180184,,,,,,,,"	- NO SECTION -",,,,,,N,0,,,,,,,,,,,,,,,,,,,,,,,,,,,,,688.5981199,,,,,,,,,,,,,,,,,,,,,,,,,,,,,,YCOR:L4B%25,YCOR:%25,,,"SC_BSYD, SC_BSYD2, SC_DASEL, SC_DASEL2, SC_HXR, SC_HXR2, SC_S2_X, SC_S2_X2, SC_SFTS, SC_SFTS2, SC_STMO, SC_STMO2, SC_STXI, SC_STXI2, SC_SXR, SC_SXR2, "
CAVL401,L4B,MAD,ACCL:L4B:4010,L4B,,,,308,,SYMBOLS,A,AD_ACCEL,S07,,,LCAV,,CRYO,700.15253115,2297.088357,690.05748,2263.96811,,,,,,,,"	- NO SECTION -",,,,,,N,1.037743,1300,21.73913043,0,20.948472242164,1,,,,,,,,,,,,,,,,,,,,,,,,690.0574799,,,,,,,,,,,,,,,,,,,,,,,,,,,,,,ACCL:L4B%25,ACCL:%25,,,"SC_BSYD, SC_BSYD2, SC_DASEL, SC_DASEL2, SC_HXR, SC_HXR2, SC_S2_X, SC_S2_X2, SC_SFTS, SC_SFTS2, SC_STMO, SC_STMO2, SC_STXI, SC_STXI2, SC_SXR, SC_SXR2, "
CAVL402,L4B,MAD,ACCL:L4B:4020,L4B,,,,308,,SYMBOLS,A,AD_ACCEL,S07,,,LCAV,,CRYO,701.53613115,2301.627727,691.44108,2268.50748,,,,,,,,"	- NO SECTION -",,,,,,N,1.037743,1300,21.73913043,0,20.948472242164,1,,,,,,,,,,,,,,,,,,,,,,,,691.4410799,,,,,,,,,,,,,,,,,,,,,,,,,,,,,,ACCL:L4B%25,ACCL:%25,,,"SC_BSYD, SC_BSYD2, SC_DASEL, SC_DASEL2, SC_HXR, SC_HXR2, SC_S2_X, SC_S2_X2, SC_SFTS, SC_SFTS2, SC_STMO, SC_STMO2, SC_STXI, SC_STXI2, SC_SXR, SC_SXR2, "
CAVL403,L4B,MAD,ACCL:L4B:4030,L4B,,,,308,,SYMBOLS,A,AD_ACCEL,S07,,,LCAV,,CRYO,702.91973115,2306.167097,692.82468,2273.04685,,,,,,,,"	- NO SECTION -",,,,,,N,1.037743,1300,21.73913043,0,20.948472242164,1,,,,,,,,,,,,,,,,,,,,,,,,692.8246799,,,,,,,,,,,,,,,,,,,,,,,,,,,,,,ACCL:L4B%25,ACCL:%25,,,"SC_BSYD, SC_BSYD2, SC_DASEL, SC_DASEL2, SC_HXR, SC_HXR2, SC_S2_X, SC_S2_X2, SC_SFTS, SC_SFTS2, SC_STMO, SC_STMO2, SC_STXI, SC_STXI2, SC_SXR, SC_SXR2, "
CAVL404,L4B,MAD,ACCL:L4B:4040,L4B,,,,308,,SYMBOLS,A,AD_ACCEL,S07,,,LCAV,,CRYO,704.30333115,2310.706467,694.20828,2277.58622,,,,,,,,"	- NO SECTION -",,,,,,N,1.037743,1300,21.73913043,0,20.948472242164,1,,,,,,,,,,,,,,,,,,,,,,,,694.2082799,,,,,,,,,,,,,,,,,,,,,,,,,,,,,,ACCL:L4B%25,ACCL:%25,,,"SC_BSYD, SC_BSYD2, SC_DASEL, SC_DASEL2, SC_HXR, SC_HXR2, SC_S2_X, SC_S2_X2, SC_SFTS, SC_SFTS2, SC_STMO, SC_STMO2, SC_STXI, SC_STXI2, SC_SXR, SC_SXR2, "
CAVL405,L4B,MAD,ACCL:L4B:4050,L4B,,,,308,,SYMBOLS,A,AD_ACCEL,S07,,,LCAV,,CRYO,705.68693115,2315.245837,695.59188,2282.125591,,,,,,,,"	- NO SECTION -",,,,,,N,1.037744,1300,21.739130438,0,20.948452063322,1,,,,,,,,,,,,,,,,,,,,,,,,695.5918799,,,,,,,,,,,,,,,,,,,,,,,,,,,,,,ACCL:L4B%25,ACCL:%25,,,"SC_BSYD, SC_BSYD2, SC_DASEL, SC_DASEL2, SC_HXR, SC_HXR2, SC_S2_X, SC_S2_X2, SC_SFTS, SC_SFTS2, SC_STMO, SC_STMO2, SC_STXI, SC_STXI2, SC_SXR, SC_SXR2, "
CSP40,L4B,MAD,,L4B,,,,308,,SYMBOLS,A,AD_ACCEL,S07,,,INST,,,705.8272811,2315.706303,695.73223,2282.586056,,,,,,,,"	- NO SECTION -",,,,,,N,0,,,,,,,,,,,,,,,,,,,,,,,,,,,,,695.7322299,,,,,,,,,,,,,,,,,,,,,,,,,,,,,,%25,%25,,,"SC_BSYD, SC_BSYD2, SC_DASEL, SC_DASEL2, SC_HXR, SC_HXR2, SC_S2_X, SC_S2_X2, SC_SFTS, SC_SFTS2, SC_STMO, SC_STMO2, SC_STXI, SC_STXI2, SC_SXR, SC_SXR2, "
CAVL406,L4B,MAD,ACCL:L4B:4060,L4B,,,,308,,SYMBOLS,A,AD_ACCEL,S07,,,LCAV,,CRYO,707.07053115,2319.785207,696.97548,2286.664961,,,,,,,,"	- NO SECTION -",,,,,,N,1.037743,1300,21.73913043,0,20.948472242164,1,,,,,,,,,,,,,,,,,,,,,,,,696.9754799,,,,,,,,,,,,,,,,,,,,,,,,,,,,,,ACCL:L4B%25,ACCL:%25,,,"SC_BSYD, SC_BSYD2, SC_DASEL, SC_DASEL2, SC_HXR, SC_HXR2, SC_S2_X, SC_S2_X2, SC_SFTS, SC_SFTS2, SC_STMO, SC_STMO2, SC_STXI, SC_STXI2, SC_SXR, SC_SXR2, "
CAVL407,L4B,MAD,ACCL:L4B:4070,L4B,,,,308,,SYMBOLS,A,AD_ACCEL,S07,,,LCAV,,CRYO,708.45413115,2324.324577,698.35908,2291.204331,,,,,,,,"	- NO SECTION -",,,,,,N,1.037743,1300,21.73913043,0,20.948472242164,1,,,,,,,,,,,,,,,,,,,,,,,,698.3590799,,,,,,,,,,,,,,,,,,,,,,,,,,,,,,ACCL:L4B%25,ACCL:%25,,,"SC_BSYD, SC_BSYD2, SC_DASEL, SC_DASEL2, SC_HXR, SC_HXR2, SC_S2_X, SC_S2_X2, SC_SFTS, SC_SFTS2, SC_STMO, SC_STMO2, SC_STXI, SC_STXI2, SC_SXR, SC_SXR2, "
CAVL408,L4B,MAD,ACCL:L4B:4080,L4B,,,,308,,SYMBOLS,A,AD_ACCEL,S07,,,LCAV,,CRYO,709.83773115,2328.863947,699.74268,2295.743701,,,,,,,,"	- NO SECTION -",,,,,,N,1.037743,1300,21.73913043,0,20.948472242164,1,,,,,,,,,,,,,,,,,,,,,,,,699.7426799,,,,,,,,,,,,,,,,,,,,,,,,,,,,,,ACCL:L4B%25,ACCL:%25,,,"SC_BSYD, SC_BSYD2, SC_DASEL, SC_DASEL2, SC_HXR, SC_HXR2, SC_S2_X, SC_S2_X2, SC_SFTS, SC_SFTS2, SC_STMO, SC_STMO2, SC_STXI, SC_STXI2, SC_SXR, SC_SXR2, "
CMB40,L4B,MAD,BPMS:L4B:4083,L4B,,,,308,,SYMBOLS,A,AD_ACCEL,S07,,,BPM,,CRYO,710.6491211,2331.525988,700.55407,2298.405741,,,,,,,,"	- NO SECTION -",,,,,,N,0,,,,,,,,,,,,,,,,,,,,,,,,,,,,,700.5540699,,,,,,,,,,,,,,,,,,,,,,,,,,,,,,BPMS:L4B%25,BPMS:%25,,,"SC_BSYD, SC_BSYD2, SC_DASEL, SC_DASEL2, SC_HXR, SC_HXR2, SC_S2_X, SC_S2_X2, SC_SFTS, SC_SFTS2, SC_STMO, SC_STMO2, SC_STXI, SC_STXI2, SC_SXR, SC_SXR2, "
QCM40,L4B,MAD,QUAD:L4B:4085,L4B,,,,308,,SYMBOLS,A,AD_ACCEL,S07,,,QUAD,4840Q,CRYO,710.9135611,2332.393573,700.81851,2299.273327,,,,,,,,"	- NO SECTION -",,,,,,N,.23,,,,,,,,,,6.814852945301,-2.962979541435,,,,,,,,,,,,,,,,,,700.8185099,,,,,,,,,,,,,,,,,,,,,,,,,,,,,,QUAD:L4B%25,QUAD:%25,,,"SC_BSYD, SC_BSYD2, SC_DASEL, SC_DASEL2, SC_HXR, SC_HXR2, SC_S2_X, SC_S2_X2, SC_SFTS, SC_SFTS2, SC_STMO, SC_STMO2, SC_STXI, SC_STXI2, SC_SXR, SC_SXR2, "
XCM40,L4B,MAD,XCOR:L4B:4085,L4B,,,,308,,SYMBOLS,A,AD_ACCEL,S07,,,XCOR,4840X,CRYO,710.9135611,2332.393573,700.81851,2299.273327,,,,,,,,"	- NO SECTION -",,,,,,N,0,,,,,,,,,,,,,,,,,,,,,,,,,,,,,700.8185099,,,,,,,,,,,,,,,,,,,,,,,,,,,,,,XCOR:L4B%25,XCOR:%25,,,"SC_BSYD, SC_BSYD2, SC_DASEL, SC_DASEL2, SC_HXR, SC_HXR2, SC_S2_X, SC_S2_X2, SC_SFTS, SC_SFTS2, SC_STMO, SC_STMO2, SC_STXI, SC_STXI2, SC_SXR, SC_SXR2, "
YCM40,L4B,MAD,YCOR:L4B:4085,L4B,,,,308,,SYMBOLS,A,AD_ACCEL,S07,,,YCOR,4840Y,CRYO,710.9135611,2332.393573,700.81851,2299.273327,,,,,,,,"	- NO SECTION -",,,,,,N,0,,,,,,,,,,,,,,,,,,,,,,,,,,,,,700.8185099,,,,,,,,,,,,,,,,,,,,,,,,,,,,,,YCOR:L4B%25,YCOR:%25,,,"SC_BSYD, SC_BSYD2, SC_DASEL, SC_DASEL2, SC_HXR, SC_HXR2, SC_S2_X, SC_S2_X2, SC_SFTS, SC_SFTS2, SC_STMO, SC_STMO2, SC_STXI, SC_STXI2, SC_SXR, SC_SXR2, "
CAVL411,L4B,MAD,ACCL:L4B:4110,L4B,,,,308,,SYMBOLS,A,AD_ACCEL,S07,,,LCAV,,CRYO,712.37292115,2337.1815,702.27787,2304.061253,,,,,,,,"	- NO SECTION -",,,,,,N,1.037743,1300,21.73913043,0,20.948472242164,1,,,,,,,,,,,,,,,,,,,,,,,,702.2778699,,,,,,,,,,,,,,,,,,,,,,,,,,,,,,ACCL:L4B%25,ACCL:%25,,,"SC_BSYD, SC_BSYD2, SC_DASEL, SC_DASEL2, SC_HXR, SC_HXR2, SC_S2_X, SC_S2_X2, SC_SFTS, SC_SFTS2, SC_STMO, SC_STMO2, SC_STXI, SC_STXI2, SC_SXR, SC_SXR2, "
CAVL412,L4B,MAD,ACCL:L4B:4120,L4B,,,,308,,SYMBOLS,A,AD_ACCEL,S07,,,LCAV,,CRYO,713.75652115,2341.72087,703.66147,2308.600623,,,,,,,,"	- NO SECTION -",,,,,,N,1.037743,1300,21.73913043,0,20.948472242164,1,,,,,,,,,,,,,,,,,,,,,,,,703.6614699,,,,,,,,,,,,,,,,,,,,,,,,,,,,,,ACCL:L4B%25,ACCL:%25,,,"SC_BSYD, SC_BSYD2, SC_DASEL, SC_DASEL2, SC_HXR, SC_HXR2, SC_S2_X, SC_S2_X2, SC_SFTS, SC_SFTS2, SC_STMO, SC_STMO2, SC_STXI, SC_STXI2, SC_SXR, SC_SXR2, "
CAVL413,L4B,MAD,ACCL:L4B:4130,L4B,,,,308,,SYMBOLS,A,AD_ACCEL,S07,,,LCAV,,CRYO,715.14012115,2346.26024,705.04507,2313.139993,,,,,,,,"	- NO SECTION -",,,,,,N,1.037743,1300,21.73913043,0,20.948472242164,1,,,,,,,,,,,,,,,,,,,,,,,,705.0450699,,,,,,,,,,,,,,,,,,,,,,,,,,,,,,ACCL:L4B%25,ACCL:%25,,,"SC_BSYD, SC_BSYD2, SC_DASEL, SC_DASEL2, SC_HXR, SC_HXR2, SC_S2_X, SC_S2_X2, SC_SFTS, SC_SFTS2, SC_STMO, SC_STMO2, SC_STXI, SC_STXI2, SC_SXR, SC_SXR2, "
CAVL414,L4B,MAD,ACCL:L4B:4140,L4B,,,,308,,SYMBOLS,A,AD_ACCEL,S07,,,LCAV,,CRYO,716.52372115,2350.79961,706.42867,2317.679364,,,,,,,,"	- NO SECTION -",,,,,,N,1.037743,1300,21.73913043,0,20.948472242164,1,,,,,,,,,,,,,,,,,,,,,,,,706.4286699,,,,,,,,,,,,,,,,,,,,,,,,,,,,,,ACCL:L4B%25,ACCL:%25,,,"SC_BSYD, SC_BSYD2, SC_DASEL, SC_DASEL2, SC_HXR, SC_HXR2, SC_S2_X, SC_S2_X2, SC_SFTS, SC_SFTS2, SC_STMO, SC_STMO2, SC_STXI, SC_STXI2, SC_SXR, SC_SXR2, "
CAVL415,L4B,MAD,ACCL:L4B:4150,L4B,,,,308,,SYMBOLS,A,AD_ACCEL,S07,,,LCAV,,CRYO,717.90732115,2355.33898,707.81227,2322.218734,,,,,,,,"	- NO SECTION -",,,,,,N,1.037744,1300,21.739130438,0,20.948452063322,1,,,,,,,,,,,,,,,,,,,,,,,,707.8122699,,,,,,,,,,,,,,,,,,,,,,,,,,,,,,ACCL:L4B%25,ACCL:%25,,,"SC_BSYD, SC_BSYD2, SC_DASEL, SC_DASEL2, SC_HXR, SC_HXR2, SC_S2_X, SC_S2_X2, SC_SFTS, SC_SFTS2, SC_STMO, SC_STMO2, SC_STXI, SC_STXI2, SC_SXR, SC_SXR2, "
CSP41,L4B,MAD,,L4B,,,,308,,SYMBOLS,A,AD_ACCEL,S07,,,INST,,,718.0476711,2355.799446,707.95262,2322.679199,,,,,,,,"	- NO SECTION -",,,,,,N,0,,,,,,,,,,,,,,,,,,,,,,,,,,,,,707.9526199,,,,,,,,,,,,,,,,,,,,,,,,,,,,,,%25,%25,,,"SC_BSYD, SC_BSYD2, SC_DASEL, SC_DASEL2, SC_HXR, SC_HXR2, SC_S2_X, SC_S2_X2, SC_SFTS, SC_SFTS2, SC_STMO, SC_STMO2, SC_STXI, SC_STXI2, SC_SXR, SC_SXR2, "
CAVL416,L4B,MAD,ACCL:L4B:4160,L4B,,,,308,,SYMBOLS,A,AD_ACCEL,S07,,,LCAV,,CRYO,719.29092115,2359.87835,709.19587,2326.758104,,,,,,,,"	- NO SECTION -",,,,,,N,1.037743,1300,21.73913043,0,20.948472242164,1,,,,,,,,,,,,,,,,,,,,,,,,709.1958699,,,,,,,,,,,,,,,,,,,,,,,,,,,,,,ACCL:L4B%25,ACCL:%25,,,"SC_BSYD, SC_BSYD2, SC_DASEL, SC_DASEL2, SC_HXR, SC_HXR2, SC_S2_X, SC_S2_X2, SC_SFTS, SC_SFTS2, SC_STMO, SC_STMO2, SC_STXI, SC_STXI2, SC_SXR, SC_SXR2, "
CAVL417,L4B,MAD,ACCL:L4B:4170,L4B,,,,308,,SYMBOLS,A,AD_ACCEL,S07,,,LCAV,,CRYO,720.67452115,2364.41772,710.57947,2331.297474,,,,,,,,"	- NO SECTION -",,,,,,N,1.037743,1300,21.73913043,0,20.948472242164,1,,,,,,,,,,,,,,,,,,,,,,,,710.5794699,,,,,,,,,,,,,,,,,,,,,,,,,,,,,,ACCL:L4B%25,ACCL:%25,,,"SC_BSYD, SC_BSYD2, SC_DASEL, SC_DASEL2, SC_HXR, SC_HXR2, SC_S2_X, SC_S2_X2, SC_SFTS, SC_SFTS2, SC_STMO, SC_STMO2, SC_STXI, SC_STXI2, SC_SXR, SC_SXR2, "
CAVL418,L4B,MAD,ACCL:L4B:4180,L4B,,,,308,,SYMBOLS,A,AD_ACCEL,S08,,,LCAV,,CRYO,722.05812115,2368.95709,711.96307,2335.836844,,,,,,,,"	- NO SECTION -",,,,,,N,1.037743,1300,21.73913043,0,20.948472242164,1,,,,,,,,,,,,,,,,,,,,,,,,711.9630699,,,,,,,,,,,,,,,,,,,,,,,,,,,,,,ACCL:L4B%25,ACCL:%25,,,"SC_BSYD, SC_BSYD2, SC_DASEL, SC_DASEL2, SC_HXR, SC_HXR2, SC_S2_X, SC_S2_X2, SC_SFTS, SC_SFTS2, SC_STMO, SC_STMO2, SC_STXI, SC_STXI2, SC_SXR, SC_SXR2, "
CMB41,L4B,MAD,BPMS:L4B:4183,L4B,,,,308,,SYMBOLS,A,AD_ACCEL,S08,,,BPM,,CRYO,722.8695111,2371.619131,712.77446,2338.498885,,,,,,,,"	- NO SECTION -",,,,,,N,0,,,,,,,,,,,,,,,,,,,,,,,,,,,,,712.7744599,,,,,,,,,,,,,,,,,,,,,,,,,,,,,,BPMS:L4B%25,BPMS:%25,,,"SC_BSYD, SC_BSYD2, SC_DASEL, SC_DASEL2, SC_HXR, SC_HXR2, SC_S2_X, SC_S2_X2, SC_SFTS, SC_SFTS2, SC_STMO, SC_STMO2, SC_STXI, SC_STXI2, SC_SXR, SC_SXR2, "
QCM41,L4B,MAD,QUAD:L4B:4185,L4B,,,,308,,SYMBOLS,A,AD_ACCEL,S08,,,QUAD,4841Q,CRYO,723.1339511,2372.486716,713.0389,2339.36647,,,,,,,,"	- NO SECTION -",,,,,,N,.23,,,,,,,,,,-6.923930929591,3.010404751996,,,,,,,,,,,,,,,,,,713.0388999,,,,,,,,,,,,,,,,,,,,,,,,,,,,,,QUAD:L4B%25,QUAD:%25,,,"SC_BSYD, SC_BSYD2, SC_DASEL, SC_DASEL2, SC_HXR, SC_HXR2, SC_S2_X, SC_S2_X2, SC_SFTS, SC_SFTS2, SC_STMO, SC_STMO2, SC_STXI, SC_STXI2, SC_SXR, SC_SXR2, "
XCM41,L4B,MAD,XCOR:L4B:4185,L4B,,,,308,,SYMBOLS,A,AD_ACCEL,S08,,,XCOR,4841X,CRYO,723.1339511,2372.486716,713.0389,2339.36647,,,,,,,,"	- NO SECTION -",,,,,,N,0,,,,,,,,,,,,,,,,,,,,,,,,,,,,,713.0388999,,,,,,,,,,,,,,,,,,,,,,,,,,,,,,XCOR:L4B%25,XCOR:%25,,,"SC_BSYD, SC_BSYD2, SC_DASEL, SC_DASEL2, SC_HXR, SC_HXR2, SC_S2_X, SC_S2_X2, SC_SFTS, SC_SFTS2, SC_STMO, SC_STMO2, SC_STXI, SC_STXI2, SC_SXR, SC_SXR2, "
YCM41,L4B,MAD,YCOR:L4B:4185,L4B,,,,308,,SYMBOLS,A,AD_ACCEL,S08,,,YCOR,4841Y,CRYO,723.1339511,2372.486716,713.0389,2339.36647,,,,,,,,"	- NO SECTION -",,,,,,N,0,,,,,,,,,,,,,,,,,,,,,,,,,,,,,713.0388999,,,,,,,,,,,,,,,,,,,,,,,,,,,,,,YCOR:L4B%25,YCOR:%25,,,"SC_BSYD, SC_BSYD2, SC_DASEL, SC_DASEL2, SC_HXR, SC_HXR2, SC_S2_X, SC_S2_X2, SC_SFTS, SC_SFTS2, SC_STMO, SC_STMO2, SC_STXI, SC_STXI2, SC_SXR, SC_SXR2, "
CAVL421,L4B,MAD,ACCL:L4B:4210,L4B,,,,308,,SYMBOLS,A,AD_ACCEL,S08,,,LCAV,,CRYO,724.59331115,2377.274643,714.49826,2344.154396,,,,,,,,"	- NO SECTION -",,,,,,N,1.037743,1300,21.73913043,0,20.948472242164,1,,,,,,,,,,,,,,,,,,,,,,,,714.4982599,,,,,,,,,,,,,,,,,,,,,,,,,,,,,,ACCL:L4B%25,ACCL:%25,,,"SC_BSYD, SC_BSYD2, SC_DASEL, SC_DASEL2, SC_HXR, SC_HXR2, SC_S2_X, SC_S2_X2, SC_SFTS, SC_SFTS2, SC_STMO, SC_STMO2, SC_STXI, SC_STXI2, SC_SXR, SC_SXR2, "
CAVL422,L4B,MAD,ACCL:L4B:4220,L4B,,,,308,,SYMBOLS,A,AD_ACCEL,S08,,,LCAV,,CRYO,725.97691115,2381.814013,715.88186,2348.693766,,,,,,,,"	- NO SECTION -",,,,,,N,1.037743,1300,21.73913043,0,20.948472242164,1,,,,,,,,,,,,,,,,,,,,,,,,715.8818599,,,,,,,,,,,,,,,,,,,,,,,,,,,,,,ACCL:L4B%25,ACCL:%25,,,"SC_BSYD, SC_BSYD2, SC_DASEL, SC_DASEL2, SC_HXR, SC_HXR2, SC_S2_X, SC_S2_X2, SC_SFTS, SC_SFTS2, SC_STMO, SC_STMO2, SC_STXI, SC_STXI2, SC_SXR, SC_SXR2, "
CAVL423,L4B,MAD,ACCL:L4B:4230,L4B,,,,308,,SYMBOLS,A,AD_ACCEL,S08,,,LCAV,,CRYO,727.36051115,2386.353383,717.26546,2353.233136,,,,,,,,"	- NO SECTION -",,,,,,N,1.037743,1300,21.73913043,0,20.948472242164,1,,,,,,,,,,,,,,,,,,,,,,,,717.2654599,,,,,,,,,,,,,,,,,,,,,,,,,,,,,,ACCL:L4B%25,ACCL:%25,,,"SC_BSYD, SC_BSYD2, SC_DASEL, SC_DASEL2, SC_HXR, SC_HXR2, SC_S2_X, SC_S2_X2, SC_SFTS, SC_SFTS2, SC_STMO, SC_STMO2, SC_STXI, SC_STXI2, SC_SXR, SC_SXR2, "
CAVL424,L4B,MAD,ACCL:L4B:4240,L4B,,,,308,,SYMBOLS,A,AD_ACCEL,S08,,,LCAV,,CRYO,728.74411115,2390.892753,718.64906,2357.772507,,,,,,,,"	- NO SECTION -",,,,,,N,1.037743,1300,21.73913043,0,20.948472242164,1,,,,,,,,,,,,,,,,,,,,,,,,718.6490599,,,,,,,,,,,,,,,,,,,,,,,,,,,,,,ACCL:L4B%25,ACCL:%25,,,"SC_BSYD, SC_BSYD2, SC_DASEL, SC_DASEL2, SC_HXR, SC_HXR2, SC_S2_X, SC_S2_X2, SC_SFTS, SC_SFTS2, SC_STMO, SC_STMO2, SC_STXI, SC_STXI2, SC_SXR, SC_SXR2, "
CAVL425,L4B,MAD,ACCL:L4B:4250,L4B,,,,308,,SYMBOLS,A,AD_ACCEL,S08,,,LCAV,,CRYO,730.12771115,2395.432123,720.03266,2362.311877,,,,,,,,"	- NO SECTION -",,,,,,N,1.037744,1300,21.739130438,0,20.948452063322,1,,,,,,,,,,,,,,,,,,,,,,,,720.0326599,,,,,,,,,,,,,,,,,,,,,,,,,,,,,,ACCL:L4B%25,ACCL:%25,,,"SC_BSYD, SC_BSYD2, SC_DASEL, SC_DASEL2, SC_HXR, SC_HXR2, SC_S2_X, SC_S2_X2, SC_SFTS, SC_SFTS2, SC_STMO, SC_STMO2, SC_STXI, SC_STXI2, SC_SXR, SC_SXR2, "
CSP42,L4B,MAD,,L4B,,,,308,,SYMBOLS,A,AD_ACCEL,S08,,,INST,,,730.2680611,2395.892589,720.17301,2362.772343,,,,,,,,"	- NO SECTION -",,,,,,N,0,,,,,,,,,,,,,,,,,,,,,,,,,,,,,720.1730099,,,,,,,,,,,,,,,,,,,,,,,,,,,,,,%25,%25,,,"SC_BSYD, SC_BSYD2, SC_DASEL, SC_DASEL2, SC_HXR, SC_HXR2, SC_S2_X, SC_S2_X2, SC_SFTS, SC_SFTS2, SC_STMO, SC_STMO2, SC_STXI, SC_STXI2, SC_SXR, SC_SXR2, "
CAVL426,L4B,MAD,ACCL:L4B:4260,L4B,,,,308,,SYMBOLS,A,AD_ACCEL,S08,,,LCAV,,CRYO,731.51131115,2399.971493,721.41626,2366.851247,,,,,,,,"	- NO SECTION -",,,,,,N,1.037743,1300,21.73913043,0,20.948472242164,1,,,,,,,,,,,,,,,,,,,,,,,,721.4162599,,,,,,,,,,,,,,,,,,,,,,,,,,,,,,ACCL:L4B%25,ACCL:%25,,,"SC_BSYD, SC_BSYD2, SC_DASEL, SC_DASEL2, SC_HXR, SC_HXR2, SC_S2_X, SC_S2_X2, SC_SFTS, SC_SFTS2, SC_STMO, SC_STMO2, SC_STXI, SC_STXI2, SC_SXR, SC_SXR2, "
CAVL427,L4B,MAD,ACCL:L4B:4270,L4B,,,,308,,SYMBOLS,A,AD_ACCEL,S08,,,LCAV,,CRYO,732.89491115,2404.510863,722.79986,2371.390617,,,,,,,,"	- NO SECTION -",,,,,,N,1.037743,1300,21.73913043,0,20.948472242164,1,,,,,,,,,,,,,,,,,,,,,,,,722.7998599,,,,,,,,,,,,,,,,,,,,,,,,,,,,,,ACCL:L4B%25,ACCL:%25,,,"SC_BSYD, SC_BSYD2, SC_DASEL, SC_DASEL2, SC_HXR, SC_HXR2, SC_S2_X, SC_S2_X2, SC_SFTS, SC_SFTS2, SC_STMO, SC_STMO2, SC_STXI, SC_STXI2, SC_SXR, SC_SXR2, "
CAVL428,L4B,MAD,ACCL:L4B:4280,L4B,,,,308,,SYMBOLS,A,AD_ACCEL,S08,,,LCAV,,CRYO,734.27851115,2409.050233,724.18346,2375.929987,,,,,,,,"	- NO SECTION -",,,,,,N,1.037743,1300,21.73913043,0,20.948472242164,1,,,,,,,,,,,,,,,,,,,,,,,,724.1834599,,,,,,,,,,,,,,,,,,,,,,,,,,,,,,ACCL:L4B%25,ACCL:%25,,,"SC_BSYD, SC_BSYD2, SC_DASEL, SC_DASEL2, SC_HXR, SC_HXR2, SC_S2_X, SC_S2_X2, SC_SFTS, SC_SFTS2, SC_STMO, SC_STMO2, SC_STXI, SC_STXI2, SC_SXR, SC_SXR2, "
CMB42,L4B,MAD,BPMS:L4B:4283,L4B,,,,308,,SYMBOLS,A,AD_ACCEL,S08,,,BPM,,CRYO,735.0899011,2411.712274,724.99485,2378.592028,,,,,,,,"	- NO SECTION -",,,,,,N,0,,,,,,,,,,,,,,,,,,,,,,,,,,,,,724.9948499,,,,,,,,,,,,,,,,,,,,,,,,,,,,,,BPMS:L4B%25,BPMS:%25,,,"SC_BSYD, SC_BSYD2, SC_DASEL, SC_DASEL2, SC_HXR, SC_HXR2, SC_S2_X, SC_S2_X2, SC_SFTS, SC_SFTS2, SC_STMO, SC_STMO2, SC_STXI, SC_STXI2, SC_SXR, SC_SXR2, "
QCM42,L4B,MAD,QUAD:L4B:4285,L4B,,,,308,,SYMBOLS,A,AD_ACCEL,S08,,,QUAD,4842Q,CRYO,735.3543411,2412.579859,725.25929,2379.459613,,,,,,,,"	- NO SECTION -",,,,,,N,.23,,,,,,,,,,7.171214180514,-3.117919208919,,,,,,,,,,,,,,,,,,725.2592899,,,,,,,,,,,,,,,,,,,,,,,,,,,,,,QUAD:L4B%25,QUAD:%25,,,"SC_BSYD, SC_BSYD2, SC_DASEL, SC_DASEL2, SC_HXR, SC_HXR2, SC_S2_X, SC_S2_X2, SC_SFTS, SC_SFTS2, SC_STMO, SC_STMO2, SC_STXI, SC_STXI2, SC_SXR, SC_SXR2, "
XCM42,L4B,MAD,XCOR:L4B:4285,L4B,,,,308,,SYMBOLS,A,AD_ACCEL,S08,,,XCOR,4842X,CRYO,735.3543411,2412.579859,725.25929,2379.459613,,,,,,,,"	- NO SECTION -",,,,,,N,0,,,,,,,,,,,,,,,,,,,,,,,,,,,,,725.2592899,,,,,,,,,,,,,,,,,,,,,,,,,,,,,,XCOR:L4B%25,XCOR:%25,,,"SC_BSYD, SC_BSYD2, SC_DASEL, SC_DASEL2, SC_HXR, SC_HXR2, SC_S2_X, SC_S2_X2, SC_SFTS, SC_SFTS2, SC_STMO, SC_STMO2, SC_STXI, SC_STXI2, SC_SXR, SC_SXR2, "
YCM42,L4B,MAD,YCOR:L4B:4285,L4B,,,,308,,SYMBOLS,A,AD_ACCEL,S08,,,YCOR,4842Y,CRYO,735.3543411,2412.579859,725.25929,2379.459613,,,,,,,,"	- NO SECTION -",,,,,,N,0,,,,,,,,,,,,,,,,,,,,,,,,,,,,,725.2592899,,,,,,,,,,,,,,,,,,,,,,,,,,,,,,YCOR:L4B%25,YCOR:%25,,,"SC_BSYD, SC_BSYD2, SC_DASEL, SC_DASEL2, SC_HXR, SC_HXR2, SC_S2_X, SC_S2_X2, SC_SFTS, SC_SFTS2, SC_STMO, SC_STMO2, SC_STXI, SC_STXI2, SC_SXR, SC_SXR2, "
CAVL431,L4B,MAD,ACCL:L4B:4310,L4B,,,,308,,SYMBOLS,A,AD_ACCEL,S08,,,LCAV,,CRYO,736.81370115,2417.367786,726.71865,2384.247539,,,,,,,,"	- NO SECTION -",,,,,,N,1.037743,1300,21.73913043,0,20.948472242164,1,,,,,,,,,,,,,,,,,,,,,,,,726.7186499,,,,,,,,,,,,,,,,,,,,,,,,,,,,,,ACCL:L4B%25,ACCL:%25,,,"SC_BSYD, SC_BSYD2, SC_DASEL, SC_DASEL2, SC_HXR, SC_HXR2, SC_S2_X, SC_S2_X2, SC_SFTS, SC_SFTS2, SC_STMO, SC_STMO2, SC_STXI, SC_STXI2, SC_SXR, SC_SXR2, "
CAVL432,L4B,MAD,ACCL:L4B:4320,L4B,,,,308,,SYMBOLS,A,AD_ACCEL,S08,,,LCAV,,CRYO,738.19730115,2421.907156,728.10225,2388.786909,,,,,,,,"	- NO SECTION -",,,,,,N,1.037743,1300,21.73913043,0,20.948472242164,1,,,,,,,,,,,,,,,,,,,,,,,,728.1022499,,,,,,,,,,,,,,,,,,,,,,,,,,,,,,ACCL:L4B%25,ACCL:%25,,,"SC_BSYD, SC_BSYD2, SC_DASEL, SC_DASEL2, SC_HXR, SC_HXR2, SC_S2_X, SC_S2_X2, SC_SFTS, SC_SFTS2, SC_STMO, SC_STMO2, SC_STXI, SC_STXI2, SC_SXR, SC_SXR2, "
CAVL433,L4B,MAD,ACCL:L4B:4330,L4B,,,,308,,SYMBOLS,A,AD_ACCEL,S08,,,LCAV,,CRYO,739.58090115,2426.446526,729.48585,2393.32628,,,,,,,,"	- NO SECTION -",,,,,,N,1.037743,1300,21.73913043,0,20.948472242164,1,,,,,,,,,,,,,,,,,,,,,,,,729.4858499,,,,,,,,,,,,,,,,,,,,,,,,,,,,,,ACCL:L4B%25,ACCL:%25,,,"SC_BSYD, SC_BSYD2, SC_DASEL, SC_DASEL2, SC_HXR, SC_HXR2, SC_S2_X, SC_S2_X2, SC_SFTS, SC_SFTS2, SC_STMO, SC_STMO2, SC_STXI, SC_STXI2, SC_SXR, SC_SXR2, "
CAVL434,L4B,MAD,ACCL:L4B:4340,L4B,,,,308,,SYMBOLS,A,AD_ACCEL,S08,,,LCAV,,CRYO,740.96450115,2430.985896,730.86945,2397.86565,,,,,,,,"	- NO SECTION -",,,,,,N,1.037743,1300,21.73913043,0,20.948472242164,1,,,,,,,,,,,,,,,,,,,,,,,,730.8694499,,,,,,,,,,,,,,,,,,,,,,,,,,,,,,ACCL:L4B%25,ACCL:%25,,,"SC_BSYD, SC_BSYD2, SC_DASEL, SC_DASEL2, SC_HXR, SC_HXR2, SC_S2_X, SC_S2_X2, SC_SFTS, SC_SFTS2, SC_STMO, SC_STMO2, SC_STXI, SC_STXI2, SC_SXR, SC_SXR2, "
CAVL435,L4B,MAD,ACCL:L4B:4350,L4B,,,,308,,SYMBOLS,A,AD_ACCEL,S08,,,LCAV,,CRYO,742.34810115,2435.525266,732.25305,2402.40502,,,,,,,,"	- NO SECTION -",,,,,,N,1.037744,1300,21.739130438,0,20.948452063322,1,,,,,,,,,,,,,,,,,,,,,,,,732.2530499,,,,,,,,,,,,,,,,,,,,,,,,,,,,,,ACCL:L4B%25,ACCL:%25,,,"SC_BSYD, SC_BSYD2, SC_DASEL, SC_DASEL2, SC_HXR, SC_HXR2, SC_S2_X, SC_S2_X2, SC_SFTS, SC_SFTS2, SC_STMO, SC_STMO2, SC_STXI, SC_STXI2, SC_SXR, SC_SXR2, "
CSP43,L4B,MAD,,L4B,,,,308,,SYMBOLS,A,AD_ACCEL,S08,,,INST,,,742.4884511,2435.985732,732.3934,2402.865486,,,,,,,,"	- NO SECTION -",,,,,,N,0,,,,,,,,,,,,,,,,,,,,,,,,,,,,,732.3933999,,,,,,,,,,,,,,,,,,,,,,,,,,,,,,%25,%25,,,"SC_BSYD, SC_BSYD2, SC_DASEL, SC_DASEL2, SC_HXR, SC_HXR2, SC_S2_X, SC_S2_X2, SC_SFTS, SC_SFTS2, SC_STMO, SC_STMO2, SC_STXI, SC_STXI2, SC_SXR, SC_SXR2, "
CAVL436,L4B,MAD,ACCL:L4B:4360,L4B,,,,308,,SYMBOLS,A,AD_ACCEL,S08,,,LCAV,,CRYO,743.73170115,2440.064636,733.63665,2406.94439,,,,,,,,"	- NO SECTION -",,,,,,N,1.037743,1300,21.73913043,0,20.948472242164,1,,,,,,,,,,,,,,,,,,,,,,,,733.6366499,,,,,,,,,,,,,,,,,,,,,,,,,,,,,,ACCL:L4B%25,ACCL:%25,,,"SC_BSYD, SC_BSYD2, SC_DASEL, SC_DASEL2, SC_HXR, SC_HXR2, SC_S2_X, SC_S2_X2, SC_SFTS, SC_SFTS2, SC_STMO, SC_STMO2, SC_STXI, SC_STXI2, SC_SXR, SC_SXR2, "
CAVL437,L4B,MAD,ACCL:L4B:4370,L4B,,,,308,,SYMBOLS,A,AD_ACCEL,S08,,,LCAV,,CRYO,745.11530115,2444.604006,735.02025,2411.48376,,,,,,,,"	- NO SECTION -",,,,,,N,1.037743,1300,21.73913043,0,20.948472242164,1,,,,,,,,,,,,,,,,,,,,,,,,735.0202499,,,,,,,,,,,,,,,,,,,,,,,,,,,,,,ACCL:L4B%25,ACCL:%25,,,"SC_BSYD, SC_BSYD2, SC_DASEL, SC_DASEL2, SC_HXR, SC_HXR2, SC_S2_X, SC_S2_X2, SC_SFTS, SC_SFTS2, SC_STMO, SC_STMO2, SC_STXI, SC_STXI2, SC_SXR, SC_SXR2, "
CAVL438,L4B,MAD,ACCL:L4B:4380,L4B,,,,308,,SYMBOLS,A,AD_ACCEL,S08,,,LCAV,,CRYO,746.49890115,2449.143376,736.40385,2416.02313,,,,,,,,"	- NO SECTION -",,,,,,N,1.037743,1300,21.73913043,0,20.948472242164,1,,,,,,,,,,,,,,,,,,,,,,,,736.4038499,,,,,,,,,,,,,,,,,,,,,,,,,,,,,,ACCL:L4B%25,ACCL:%25,,,"SC_BSYD, SC_BSYD2, SC_DASEL, SC_DASEL2, SC_HXR, SC_HXR2, SC_S2_X, SC_S2_X2, SC_SFTS, SC_SFTS2, SC_STMO, SC_STMO2, SC_STXI, SC_STXI2, SC_SXR, SC_SXR2, "
CMB43,L4B,MAD,BPMS:L4B:4383,L4B,,,,308,,SYMBOLS,A,AD_ACCEL,S08,,,BPM,,CRYO,747.3102911,2451.805417,737.21524,2418.685171,,,,,,,,"	- NO SECTION -",,,,,,N,0,,,,,,,,,,,,,,,,,,,,,,,,,,,,,737.2152399,,,,,,,,,,,,,,,,,,,,,,,,,,,,,,BPMS:L4B%25,BPMS:%25,,,"SC_BSYD, SC_BSYD2, SC_DASEL, SC_DASEL2, SC_HXR, SC_HXR2, SC_S2_X, SC_S2_X2, SC_SFTS, SC_SFTS2, SC_STMO, SC_STMO2, SC_STXI, SC_STXI2, SC_SXR, SC_SXR2, "
QCM43,L4B,MAD,QUAD:L4B:4385,L4B,,,,308,,SYMBOLS,A,AD_ACCEL,S08,,,QUAD,4843Q,CRYO,747.5747311,2452.673002,737.47968,2419.552756,,,,,,,,"	- NO SECTION -",,,,,,N,.23,,,,,,,,,,-7.418497429928,3.225433665186,,,,,,,,,,,,,,,,,,737.4796799,,,,,,,,,,,,,,,,,,,,,,,,,,,,,,QUAD:L4B%25,QUAD:%25,,,"SC_BSYD, SC_BSYD2, SC_DASEL, SC_DASEL2, SC_HXR, SC_HXR2, SC_S2_X, SC_S2_X2, SC_SFTS, SC_SFTS2, SC_STMO, SC_STMO2, SC_STXI, SC_STXI2, SC_SXR, SC_SXR2, "
XCM43,L4B,MAD,XCOR:L4B:4385,L4B,,,,308,,SYMBOLS,A,AD_ACCEL,S08,,,XCOR,4843X,CRYO,747.5747311,2452.673002,737.47968,2419.552756,,,,,,,,"	- NO SECTION -",,,,,,N,0,,,,,,,,,,,,,,,,,,,,,,,,,,,,,737.4796799,,,,,,,,,,,,,,,,,,,,,,,,,,,,,,XCOR:L4B%25,XCOR:%25,,,"SC_BSYD, SC_BSYD2, SC_DASEL, SC_DASEL2, SC_HXR, SC_HXR2, SC_S2_X, SC_S2_X2, SC_SFTS, SC_SFTS2, SC_STMO, SC_STMO2, SC_STXI, SC_STXI2, SC_SXR, SC_SXR2, "
YCM43,L4B,MAD,YCOR:L4B:4385,L4B,,,,308,,SYMBOLS,A,AD_ACCEL,S08,,,YCOR,4843Y,CRYO,747.5747311,2452.673002,737.47968,2419.552756,,,,,,,,"	- NO SECTION -",,,,,,N,0,,,,,,,,,,,,,,,,,,,,,,,,,,,,,737.4796799,,,,,,,,,,,,,,,,,,,,,,,,,,,,,,YCOR:L4B%25,YCOR:%25,,,"SC_BSYD, SC_BSYD2, SC_DASEL, SC_DASEL2, SC_HXR, SC_HXR2, SC_S2_X, SC_S2_X2, SC_SFTS, SC_SFTS2, SC_STMO, SC_STMO2, SC_STXI, SC_STXI2, SC_SXR, SC_SXR2, "
CAVL441,L4B,MAD,ACCL:L4B:4410,L4B,,,,308,,SYMBOLS,A,AD_ACCEL,S08,,,LCAV,,CRYO,749.03409115,2457.460929,738.93904,2424.340682,,,,,,,,"	- NO SECTION -",,,,,,N,1.037743,1300,21.73913043,0,20.948472242164,1,,,,,,,,,,,,,,,,,,,,,,,,738.9390399,,,,,,,,,,,,,,,,,,,,,,,,,,,,,,ACCL:L4B%25,ACCL:%25,,,"SC_BSYD, SC_BSYD2, SC_DASEL, SC_DASEL2, SC_HXR, SC_HXR2, SC_S2_X, SC_S2_X2, SC_SFTS, SC_SFTS2, SC_STMO, SC_STMO2, SC_STXI, SC_STXI2, SC_SXR, SC_SXR2, "
CAVL442,L4B,MAD,ACCL:L4B:4420,L4B,,,,308,,SYMBOLS,A,AD_ACCEL,S08,,,LCAV,,CRYO,750.41769115,2462.000299,740.32264,2428.880052,,,,,,,,"	- NO SECTION -",,,,,,N,1.037743,1300,21.73913043,0,20.948472242164,1,,,,,,,,,,,,,,,,,,,,,,,,740.3226399,,,,,,,,,,,,,,,,,,,,,,,,,,,,,,ACCL:L4B%25,ACCL:%25,,,"SC_BSYD, SC_BSYD2, SC_DASEL, SC_DASEL2, SC_HXR, SC_HXR2, SC_S2_X, SC_S2_X2, SC_SFTS, SC_SFTS2, SC_STMO, SC_STMO2, SC_STXI, SC_STXI2, SC_SXR, SC_SXR2, "
CAVL443,L4B,MAD,ACCL:L4B:4430,L4B,,,,308,,SYMBOLS,A,AD_ACCEL,S08,,,LCAV,,CRYO,751.80129115,2466.539669,741.70624,2433.419423,,,,,,,,"	- NO SECTION -",,,,,,N,1.037743,1300,21.73913043,0,20.948472242164,1,,,,,,,,,,,,,,,,,,,,,,,,741.7062399,,,,,,,,,,,,,,,,,,,,,,,,,,,,,,ACCL:L4B%25,ACCL:%25,,,"SC_BSYD, SC_BSYD2, SC_DASEL, SC_DASEL2, SC_HXR, SC_HXR2, SC_S2_X, SC_S2_X2, SC_SFTS, SC_SFTS2, SC_STMO, SC_STMO2, SC_STXI, SC_STXI2, SC_SXR, SC_SXR2, "
CAVL444,L4B,MAD,ACCL:L4B:4440,L4B,,,,308,,SYMBOLS,A,AD_ACCEL,S08,,,LCAV,,CRYO,753.18489115,2471.079039,743.08984,2437.958793,,,,,,,,"	- NO SECTION -",,,,,,N,1.037743,1300,21.73913043,0,20.948472242164,1,,,,,,,,,,,,,,,,,,,,,,,,743.0898399,,,,,,,,,,,,,,,,,,,,,,,,,,,,,,ACCL:L4B%25,ACCL:%25,,,"SC_BSYD, SC_BSYD2, SC_DASEL, SC_DASEL2, SC_HXR, SC_HXR2, SC_S2_X, SC_S2_X2, SC_SFTS, SC_SFTS2, SC_STMO, SC_STMO2, SC_STXI, SC_STXI2, SC_SXR, SC_SXR2, "
CAVL445,L4B,MAD,ACCL:L4B:4450,L4B,,,,308,,SYMBOLS,A,AD_ACCEL,S08,,,LCAV,,CRYO,754.56849115,2475.618409,744.47344,2442.498163,,,,,,,,"	- NO SECTION -",,,,,,N,1.037744,1300,21.739130438,0,20.948452063322,1,,,,,,,,,,,,,,,,,,,,,,,,744.4734399,,,,,,,,,,,,,,,,,,,,,,,,,,,,,,ACCL:L4B%25,ACCL:%25,,,"SC_BSYD, SC_BSYD2, SC_DASEL, SC_DASEL2, SC_HXR, SC_HXR2, SC_S2_X, SC_S2_X2, SC_SFTS, SC_SFTS2, SC_STMO, SC_STMO2, SC_STXI, SC_STXI2, SC_SXR, SC_SXR2, "
CSP44,L4B,MAD,,L4B,,,,308,,SYMBOLS,A,AD_ACCEL,S08,,,INST,,,754.7088411,2476.078875,744.61379,2442.958629,,,,,,,,"	- NO SECTION -",,,,,,N,0,,,,,,,,,,,,,,,,,,,,,,,,,,,,,744.6137899,,,,,,,,,,,,,,,,,,,,,,,,,,,,,,%25,%25,,,"SC_BSYD, SC_BSYD2, SC_DASEL, SC_DASEL2, SC_HXR, SC_HXR2, SC_S2_X, SC_S2_X2, SC_SFTS, SC_SFTS2, SC_STMO, SC_STMO2, SC_STXI, SC_STXI2, SC_SXR, SC_SXR2, "
CAVL446,L4B,MAD,ACCL:L4B:4460,L4B,,,,308,,SYMBOLS,A,AD_ACCEL,S08,,,LCAV,,CRYO,755.95209115,2480.157779,745.85704,2447.037533,,,,,,,,"	- NO SECTION -",,,,,,N,1.037743,1300,21.73913043,0,20.948472242164,1,,,,,,,,,,,,,,,,,,,,,,,,745.8570399,,,,,,,,,,,,,,,,,,,,,,,,,,,,,,ACCL:L4B%25,ACCL:%25,,,"SC_BSYD, SC_BSYD2, SC_DASEL, SC_DASEL2, SC_HXR, SC_HXR2, SC_S2_X, SC_S2_X2, SC_SFTS, SC_SFTS2, SC_STMO, SC_STMO2, SC_STXI, SC_STXI2, SC_SXR, SC_SXR2, "
CAVL447,L4B,MAD,ACCL:L4B:4470,L4B,,,,308,,SYMBOLS,A,AD_ACCEL,S08,,,LCAV,,CRYO,757.33569115,2484.697149,747.24064,2451.576903,,,,,,,,"	- NO SECTION -",,,,,,N,1.037743,1300,21.73913043,0,20.948472242164,1,,,,,,,,,,,,,,,,,,,,,,,,747.2406399,,,,,,,,,,,,,,,,,,,,,,,,,,,,,,ACCL:L4B%25,ACCL:%25,,,"SC_BSYD, SC_BSYD2, SC_DASEL, SC_DASEL2, SC_HXR, SC_HXR2, SC_S2_X, SC_S2_X2, SC_SFTS, SC_SFTS2, SC_STMO, SC_STMO2, SC_STXI, SC_STXI2, SC_SXR, SC_SXR2, "
CAVL448,L4B,MAD,ACCL:L4B:4480,L4B,,,,308,,SYMBOLS,A,AD_ACCEL,S08,,,LCAV,,CRYO,758.71929115,2489.23652,748.62424,2456.116273,,,,,,,,"	- NO SECTION -",,,,,,N,1.037743,1300,21.73913043,0,20.948472242164,1,,,,,,,,,,,,,,,,,,,,,,,,748.6242399,,,,,,,,,,,,,,,,,,,,,,,,,,,,,,ACCL:L4B%25,ACCL:%25,,,"SC_BSYD, SC_BSYD2, SC_DASEL, SC_DASEL2, SC_HXR, SC_HXR2, SC_S2_X, SC_S2_X2, SC_SFTS, SC_SFTS2, SC_STMO, SC_STMO2, SC_STXI, SC_STXI2, SC_SXR, SC_SXR2, "
CMB44,L4B,MAD,BPMS:L4B:4483,L4B,,,,308,,SYMBOLS,A,AD_ACCEL,S08,,,BPM,,CRYO,759.5306811,2491.89856,749.43563,2458.778314,,,,,,,,"	- NO SECTION -",,,,,,N,0,,,,,,,,,,,,,,,,,,,,,,,,,,,,,749.4356299,,,,,,,,,,,,,,,,,,,,,,,,,,,,,,BPMS:L4B%25,BPMS:%25,,,"SC_BSYD, SC_BSYD2, SC_DASEL, SC_DASEL2, SC_HXR, SC_HXR2, SC_S2_X, SC_S2_X2, SC_SFTS, SC_SFTS2, SC_STMO, SC_STMO2, SC_STXI, SC_STXI2, SC_SXR, SC_SXR2, "
QCM44,L4B,MAD,QUAD:L4B:4485,L4B,,,,308,,SYMBOLS,A,AD_ACCEL,S08,,,QUAD,4844Q,CRYO,759.7951211,2492.766145,749.70007,2459.645899,,,,,,,,"	- NO SECTION -",,,,,,N,.23,,,,,,,,,,7.665780680684,-3.332948122037,,,,,,,,,,,,,,,,,,749.7000699,,,,,,,,,,,,,,,,,,,,,,,,,,,,,,QUAD:L4B%25,QUAD:%25,,,"SC_BSYD, SC_BSYD2, SC_DASEL, SC_DASEL2, SC_HXR, SC_HXR2, SC_S2_X, SC_S2_X2, SC_SFTS, SC_SFTS2, SC_STMO, SC_STMO2, SC_STXI, SC_STXI2, SC_SXR, SC_SXR2, "
XCM44,L4B,MAD,XCOR:L4B:4485,L4B,,,,308,,SYMBOLS,A,AD_ACCEL,S08,,,XCOR,4844X,CRYO,759.7951211,2492.766145,749.70007,2459.645899,,,,,,,,"	- NO SECTION -",,,,,,N,0,,,,,,,,,,,,,,,,,,,,,,,,,,,,,749.7000699,,,,,,,,,,,,,,,,,,,,,,,,,,,,,,XCOR:L4B%25,XCOR:%25,,,"SC_BSYD, SC_BSYD2, SC_DASEL, SC_DASEL2, SC_HXR, SC_HXR2, SC_S2_X, SC_S2_X2, SC_SFTS, SC_SFTS2, SC_STMO, SC_STMO2, SC_STXI, SC_STXI2, SC_SXR, SC_SXR2, "
YCM44,L4B,MAD,YCOR:L4B:4485,L4B,,,,308,,SYMBOLS,A,AD_ACCEL,S08,,,YCOR,4844Y,CRYO,759.7951211,2492.766145,749.70007,2459.645899,,,,,,,,"	- NO SECTION -",,,,,,N,0,,,,,,,,,,,,,,,,,,,,,,,,,,,,,749.7000699,,,,,,,,,,,,,,,,,,,,,,,,,,,,,,YCOR:L4B%25,YCOR:%25,,,"SC_BSYD, SC_BSYD2, SC_DASEL, SC_DASEL2, SC_HXR, SC_HXR2, SC_S2_X, SC_S2_X2, SC_SFTS, SC_SFTS2, SC_STMO, SC_STMO2, SC_STXI, SC_STXI2, SC_SXR, SC_SXR2, "
CAVL451,L4B,MAD,ACCL:L4B:4510,L4B,,,,308,,SYMBOLS,A,AD_ACCEL,S08,,,LCAV,,CRYO,761.25448115,2497.554072,751.15943,2464.433825,,,,,,,,"	- NO SECTION -",,,,,,N,1.037743,1300,21.73913043,0,20.948472242164,1,,,,,,,,,,,,,,,,,,,,,,,,751.1594299,,,,,,,,,,,,,,,,,,,,,,,,,,,,,,ACCL:L4B%25,ACCL:%25,,,"SC_BSYD, SC_BSYD2, SC_DASEL, SC_DASEL2, SC_HXR, SC_HXR2, SC_S2_X, SC_S2_X2, SC_SFTS, SC_SFTS2, SC_STMO, SC_STMO2, SC_STXI, SC_STXI2, SC_SXR, SC_SXR2, "
CAVL452,L4B,MAD,ACCL:L4B:4520,L4B,,,,308,,SYMBOLS,A,AD_ACCEL,S08,,,LCAV,,CRYO,762.63808115,2502.093442,752.54303,2468.973196,,,,,,,,"	- NO SECTION -",,,,,,N,1.037743,1300,21.73913043,0,20.948472242164,1,,,,,,,,,,,,,,,,,,,,,,,,752.5430299,,,,,,,,,,,,,,,,,,,,,,,,,,,,,,ACCL:L4B%25,ACCL:%25,,,"SC_BSYD, SC_BSYD2, SC_DASEL, SC_DASEL2, SC_HXR, SC_HXR2, SC_S2_X, SC_S2_X2, SC_SFTS, SC_SFTS2, SC_STMO, SC_STMO2, SC_STXI, SC_STXI2, SC_SXR, SC_SXR2, "
CAVL453,L4B,MAD,ACCL:L4B:4530,L4B,,,,308,,SYMBOLS,A,AD_ACCEL,S08,,,LCAV,,CRYO,764.02168115,2506.632812,753.92663,2473.512566,,,,,,,,"	- NO SECTION -",,,,,,N,1.037743,1300,21.73913043,0,20.948472242164,1,,,,,,,,,,,,,,,,,,,,,,,,753.9266299,,,,,,,,,,,,,,,,,,,,,,,,,,,,,,ACCL:L4B%25,ACCL:%25,,,"SC_BSYD, SC_BSYD2, SC_DASEL, SC_DASEL2, SC_HXR, SC_HXR2, SC_S2_X, SC_S2_X2, SC_SFTS, SC_SFTS2, SC_STMO, SC_STMO2, SC_STXI, SC_STXI2, SC_SXR, SC_SXR2, "
CAVL454,L4B,MAD,ACCL:L4B:4540,L4B,,,,308,,SYMBOLS,A,AD_ACCEL,S08,,,LCAV,,CRYO,765.40528115,2511.172182,755.31023,2478.051936,,,,,,,,"	- NO SECTION -",,,,,,N,1.037743,1300,21.73913043,0,20.948472242164,1,,,,,,,,,,,,,,,,,,,,,,,,755.3102299,,,,,,,,,,,,,,,,,,,,,,,,,,,,,,ACCL:L4B%25,ACCL:%25,,,"SC_BSYD, SC_BSYD2, SC_DASEL, SC_DASEL2, SC_HXR, SC_HXR2, SC_S2_X, SC_S2_X2, SC_SFTS, SC_SFTS2, SC_STMO, SC_STMO2, SC_STXI, SC_STXI2, SC_SXR, SC_SXR2, "
CAVL455,L4B,MAD,ACCL:L4B:4550,L4B,,,,308,,SYMBOLS,A,AD_ACCEL,S08,,,LCAV,,CRYO,766.78888115,2515.711552,756.69383,2482.591306,,,,,,,,"	- NO SECTION -",,,,,,N,1.037744,1300,21.739130438,0,20.948452063322,1,,,,,,,,,,,,,,,,,,,,,,,,756.6938299,,,,,,,,,,,,,,,,,,,,,,,,,,,,,,ACCL:L4B%25,ACCL:%25,,,"SC_BSYD, SC_BSYD2, SC_DASEL, SC_DASEL2, SC_HXR, SC_HXR2, SC_S2_X, SC_S2_X2, SC_SFTS, SC_SFTS2, SC_STMO, SC_STMO2, SC_STXI, SC_STXI2, SC_SXR, SC_SXR2, "
CSP45,L4B,MAD,,L4B,,,,308,,SYMBOLS,A,AD_ACCEL,S08,,,INST,,,766.9292311,2516.172018,756.83418,2483.051772,,,,,,,,"	- NO SECTION -",,,,,,N,0,,,,,,,,,,,,,,,,,,,,,,,,,,,,,756.8341799,,,,,,,,,,,,,,,,,,,,,,,,,,,,,,%25,%25,,,"SC_BSYD, SC_BSYD2, SC_DASEL, SC_DASEL2, SC_HXR, SC_HXR2, SC_S2_X, SC_S2_X2, SC_SFTS, SC_SFTS2, SC_STMO, SC_STMO2, SC_STXI, SC_STXI2, SC_SXR, SC_SXR2, "
CAVL456,L4B,MAD,ACCL:L4B:4560,L4B,,,,308,,SYMBOLS,A,AD_ACCEL,S08,,,LCAV,,CRYO,768.17248115,2520.250922,758.07743,2487.130676,,,,,,,,"	- NO SECTION -",,,,,,N,1.037743,1300,21.73913043,0,20.948472242164,1,,,,,,,,,,,,,,,,,,,,,,,,758.0774299,,,,,,,,,,,,,,,,,,,,,,,,,,,,,,ACCL:L4B%25,ACCL:%25,,,"SC_BSYD, SC_BSYD2, SC_DASEL, SC_DASEL2, SC_HXR, SC_HXR2, SC_S2_X, SC_S2_X2, SC_SFTS, SC_SFTS2, SC_STMO, SC_STMO2, SC_STXI, SC_STXI2, SC_SXR, SC_SXR2, "
CAVL457,L4B,MAD,ACCL:L4B:4570,L4B,,,,308,,SYMBOLS,A,AD_ACCEL,S08,,,LCAV,,CRYO,769.55608115,2524.790292,759.46103,2491.670046,,,,,,,,"	- NO SECTION -",,,,,,N,1.037743,1300,21.73913043,0,20.948472242164,1,,,,,,,,,,,,,,,,,,,,,,,,759.4610299,,,,,,,,,,,,,,,,,,,,,,,,,,,,,,ACCL:L4B%25,ACCL:%25,,,"SC_BSYD, SC_BSYD2, SC_DASEL, SC_DASEL2, SC_HXR, SC_HXR2, SC_S2_X, SC_S2_X2, SC_SFTS, SC_SFTS2, SC_STMO, SC_STMO2, SC_STXI, SC_STXI2, SC_SXR, SC_SXR2, "
CAVL458,L4B,MAD,ACCL:L4B:4580,L4B,,,,308,,SYMBOLS,A,AD_ACCEL,S08,,,LCAV,,CRYO,770.93968115,2529.329663,760.84463,2496.209416,,,,,,,,"	- NO SECTION -",,,,,,N,1.037743,1300,21.73913043,0,20.948472242164,1,,,,,,,,,,,,,,,,,,,,,,,,760.8446299,,,,,,,,,,,,,,,,,,,,,,,,,,,,,,ACCL:L4B%25,ACCL:%25,,,"SC_BSYD, SC_BSYD2, SC_DASEL, SC_DASEL2, SC_HXR, SC_HXR2, SC_S2_X, SC_S2_X2, SC_SFTS, SC_SFTS2, SC_STMO, SC_STMO2, SC_STXI, SC_STXI2, SC_SXR, SC_SXR2, "
CMB45,L4B,MAD,BPMS:L4B:4583,L4B,,,,308,,SYMBOLS,A,AD_ACCEL,S08,,,BPM,,CRYO,771.7510711,2531.991703,761.65602,2498.871457,,,,,,,,"	- NO SECTION -",,,,,,N,0,,,,,,,,,,,,,,,,,,,,,,,,,,,,,761.6560199,,,,,,,,,,,,,,,,,,,,,,,,,,,,,,BPMS:L4B%25,BPMS:%25,,,"SC_BSYD, SC_BSYD2, SC_DASEL, SC_DASEL2, SC_HXR, SC_HXR2, SC_S2_X, SC_S2_X2, SC_SFTS, SC_SFTS2, SC_STMO, SC_STMO2, SC_STXI, SC_STXI2, SC_SXR, SC_SXR2, "
QCM45,L4B,MAD,QUAD:L4B:4585,L4B,,,,308,,SYMBOLS,A,AD_ACCEL,S08,,,QUAD,4845Q,CRYO,772.0155111,2532.859288,761.92046,2499.739042,,,,,,,,"	- NO SECTION -",,,,,,N,.23,,,,,,,,,,-7.913063929947,3.440462578238,,,,,,,,,,,,,,,,,,761.9204599,,,,,,,,,,,,,,,,,,,,,,,,,,,,,,QUAD:L4B%25,QUAD:%25,,,"SC_BSYD, SC_BSYD2, SC_DASEL, SC_DASEL2, SC_HXR, SC_HXR2, SC_S2_X, SC_S2_X2, SC_SFTS, SC_SFTS2, SC_STMO, SC_STMO2, SC_STXI, SC_STXI2, SC_SXR, SC_SXR2, "
XCM45,L4B,MAD,XCOR:L4B:4585,L4B,,,,308,,SYMBOLS,A,AD_ACCEL,S08,,,XCOR,4845X,CRYO,772.0155111,2532.859288,761.92046,2499.739042,,,,,,,,"	- NO SECTION -",,,,,,N,0,,,,,,,,,,,,,,,,,,,,,,,,,,,,,761.9204599,,,,,,,,,,,,,,,,,,,,,,,,,,,,,,XCOR:L4B%25,XCOR:%25,,,"SC_BSYD, SC_BSYD2, SC_DASEL, SC_DASEL2, SC_HXR, SC_HXR2, SC_S2_X, SC_S2_X2, SC_SFTS, SC_SFTS2, SC_STMO, SC_STMO2, SC_STXI, SC_STXI2, SC_SXR, SC_SXR2, "
YCM45,L4B,MAD,YCOR:L4B:4585,L4B,,,,308,,SYMBOLS,A,AD_ACCEL,S08,,,YCOR,4845Y,CRYO,772.0155111,2532.859288,761.92046,2499.739042,,,,,,,,"	- NO SECTION -",,,,,,N,0,,,,,,,,,,,,,,,,,,,,,,,,,,,,,761.9204599,,,,,,,,,,,,,,,,,,,,,,,,,,,,,,YCOR:L4B%25,YCOR:%25,,,"SC_BSYD, SC_BSYD2, SC_DASEL, SC_DASEL2, SC_HXR, SC_HXR2, SC_S2_X, SC_S2_X2, SC_SFTS, SC_SFTS2, SC_STMO, SC_STMO2, SC_STXI, SC_STXI2, SC_SXR, SC_SXR2, "
CAVL461,L4B,MAD,ACCL:L4B:4610,L4B,,,,308,,SYMBOLS,A,AD_ACCEL,S08,,,LCAV,,CRYO,773.47487115,2537.647215,763.37982,2504.526969,,,,,,,,"	- NO SECTION -",,,,,,N,1.037743,1300,21.73913043,0,20.948472242164,1,,,,,,,,,,,,,,,,,,,,,,,,763.3798199,,,,,,,,,,,,,,,,,,,,,,,,,,,,,,ACCL:L4B%25,ACCL:%25,,,"SC_BSYD, SC_BSYD2, SC_DASEL, SC_DASEL2, SC_HXR, SC_HXR2, SC_S2_X, SC_S2_X2, SC_SFTS, SC_SFTS2, SC_STMO, SC_STMO2, SC_STXI, SC_STXI2, SC_SXR, SC_SXR2, "
CAVL462,L4B,MAD,ACCL:L4B:4620,L4B,,,,308,,SYMBOLS,A,AD_ACCEL,S08,,,LCAV,,CRYO,774.85847115,2542.186585,764.76342,2509.066339,,,,,,,,"	- NO SECTION -",,,,,,N,1.037743,1300,21.73913043,0,20.948472242164,1,,,,,,,,,,,,,,,,,,,,,,,,764.7634199,,,,,,,,,,,,,,,,,,,,,,,,,,,,,,ACCL:L4B%25,ACCL:%25,,,"SC_BSYD, SC_BSYD2, SC_DASEL, SC_DASEL2, SC_HXR, SC_HXR2, SC_S2_X, SC_S2_X2, SC_SFTS, SC_SFTS2, SC_STMO, SC_STMO2, SC_STXI, SC_STXI2, SC_SXR, SC_SXR2, "
CAVL463,L4B,MAD,ACCL:L4B:4630,L4B,,,,308,,SYMBOLS,A,AD_ACCEL,S08,,,LCAV,,CRYO,776.24207115,2546.725955,766.14702,2513.605709,,,,,,,,"	- NO SECTION -",,,,,,N,1.037743,1300,21.73913043,0,20.948472242164,1,,,,,,,,,,,,,,,,,,,,,,,,766.1470199,,,,,,,,,,,,,,,,,,,,,,,,,,,,,,ACCL:L4B%25,ACCL:%25,,,"SC_BSYD, SC_BSYD2, SC_DASEL, SC_DASEL2, SC_HXR, SC_HXR2, SC_S2_X, SC_S2_X2, SC_SFTS, SC_SFTS2, SC_STMO, SC_STMO2, SC_STXI, SC_STXI2, SC_SXR, SC_SXR2, "
CAVL464,L4B,MAD,ACCL:L4B:4640,L4B,,,,308,,SYMBOLS,A,AD_ACCEL,S08,,,LCAV,,CRYO,777.62567115,2551.265325,767.53062,2518.145079,,,,,,,,"	- NO SECTION -",,,,,,N,1.037743,1300,21.73913043,0,20.948472242164,1,,,,,,,,,,,,,,,,,,,,,,,,767.5306199,,,,,,,,,,,,,,,,,,,,,,,,,,,,,,ACCL:L4B%25,ACCL:%25,,,"SC_BSYD, SC_BSYD2, SC_DASEL, SC_DASEL2, SC_HXR, SC_HXR2, SC_S2_X, SC_S2_X2, SC_SFTS, SC_SFTS2, SC_STMO, SC_STMO2, SC_STXI, SC_STXI2, SC_SXR, SC_SXR2, "
CAVL465,L4B,MAD,ACCL:L4B:4650,L4B,,,,308,,SYMBOLS,A,AD_ACCEL,S08,,,LCAV,,CRYO,779.00927115,2555.804695,768.91422,2522.684449,,,,,,,,"	- NO SECTION -",,,,,,N,1.037744,1300,21.739130438,0,20.948452063322,1,,,,,,,,,,,,,,,,,,,,,,,,768.9142199,,,,,,,,,,,,,,,,,,,,,,,,,,,,,,ACCL:L4B%25,ACCL:%25,,,"SC_BSYD, SC_BSYD2, SC_DASEL, SC_DASEL2, SC_HXR, SC_HXR2, SC_S2_X, SC_S2_X2, SC_SFTS, SC_SFTS2, SC_STMO, SC_STMO2, SC_STXI, SC_STXI2, SC_SXR, SC_SXR2, "
CSP46,L4B,MAD,,L4B,,,,308,,SYMBOLS,A,AD_ACCEL,S08,,,INST,,,779.1496211,2556.265161,769.05457,2523.144915,,,,,,,,"	- NO SECTION -",,,,,,N,0,,,,,,,,,,,,,,,,,,,,,,,,,,,,,769.0545699,,,,,,,,,,,,,,,,,,,,,,,,,,,,,,%25,%25,,,"SC_BSYD, SC_BSYD2, SC_DASEL, SC_DASEL2, SC_HXR, SC_HXR2, SC_S2_X, SC_S2_X2, SC_SFTS, SC_SFTS2, SC_STMO, SC_STMO2, SC_STXI, SC_STXI2, SC_SXR, SC_SXR2, "
CAVL466,L4B,MAD,ACCL:L4B:4660,L4B,,,,308,,SYMBOLS,A,AD_ACCEL,S08,,,LCAV,,CRYO,780.39287115,2560.344065,770.29782,2527.223819,,,,,,,,"	- NO SECTION -",,,,,,N,1.037743,1300,21.73913043,0,20.948472242164,1,,,,,,,,,,,,,,,,,,,,,,,,770.2978199,,,,,,,,,,,,,,,,,,,,,,,,,,,,,,ACCL:L4B%25,ACCL:%25,,,"SC_BSYD, SC_BSYD2, SC_DASEL, SC_DASEL2, SC_HXR, SC_HXR2, SC_S2_X, SC_S2_X2, SC_SFTS, SC_SFTS2, SC_STMO, SC_STMO2, SC_STXI, SC_STXI2, SC_SXR, SC_SXR2, "
CAVL467,L4B,MAD,ACCL:L4B:4670,L4B,,,,308,,SYMBOLS,A,AD_ACCEL,S08,,,LCAV,,CRYO,781.77647115,2564.883436,771.68142,2531.763189,,,,,,,,"	- NO SECTION -",,,,,,N,1.037743,1300,21.73913043,0,20.948472242164,1,,,,,,,,,,,,,,,,,,,,,,,,771.6814199,,,,,,,,,,,,,,,,,,,,,,,,,,,,,,ACCL:L4B%25,ACCL:%25,,,"SC_BSYD, SC_BSYD2, SC_DASEL, SC_DASEL2, SC_HXR, SC_HXR2, SC_S2_X, SC_S2_X2, SC_SFTS, SC_SFTS2, SC_STMO, SC_STMO2, SC_STXI, SC_STXI2, SC_SXR, SC_SXR2, "
CAVL468,L4B,MAD,ACCL:L4B:4680,L4B,,,,308,,SYMBOLS,A,AD_ACCEL,S08,,,LCAV,,CRYO,783.16007115,2569.422806,773.06502,2536.302559,,,,,,,,"	- NO SECTION -",,,,,,N,1.037743,1300,21.73913043,0,20.948472242164,1,,,,,,,,,,,,,,,,,,,,,,,,773.0650199,,,,,,,,,,,,,,,,,,,,,,,,,,,,,,ACCL:L4B%25,ACCL:%25,,,"SC_BSYD, SC_BSYD2, SC_DASEL, SC_DASEL2, SC_HXR, SC_HXR2, SC_S2_X, SC_S2_X2, SC_SFTS, SC_SFTS2, SC_STMO, SC_STMO2, SC_STXI, SC_STXI2, SC_SXR, SC_SXR2, "
CMB46,L4B,MAD,BPMS:L4B:4683,L4B,,,,308,,SYMBOLS,A,AD_ACCEL,S08,,,BPM,,CRYO,783.9714611,2572.084846,773.87641,2538.9646,,,,,,,,"	- NO SECTION -",,,,,,N,0,,,,,,,,,,,,,,,,,,,,,,,,,,,,,773.8764099,,,,,,,,,,,,,,,,,,,,,,,,,,,,,,BPMS:L4B%25,BPMS:%25,,,"SC_BSYD, SC_BSYD2, SC_DASEL, SC_DASEL2, SC_HXR, SC_HXR2, SC_S2_X, SC_S2_X2, SC_SFTS, SC_SFTS2, SC_STMO, SC_STMO2, SC_STXI, SC_STXI2, SC_SXR, SC_SXR2, "
QCM46,L4B,MAD,QUAD:L4B:4685,L4B,,,,308,,SYMBOLS,A,AD_ACCEL,S08,,,QUAD,4846Q,CRYO,784.2359011,2572.952431,774.14085,2539.832185,,,,,,,,"	- NO SECTION -",,,,,,N,.23,,,,,,,,,,8.160347180567,-3.547977035029,,,,,,,,,,,,,,,,,,774.1408499,,,,,,,,,,,,,,,,,,,,,,,,,,,,,,QUAD:L4B%25,QUAD:%25,,,"SC_BSYD, SC_BSYD2, SC_DASEL, SC_DASEL2, SC_HXR, SC_HXR2, SC_S2_X, SC_S2_X2, SC_SFTS, SC_SFTS2, SC_STMO, SC_STMO2, SC_STXI, SC_STXI2, SC_SXR, SC_SXR2, "
XCM46,L4B,MAD,XCOR:L4B:4685,L4B,,,,308,,SYMBOLS,A,AD_ACCEL,S08,,,XCOR,4846X,CRYO,784.2359011,2572.952431,774.14085,2539.832185,,,,,,,,"	- NO SECTION -",,,,,,N,0,,,,,,,,,,,,,,,,,,,,,,,,,,,,,774.1408499,,,,,,,,,,,,,,,,,,,,,,,,,,,,,,XCOR:L4B%25,XCOR:%25,,,"SC_BSYD, SC_BSYD2, SC_DASEL, SC_DASEL2, SC_HXR, SC_HXR2, SC_S2_X, SC_S2_X2, SC_SFTS, SC_SFTS2, SC_STMO, SC_STMO2, SC_STXI, SC_STXI2, SC_SXR, SC_SXR2, "
YCM46,L4B,MAD,YCOR:L4B:4685,L4B,,,,308,,SYMBOLS,A,AD_ACCEL,S08,,,YCOR,4846Y,CRYO,784.2359011,2572.952431,774.14085,2539.832185,,,,,,,,"	- NO SECTION -",,,,,,N,0,,,,,,,,,,,,,,,,,,,,,,,,,,,,,774.1408499,,,,,,,,,,,,,,,,,,,,,,,,,,,,,,YCOR:L4B%25,YCOR:%25,,,"SC_BSYD, SC_BSYD2, SC_DASEL, SC_DASEL2, SC_HXR, SC_HXR2, SC_S2_X, SC_S2_X2, SC_SFTS, SC_SFTS2, SC_STMO, SC_STMO2, SC_STXI, SC_STXI2, SC_SXR, SC_SXR2, "
CAVL471,L4B,MAD,ACCL:L4B:4710,L4B,,,,308,,SYMBOLS,A,AD_ACCEL,S08,,,LCAV,,CRYO,785.69526115,2577.740358,775.60021,2544.620112,,,,,,,,"	- NO SECTION -",,,,,,N,1.037743,1300,21.73913043,0,20.948472242164,1,,,,,,,,,,,,,,,,,,,,,,,,775.6002099,,,,,,,,,,,,,,,,,,,,,,,,,,,,,,ACCL:L4B%25,ACCL:%25,,,"SC_BSYD, SC_BSYD2, SC_DASEL, SC_DASEL2, SC_HXR, SC_HXR2, SC_S2_X, SC_S2_X2, SC_SFTS, SC_SFTS2, SC_STMO, SC_STMO2, SC_STXI, SC_STXI2, SC_SXR, SC_SXR2, "
CAVL472,L4B,MAD,ACCL:L4B:4720,L4B,,,,308,,SYMBOLS,A,AD_ACCEL,S08,,,LCAV,,CRYO,787.07886115,2582.279728,776.98381,2549.159482,,,,,,,,"	- NO SECTION -",,,,,,N,1.037743,1300,21.73913043,0,20.948472242164,1,,,,,,,,,,,,,,,,,,,,,,,,776.9838099,,,,,,,,,,,,,,,,,,,,,,,,,,,,,,ACCL:L4B%25,ACCL:%25,,,"SC_BSYD, SC_BSYD2, SC_DASEL, SC_DASEL2, SC_HXR, SC_HXR2, SC_S2_X, SC_S2_X2, SC_SFTS, SC_SFTS2, SC_STMO, SC_STMO2, SC_STXI, SC_STXI2, SC_SXR, SC_SXR2, "
CAVL473,L4B,MAD,ACCL:L4B:4730,L4B,,,,308,,SYMBOLS,A,AD_ACCEL,S08,,,LCAV,,CRYO,788.46246115,2586.819098,778.36741,2553.698852,,,,,,,,"	- NO SECTION -",,,,,,N,1.037743,1300,21.73913043,0,20.948472242164,1,,,,,,,,,,,,,,,,,,,,,,,,778.3674099,,,,,,,,,,,,,,,,,,,,,,,,,,,,,,ACCL:L4B%25,ACCL:%25,,,"SC_BSYD, SC_BSYD2, SC_DASEL, SC_DASEL2, SC_HXR, SC_HXR2, SC_S2_X, SC_S2_X2, SC_SFTS, SC_SFTS2, SC_STMO, SC_STMO2, SC_STXI, SC_STXI2, SC_SXR, SC_SXR2, "
CAVL474,L4B,MAD,ACCL:L4B:4740,L4B,,,,308,,SYMBOLS,A,AD_ACCEL,S08,,,LCAV,,CRYO,789.84606115,2591.358468,779.75101,2558.238222,,,,,,,,"	- NO SECTION -",,,,,,N,1.037743,1300,21.73913043,0,20.948472242164,1,,,,,,,,,,,,,,,,,,,,,,,,779.7510099,,,,,,,,,,,,,,,,,,,,,,,,,,,,,,ACCL:L4B%25,ACCL:%25,,,"SC_BSYD, SC_BSYD2, SC_DASEL, SC_DASEL2, SC_HXR, SC_HXR2, SC_S2_X, SC_S2_X2, SC_SFTS, SC_SFTS2, SC_STMO, SC_STMO2, SC_STXI, SC_STXI2, SC_SXR, SC_SXR2, "
CAVL475,L4B,MAD,ACCL:L4B:4750,L4B,,,,308,,SYMBOLS,A,AD_ACCEL,S08,,,LCAV,,CRYO,791.22966115,2595.897838,781.13461,2562.777592,,,,,,,,"	- NO SECTION -",,,,,,N,1.037744,1300,21.739130438,0,20.948452063322,1,,,,,,,,,,,,,,,,,,,,,,,,781.1346099,,,,,,,,,,,,,,,,,,,,,,,,,,,,,,ACCL:L4B%25,ACCL:%25,,,"SC_BSYD, SC_BSYD2, SC_DASEL, SC_DASEL2, SC_HXR, SC_HXR2, SC_S2_X, SC_S2_X2, SC_SFTS, SC_SFTS2, SC_STMO, SC_STMO2, SC_STXI, SC_STXI2, SC_SXR, SC_SXR2, "
CSP47,L4B,MAD,,L4B,,,,308,,SYMBOLS,A,AD_ACCEL,S08,,,INST,,,791.3700111,2596.358304,781.27496,2563.238058,,,,,,,,"	- NO SECTION -",,,,,,N,0,,,,,,,,,,,,,,,,,,,,,,,,,,,,,781.2749599,,,,,,,,,,,,,,,,,,,,,,,,,,,,,,%25,%25,,,"SC_BSYD, SC_BSYD2, SC_DASEL, SC_DASEL2, SC_HXR, SC_HXR2, SC_S2_X, SC_S2_X2, SC_SFTS, SC_SFTS2, SC_STMO, SC_STMO2, SC_STXI, SC_STXI2, SC_SXR, SC_SXR2, "
CAVL476,L4B,MAD,ACCL:L4B:4760,L4B,,,,308,,SYMBOLS,A,AD_ACCEL,S08,,,LCAV,,CRYO,792.61326115,2600.437208,782.51821,2567.316962,,,,,,,,"	- NO SECTION -",,,,,,N,1.037743,1300,21.73913043,0,20.948472242164,1,,,,,,,,,,,,,,,,,,,,,,,,782.5182099,,,,,,,,,,,,,,,,,,,,,,,,,,,,,,ACCL:L4B%25,ACCL:%25,,,"SC_BSYD, SC_BSYD2, SC_DASEL, SC_DASEL2, SC_HXR, SC_HXR2, SC_S2_X, SC_S2_X2, SC_SFTS, SC_SFTS2, SC_STMO, SC_STMO2, SC_STXI, SC_STXI2, SC_SXR, SC_SXR2, "
CAVL477,L4B,MAD,ACCL:L4B:4770,L4B,,,,308,,SYMBOLS,A,AD_ACCEL,S08,,,LCAV,,CRYO,793.99686115,2604.976579,783.90181,2571.856332,,,,,,,,"	- NO SECTION -",,,,,,N,1.037743,1300,21.73913043,0,20.948472242164,1,,,,,,,,,,,,,,,,,,,,,,,,783.9018099,,,,,,,,,,,,,,,,,,,,,,,,,,,,,,ACCL:L4B%25,ACCL:%25,,,"SC_BSYD, SC_BSYD2, SC_DASEL, SC_DASEL2, SC_HXR, SC_HXR2, SC_S2_X, SC_S2_X2, SC_SFTS, SC_SFTS2, SC_STMO, SC_STMO2, SC_STXI, SC_STXI2, SC_SXR, SC_SXR2, "
CAVL478,L4B,MAD,ACCL:L4B:4780,L4B,,,,308,,SYMBOLS,A,AD_ACCEL,S08,,,LCAV,,CRYO,795.38046115,2609.515949,785.28541,2576.395702,,,,,,,,"	- NO SECTION -",,,,,,N,1.037743,1300,21.73913043,0,20.948472242164,1,,,,,,,,,,,,,,,,,,,,,,,,785.2854099,,,,,,,,,,,,,,,,,,,,,,,,,,,,,,ACCL:L4B%25,ACCL:%25,,,"SC_BSYD, SC_BSYD2, SC_DASEL, SC_DASEL2, SC_HXR, SC_HXR2, SC_S2_X, SC_S2_X2, SC_SFTS, SC_SFTS2, SC_STMO, SC_STMO2, SC_STXI, SC_STXI2, SC_SXR, SC_SXR2, "
CMB47,L4B,MAD,BPMS:L4B:4783,L4B,,,,308,,SYMBOLS,A,AD_ACCEL,S08,,,BPM,,CRYO,796.1918511,2612.177989,786.0968,2579.057743,,,,,,,,"	- NO SECTION -",,,,,,N,0,,,,,,,,,,,,,,,,,,,,,,,,,,,,,786.0967999,,,,,,,,,,,,,,,,,,,,,,,,,,,,,,BPMS:L4B%25,BPMS:%25,,,"SC_BSYD, SC_BSYD2, SC_DASEL, SC_DASEL2, SC_HXR, SC_HXR2, SC_S2_X, SC_S2_X2, SC_SFTS, SC_SFTS2, SC_STMO, SC_STMO2, SC_STXI, SC_STXI2, SC_SXR, SC_SXR2, "
QCM47,L4B,MAD,QUAD:L4B:4785,L4B,,,,308,,SYMBOLS,A,AD_ACCEL,S08,,,QUAD,4847Q,CRYO,796.4562911,2613.045574,786.36124,2579.925328,,,,,,,,"	- NO SECTION -",,,,,,N,.23,,,,,,,,,,-8.608057455301,3.742633676218,,,,,,,,,,,,,,,,,,786.3612399,,,,,,,,,,,,,,,,,,,,,,,,,,,,,,QUAD:L4B%25,QUAD:%25,,,"SC_BSYD, SC_BSYD2, SC_DASEL, SC_DASEL2, SC_HXR, SC_HXR2, SC_S2_X, SC_S2_X2, SC_SFTS, SC_SFTS2, SC_STMO, SC_STMO2, SC_STXI, SC_STXI2, SC_SXR, SC_SXR2, "
XCM47,L4B,MAD,XCOR:L4B:4785,L4B,,,,308,,SYMBOLS,A,AD_ACCEL,S08,,,XCOR,4847X,CRYO,796.4562911,2613.045574,786.36124,2579.925328,,,,,,,,"	- NO SECTION -",,,,,,N,0,,,,,,,,,,,,,,,,,,,,,,,,,,,,,786.3612399,,,,,,,,,,,,,,,,,,,,,,,,,,,,,,XCOR:L4B%25,XCOR:%25,,,"SC_BSYD, SC_BSYD2, SC_DASEL, SC_DASEL2, SC_HXR, SC_HXR2, SC_S2_X, SC_S2_X2, SC_SFTS, SC_SFTS2, SC_STMO, SC_STMO2, SC_STXI, SC_STXI2, SC_SXR, SC_SXR2, "
YCM47,L4B,MAD,YCOR:L4B:4785,L4B,,,,308,,SYMBOLS,A,AD_ACCEL,S08,,,YCOR,4847Y,CRYO,796.4562911,2613.045574,786.36124,2579.925328,,,,,,,,"	- NO SECTION -",,,,,,N,0,,,,,,,,,,,,,,,,,,,,,,,,,,,,,786.3612399,,,,,,,,,,,,,,,,,,,,,,,,,,,,,,YCOR:L4B%25,YCOR:%25,,,"SC_BSYD, SC_BSYD2, SC_DASEL, SC_DASEL2, SC_HXR, SC_HXR2, SC_S2_X, SC_S2_X2, SC_SFTS, SC_SFTS2, SC_STMO, SC_STMO2, SC_STXI, SC_STXI2, SC_SXR, SC_SXR2, "
CAVL481,L4B,MAD,ACCL:L4B:4810,L4B,,,,308,,SYMBOLS,A,AD_ACCEL,S08,,,LCAV,,CRYO,797.91565115,2617.833501,787.8206,2584.713255,,,,,,,,"	- NO SECTION -",,,,,,N,1.037743,1300,21.73913043,0,20.948472242164,1,,,,,,,,,,,,,,,,,,,,,,,,787.8205999,,,,,,,,,,,,,,,,,,,,,,,,,,,,,,ACCL:L4B%25,ACCL:%25,,,"SC_BSYD, SC_BSYD2, SC_DASEL, SC_DASEL2, SC_HXR, SC_HXR2, SC_S2_X, SC_S2_X2, SC_SFTS, SC_SFTS2, SC_STMO, SC_STMO2, SC_STXI, SC_STXI2, SC_SXR, SC_SXR2, "
CAVL482,L4B,MAD,ACCL:L4B:4820,L4B,,,,308,,SYMBOLS,A,AD_ACCEL,S08,,,LCAV,,CRYO,799.29925115,2622.372871,789.2042,2589.252625,,,,,,,,"	- NO SECTION -",,,,,,N,1.037743,1300,21.73913043,0,20.948472242164,1,,,,,,,,,,,,,,,,,,,,,,,,789.2041999,,,,,,,,,,,,,,,,,,,,,,,,,,,,,,ACCL:L4B%25,ACCL:%25,,,"SC_BSYD, SC_BSYD2, SC_DASEL, SC_DASEL2, SC_HXR, SC_HXR2, SC_S2_X, SC_S2_X2, SC_SFTS, SC_SFTS2, SC_STMO, SC_STMO2, SC_STXI, SC_STXI2, SC_SXR, SC_SXR2, "
CAVL483,L4B,MAD,ACCL:L4B:4830,L4B,,,,308,,SYMBOLS,A,AD_ACCEL,S08,,,LCAV,,CRYO,800.68285115,2626.912241,790.5878,2593.791995,,,,,,,,"	- NO SECTION -",,,,,,N,1.037743,1300,21.73913043,0,20.948472242164,1,,,,,,,,,,,,,,,,,,,,,,,,790.5877999,,,,,,,,,,,,,,,,,,,,,,,,,,,,,,ACCL:L4B%25,ACCL:%25,,,"SC_BSYD, SC_BSYD2, SC_DASEL, SC_DASEL2, SC_HXR, SC_HXR2, SC_S2_X, SC_S2_X2, SC_SFTS, SC_SFTS2, SC_STMO, SC_STMO2, SC_STXI, SC_STXI2, SC_SXR, SC_SXR2, "
CAVL484,L4B,MAD,ACCL:L4B:4840,L4B,,,,308,,SYMBOLS,A,AD_ACCEL,S08,,,LCAV,,CRYO,802.06645115,2631.451611,791.9714,2598.331365,,,,,,,,"	- NO SECTION -",,,,,,N,1.037743,1300,21.73913043,0,20.948472242164,1,,,,,,,,,,,,,,,,,,,,,,,,791.9713999,,,,,,,,,,,,,,,,,,,,,,,,,,,,,,ACCL:L4B%25,ACCL:%25,,,"SC_BSYD, SC_BSYD2, SC_DASEL, SC_DASEL2, SC_HXR, SC_HXR2, SC_S2_X, SC_S2_X2, SC_SFTS, SC_SFTS2, SC_STMO, SC_STMO2, SC_STXI, SC_STXI2, SC_SXR, SC_SXR2, "
CAVL485,L4B,MAD,ACCL:L4B:4850,L4B,,,,308,,SYMBOLS,A,AD_ACCEL,S08,,,LCAV,,CRYO,803.45005115,2635.990981,793.355,2602.870735,,,,,,,,"	- NO SECTION -",,,,,,N,1.037744,1300,21.739130438,0,20.948452063322,1,,,,,,,,,,,,,,,,,,,,,,,,793.3549999,,,,,,,,,,,,,,,,,,,,,,,,,,,,,,ACCL:L4B%25,ACCL:%25,,,"SC_BSYD, SC_BSYD2, SC_DASEL, SC_DASEL2, SC_HXR, SC_HXR2, SC_S2_X, SC_S2_X2, SC_SFTS, SC_SFTS2, SC_STMO, SC_STMO2, SC_STXI, SC_STXI2, SC_SXR, SC_SXR2, "
CSP48,L4B,MAD,,L4B,,,,308,,SYMBOLS,A,AD_ACCEL,S08,,,INST,,,803.5904011,2636.451447,793.49535,2603.331201,,,,,,,,"	- NO SECTION -",,,,,,N,0,,,,,,,,,,,,,,,,,,,,,,,,,,,,,793.4953499,,,,,,,,,,,,,,,,,,,,,,,,,,,,,,%25,%25,,,"SC_BSYD, SC_BSYD2, SC_DASEL, SC_DASEL2, SC_HXR, SC_HXR2, SC_S2_X, SC_S2_X2, SC_SFTS, SC_SFTS2, SC_STMO, SC_STMO2, SC_STXI, SC_STXI2, SC_SXR, SC_SXR2, "
CAVL486,L4B,MAD,ACCL:L4B:4860,L4B,,,,308,,SYMBOLS,A,AD_ACCEL,S08,,,LCAV,,CRYO,804.83365115,2640.530352,794.7386,2607.410105,,,,,,,,"	- NO SECTION -",,,,,,N,1.037743,1300,21.73913043,0,20.948472242164,1,,,,,,,,,,,,,,,,,,,,,,,,794.7385999,,,,,,,,,,,,,,,,,,,,,,,,,,,,,,ACCL:L4B%25,ACCL:%25,,,"SC_BSYD, SC_BSYD2, SC_DASEL, SC_DASEL2, SC_HXR, SC_HXR2, SC_S2_X, SC_S2_X2, SC_SFTS, SC_SFTS2, SC_STMO, SC_STMO2, SC_STXI, SC_STXI2, SC_SXR, SC_SXR2, "
CAVL487,L4B,MAD,ACCL:L4B:4870,L4B,,,,308,,SYMBOLS,A,AD_ACCEL,S08,,,LCAV,,CRYO,806.21725115,2645.069722,796.1222,2611.949475,,,,,,,,"	- NO SECTION -",,,,,,N,1.037743,1300,21.73913043,0,20.948472242164,1,,,,,,,,,,,,,,,,,,,,,,,,796.1221999,,,,,,,,,,,,,,,,,,,,,,,,,,,,,,ACCL:L4B%25,ACCL:%25,,,"SC_BSYD, SC_BSYD2, SC_DASEL, SC_DASEL2, SC_HXR, SC_HXR2, SC_S2_X, SC_S2_X2, SC_SFTS, SC_SFTS2, SC_STMO, SC_STMO2, SC_STXI, SC_STXI2, SC_SXR, SC_SXR2, "
CAVL488,L4B,MAD,ACCL:L4B:4880,L4B,,,,308,,SYMBOLS,A,AD_ACCEL,S08,,,LCAV,,CRYO,807.60085115,2649.609092,797.5058,2616.488845,,,,,,,,"	- NO SECTION -",,,,,,N,1.037743,1300,21.73913043,0,20.948472242164,1,,,,,,,,,,,,,,,,,,,,,,,,797.5057999,,,,,,,,,,,,,,,,,,,,,,,,,,,,,,ACCL:L4B%25,ACCL:%25,,,"SC_BSYD, SC_BSYD2, SC_DASEL, SC_DASEL2, SC_HXR, SC_HXR2, SC_S2_X, SC_S2_X2, SC_SFTS, SC_SFTS2, SC_STMO, SC_STMO2, SC_STXI, SC_STXI2, SC_SXR, SC_SXR2, "
CMB48,L4B,MAD,BPMS:L4B:4883,L4B,,,,308,,SYMBOLS,A,AD_ACCEL,S08,,,BPM,,CRYO,808.4122411,2652.271132,798.31719,2619.150886,,,,,,,,"	- NO SECTION -",,,,,,N,0,,,,,,,,,,,,,,,,,,,,,,,,,,,,,798.3171899,,,,,,,,,,,,,,,,,,,,,,,,,,,,,,BPMS:L4B%25,BPMS:%25,,,"SC_BSYD, SC_BSYD2, SC_DASEL, SC_DASEL2, SC_HXR, SC_HXR2, SC_S2_X, SC_S2_X2, SC_SFTS, SC_SFTS2, SC_STMO, SC_STMO2, SC_STXI, SC_STXI2, SC_SXR, SC_SXR2, "
QCM48,L4B,MAD,QUAD:L4B:4885,L4B,,,,308,,SYMBOLS,A,AD_ACCEL,S08,,,QUAD,4848Q,CRYO,808.6766811,2653.138718,798.58163,2620.018471,,,,,,,,"	- NO SECTION -",,,,,,N,.23,,,,,,,,,,8.494489664365,-3.693256375811,,,,,,,,,,,,,,,,,,798.5816299,,,,,,,,,,,,,,,,,,,,,,,,,,,,,,QUAD:L4B%25,QUAD:%25,,,"SC_BSYD, SC_BSYD2, SC_DASEL, SC_DASEL2, SC_HXR, SC_HXR2, SC_S2_X, SC_S2_X2, SC_SFTS, SC_SFTS2, SC_STMO, SC_STMO2, SC_STXI, SC_STXI2, SC_SXR, SC_SXR2, "
XCM48,L4B,MAD,XCOR:L4B:4885,L4B,,,,308,,SYMBOLS,A,AD_ACCEL,S08,,,XCOR,4848X,CRYO,808.6766811,2653.138718,798.58163,2620.018471,,,,,,,,"	- NO SECTION -",,,,,,N,0,,,,,,,,,,,,,,,,,,,,,,,,,,,,,798.5816299,,,,,,,,,,,,,,,,,,,,,,,,,,,,,,XCOR:L4B%25,XCOR:%25,,,"SC_BSYD, SC_BSYD2, SC_DASEL, SC_DASEL2, SC_HXR, SC_HXR2, SC_S2_X, SC_S2_X2, SC_SFTS, SC_SFTS2, SC_STMO, SC_STMO2, SC_STXI, SC_STXI2, SC_SXR, SC_SXR2, "
YCM48,L4B,MAD,YCOR:L4B:4885,L4B,,,,308,,SYMBOLS,A,AD_ACCEL,S08,,,YCOR,4848Y,CRYO,808.6766811,2653.138718,798.58163,2620.018471,,,,,,,,"	- NO SECTION -",,,,,,N,0,,,,,,,,,,,,,,,,,,,,,,,,,,,,,798.5816299,,,,,,,,,,,,,,,,,,,,,,,,,,,,,,YCOR:L4B%25,YCOR:%25,,,"SC_BSYD, SC_BSYD2, SC_DASEL, SC_DASEL2, SC_HXR, SC_HXR2, SC_S2_X, SC_S2_X2, SC_SFTS, SC_SFTS2, SC_STMO, SC_STMO2, SC_STXI, SC_STXI2, SC_SXR, SC_SXR2, "
CAVL491,L4B,MAD,ACCL:L4B:4910,L4B,,,,308,,SYMBOLS,A,AD_ACCEL,S08,,,LCAV,,CRYO,812.68535115,2666.290522,802.5903,2633.170276,,,,,,,,"	- NO SECTION -",,,,,,N,1.037743,1300,21.73913043,0,20.948472242164,1,,,,,,,,,,,,,,,,,,,,,,,,802.5902999,,,,,,,,,,,,,,,,,,,,,,,,,,,,,,ACCL:L4B%25,ACCL:%25,,,"SC_BSYD, SC_BSYD2, SC_DASEL, SC_DASEL2, SC_HXR, SC_HXR2, SC_S2_X, SC_S2_X2, SC_SFTS, SC_SFTS2, SC_STMO, SC_STMO2, SC_STXI, SC_STXI2, SC_SXR, SC_SXR2, "
CAVL492,L4B,MAD,ACCL:L4B:4920,L4B,,,,308,,SYMBOLS,A,AD_ACCEL,S08,,,LCAV,,CRYO,814.06895115,2670.829892,803.9739,2637.709646,,,,,,,,"	- NO SECTION -",,,,,,N,1.037743,1300,21.73913043,0,20.948472242164,1,,,,,,,,,,,,,,,,,,,,,,,,803.9738999,,,,,,,,,,,,,,,,,,,,,,,,,,,,,,ACCL:L4B%25,ACCL:%25,,,"SC_BSYD, SC_BSYD2, SC_DASEL, SC_DASEL2, SC_HXR, SC_HXR2, SC_S2_X, SC_S2_X2, SC_SFTS, SC_SFTS2, SC_STMO, SC_STMO2, SC_STXI, SC_STXI2, SC_SXR, SC_SXR2, "
CAVL493,L4B,MAD,ACCL:L4B:4930,L4B,,,,308,,SYMBOLS,A,AD_ACCEL,S08,,,LCAV,,CRYO,815.45255115,2675.369262,805.3575,2642.249016,,,,,,,,"	- NO SECTION -",,,,,,N,1.037743,1300,21.73913043,0,20.948472242164,1,,,,,,,,,,,,,,,,,,,,,,,,805.3574999,,,,,,,,,,,,,,,,,,,,,,,,,,,,,,ACCL:L4B%25,ACCL:%25,,,"SC_BSYD, SC_BSYD2, SC_DASEL, SC_DASEL2, SC_HXR, SC_HXR2, SC_S2_X, SC_S2_X2, SC_SFTS, SC_SFTS2, SC_STMO, SC_STMO2, SC_STXI, SC_STXI2, SC_SXR, SC_SXR2, "
CAVL494,L4B,MAD,ACCL:L4B:4940,L4B,,,,308,,SYMBOLS,A,AD_ACCEL,S08,,,LCAV,,CRYO,816.83615115,2679.908632,806.7411,2646.788386,,,,,,,,"	- NO SECTION -",,,,,,N,1.037743,1300,21.73913043,0,20.948472242164,1,,,,,,,,,,,,,,,,,,,,,,,,806.7410999,,,,,,,,,,,,,,,,,,,,,,,,,,,,,,ACCL:L4B%25,ACCL:%25,,,"SC_BSYD, SC_BSYD2, SC_DASEL, SC_DASEL2, SC_HXR, SC_HXR2, SC_S2_X, SC_S2_X2, SC_SFTS, SC_SFTS2, SC_STMO, SC_STMO2, SC_STXI, SC_STXI2, SC_SXR, SC_SXR2, "
CAVL495,L4B,MAD,ACCL:L4B:4950,L4B,,,,308,,SYMBOLS,A,AD_ACCEL,S08,,,LCAV,,CRYO,818.21975115,2684.448002,808.1247,2651.327756,,,,,,,,"	- NO SECTION -",,,,,,N,1.037744,1300,21.739130438,0,20.948452063322,1,,,,,,,,,,,,,,,,,,,,,,,,808.1246999,,,,,,,,,,,,,,,,,,,,,,,,,,,,,,ACCL:L4B%25,ACCL:%25,,,"SC_BSYD, SC_BSYD2, SC_DASEL, SC_DASEL2, SC_HXR, SC_HXR2, SC_S2_X, SC_S2_X2, SC_SFTS, SC_SFTS2, SC_STMO, SC_STMO2, SC_STXI, SC_STXI2, SC_SXR, SC_SXR2, "
CSP49,L4B,MAD,,L4B,,,,308,,SYMBOLS,A,AD_ACCEL,S08,,,INST,,,818.3601011,2684.908468,808.26505,2651.788222,,,,,,,,"	- NO SECTION -",,,,,,N,0,,,,,,,,,,,,,,,,,,,,,,,,,,,,,808.2650499,,,,,,,,,,,,,,,,,,,,,,,,,,,,,,%25,%25,,,"SC_BSYD, SC_BSYD2, SC_DASEL, SC_DASEL2, SC_HXR, SC_HXR2, SC_S2_X, SC_S2_X2, SC_SFTS, SC_SFTS2, SC_STMO, SC_STMO2, SC_STXI, SC_STXI2, SC_SXR, SC_SXR2, "
CAVL496,L4B,MAD,ACCL:L4B:4960,L4B,,,,308,,SYMBOLS,A,AD_ACCEL,S08,,,LCAV,,CRYO,819.60335115,2688.987373,809.5083,2655.867126,,,,,,,,"	- NO SECTION -",,,,,,N,1.037743,1300,21.73913043,0,20.948472242164,1,,,,,,,,,,,,,,,,,,,,,,,,809.5082999,,,,,,,,,,,,,,,,,,,,,,,,,,,,,,ACCL:L4B%25,ACCL:%25,,,"SC_BSYD, SC_BSYD2, SC_DASEL, SC_DASEL2, SC_HXR, SC_HXR2, SC_S2_X, SC_S2_X2, SC_SFTS, SC_SFTS2, SC_STMO, SC_STMO2, SC_STXI, SC_STXI2, SC_SXR, SC_SXR2, "
CAVL497,L4B,MAD,ACCL:L4B:4970,L4B,,,,308,,SYMBOLS,A,AD_ACCEL,S08,,,LCAV,,CRYO,820.98695115,2693.526743,810.8919,2660.406496,,,,,,,,"	- NO SECTION -",,,,,,N,1.037743,1300,21.73913043,0,20.948472242164,1,,,,,,,,,,,,,,,,,,,,,,,,810.8918999,,,,,,,,,,,,,,,,,,,,,,,,,,,,,,ACCL:L4B%25,ACCL:%25,,,"SC_BSYD, SC_BSYD2, SC_DASEL, SC_DASEL2, SC_HXR, SC_HXR2, SC_S2_X, SC_S2_X2, SC_SFTS, SC_SFTS2, SC_STMO, SC_STMO2, SC_STXI, SC_STXI2, SC_SXR, SC_SXR2, "
CAVL498,L4B,MAD,ACCL:L4B:4980,L4B,,,,308,,SYMBOLS,A,AD_ACCEL,S08,,,LCAV,,CRYO,822.37055115,2698.066113,812.2755,2664.945866,,,,,,,,"	- NO SECTION -",,,,,,N,1.037743,1300,21.73913043,0,20.948472242164,1,,,,,,,,,,,,,,,,,,,,,,,,812.2754999,,,,,,,,,,,,,,,,,,,,,,,,,,,,,,ACCL:L4B%25,ACCL:%25,,,"SC_BSYD, SC_BSYD2, SC_DASEL, SC_DASEL2, SC_HXR, SC_HXR2, SC_S2_X, SC_S2_X2, SC_SFTS, SC_SFTS2, SC_STMO, SC_STMO2, SC_STXI, SC_STXI2, SC_SXR, SC_SXR2, "
CMB49,L4B,MAD,BPMS:L4B:4983,L4B,,,,308,,SYMBOLS,A,AD_ACCEL,NULL,,,BPM,,CRYO,823.1819411,2700.728153,813.08689,2667.607907,,,,,,,,"	- NO SECTION -",,,,,,N,0,,,,,,,,,,,,,,,,,,,,,,,,,,,,,813.0868899,,,,,,,,,,,,,,,,,,,,,,,,,,,,,,BPMS:L4B%25,BPMS:%25,,,"SC_BSYD, SC_BSYD2, SC_DASEL, SC_DASEL2, SC_HXR, SC_HXR2, SC_S2_X, SC_S2_X2, SC_SFTS, SC_SFTS2, SC_STMO, SC_STMO2, SC_STXI, SC_STXI2, SC_SXR, SC_SXR2, "
QCM49,L4B,MAD,QUAD:L4B:4985,L4B,,,,308,,SYMBOLS,A,AD_ACCEL,NULL,,,QUAD,4849Q,CRYO,823.4463811,2701.595739,813.35133,2668.475492,,,,,,,,"	- NO SECTION -",,,,,,N,.23,,,,,,,,,,-8.797878827237,3.825164707494,,,,,,,,,,,,,,,,,,813.3513299,,,,,,,,,,,,,,,,,,,,,,,,,,,,,,QUAD:L4B%25,QUAD:%25,,,"SC_BSYD, SC_BSYD2, SC_DASEL, SC_DASEL2, SC_HXR, SC_HXR2, SC_S2_X, SC_S2_X2, SC_SFTS, SC_SFTS2, SC_STMO, SC_STMO2, SC_STXI, SC_STXI2, SC_SXR, SC_SXR2, "
XCM49,L4B,MAD,XCOR:L4B:4985,L4B,,,,308,,SYMBOLS,A,AD_ACCEL,NULL,,,XCOR,4849X,CRYO,823.4463811,2701.595739,813.35133,2668.475492,,,,,,,,"	- NO SECTION -",,,,,,N,0,,,,,,,,,,,,,,,,,,,,,,,,,,,,,813.3513299,,,,,,,,,,,,,,,,,,,,,,,,,,,,,,XCOR:L4B%25,XCOR:%25,,,"SC_BSYD, SC_BSYD2, SC_DASEL, SC_DASEL2, SC_HXR, SC_HXR2, SC_S2_X, SC_S2_X2, SC_SFTS, SC_SFTS2, SC_STMO, SC_STMO2, SC_STXI, SC_STXI2, SC_SXR, SC_SXR2, "
YCM49,L4B,MAD,YCOR:L4B:4985,L4B,,,,308,,SYMBOLS,A,AD_ACCEL,NULL,,,YCOR,4849Y,CRYO,823.4463811,2701.595739,813.35133,2668.475492,,,,,,,,"	- NO SECTION -",,,,,,N,0,,,,,,,,,,,,,,,,,,,,,,,,,,,,,813.3513299,,,,,,,,,,,,,,,,,,,,,,,,,,,,,,YCOR:L4B%25,YCOR:%25,,,"SC_BSYD, SC_BSYD2, SC_DASEL, SC_DASEL2, SC_HXR, SC_HXR2, SC_S2_X, SC_S2_X2, SC_SFTS, SC_SFTS2, SC_STMO, SC_STMO2, SC_STXI, SC_STXI2, SC_SXR, SC_SXR2, "
CAVL501,L4B,MAD,ACCL:L4B:5010,L4B,,,,308,,SYMBOLS,A,AD_ACCEL,NULL,,,LCAV,,CRYO,824.90574115,2706.383665,814.81069,2673.263419,,,,,,,,"	- NO SECTION -",,,,,,N,1.037743,1300,21.73913043,0,20.948472242164,1,,,,,,,,,,,,,,,,,,,,,,,,814.8106899,,,,,,,,,,,,,,,,,,,,,,,,,,,,,,ACCL:L4B%25,ACCL:%25,,,"SC_BSYD, SC_BSYD2, SC_DASEL, SC_DASEL2, SC_HXR, SC_HXR2, SC_S2_X, SC_S2_X2, SC_SFTS, SC_SFTS2, SC_STMO, SC_STMO2, SC_STXI, SC_STXI2, SC_SXR, SC_SXR2, "
CAVL502,L4B,MAD,ACCL:L4B:5020,L4B,,,,308,,SYMBOLS,A,AD_ACCEL,NULL,,,LCAV,,CRYO,826.28934115,2710.923035,816.19429,2677.802789,,,,,,,,"	- NO SECTION -",,,,,,N,1.037743,1300,21.73913043,0,20.948472242164,1,,,,,,,,,,,,,,,,,,,,,,,,816.1942899,,,,,,,,,,,,,,,,,,,,,,,,,,,,,,ACCL:L4B%25,ACCL:%25,,,"SC_BSYD, SC_BSYD2, SC_DASEL, SC_DASEL2, SC_HXR, SC_HXR2, SC_S2_X, SC_S2_X2, SC_SFTS, SC_SFTS2, SC_STMO, SC_STMO2, SC_STXI, SC_STXI2, SC_SXR, SC_SXR2, "
CAVL503,L4B,MAD,ACCL:L4B:5030,L4B,,,,308,,SYMBOLS,A,AD_ACCEL,NULL,,,LCAV,,CRYO,827.67294115,2715.462405,817.57789,2682.342159,,,,,,,,"	- NO SECTION -",,,,,,N,1.037743,1300,21.73913043,0,20.948472242164,1,,,,,,,,,,,,,,,,,,,,,,,,817.5778899,,,,,,,,,,,,,,,,,,,,,,,,,,,,,,ACCL:L4B%25,ACCL:%25,,,"SC_BSYD, SC_BSYD2, SC_DASEL, SC_DASEL2, SC_HXR, SC_HXR2, SC_S2_X, SC_S2_X2, SC_SFTS, SC_SFTS2, SC_STMO, SC_STMO2, SC_STXI, SC_STXI2, SC_SXR, SC_SXR2, "
CAVL504,L4B,MAD,ACCL:L4B:5040,L4B,,,,308,,SYMBOLS,A,AD_ACCEL,NULL,,,LCAV,,CRYO,829.05654115,2720.001775,818.96149,2686.881529,,,,,,,,"	- NO SECTION -",,,,,,N,1.037743,1300,21.73913043,0,20.948472242164,1,,,,,,,,,,,,,,,,,,,,,,,,818.9614899,,,,,,,,,,,,,,,,,,,,,,,,,,,,,,ACCL:L4B%25,ACCL:%25,,,"SC_BSYD, SC_BSYD2, SC_DASEL, SC_DASEL2, SC_HXR, SC_HXR2, SC_S2_X, SC_S2_X2, SC_SFTS, SC_SFTS2, SC_STMO, SC_STMO2, SC_STXI, SC_STXI2, SC_SXR, SC_SXR2, "
CAVL505,L4B,MAD,ACCL:L4B:5050,L4B,,,,308,,SYMBOLS,A,AD_ACCEL,NULL,,,LCAV,,CRYO,830.44014115,2724.541146,820.34509,2691.420899,,,,,,,,"	- NO SECTION -",,,,,,N,1.037744,1300,21.739130438,0,20.948452063322,1,,,,,,,,,,,,,,,,,,,,,,,,820.3450899,,,,,,,,,,,,,,,,,,,,,,,,,,,,,,ACCL:L4B%25,ACCL:%25,,,"SC_BSYD, SC_BSYD2, SC_DASEL, SC_DASEL2, SC_HXR, SC_HXR2, SC_S2_X, SC_S2_X2, SC_SFTS, SC_SFTS2, SC_STMO, SC_STMO2, SC_STXI, SC_STXI2, SC_SXR, SC_SXR2, "
CSP50,L4B,MAD,,L4B,,,,308,,SYMBOLS,A,AD_ACCEL,NULL,,,INST,,,830.5804911,2725.001611,820.48544,2691.881365,,,,,,,,"	- NO SECTION -",,,,,,N,0,,,,,,,,,,,,,,,,,,,,,,,,,,,,,820.4854399,,,,,,,,,,,,,,,,,,,,,,,,,,,,,,%25,%25,,,"SC_BSYD, SC_BSYD2, SC_DASEL, SC_DASEL2, SC_HXR, SC_HXR2, SC_S2_X, SC_S2_X2, SC_SFTS, SC_SFTS2, SC_STMO, SC_STMO2, SC_STXI, SC_STXI2, SC_SXR, SC_SXR2, "
CAVL506,L4B,MAD,ACCL:L4B:5060,L4B,,,,308,,SYMBOLS,A,AD_ACCEL,NULL,,,LCAV,,CRYO,831.82374115,2729.080516,821.72869,2695.960269,,,,,,,,"	- NO SECTION -",,,,,,N,1.037743,1300,21.73913043,0,20.948472242164,1,,,,,,,,,,,,,,,,,,,,,,,,821.7286899,,,,,,,,,,,,,,,,,,,,,,,,,,,,,,ACCL:L4B%25,ACCL:%25,,,"SC_BSYD, SC_BSYD2, SC_DASEL, SC_DASEL2, SC_HXR, SC_HXR2, SC_S2_X, SC_S2_X2, SC_SFTS, SC_SFTS2, SC_STMO, SC_STMO2, SC_STXI, SC_STXI2, SC_SXR, SC_SXR2, "
CAVL507,L4B,MAD,ACCL:L4B:5070,L4B,,,,308,,SYMBOLS,A,AD_ACCEL,NULL,,,LCAV,,CRYO,833.20734115,2733.619886,823.11229,2700.499639,,,,,,,,"	- NO SECTION -",,,,,,N,1.037743,1300,21.73913043,0,20.948472242164,1,,,,,,,,,,,,,,,,,,,,,,,,823.1122899,,,,,,,,,,,,,,,,,,,,,,,,,,,,,,ACCL:L4B%25,ACCL:%25,,,"SC_BSYD, SC_BSYD2, SC_DASEL, SC_DASEL2, SC_HXR, SC_HXR2, SC_S2_X, SC_S2_X2, SC_SFTS, SC_SFTS2, SC_STMO, SC_STMO2, SC_STXI, SC_STXI2, SC_SXR, SC_SXR2, "
CAVL508,L4B,MAD,ACCL:L4B:5080,L4B,,,,308,,SYMBOLS,A,AD_ACCEL,NULL,,,LCAV,,CRYO,834.59094115,2738.159256,824.49589,2705.039009,,,,,,,,"	- NO SECTION -",,,,,,N,1.037743,1300,21.73913043,0,20.948472242164,1,,,,,,,,,,,,,,,,,,,,,,,,824.4958899,,,,,,,,,,,,,,,,,,,,,,,,,,,,,,ACCL:L4B%25,ACCL:%25,,,"SC_BSYD, SC_BSYD2, SC_DASEL, SC_DASEL2, SC_HXR, SC_HXR2, SC_S2_X, SC_S2_X2, SC_SFTS, SC_SFTS2, SC_STMO, SC_STMO2, SC_STXI, SC_STXI2, SC_SXR, SC_SXR2, "
CMB50,L4B,MAD,BPMS:L4B:5083,L4B,,,,308,,SYMBOLS,A,AD_ACCEL,NULL,,,BPM,,CRYO,835.4023311,2740.821296,825.30728,2707.70105,,,,,,,,"	- NO SECTION -",,,,,,N,0,,,,,,,,,,,,,,,,,,,,,,,,,,,,,825.3072799,,,,,,,,,,,,,,,,,,,,,,,,,,,,,,BPMS:L4B%25,BPMS:%25,,,"SC_BSYD, SC_BSYD2, SC_DASEL, SC_DASEL2, SC_HXR, SC_HXR2, SC_S2_X, SC_S2_X2, SC_SFTS, SC_SFTS2, SC_STMO, SC_STMO2, SC_STXI, SC_STXI2, SC_SXR, SC_SXR2, "
QCM50,L4B,MAD,QUAD:L4B:5085,L4B,,,,308,,SYMBOLS,A,AD_ACCEL,NULL,,,QUAD,4850Q,CRYO,835.6667711,2741.688882,825.57172,2708.568635,,,,,,,,"	- NO SECTION -",,,,,,N,.23,,,,,,,,,,9.471356005297,-4.117980871868,,,,,,,,,,,,,,,,,,825.5717199,,,,,,,,,,,,,,,,,,,,,,,,,,,,,,QUAD:L4B%25,QUAD:%25,,,"SC_BSYD, SC_BSYD2, SC_DASEL, SC_DASEL2, SC_HXR, SC_HXR2, SC_S2_X, SC_S2_X2, SC_SFTS, SC_SFTS2, SC_STMO, SC_STMO2, SC_STXI, SC_STXI2, SC_SXR, SC_SXR2, "
XCM50,L4B,MAD,XCOR:L4B:5085,L4B,,,,308,,SYMBOLS,A,AD_ACCEL,NULL,,,XCOR,4850X,CRYO,835.6667711,2741.688882,825.57172,2708.568635,,,,,,,,"	- NO SECTION -",,,,,,N,0,,,,,,,,,,,,,,,,,,,,,,,,,,,,,825.5717199,,,,,,,,,,,,,,,,,,,,,,,,,,,,,,XCOR:L4B%25,XCOR:%25,,,"SC_BSYD, SC_BSYD2, SC_DASEL, SC_DASEL2, SC_HXR, SC_HXR2, SC_S2_X, SC_S2_X2, SC_SFTS, SC_SFTS2, SC_STMO, SC_STMO2, SC_STXI, SC_STXI2, SC_SXR, SC_SXR2, "
YCM50,L4B,MAD,YCOR:L4B:5085,L4B,,,,308,,SYMBOLS,A,AD_ACCEL,NULL,,,YCOR,4850Y,CRYO,835.6667711,2741.688882,825.57172,2708.568635,,,,,,,,"	- NO SECTION -",,,,,,N,0,,,,,,,,,,,,,,,,,,,,,,,,,,,,,825.5717199,,,,,,,,,,,,,,,,,,,,,,,,,,,,,,YCOR:L4B%25,YCOR:%25,,,"SC_BSYD, SC_BSYD2, SC_DASEL, SC_DASEL2, SC_HXR, SC_HXR2, SC_S2_X, SC_S2_X2, SC_SFTS, SC_SFTS2, SC_STMO, SC_STMO2, SC_STXI, SC_STXI2, SC_SXR, SC_SXR2, "
CAVL511,L4B,MAD,ACCL:L4B:5110,L4B,,,,308,,SYMBOLS,A,AD_ACCEL,NULL,,,LCAV,,CRYO,837.12613115,2746.476808,827.03108,2713.356562,,,,,,,,"	- NO SECTION -",,,,,,N,1.037743,1300,21.73913043,0,20.948472242164,1,,,,,,,,,,,,,,,,,,,,,,,,827.0310799,,,,,,,,,,,,,,,,,,,,,,,,,,,,,,ACCL:L4B%25,ACCL:%25,,,"SC_BSYD, SC_BSYD2, SC_DASEL, SC_DASEL2, SC_HXR, SC_HXR2, SC_S2_X, SC_S2_X2, SC_SFTS, SC_SFTS2, SC_STMO, SC_STMO2, SC_STXI, SC_STXI2, SC_SXR, SC_SXR2, "
CAVL512,L4B,MAD,ACCL:L4B:5120,L4B,,,,308,,SYMBOLS,A,AD_ACCEL,NULL,,,LCAV,,CRYO,838.50973115,2751.016178,828.41468,2717.895932,,,,,,,,"	- NO SECTION -",,,,,,N,1.037743,1300,21.73913043,0,20.948472242164,1,,,,,,,,,,,,,,,,,,,,,,,,828.4146799,,,,,,,,,,,,,,,,,,,,,,,,,,,,,,ACCL:L4B%25,ACCL:%25,,,"SC_BSYD, SC_BSYD2, SC_DASEL, SC_DASEL2, SC_HXR, SC_HXR2, SC_S2_X, SC_S2_X2, SC_SFTS, SC_SFTS2, SC_STMO, SC_STMO2, SC_STXI, SC_STXI2, SC_SXR, SC_SXR2, "
CAVL513,L4B,MAD,ACCL:L4B:5130,L4B,,,,308,,SYMBOLS,A,AD_ACCEL,NULL,,,LCAV,,CRYO,839.89333115,2755.555548,829.79828,2722.435302,,,,,,,,"	- NO SECTION -",,,,,,N,1.037743,1300,21.73913043,0,20.948472242164,1,,,,,,,,,,,,,,,,,,,,,,,,829.7982799,,,,,,,,,,,,,,,,,,,,,,,,,,,,,,ACCL:L4B%25,ACCL:%25,,,"SC_BSYD, SC_BSYD2, SC_DASEL, SC_DASEL2, SC_HXR, SC_HXR2, SC_S2_X, SC_S2_X2, SC_SFTS, SC_SFTS2, SC_STMO, SC_STMO2, SC_STXI, SC_STXI2, SC_SXR, SC_SXR2, "
CAVL514,L4B,MAD,ACCL:L4B:5140,L4B,,,,308,,SYMBOLS,A,AD_ACCEL,NULL,,,LCAV,,CRYO,841.27693115,2760.094918,831.18188,2726.974672,,,,,,,,"	- NO SECTION -",,,,,,N,1.037743,1300,21.73913043,0,20.948472242164,1,,,,,,,,,,,,,,,,,,,,,,,,831.1818799,,,,,,,,,,,,,,,,,,,,,,,,,,,,,,ACCL:L4B%25,ACCL:%25,,,"SC_BSYD, SC_BSYD2, SC_DASEL, SC_DASEL2, SC_HXR, SC_HXR2, SC_S2_X, SC_S2_X2, SC_SFTS, SC_SFTS2, SC_STMO, SC_STMO2, SC_STXI, SC_STXI2, SC_SXR, SC_SXR2, "
CAVL515,L4B,MAD,ACCL:L4B:5150,L4B,,,,308,,SYMBOLS,A,AD_ACCEL,NULL,,,LCAV,,CRYO,842.66053115,2764.634289,832.56548,2731.514042,,,,,,,,"	- NO SECTION -",,,,,,N,1.037744,1300,21.739130438,0,20.948452063322,1,,,,,,,,,,,,,,,,,,,,,,,,832.5654799,,,,,,,,,,,,,,,,,,,,,,,,,,,,,,ACCL:L4B%25,ACCL:%25,,,"SC_BSYD, SC_BSYD2, SC_DASEL, SC_DASEL2, SC_HXR, SC_HXR2, SC_S2_X, SC_S2_X2, SC_SFTS, SC_SFTS2, SC_STMO, SC_STMO2, SC_STXI, SC_STXI2, SC_SXR, SC_SXR2, "
CSP51,L4B,MAD,,L4B,,,,308,,SYMBOLS,A,AD_ACCEL,NULL,,,INST,,,842.8008811,2765.094754,832.70583,2731.974508,,,,,,,,"	- NO SECTION -",,,,,,N,0,,,,,,,,,,,,,,,,,,,,,,,,,,,,,832.7058299,,,,,,,,,,,,,,,,,,,,,,,,,,,,,,%25,%25,,,"SC_BSYD, SC_BSYD2, SC_DASEL, SC_DASEL2, SC_HXR, SC_HXR2, SC_S2_X, SC_S2_X2, SC_SFTS, SC_SFTS2, SC_STMO, SC_STMO2, SC_STXI, SC_STXI2, SC_SXR, SC_SXR2, "
CAVL516,L4B,MAD,ACCL:L4B:5160,L4B,,,,308,,SYMBOLS,A,AD_ACCEL,NULL,,,LCAV,,CRYO,844.04413115,2769.173659,833.94908,2736.053412,,,,,,,,"	- NO SECTION -",,,,,,N,1.037743,1300,21.73913043,0,20.948472242164,1,,,,,,,,,,,,,,,,,,,,,,,,833.9490799,,,,,,,,,,,,,,,,,,,,,,,,,,,,,,ACCL:L4B%25,ACCL:%25,,,"SC_BSYD, SC_BSYD2, SC_DASEL, SC_DASEL2, SC_HXR, SC_HXR2, SC_S2_X, SC_S2_X2, SC_SFTS, SC_SFTS2, SC_STMO, SC_STMO2, SC_STXI, SC_STXI2, SC_SXR, SC_SXR2, "
CAVL517,L4B,MAD,ACCL:L4B:5170,L4B,,,,308,,SYMBOLS,A,AD_ACCEL,NULL,,,LCAV,,CRYO,845.42773115,2773.713029,835.33268,2740.592782,,,,,,,,"	- NO SECTION -",,,,,,N,1.037743,1300,21.73913043,0,20.948472242164,1,,,,,,,,,,,,,,,,,,,,,,,,835.3326799,,,,,,,,,,,,,,,,,,,,,,,,,,,,,,ACCL:L4B%25,ACCL:%25,,,"SC_BSYD, SC_BSYD2, SC_DASEL, SC_DASEL2, SC_HXR, SC_HXR2, SC_S2_X, SC_S2_X2, SC_SFTS, SC_SFTS2, SC_STMO, SC_STMO2, SC_STXI, SC_STXI2, SC_SXR, SC_SXR2, "
CAVL518,L4B,MAD,ACCL:L4B:5180,L4B,,,,308,,SYMBOLS,A,AD_ACCEL,NULL,,,LCAV,,CRYO,846.81133115,2778.252399,836.71628,2745.132152,,,,,,,,"	- NO SECTION -",,,,,,N,1.037743,1300,21.73913043,0,20.948472242164,1,,,,,,,,,,,,,,,,,,,,,,,,836.7162799,,,,,,,,,,,,,,,,,,,,,,,,,,,,,,ACCL:L4B%25,ACCL:%25,,,"SC_BSYD, SC_BSYD2, SC_DASEL, SC_DASEL2, SC_HXR, SC_HXR2, SC_S2_X, SC_S2_X2, SC_SFTS, SC_SFTS2, SC_STMO, SC_STMO2, SC_STXI, SC_STXI2, SC_SXR, SC_SXR2, "
CMB51,L4B,MAD,BPMS:L4B:5183,L4B,,,,308,,SYMBOLS,A,AD_ACCEL,NULL,,,BPM,,CRYO,847.6227211,2780.914439,837.52767,2747.794193,,,,,,,,"	- NO SECTION -",,,,,,N,0,,,,,,,,,,,,,,,,,,,,,,,,,,,,,837.5276699,,,,,,,,,,,,,,,,,,,,,,,,,,,,,,BPMS:L4B%25,BPMS:%25,,,"SC_BSYD, SC_BSYD2, SC_DASEL, SC_DASEL2, SC_HXR, SC_HXR2, SC_S2_X, SC_S2_X2, SC_SFTS, SC_SFTS2, SC_STMO, SC_STMO2, SC_STXI, SC_STXI2, SC_SXR, SC_SXR2, "
QCM51,L4B,MAD,QUAD:L4B:5185,L4B,,,,308,,SYMBOLS,A,AD_ACCEL,NULL,,,QUAD,4851Q,CRYO,847.8871611,2781.782025,837.79211,2748.661778,,,,,,,,"	- NO SECTION -",,,,,,N,.23,,,,,,,,,,-9.3967634286,4.085549316783,,,,,,,,,,,,,,,,,,837.7921099,,,,,,,,,,,,,,,,,,,,,,,,,,,,,,QUAD:L4B%25,QUAD:%25,,,"SC_BSYD, SC_BSYD2, SC_DASEL, SC_DASEL2, SC_HXR, SC_HXR2, SC_S2_X, SC_S2_X2, SC_SFTS, SC_SFTS2, SC_STMO, SC_STMO2, SC_STXI, SC_STXI2, SC_SXR, SC_SXR2, "
XCM51,L4B,MAD,XCOR:L4B:5185,L4B,,,,308,,SYMBOLS,A,AD_ACCEL,NULL,,,XCOR,4851X,CRYO,847.8871611,2781.782025,837.79211,2748.661778,,,,,,,,"	- NO SECTION -",,,,,,N,0,,,,,,,,,,,,,,,,,,,,,,,,,,,,,837.7921099,,,,,,,,,,,,,,,,,,,,,,,,,,,,,,XCOR:L4B%25,XCOR:%25,,,"SC_BSYD, SC_BSYD2, SC_DASEL, SC_DASEL2, SC_HXR, SC_HXR2, SC_S2_X, SC_S2_X2, SC_SFTS, SC_SFTS2, SC_STMO, SC_STMO2, SC_STXI, SC_STXI2, SC_SXR, SC_SXR2, "
YCM51,L4B,MAD,YCOR:L4B:5185,L4B,,,,308,,SYMBOLS,A,AD_ACCEL,NULL,,,YCOR,4851Y,CRYO,847.8871611,2781.782025,837.79211,2748.661778,,,,,,,,"	- NO SECTION -",,,,,,N,0,,,,,,,,,,,,,,,,,,,,,,,,,,,,,837.7921099,,,,,,,,,,,,,,,,,,,,,,,,,,,,,,YCOR:L4B%25,YCOR:%25,,,"SC_BSYD, SC_BSYD2, SC_DASEL, SC_DASEL2, SC_HXR, SC_HXR2, SC_S2_X, SC_S2_X2, SC_SFTS, SC_SFTS2, SC_STMO, SC_STMO2, SC_STXI, SC_STXI2, SC_SXR, SC_SXR2, "
CAVL521,L4B,MAD,ACCL:L4B:5210,L4B,,,,308,,SYMBOLS,A,AD_ACCEL,NULL,,,LCAV,,CRYO,849.34652115,2786.569951,839.25147,2753.449705,,,,,,,,"	- NO SECTION -",,,,,,N,1.037743,1300,21.73913043,0,20.948472242164,1,,,,,,,,,,,,,,,,,,,,,,,,839.2514699,,,,,,,,,,,,,,,,,,,,,,,,,,,,,,ACCL:L4B%25,ACCL:%25,,,"SC_BSYD, SC_BSYD2, SC_DASEL, SC_DASEL2, SC_HXR, SC_HXR2, SC_S2_X, SC_S2_X2, SC_SFTS, SC_SFTS2, SC_STMO, SC_STMO2, SC_STXI, SC_STXI2, SC_SXR, SC_SXR2, "
CAVL522,L4B,MAD,ACCL:L4B:5220,L4B,,,,308,,SYMBOLS,A,AD_ACCEL,NULL,,,LCAV,,CRYO,850.73012115,2791.109321,840.63507,2757.989075,,,,,,,,"	- NO SECTION -",,,,,,N,1.037743,1300,21.73913043,0,20.948472242164,1,,,,,,,,,,,,,,,,,,,,,,,,840.6350699,,,,,,,,,,,,,,,,,,,,,,,,,,,,,,ACCL:L4B%25,ACCL:%25,,,"SC_BSYD, SC_BSYD2, SC_DASEL, SC_DASEL2, SC_HXR, SC_HXR2, SC_S2_X, SC_S2_X2, SC_SFTS, SC_SFTS2, SC_STMO, SC_STMO2, SC_STXI, SC_STXI2, SC_SXR, SC_SXR2, "
CAVL523,L4B,MAD,ACCL:L4B:5230,L4B,,,,308,,SYMBOLS,A,AD_ACCEL,NULL,,,LCAV,,CRYO,852.11372115,2795.648691,842.01867,2762.528445,,,,,,,,"	- NO SECTION -",,,,,,N,1.037743,1300,21.73913043,0,20.948472242164,1,,,,,,,,,,,,,,,,,,,,,,,,842.0186699,,,,,,,,,,,,,,,,,,,,,,,,,,,,,,ACCL:L4B%25,ACCL:%25,,,"SC_BSYD, SC_BSYD2, SC_DASEL, SC_DASEL2, SC_HXR, SC_HXR2, SC_S2_X, SC_S2_X2, SC_SFTS, SC_SFTS2, SC_STMO, SC_STMO2, SC_STXI, SC_STXI2, SC_SXR, SC_SXR2, "
CAVL524,L4B,MAD,ACCL:L4B:5240,L4B,,,,308,,SYMBOLS,A,AD_ACCEL,NULL,,,LCAV,,CRYO,853.49732115,2800.188062,843.40227,2767.067815,,,,,,,,"	- NO SECTION -",,,,,,N,1.037743,1300,21.73913043,0,20.948472242164,1,,,,,,,,,,,,,,,,,,,,,,,,843.4022699,,,,,,,,,,,,,,,,,,,,,,,,,,,,,,ACCL:L4B%25,ACCL:%25,,,"SC_BSYD, SC_BSYD2, SC_DASEL, SC_DASEL2, SC_HXR, SC_HXR2, SC_S2_X, SC_S2_X2, SC_SFTS, SC_SFTS2, SC_STMO, SC_STMO2, SC_STXI, SC_STXI2, SC_SXR, SC_SXR2, "
CAVL525,L4B,MAD,ACCL:L4B:5250,L4B,,,,308,,SYMBOLS,A,AD_ACCEL,NULL,,,LCAV,,CRYO,854.88092115,2804.727432,844.78587,2771.607185,,,,,,,,"	- NO SECTION -",,,,,,N,1.037744,1300,21.739130438,0,20.948452063322,1,,,,,,,,,,,,,,,,,,,,,,,,844.7858699,,,,,,,,,,,,,,,,,,,,,,,,,,,,,,ACCL:L4B%25,ACCL:%25,,,"SC_BSYD, SC_BSYD2, SC_DASEL, SC_DASEL2, SC_HXR, SC_HXR2, SC_S2_X, SC_S2_X2, SC_SFTS, SC_SFTS2, SC_STMO, SC_STMO2, SC_STXI, SC_STXI2, SC_SXR, SC_SXR2, "
CSP52,L4B,MAD,,L4B,,,,308,,SYMBOLS,A,AD_ACCEL,NULL,,,INST,,,855.0212711,2805.187897,844.92622,2772.067651,,,,,,,,"	- NO SECTION -",,,,,,N,0,,,,,,,,,,,,,,,,,,,,,,,,,,,,,844.9262199,,,,,,,,,,,,,,,,,,,,,,,,,,,,,,%25,%25,,,"SC_BSYD, SC_BSYD2, SC_DASEL, SC_DASEL2, SC_HXR, SC_HXR2, SC_S2_X, SC_S2_X2, SC_SFTS, SC_SFTS2, SC_STMO, SC_STMO2, SC_STXI, SC_STXI2, SC_SXR, SC_SXR2, "
CAVL526,L4B,MAD,ACCL:L4B:5260,L4B,,,,308,,SYMBOLS,A,AD_ACCEL,NULL,,,LCAV,,CRYO,856.26452115,2809.266802,846.16947,2776.146555,,,,,,,,"	- NO SECTION -",,,,,,N,1.037743,1300,21.73913043,0,20.948472242164,1,,,,,,,,,,,,,,,,,,,,,,,,846.1694699,,,,,,,,,,,,,,,,,,,,,,,,,,,,,,ACCL:L4B%25,ACCL:%25,,,"SC_BSYD, SC_BSYD2, SC_DASEL, SC_DASEL2, SC_HXR, SC_HXR2, SC_S2_X, SC_S2_X2, SC_SFTS, SC_SFTS2, SC_STMO, SC_STMO2, SC_STXI, SC_STXI2, SC_SXR, SC_SXR2, "
CAVL527,L4B,MAD,ACCL:L4B:5270,L4B,,,,308,,SYMBOLS,A,AD_ACCEL,NULL,,,LCAV,,CRYO,857.64812115,2813.806172,847.55307,2780.685925,,,,,,,,"	- NO SECTION -",,,,,,N,1.037743,1300,21.73913043,0,20.948472242164,1,,,,,,,,,,,,,,,,,,,,,,,,847.5530699,,,,,,,,,,,,,,,,,,,,,,,,,,,,,,ACCL:L4B%25,ACCL:%25,,,"SC_BSYD, SC_BSYD2, SC_DASEL, SC_DASEL2, SC_HXR, SC_HXR2, SC_S2_X, SC_S2_X2, SC_SFTS, SC_SFTS2, SC_STMO, SC_STMO2, SC_STXI, SC_STXI2, SC_SXR, SC_SXR2, "
CAVL528,L4B,MAD,ACCL:L4B:5280,L4B,,,,308,,SYMBOLS,A,AD_ACCEL,NULL,,,LCAV,,CRYO,859.03172115,2818.345542,848.93667,2785.225295,,,,,,,,"	- NO SECTION -",,,,,,N,1.037743,1300,21.73913043,0,20.948472242164,1,,,,,,,,,,,,,,,,,,,,,,,,848.9366699,,,,,,,,,,,,,,,,,,,,,,,,,,,,,,ACCL:L4B%25,ACCL:%25,,,"SC_BSYD, SC_BSYD2, SC_DASEL, SC_DASEL2, SC_HXR, SC_HXR2, SC_S2_X, SC_S2_X2, SC_SFTS, SC_SFTS2, SC_STMO, SC_STMO2, SC_STXI, SC_STXI2, SC_SXR, SC_SXR2, "
CMB52,L4B,MAD,BPMS:L4B:5283,L4B,,,,308,,SYMBOLS,A,AD_ACCEL,NULL,,,BPM,,CRYO,859.8431111,2821.007582,849.74806,2787.887336,,,,,,,,"	- NO SECTION -",,,,,,N,0,,,,,,,,,,,,,,,,,,,,,,,,,,,,,849.7480599,,,,,,,,,,,,,,,,,,,,,,,,,,,,,,BPMS:L4B%25,BPMS:%25,,,"SC_BSYD, SC_BSYD2, SC_DASEL, SC_DASEL2, SC_HXR, SC_HXR2, SC_S2_X, SC_S2_X2, SC_SFTS, SC_SFTS2, SC_STMO, SC_STMO2, SC_STXI, SC_STXI2, SC_SXR, SC_SXR2, "
QCM52,L4B,MAD,QUAD:L4B:5285,L4B,,,,308,,SYMBOLS,A,AD_ACCEL,NULL,,,QUAD,4852Q,CRYO,860.1075511,2821.875168,850.0125,2788.754921,,,,,,,,"	- NO SECTION -",,,,,,N,.23,,,,,,,,,,9.644046678929,-4.193063773447,,,,,,,,,,,,,,,,,,850.0124999,,,,,,,,,,,,,,,,,,,,,,,,,,,,,,QUAD:L4B%25,QUAD:%25,,,"SC_BSYD, SC_BSYD2, SC_DASEL, SC_DASEL2, SC_HXR, SC_HXR2, SC_S2_X, SC_S2_X2, SC_SFTS, SC_SFTS2, SC_STMO, SC_STMO2, SC_STXI, SC_STXI2, SC_SXR, SC_SXR2, "
XCM52,L4B,MAD,XCOR:L4B:5285,L4B,,,,308,,SYMBOLS,A,AD_ACCEL,NULL,,,XCOR,4852X,CRYO,860.1075511,2821.875168,850.0125,2788.754921,,,,,,,,"	- NO SECTION -",,,,,,N,0,,,,,,,,,,,,,,,,,,,,,,,,,,,,,850.0124999,,,,,,,,,,,,,,,,,,,,,,,,,,,,,,XCOR:L4B%25,XCOR:%25,,,"SC_BSYD, SC_BSYD2, SC_DASEL, SC_DASEL2, SC_HXR, SC_HXR2, SC_S2_X, SC_S2_X2, SC_SFTS, SC_SFTS2, SC_STMO, SC_STMO2, SC_STXI, SC_STXI2, SC_SXR, SC_SXR2, "
YCM52,L4B,MAD,YCOR:L4B:5285,L4B,,,,308,,SYMBOLS,A,AD_ACCEL,NULL,,,YCOR,4852Y,CRYO,860.1075511,2821.875168,850.0125,2788.754921,,,,,,,,"	- NO SECTION -",,,,,,N,0,,,,,,,,,,,,,,,,,,,,,,,,,,,,,850.0124999,,,,,,,,,,,,,,,,,,,,,,,,,,,,,,YCOR:L4B%25,YCOR:%25,,,"SC_BSYD, SC_BSYD2, SC_DASEL, SC_DASEL2, SC_HXR, SC_HXR2, SC_S2_X, SC_S2_X2, SC_SFTS, SC_SFTS2, SC_STMO, SC_STMO2, SC_STXI, SC_STXI2, SC_SXR, SC_SXR2, "
CAVL531,L4B,MAD,ACCL:L4B:5310,L4B,,,,308,,SYMBOLS,A,AD_ACCEL,NULL,,,LCAV,,CRYO,861.56691115,2826.663094,851.47186,2793.542848,,,,,,,,"	- NO SECTION -",,,,,,N,1.037743,1300,21.73913043,0,20.948472242164,1,,,,,,,,,,,,,,,,,,,,,,,,851.4718599,,,,,,,,,,,,,,,,,,,,,,,,,,,,,,ACCL:L4B%25,ACCL:%25,,,"SC_BSYD, SC_BSYD2, SC_DASEL, SC_DASEL2, SC_HXR, SC_HXR2, SC_S2_X, SC_S2_X2, SC_SFTS, SC_SFTS2, SC_STMO, SC_STMO2, SC_STXI, SC_STXI2, SC_SXR, SC_SXR2, "
CAVL532,L4B,MAD,ACCL:L4B:5320,L4B,,,,308,,SYMBOLS,A,AD_ACCEL,NULL,,,LCAV,,CRYO,862.95051115,2831.202464,852.85546,2798.082218,,,,,,,,"	- NO SECTION -",,,,,,N,1.037743,1300,21.73913043,0,20.948472242164,1,,,,,,,,,,,,,,,,,,,,,,,,852.8554599,,,,,,,,,,,,,,,,,,,,,,,,,,,,,,ACCL:L4B%25,ACCL:%25,,,"SC_BSYD, SC_BSYD2, SC_DASEL, SC_DASEL2, SC_HXR, SC_HXR2, SC_S2_X, SC_S2_X2, SC_SFTS, SC_SFTS2, SC_STMO, SC_STMO2, SC_STXI, SC_STXI2, SC_SXR, SC_SXR2, "
CAVL533,L4B,MAD,ACCL:L4B:5330,L4B,,,,308,,SYMBOLS,A,AD_ACCEL,NULL,,,LCAV,,CRYO,864.33411115,2835.741834,854.23906,2802.621588,,,,,,,,"	- NO SECTION -",,,,,,N,1.037743,1300,21.73913043,0,20.948472242164,1,,,,,,,,,,,,,,,,,,,,,,,,854.2390599,,,,,,,,,,,,,,,,,,,,,,,,,,,,,,ACCL:L4B%25,ACCL:%25,,,"SC_BSYD, SC_BSYD2, SC_DASEL, SC_DASEL2, SC_HXR, SC_HXR2, SC_S2_X, SC_S2_X2, SC_SFTS, SC_SFTS2, SC_STMO, SC_STMO2, SC_STXI, SC_STXI2, SC_SXR, SC_SXR2, "
CAVL534,L4B,MAD,ACCL:L4B:5340,L4B,,,,308,,SYMBOLS,A,AD_ACCEL,NULL,,,LCAV,,CRYO,865.71771115,2840.281205,855.62266,2807.160958,,,,,,,,"	- NO SECTION -",,,,,,N,1.037743,1300,21.73913043,0,20.948472242164,1,,,,,,,,,,,,,,,,,,,,,,,,855.6226599,,,,,,,,,,,,,,,,,,,,,,,,,,,,,,ACCL:L4B%25,ACCL:%25,,,"SC_BSYD, SC_BSYD2, SC_DASEL, SC_DASEL2, SC_HXR, SC_HXR2, SC_S2_X, SC_S2_X2, SC_SFTS, SC_SFTS2, SC_STMO, SC_STMO2, SC_STXI, SC_STXI2, SC_SXR, SC_SXR2, "
CAVL535,L4B,MAD,ACCL:L4B:5350,L4B,,,,308,,SYMBOLS,A,AD_ACCEL,NULL,,,LCAV,,CRYO,867.10131115,2844.820575,857.00626,2811.700328,,,,,,,,"	- NO SECTION -",,,,,,N,1.037744,1300,21.739130438,0,20.948452063322,1,,,,,,,,,,,,,,,,,,,,,,,,857.0062599,,,,,,,,,,,,,,,,,,,,,,,,,,,,,,ACCL:L4B%25,ACCL:%25,,,"SC_BSYD, SC_BSYD2, SC_DASEL, SC_DASEL2, SC_HXR, SC_HXR2, SC_S2_X, SC_S2_X2, SC_SFTS, SC_SFTS2, SC_STMO, SC_STMO2, SC_STXI, SC_STXI2, SC_SXR, SC_SXR2, "
CSP53,L4B,MAD,,L4B,,,,308,,SYMBOLS,A,AD_ACCEL,NULL,,,INST,,,867.2416611,2845.28104,857.14661,2812.160794,,,,,,,,"	- NO SECTION -",,,,,,N,0,,,,,,,,,,,,,,,,,,,,,,,,,,,,,857.1466099,,,,,,,,,,,,,,,,,,,,,,,,,,,,,,%25,%25,,,"SC_BSYD, SC_BSYD2, SC_DASEL, SC_DASEL2, SC_HXR, SC_HXR2, SC_S2_X, SC_S2_X2, SC_SFTS, SC_SFTS2, SC_STMO, SC_STMO2, SC_STXI, SC_STXI2, SC_SXR, SC_SXR2, "
CAVL536,L4B,MAD,ACCL:L4B:5360,L4B,,,,308,,SYMBOLS,A,AD_ACCEL,NULL,,,LCAV,,CRYO,868.48491115,2849.359945,858.38986,2816.239698,,,,,,,,"	- NO SECTION -",,,,,,N,1.037743,1300,21.73913043,0,20.948472242164,1,,,,,,,,,,,,,,,,,,,,,,,,858.3898599,,,,,,,,,,,,,,,,,,,,,,,,,,,,,,ACCL:L4B%25,ACCL:%25,,,"SC_BSYD, SC_BSYD2, SC_DASEL, SC_DASEL2, SC_HXR, SC_HXR2, SC_S2_X, SC_S2_X2, SC_SFTS, SC_SFTS2, SC_STMO, SC_STMO2, SC_STXI, SC_STXI2, SC_SXR, SC_SXR2, "
CAVL537,L4B,MAD,ACCL:L4B:5370,L4B,,,,308,,SYMBOLS,A,AD_ACCEL,NULL,,,LCAV,,CRYO,869.86851115,2853.899315,859.77346,2820.779068,,,,,,,,"	- NO SECTION -",,,,,,N,1.037743,1300,21.73913043,0,20.948472242164,1,,,,,,,,,,,,,,,,,,,,,,,,859.7734599,,,,,,,,,,,,,,,,,,,,,,,,,,,,,,ACCL:L4B%25,ACCL:%25,,,"SC_BSYD, SC_BSYD2, SC_DASEL, SC_DASEL2, SC_HXR, SC_HXR2, SC_S2_X, SC_S2_X2, SC_SFTS, SC_SFTS2, SC_STMO, SC_STMO2, SC_STXI, SC_STXI2, SC_SXR, SC_SXR2, "
CAVL538,L4B,MAD,ACCL:L4B:5380,L4B,,,,308,,SYMBOLS,A,AD_ACCEL,NULL,,,LCAV,,CRYO,871.25211115,2858.438685,861.15706,2825.318438,,,,,,,,"	- NO SECTION -",,,,,,N,1.037743,1300,21.73913043,0,20.948472242164,1,,,,,,,,,,,,,,,,,,,,,,,,861.1570599,,,,,,,,,,,,,,,,,,,,,,,,,,,,,,ACCL:L4B%25,ACCL:%25,,,"SC_BSYD, SC_BSYD2, SC_DASEL, SC_DASEL2, SC_HXR, SC_HXR2, SC_S2_X, SC_S2_X2, SC_SFTS, SC_SFTS2, SC_STMO, SC_STMO2, SC_STXI, SC_STXI2, SC_SXR, SC_SXR2, "
CMB53,L4B,MAD,BPMS:L4B:5383,L4B,,,,308,,SYMBOLS,A,AD_ACCEL,NULL,,,BPM,,CRYO,872.0635011,2861.100725,861.96845,2827.980479,,,,,,,,"	- NO SECTION -",,,,,,N,0,,,,,,,,,,,,,,,,,,,,,,,,,,,,,861.9684499,,,,,,,,,,,,,,,,,,,,,,,,,,,,,,BPMS:L4B%25,BPMS:%25,,,"SC_BSYD, SC_BSYD2, SC_DASEL, SC_DASEL2, SC_HXR, SC_HXR2, SC_S2_X, SC_S2_X2, SC_SFTS, SC_SFTS2, SC_STMO, SC_STMO2, SC_STXI, SC_STXI2, SC_SXR, SC_SXR2, "
QCM53,L4B,MAD,QUAD:L4B:5385,L4B,,,,308,,SYMBOLS,A,AD_ACCEL,NULL,,,QUAD,4853Q,CRYO,872.3279411,2861.968311,862.23289,2828.848064,,,,,,,,"	- NO SECTION -",,,,,,N,.23,,,,,,,,,,-9.8913299278,4.300578229478,,,,,,,,,,,,,,,,,,862.2328899,,,,,,,,,,,,,,,,,,,,,,,,,,,,,,QUAD:L4B%25,QUAD:%25,,,"SC_BSYD, SC_BSYD2, SC_DASEL, SC_DASEL2, SC_HXR, SC_HXR2, SC_S2_X, SC_S2_X2, SC_SFTS, SC_SFTS2, SC_STMO, SC_STMO2, SC_STXI, SC_STXI2, SC_SXR, SC_SXR2, "
XCM53,L4B,MAD,XCOR:L4B:5385,L4B,,,,308,,SYMBOLS,A,AD_ACCEL,NULL,,,XCOR,4853X,CRYO,872.3279411,2861.968311,862.23289,2828.848064,,,,,,,,"	- NO SECTION -",,,,,,N,0,,,,,,,,,,,,,,,,,,,,,,,,,,,,,862.2328899,,,,,,,,,,,,,,,,,,,,,,,,,,,,,,XCOR:L4B%25,XCOR:%25,,,"SC_BSYD, SC_BSYD2, SC_DASEL, SC_DASEL2, SC_HXR, SC_HXR2, SC_S2_X, SC_S2_X2, SC_SFTS, SC_SFTS2, SC_STMO, SC_STMO2, SC_STXI, SC_STXI2, SC_SXR, SC_SXR2, "
YCM53,L4B,MAD,YCOR:L4B:5385,L4B,,,,308,,SYMBOLS,A,AD_ACCEL,NULL,,,YCOR,4853Y,CRYO,872.3279411,2861.968311,862.23289,2828.848064,,,,,,,,"	- NO SECTION -",,,,,,N,0,,,,,,,,,,,,,,,,,,,,,,,,,,,,,862.2328899,,,,,,,,,,,,,,,,,,,,,,,,,,,,,,YCOR:L4B%25,YCOR:%25,,,"SC_BSYD, SC_BSYD2, SC_DASEL, SC_DASEL2, SC_HXR, SC_HXR2, SC_S2_X, SC_S2_X2, SC_SFTS, SC_SFTS2, SC_STMO, SC_STMO2, SC_STXI, SC_STXI2, SC_SXR, SC_SXR2, "
CAVL541,L4B,MAD,ACCL:L4B:5410,L4B,,,,308,,SYMBOLS,A,AD_ACCEL,NULL,,,LCAV,,CRYO,873.78730115,2866.756237,863.69225,2833.635991,,,,,,,,"	- NO SECTION -",,,,,,N,1.037743,1300,21.73913043,0,20.948472242164,1,,,,,,,,,,,,,,,,,,,,,,,,863.6922499,,,,,,,,,,,,,,,,,,,,,,,,,,,,,,ACCL:L4B%25,ACCL:%25,,,"SC_BSYD, SC_BSYD2, SC_DASEL, SC_DASEL2, SC_HXR, SC_HXR2, SC_S2_X, SC_S2_X2, SC_SFTS, SC_SFTS2, SC_STMO, SC_STMO2, SC_STXI, SC_STXI2, SC_SXR, SC_SXR2, "
CAVL542,L4B,MAD,ACCL:L4B:5420,L4B,,,,308,,SYMBOLS,A,AD_ACCEL,NULL,,,LCAV,,CRYO,875.17090115,2871.295607,865.07585,2838.175361,,,,,,,,"	- NO SECTION -",,,,,,N,1.037743,1300,21.73913043,0,20.948472242164,1,,,,,,,,,,,,,,,,,,,,,,,,865.0758499,,,,,,,,,,,,,,,,,,,,,,,,,,,,,,ACCL:L4B%25,ACCL:%25,,,"SC_BSYD, SC_BSYD2, SC_DASEL, SC_DASEL2, SC_HXR, SC_HXR2, SC_S2_X, SC_S2_X2, SC_SFTS, SC_SFTS2, SC_STMO, SC_STMO2, SC_STXI, SC_STXI2, SC_SXR, SC_SXR2, "
CAVL543,L4B,MAD,ACCL:L4B:5430,L4B,,,,308,,SYMBOLS,A,AD_ACCEL,NULL,,,LCAV,,CRYO,876.55450115,2875.834978,866.45945,2842.714731,,,,,,,,"	- NO SECTION -",,,,,,N,1.037743,1300,21.73913043,0,20.948472242164,1,,,,,,,,,,,,,,,,,,,,,,,,866.4594499,,,,,,,,,,,,,,,,,,,,,,,,,,,,,,ACCL:L4B%25,ACCL:%25,,,"SC_BSYD, SC_BSYD2, SC_DASEL, SC_DASEL2, SC_HXR, SC_HXR2, SC_S2_X, SC_S2_X2, SC_SFTS, SC_SFTS2, SC_STMO, SC_STMO2, SC_STXI, SC_STXI2, SC_SXR, SC_SXR2, "
CAVL544,L4B,MAD,ACCL:L4B:5440,L4B,,,,308,,SYMBOLS,A,AD_ACCEL,NULL,,,LCAV,,CRYO,877.93810115,2880.374348,867.84305,2847.254101,,,,,,,,"	- NO SECTION -",,,,,,N,1.037743,1300,21.73913043,0,20.948472242164,1,,,,,,,,,,,,,,,,,,,,,,,,867.8430499,,,,,,,,,,,,,,,,,,,,,,,,,,,,,,ACCL:L4B%25,ACCL:%25,,,"SC_BSYD, SC_BSYD2, SC_DASEL, SC_DASEL2, SC_HXR, SC_HXR2, SC_S2_X, SC_S2_X2, SC_SFTS, SC_SFTS2, SC_STMO, SC_STMO2, SC_STXI, SC_STXI2, SC_SXR, SC_SXR2, "
CAVL545,L4B,MAD,ACCL:L4B:5450,L4B,,,,308,,SYMBOLS,A,AD_ACCEL,NULL,,,LCAV,,CRYO,879.32170115,2884.913718,869.22665,2851.793471,,,,,,,,"	- NO SECTION -",,,,,,N,1.037744,1300,21.739130438,0,20.948452063322,1,,,,,,,,,,,,,,,,,,,,,,,,869.2266499,,,,,,,,,,,,,,,,,,,,,,,,,,,,,,ACCL:L4B%25,ACCL:%25,,,"SC_BSYD, SC_BSYD2, SC_DASEL, SC_DASEL2, SC_HXR, SC_HXR2, SC_S2_X, SC_S2_X2, SC_SFTS, SC_SFTS2, SC_STMO, SC_STMO2, SC_STXI, SC_STXI2, SC_SXR, SC_SXR2, "
CSP54,L4B,MAD,,L4B,,,,308,,SYMBOLS,A,AD_ACCEL,NULL,,,INST,,,879.4620511,2885.374183,869.367,2852.253937,,,,,,,,"	- NO SECTION -",,,,,,N,0,,,,,,,,,,,,,,,,,,,,,,,,,,,,,869.3669999,,,,,,,,,,,,,,,,,,,,,,,,,,,,,,%25,%25,,,"SC_BSYD, SC_BSYD2, SC_DASEL, SC_DASEL2, SC_HXR, SC_HXR2, SC_S2_X, SC_S2_X2, SC_SFTS, SC_SFTS2, SC_STMO, SC_STMO2, SC_STXI, SC_STXI2, SC_SXR, SC_SXR2, "
CAVL546,L4B,MAD,ACCL:L4B:5460,L4B,,,,308,,SYMBOLS,A,AD_ACCEL,NULL,,,LCAV,,CRYO,880.70530115,2889.453088,870.61025,2856.332841,,,,,,,,"	- NO SECTION -",,,,,,N,1.037743,1300,21.73913043,0,20.948472242164,1,,,,,,,,,,,,,,,,,,,,,,,,870.6102499,,,,,,,,,,,,,,,,,,,,,,,,,,,,,,ACCL:L4B%25,ACCL:%25,,,"SC_BSYD, SC_BSYD2, SC_DASEL, SC_DASEL2, SC_HXR, SC_HXR2, SC_S2_X, SC_S2_X2, SC_SFTS, SC_SFTS2, SC_STMO, SC_STMO2, SC_STXI, SC_STXI2, SC_SXR, SC_SXR2, "
CAVL547,L4B,MAD,ACCL:L4B:5470,L4B,,,,308,,SYMBOLS,A,AD_ACCEL,NULL,,,LCAV,,CRYO,882.08890115,2893.992458,871.99385,2860.872211,,,,,,,,"	- NO SECTION -",,,,,,N,1.037743,1300,21.73913043,0,20.948472242164,1,,,,,,,,,,,,,,,,,,,,,,,,871.9938499,,,,,,,,,,,,,,,,,,,,,,,,,,,,,,ACCL:L4B%25,ACCL:%25,,,"SC_BSYD, SC_BSYD2, SC_DASEL, SC_DASEL2, SC_HXR, SC_HXR2, SC_S2_X, SC_S2_X2, SC_SFTS, SC_SFTS2, SC_STMO, SC_STMO2, SC_STXI, SC_STXI2, SC_SXR, SC_SXR2, "
CAVL548,L4B,MAD,ACCL:L4B:5480,L4B,,,,308,,SYMBOLS,A,AD_ACCEL,NULL,,,LCAV,,CRYO,883.47250115,2898.531828,873.37745,2865.411581,,,,,,,,"	- NO SECTION -",,,,,,N,1.037743,1300,21.73913043,0,20.948472242164,1,,,,,,,,,,,,,,,,,,,,,,,,873.3774499,,,,,,,,,,,,,,,,,,,,,,,,,,,,,,ACCL:L4B%25,ACCL:%25,,,"SC_BSYD, SC_BSYD2, SC_DASEL, SC_DASEL2, SC_HXR, SC_HXR2, SC_S2_X, SC_S2_X2, SC_SFTS, SC_SFTS2, SC_STMO, SC_STMO2, SC_STXI, SC_STXI2, SC_SXR, SC_SXR2, "
CMB54,L4B,MAD,BPMS:L4B:5483,L4B,,,,308,,SYMBOLS,A,AD_ACCEL,NULL,,,BPM,,CRYO,884.2838911,2901.193868,874.18884,2868.073622,,,,,,,,"	- NO SECTION -",,,,,,N,0,,,,,,,,,,,,,,,,,,,,,,,,,,,,,874.1888399,,,,,,,,,,,,,,,,,,,,,,,,,,,,,,BPMS:L4B%25,BPMS:%25,,,"SC_BSYD, SC_BSYD2, SC_DASEL, SC_DASEL2, SC_HXR, SC_HXR2, SC_S2_X, SC_S2_X2, SC_SFTS, SC_SFTS2, SC_STMO, SC_STMO2, SC_STXI, SC_STXI2, SC_SXR, SC_SXR2, "
QCM54,L4B,MAD,QUAD:L4B:5485,L4B,,,,308,,SYMBOLS,A,AD_ACCEL,NULL,,,QUAD,4854Q,CRYO,884.5483311,2902.061454,874.45328,2868.941207,,,,,,,,"	- NO SECTION -",,,,,,N,.23,,,,,,,,,,10.13861317806,-4.408092686113,,,,,,,,,,,,,,,,,,874.4532799,,,,,,,,,,,,,,,,,,,,,,,,,,,,,,QUAD:L4B%25,QUAD:%25,,,"SC_BSYD, SC_BSYD2, SC_DASEL, SC_DASEL2, SC_HXR, SC_HXR2, SC_S2_X, SC_S2_X2, SC_SFTS, SC_SFTS2, SC_STMO, SC_STMO2, SC_STXI, SC_STXI2, SC_SXR, SC_SXR2, "
XCM54,L4B,MAD,XCOR:L4B:5485,L4B,,,,308,,SYMBOLS,A,AD_ACCEL,NULL,,,XCOR,4854X,CRYO,884.5483311,2902.061454,874.45328,2868.941207,,,,,,,,"	- NO SECTION -",,,,,,N,0,,,,,,,,,,,,,,,,,,,,,,,,,,,,,874.4532799,,,,,,,,,,,,,,,,,,,,,,,,,,,,,,XCOR:L4B%25,XCOR:%25,,,"SC_BSYD, SC_BSYD2, SC_DASEL, SC_DASEL2, SC_HXR, SC_HXR2, SC_S2_X, SC_S2_X2, SC_SFTS, SC_SFTS2, SC_STMO, SC_STMO2, SC_STXI, SC_STXI2, SC_SXR, SC_SXR2, "
YCM54,L4B,MAD,YCOR:L4B:5485,L4B,,,,308,,SYMBOLS,A,AD_ACCEL,NULL,,,YCOR,4854Y,CRYO,884.5483311,2902.061454,874.45328,2868.941207,,,,,,,,"	- NO SECTION -",,,,,,N,0,,,,,,,,,,,,,,,,,,,,,,,,,,,,,874.4532799,,,,,,,,,,,,,,,,,,,,,,,,,,,,,,YCOR:L4B%25,YCOR:%25,,,"SC_BSYD, SC_BSYD2, SC_DASEL, SC_DASEL2, SC_HXR, SC_HXR2, SC_S2_X, SC_S2_X2, SC_SFTS, SC_SFTS2, SC_STMO, SC_STMO2, SC_STXI, SC_STXI2, SC_SXR, SC_SXR2, "
CAVL551,L4B,MAD,ACCL:L4B:5510,L4B,,,,308,,SYMBOLS,A,AD_ACCEL,NULL,,,LCAV,,CRYO,886.00769115,2906.84938,875.91264,2873.729134,,,,,,,,"	- NO SECTION -",,,,,,N,1.037743,1300,21.73913043,0,20.948472242164,1,,,,,,,,,,,,,,,,,,,,,,,,875.9126399,,,,,,,,,,,,,,,,,,,,,,,,,,,,,,ACCL:L4B%25,ACCL:%25,,,"SC_BSYD, SC_BSYD2, SC_DASEL, SC_DASEL2, SC_HXR, SC_HXR2, SC_S2_X, SC_S2_X2, SC_SFTS, SC_SFTS2, SC_STMO, SC_STMO2, SC_STXI, SC_STXI2, SC_SXR, SC_SXR2, "
CAVL552,L4B,MAD,ACCL:L4B:5520,L4B,,,,308,,SYMBOLS,A,AD_ACCEL,NULL,,,LCAV,,CRYO,887.39129115,2911.38875,877.29624,2878.268504,,,,,,,,"	- NO SECTION -",,,,,,N,1.037743,1300,21.73913043,0,20.948472242164,1,,,,,,,,,,,,,,,,,,,,,,,,877.2962399,,,,,,,,,,,,,,,,,,,,,,,,,,,,,,ACCL:L4B%25,ACCL:%25,,,"SC_BSYD, SC_BSYD2, SC_DASEL, SC_DASEL2, SC_HXR, SC_HXR2, SC_S2_X, SC_S2_X2, SC_SFTS, SC_SFTS2, SC_STMO, SC_STMO2, SC_STXI, SC_STXI2, SC_SXR, SC_SXR2, "
CAVL553,L4B,MAD,ACCL:L4B:5530,L4B,,,,308,,SYMBOLS,A,AD_ACCEL,NULL,,,LCAV,,CRYO,888.77489115,2915.928121,878.67984,2882.807874,,,,,,,,"	- NO SECTION -",,,,,,N,1.037743,1300,21.73913043,0,20.948472242164,1,,,,,,,,,,,,,,,,,,,,,,,,878.6798399,,,,,,,,,,,,,,,,,,,,,,,,,,,,,,ACCL:L4B%25,ACCL:%25,,,"SC_BSYD, SC_BSYD2, SC_DASEL, SC_DASEL2, SC_HXR, SC_HXR2, SC_S2_X, SC_S2_X2, SC_SFTS, SC_SFTS2, SC_STMO, SC_STMO2, SC_STXI, SC_STXI2, SC_SXR, SC_SXR2, "
CAVL554,L4B,MAD,ACCL:L4B:5540,L4B,,,,308,,SYMBOLS,A,AD_ACCEL,NULL,,,LCAV,,CRYO,890.15849115,2920.467491,880.06344,2887.347244,,,,,,,,"	- NO SECTION -",,,,,,N,1.037743,1300,21.73913043,0,20.948472242164,1,,,,,,,,,,,,,,,,,,,,,,,,880.0634399,,,,,,,,,,,,,,,,,,,,,,,,,,,,,,ACCL:L4B%25,ACCL:%25,,,"SC_BSYD, SC_BSYD2, SC_DASEL, SC_DASEL2, SC_HXR, SC_HXR2, SC_S2_X, SC_S2_X2, SC_SFTS, SC_SFTS2, SC_STMO, SC_STMO2, SC_STXI, SC_STXI2, SC_SXR, SC_SXR2, "
CAVL555,L4B,MAD,ACCL:L4B:5550,L4B,,,,308,,SYMBOLS,A,AD_ACCEL,NULL,,,LCAV,,CRYO,891.54209115,2925.006861,881.44704,2891.886614,,,,,,,,"	- NO SECTION -",,,,,,N,1.037744,1300,21.739130438,0,20.948452063322,1,,,,,,,,,,,,,,,,,,,,,,,,881.4470399,,,,,,,,,,,,,,,,,,,,,,,,,,,,,,ACCL:L4B%25,ACCL:%25,,,"SC_BSYD, SC_BSYD2, SC_DASEL, SC_DASEL2, SC_HXR, SC_HXR2, SC_S2_X, SC_S2_X2, SC_SFTS, SC_SFTS2, SC_STMO, SC_STMO2, SC_STXI, SC_STXI2, SC_SXR, SC_SXR2, "
CSP55,L4B,MAD,,L4B,,,,308,,SYMBOLS,A,AD_ACCEL,NULL,,,INST,,,891.6824411,2925.467326,881.58739,2892.34708,,,,,,,,"	- NO SECTION -",,,,,,N,0,,,,,,,,,,,,,,,,,,,,,,,,,,,,,881.5873899,,,,,,,,,,,,,,,,,,,,,,,,,,,,,,%25,%25,,,"SC_BSYD, SC_BSYD2, SC_DASEL, SC_DASEL2, SC_HXR, SC_HXR2, SC_S2_X, SC_S2_X2, SC_SFTS, SC_SFTS2, SC_STMO, SC_STMO2, SC_STXI, SC_STXI2, SC_SXR, SC_SXR2, "
CAVL556,L4B,MAD,ACCL:L4B:5560,L4B,,,,308,,SYMBOLS,A,AD_ACCEL,NULL,,,LCAV,,CRYO,892.92569115,2929.546231,882.83064,2896.425984,,,,,,,,"	- NO SECTION -",,,,,,N,1.037743,1300,21.73913043,0,20.948472242164,1,,,,,,,,,,,,,,,,,,,,,,,,882.8306399,,,,,,,,,,,,,,,,,,,,,,,,,,,,,,ACCL:L4B%25,ACCL:%25,,,"SC_BSYD, SC_BSYD2, SC_DASEL, SC_DASEL2, SC_HXR, SC_HXR2, SC_S2_X, SC_S2_X2, SC_SFTS, SC_SFTS2, SC_STMO, SC_STMO2, SC_STXI, SC_STXI2, SC_SXR, SC_SXR2, "
CAVL557,L4B,MAD,ACCL:L4B:5570,L4B,,,,308,,SYMBOLS,A,AD_ACCEL,NULL,,,LCAV,,CRYO,894.30929115,2934.085601,884.21424,2900.965354,,,,,,,,"	- NO SECTION -",,,,,,N,1.037743,1300,21.73913043,0,20.948472242164,1,,,,,,,,,,,,,,,,,,,,,,,,884.2142399,,,,,,,,,,,,,,,,,,,,,,,,,,,,,,ACCL:L4B%25,ACCL:%25,,,"SC_BSYD, SC_BSYD2, SC_DASEL, SC_DASEL2, SC_HXR, SC_HXR2, SC_S2_X, SC_S2_X2, SC_SFTS, SC_SFTS2, SC_STMO, SC_STMO2, SC_STXI, SC_STXI2, SC_SXR, SC_SXR2, "
CAVL558,L4B,MAD,ACCL:L4B:5580,L4B,,,,308,,SYMBOLS,A,AD_ACCEL,NULL,,,LCAV,,CRYO,895.69289115,2938.624971,885.59784,2905.504724,,,,,,,,"	- NO SECTION -",,,,,,N,1.037743,1300,21.73913043,0,20.948472242164,1,,,,,,,,,,,,,,,,,,,,,,,,885.5978399,,,,,,,,,,,,,,,,,,,,,,,,,,,,,,ACCL:L4B%25,ACCL:%25,,,"SC_BSYD, SC_BSYD2, SC_DASEL, SC_DASEL2, SC_HXR, SC_HXR2, SC_S2_X, SC_S2_X2, SC_SFTS, SC_SFTS2, SC_STMO, SC_STMO2, SC_STXI, SC_STXI2, SC_SXR, SC_SXR2, "
CMB55,L4B,MAD,BPMS:L4B:5583,L4B,,,,308,,SYMBOLS,A,AD_ACCEL,NULL,,,BPM,,CRYO,896.5042811,2941.287011,886.40923,2908.166765,,,,,,,,"	- NO SECTION -",,,,,,N,0,,,,,,,,,,,,,,,,,,,,,,,,,,,,,886.4092299,,,,,,,,,,,,,,,,,,,,,,,,,,,,,,BPMS:L4B%25,BPMS:%25,,,"SC_BSYD, SC_BSYD2, SC_DASEL, SC_DASEL2, SC_HXR, SC_HXR2, SC_S2_X, SC_S2_X2, SC_SFTS, SC_SFTS2, SC_STMO, SC_STMO2, SC_STXI, SC_STXI2, SC_SXR, SC_SXR2, "
QCM55,L4B,MAD,QUAD:L4B:5585,L4B,,,,308,,SYMBOLS,A,AD_ACCEL,NULL,,,QUAD,4855Q,CRYO,896.7687211,2942.154597,886.67367,2909.03435,,,,,,,,"	- NO SECTION -",,,,,,N,.23,,,,,,,,,,-10.385896426866,4.515607142116,,,,,,,,,,,,,,,,,,886.6736699,,,,,,,,,,,,,,,,,,,,,,,,,,,,,,QUAD:L4B%25,QUAD:%25,,,"SC_BSYD, SC_BSYD2, SC_DASEL, SC_DASEL2, SC_HXR, SC_HXR2, SC_S2_X, SC_S2_X2, SC_SFTS, SC_SFTS2, SC_STMO, SC_STMO2, SC_STXI, SC_STXI2, SC_SXR, SC_SXR2, "
XCM55,L4B,MAD,XCOR:L4B:5585,L4B,,,,308,,SYMBOLS,A,AD_ACCEL,NULL,,,XCOR,4855X,CRYO,896.7687211,2942.154597,886.67367,2909.03435,,,,,,,,"	- NO SECTION -",,,,,,N,0,,,,,,,,,,,,,,,,,,,,,,,,,,,,,886.6736699,,,,,,,,,,,,,,,,,,,,,,,,,,,,,,XCOR:L4B%25,XCOR:%25,,,"SC_BSYD, SC_BSYD2, SC_DASEL, SC_DASEL2, SC_HXR, SC_HXR2, SC_S2_X, SC_S2_X2, SC_SFTS, SC_SFTS2, SC_STMO, SC_STMO2, SC_STXI, SC_STXI2, SC_SXR, SC_SXR2, "
YCM55,L4B,MAD,YCOR:L4B:5585,L4B,,,,308,,SYMBOLS,A,AD_ACCEL,NULL,,,YCOR,4855Y,CRYO,896.7687211,2942.154597,886.67367,2909.03435,,,,,,,,"	- NO SECTION -",,,,,,N,0,,,,,,,,,,,,,,,,,,,,,,,,,,,,,886.6736699,,,,,,,,,,,,,,,,,,,,,,,,,,,,,,YCOR:L4B%25,YCOR:%25,,,"SC_BSYD, SC_BSYD2, SC_DASEL, SC_DASEL2, SC_HXR, SC_HXR2, SC_S2_X, SC_S2_X2, SC_SFTS, SC_SFTS2, SC_STMO, SC_STMO2, SC_STXI, SC_STXI2, SC_SXR, SC_SXR2, "
CAVL561,L4B,MAD,ACCL:L4B:5610,L4B,,,,308,,SYMBOLS,A,AD_ACCEL,NULL,,,LCAV,,CRYO,898.22808115,2946.942523,888.13303,2913.822277,,,,,,,,"	- NO SECTION -",,,,,,N,1.037743,1300,21.73913043,0,20.948472242164,1,,,,,,,,,,,,,,,,,,,,,,,,888.1330299,,,,,,,,,,,,,,,,,,,,,,,,,,,,,,ACCL:L4B%25,ACCL:%25,,,"SC_BSYD, SC_BSYD2, SC_DASEL, SC_DASEL2, SC_HXR, SC_HXR2, SC_S2_X, SC_S2_X2, SC_SFTS, SC_SFTS2, SC_STMO, SC_STMO2, SC_STXI, SC_STXI2, SC_SXR, SC_SXR2, "
CAVL562,L4B,MAD,ACCL:L4B:5620,L4B,,,,308,,SYMBOLS,A,AD_ACCEL,NULL,,,LCAV,,CRYO,899.61168115,2951.481894,889.51663,2918.361647,,,,,,,,"	- NO SECTION -",,,,,,N,1.037743,1300,21.73913043,0,20.948472242164,1,,,,,,,,,,,,,,,,,,,,,,,,889.5166299,,,,,,,,,,,,,,,,,,,,,,,,,,,,,,ACCL:L4B%25,ACCL:%25,,,"SC_BSYD, SC_BSYD2, SC_DASEL, SC_DASEL2, SC_HXR, SC_HXR2, SC_S2_X, SC_S2_X2, SC_SFTS, SC_SFTS2, SC_STMO, SC_STMO2, SC_STXI, SC_STXI2, SC_SXR, SC_SXR2, "
CAVL563,L4B,MAD,ACCL:L4B:5630,L4B,,,,308,,SYMBOLS,A,AD_ACCEL,NULL,,,LCAV,,CRYO,900.99528115,2956.021264,890.90023,2922.901017,,,,,,,,"	- NO SECTION -",,,,,,N,1.037743,1300,21.73913043,0,20.948472242164,1,,,,,,,,,,,,,,,,,,,,,,,,890.9002299,,,,,,,,,,,,,,,,,,,,,,,,,,,,,,ACCL:L4B%25,ACCL:%25,,,"SC_BSYD, SC_BSYD2, SC_DASEL, SC_DASEL2, SC_HXR, SC_HXR2, SC_S2_X, SC_S2_X2, SC_SFTS, SC_SFTS2, SC_STMO, SC_STMO2, SC_STXI, SC_STXI2, SC_SXR, SC_SXR2, "
CAVL564,L4B,MAD,ACCL:L4B:5640,L4B,,,,308,,SYMBOLS,A,AD_ACCEL,NULL,,,LCAV,,CRYO,902.37888115,2960.560634,892.28383,2927.440387,,,,,,,,"	- NO SECTION -",,,,,,N,1.037743,1300,21.73913043,0,20.948472242164,1,,,,,,,,,,,,,,,,,,,,,,,,892.2838299,,,,,,,,,,,,,,,,,,,,,,,,,,,,,,ACCL:L4B%25,ACCL:%25,,,"SC_BSYD, SC_BSYD2, SC_DASEL, SC_DASEL2, SC_HXR, SC_HXR2, SC_S2_X, SC_S2_X2, SC_SFTS, SC_SFTS2, SC_STMO, SC_STMO2, SC_STXI, SC_STXI2, SC_SXR, SC_SXR2, "
CAVL565,L4B,MAD,ACCL:L4B:5650,L4B,,,,308,,SYMBOLS,A,AD_ACCEL,NULL,,,LCAV,,CRYO,903.76248115,2965.100004,893.66743,2931.979757,,,,,,,,"	- NO SECTION -",,,,,,N,1.037744,1300,21.739130438,0,20.948452063322,1,,,,,,,,,,,,,,,,,,,,,,,,893.6674299,,,,,,,,,,,,,,,,,,,,,,,,,,,,,,ACCL:L4B%25,ACCL:%25,,,"SC_BSYD, SC_BSYD2, SC_DASEL, SC_DASEL2, SC_HXR, SC_HXR2, SC_S2_X, SC_S2_X2, SC_SFTS, SC_SFTS2, SC_STMO, SC_STMO2, SC_STXI, SC_STXI2, SC_SXR, SC_SXR2, "
CSP56,L4B,MAD,,L4B,,,,308,,SYMBOLS,A,AD_ACCEL,NULL,,,INST,,,903.9028311,2965.560469,893.80778,2932.440223,,,,,,,,"	- NO SECTION -",,,,,,N,0,,,,,,,,,,,,,,,,,,,,,,,,,,,,,893.8077799,,,,,,,,,,,,,,,,,,,,,,,,,,,,,,%25,%25,,,"SC_BSYD, SC_BSYD2, SC_DASEL, SC_DASEL2, SC_HXR, SC_HXR2, SC_S2_X, SC_S2_X2, SC_SFTS, SC_SFTS2, SC_STMO, SC_STMO2, SC_STXI, SC_STXI2, SC_SXR, SC_SXR2, "
CAVL566,L4B,MAD,ACCL:L4B:5660,L4B,,,,308,,SYMBOLS,A,AD_ACCEL,NULL,,,LCAV,,CRYO,905.14608115,2969.639374,895.05103,2936.519127,,,,,,,,"	- NO SECTION -",,,,,,N,1.037743,1300,21.73913043,0,20.948472242164,1,,,,,,,,,,,,,,,,,,,,,,,,895.0510299,,,,,,,,,,,,,,,,,,,,,,,,,,,,,,ACCL:L4B%25,ACCL:%25,,,"SC_BSYD, SC_BSYD2, SC_DASEL, SC_DASEL2, SC_HXR, SC_HXR2, SC_S2_X, SC_S2_X2, SC_SFTS, SC_SFTS2, SC_STMO, SC_STMO2, SC_STXI, SC_STXI2, SC_SXR, SC_SXR2, "
CAVL567,L4B,MAD,ACCL:L4B:5670,L4B,,,,308,,SYMBOLS,A,AD_ACCEL,NULL,,,LCAV,,CRYO,906.52968115,2974.178744,896.43463,2941.058497,,,,,,,,"	- NO SECTION -",,,,,,N,1.037743,1300,21.73913043,0,20.948472242164,1,,,,,,,,,,,,,,,,,,,,,,,,896.4346299,,,,,,,,,,,,,,,,,,,,,,,,,,,,,,ACCL:L4B%25,ACCL:%25,,,"SC_BSYD, SC_BSYD2, SC_DASEL, SC_DASEL2, SC_HXR, SC_HXR2, SC_S2_X, SC_S2_X2, SC_SFTS, SC_SFTS2, SC_STMO, SC_STMO2, SC_STXI, SC_STXI2, SC_SXR, SC_SXR2, "
CAVL568,L4B,MAD,ACCL:L4B:5680,L4B,,,,308,,SYMBOLS,A,AD_ACCEL,NULL,,,LCAV,,CRYO,907.91328115,2978.718114,897.81823,2945.597867,,,,,,,,"	- NO SECTION -",,,,,,N,1.037743,1300,21.73913043,0,20.948472242164,1,,,,,,,,,,,,,,,,,,,,,,,,897.8182299,,,,,,,,,,,,,,,,,,,,,,,,,,,,,,ACCL:L4B%25,ACCL:%25,,,"SC_BSYD, SC_BSYD2, SC_DASEL, SC_DASEL2, SC_HXR, SC_HXR2, SC_S2_X, SC_S2_X2, SC_SFTS, SC_SFTS2, SC_STMO, SC_STMO2, SC_STXI, SC_STXI2, SC_SXR, SC_SXR2, "
CMB56,L4B,MAD,BPMS:L4B:5683,L4B,,,,308,,SYMBOLS,A,AD_ACCEL,NULL,,,BPM,,CRYO,908.7246711,2981.380155,898.62962,2948.259908,,,,,,,,"	- NO SECTION -",,,,,,N,0,,,,,,,,,,,,,,,,,,,,,,,,,,,,,898.6296199,,,,,,,,,,,,,,,,,,,,,,,,,,,,,,BPMS:L4B%25,BPMS:%25,,,"SC_BSYD, SC_BSYD2, SC_DASEL, SC_DASEL2, SC_HXR, SC_HXR2, SC_S2_X, SC_S2_X2, SC_SFTS, SC_SFTS2, SC_STMO, SC_STMO2, SC_STXI, SC_STXI2, SC_SXR, SC_SXR2, "
QCM56,L4B,MAD,QUAD:L4B:5685,L4B,,,,308,,SYMBOLS,A,AD_ACCEL,NULL,,,QUAD,4856Q,CRYO,908.9891111,2982.24774,898.89406,2949.127493,,,,,,,,"	- NO SECTION -",,,,,,N,.23,,,,,,,,,,10.795632967232,-4.693753464014,,,,,,,,,,,,,,,,,,898.8940599,,,,,,,,,,,,,,,,,,,,,,,,,,,,,,QUAD:L4B%25,QUAD:%25,,,"SC_BSYD, SC_BSYD2, SC_DASEL, SC_DASEL2, SC_HXR, SC_HXR2, SC_S2_X, SC_S2_X2, SC_SFTS, SC_SFTS2, SC_STMO, SC_STMO2, SC_STXI, SC_STXI2, SC_SXR, SC_SXR2, "
XCM56,L4B,MAD,XCOR:L4B:5685,L4B,,,,308,,SYMBOLS,A,AD_ACCEL,NULL,,,XCOR,4856X,CRYO,908.9891111,2982.24774,898.89406,2949.127493,,,,,,,,"	- NO SECTION -",,,,,,N,0,,,,,,,,,,,,,,,,,,,,,,,,,,,,,898.8940599,,,,,,,,,,,,,,,,,,,,,,,,,,,,,,XCOR:L4B%25,XCOR:%25,,,"SC_BSYD, SC_BSYD2, SC_DASEL, SC_DASEL2, SC_HXR, SC_HXR2, SC_S2_X, SC_S2_X2, SC_SFTS, SC_SFTS2, SC_STMO, SC_STMO2, SC_STXI, SC_STXI2, SC_SXR, SC_SXR2, "
YCM56,L4B,MAD,YCOR:L4B:5685,L4B,,,,308,,SYMBOLS,A,AD_ACCEL,NULL,,,YCOR,4856Y,CRYO,908.9891111,2982.24774,898.89406,2949.127493,,,,,,,,"	- NO SECTION -",,,,,,N,0,,,,,,,,,,,,,,,,,,,,,,,,,,,,,898.8940599,,,,,,,,,,,,,,,,,,,,,,,,,,,,,,YCOR:L4B%25,YCOR:%25,,,"SC_BSYD, SC_BSYD2, SC_DASEL, SC_DASEL2, SC_HXR, SC_HXR2, SC_S2_X, SC_S2_X2, SC_SFTS, SC_SFTS2, SC_STMO, SC_STMO2, SC_STXI, SC_STXI2, SC_SXR, SC_SXR2, "
CAVL571,L4B,MAD,ACCL:L4B:5710,L4B,,,,308,,SYMBOLS,A,AD_ACCEL,NULL,,,LCAV,,CRYO,910.44847115,2987.035666,900.35342,2953.91542,,,,,,,,"	- NO SECTION -",,,,,,N,1.037743,1300,21.73913043,0,20.948472242164,1,,,,,,,,,,,,,,,,,,,,,,,,900.3534199,,,,,,,,,,,,,,,,,,,,,,,,,,,,,,ACCL:L4B%25,ACCL:%25,,,"SC_BSYD, SC_BSYD2, SC_DASEL, SC_DASEL2, SC_HXR, SC_HXR2, SC_S2_X, SC_S2_X2, SC_SFTS, SC_SFTS2, SC_STMO, SC_STMO2, SC_STXI, SC_STXI2, SC_SXR, SC_SXR2, "
CAVL572,L4B,MAD,ACCL:L4B:5720,L4B,,,,308,,SYMBOLS,A,AD_ACCEL,NULL,,,LCAV,,CRYO,911.83207115,2991.575037,901.73702,2958.45479,,,,,,,,"	- NO SECTION -",,,,,,N,1.037743,1300,21.73913043,0,20.948472242164,1,,,,,,,,,,,,,,,,,,,,,,,,901.7370199,,,,,,,,,,,,,,,,,,,,,,,,,,,,,,ACCL:L4B%25,ACCL:%25,,,"SC_BSYD, SC_BSYD2, SC_DASEL, SC_DASEL2, SC_HXR, SC_HXR2, SC_S2_X, SC_S2_X2, SC_SFTS, SC_SFTS2, SC_STMO, SC_STMO2, SC_STXI, SC_STXI2, SC_SXR, SC_SXR2, "
CAVL573,L4B,MAD,ACCL:L4B:5730,L4B,,,,308,,SYMBOLS,A,AD_ACCEL,NULL,,,LCAV,,CRYO,913.21567115,2996.114407,903.12062,2962.99416,,,,,,,,"	- NO SECTION -",,,,,,N,1.037743,1300,21.73913043,0,20.948472242164,1,,,,,,,,,,,,,,,,,,,,,,,,903.1206199,,,,,,,,,,,,,,,,,,,,,,,,,,,,,,ACCL:L4B%25,ACCL:%25,,,"SC_BSYD, SC_BSYD2, SC_DASEL, SC_DASEL2, SC_HXR, SC_HXR2, SC_S2_X, SC_S2_X2, SC_SFTS, SC_SFTS2, SC_STMO, SC_STMO2, SC_STXI, SC_STXI2, SC_SXR, SC_SXR2, "
CAVL574,L4B,MAD,ACCL:L4B:5740,L4B,,,,308,,SYMBOLS,A,AD_ACCEL,NULL,,,LCAV,,CRYO,914.59927115,3000.653777,904.50422,2967.53353,,,,,,,,"	- NO SECTION -",,,,,,N,1.037743,1300,21.73913043,0,20.948472242164,1,,,,,,,,,,,,,,,,,,,,,,,,904.5042199,,,,,,,,,,,,,,,,,,,,,,,,,,,,,,ACCL:L4B%25,ACCL:%25,,,"SC_BSYD, SC_BSYD2, SC_DASEL, SC_DASEL2, SC_HXR, SC_HXR2, SC_S2_X, SC_S2_X2, SC_SFTS, SC_SFTS2, SC_STMO, SC_STMO2, SC_STXI, SC_STXI2, SC_SXR, SC_SXR2, "
CAVL575,L4B,MAD,ACCL:L4B:5750,L4B,,,,308,,SYMBOLS,A,AD_ACCEL,NULL,,,LCAV,,CRYO,915.98287115,3005.193147,905.88782,2972.0729,,,,,,,,"	- NO SECTION -",,,,,,N,1.037744,1300,21.739130438,0,20.948452063322,1,,,,,,,,,,,,,,,,,,,,,,,,905.8878199,,,,,,,,,,,,,,,,,,,,,,,,,,,,,,ACCL:L4B%25,ACCL:%25,,,"SC_BSYD, SC_BSYD2, SC_DASEL, SC_DASEL2, SC_HXR, SC_HXR2, SC_S2_X, SC_S2_X2, SC_SFTS, SC_SFTS2, SC_STMO, SC_STMO2, SC_STXI, SC_STXI2, SC_SXR, SC_SXR2, "
CSP57,L4B,MAD,,L4B,,,,308,,SYMBOLS,A,AD_ACCEL,NULL,,,INST,,,916.1232211,3005.653613,906.02817,2972.533366,,,,,,,,"	- NO SECTION -",,,,,,N,0,,,,,,,,,,,,,,,,,,,,,,,,,,,,,906.0281699,,,,,,,,,,,,,,,,,,,,,,,,,,,,,,%25,%25,,,"SC_BSYD, SC_BSYD2, SC_DASEL, SC_DASEL2, SC_HXR, SC_HXR2, SC_S2_X, SC_S2_X2, SC_SFTS, SC_SFTS2, SC_STMO, SC_STMO2, SC_STXI, SC_STXI2, SC_SXR, SC_SXR2, "
CAVL576,L4B,MAD,ACCL:L4B:5760,L4B,,,,308,,SYMBOLS,A,AD_ACCEL,NULL,,,LCAV,,CRYO,917.36647115,3009.732517,907.27142,2976.61227,,,,,,,,"	- NO SECTION -",,,,,,N,1.037743,1300,21.73913043,0,20.948472242164,1,,,,,,,,,,,,,,,,,,,,,,,,907.2714199,,,,,,,,,,,,,,,,,,,,,,,,,,,,,,ACCL:L4B%25,ACCL:%25,,,"SC_BSYD, SC_BSYD2, SC_DASEL, SC_DASEL2, SC_HXR, SC_HXR2, SC_S2_X, SC_S2_X2, SC_SFTS, SC_SFTS2, SC_STMO, SC_STMO2, SC_STXI, SC_STXI2, SC_SXR, SC_SXR2, "
CAVL577,L4B,MAD,ACCL:L4B:5770,L4B,,,,308,,SYMBOLS,A,AD_ACCEL,NULL,,,LCAV,,CRYO,918.75007115,3014.271887,908.65502,2981.15164,,,,,,,,"	- NO SECTION -",,,,,,N,1.037743,1300,21.73913043,0,20.948472242164,1,,,,,,,,,,,,,,,,,,,,,,,,908.6550199,,,,,,,,,,,,,,,,,,,,,,,,,,,,,,ACCL:L4B%25,ACCL:%25,,,"SC_BSYD, SC_BSYD2, SC_DASEL, SC_DASEL2, SC_HXR, SC_HXR2, SC_S2_X, SC_S2_X2, SC_SFTS, SC_SFTS2, SC_STMO, SC_STMO2, SC_STXI, SC_STXI2, SC_SXR, SC_SXR2, "
CAVL578,L4B,MAD,ACCL:L4B:5780,L4B,,,,308,,SYMBOLS,A,AD_ACCEL,NULL,,,LCAV,,CRYO,920.13367115,3018.811257,910.03862,2985.69101,,,,,,,,"	- NO SECTION -",,,,,,N,1.037743,1300,21.73913043,0,20.948472242164,1,,,,,,,,,,,,,,,,,,,,,,,,910.0386199,,,,,,,,,,,,,,,,,,,,,,,,,,,,,,ACCL:L4B%25,ACCL:%25,,,"SC_BSYD, SC_BSYD2, SC_DASEL, SC_DASEL2, SC_HXR, SC_HXR2, SC_S2_X, SC_S2_X2, SC_SFTS, SC_SFTS2, SC_STMO, SC_STMO2, SC_STXI, SC_STXI2, SC_SXR, SC_SXR2, "
CMB57,L4B,MAD,BPMS:L4B:5783,L4B,,,,308,,SYMBOLS,A,AD_ACCEL,NULL,,,BPM,,CRYO,920.9450611,3021.473298,910.85001,2988.353051,,,,,,,,"	- NO SECTION -",,,,,,N,0,,,,,,,,,,,,,,,,,,,,,,,,,,,,,910.8500099,,,,,,,,,,,,,,,,,,,,,,,,,,,,,,BPMS:L4B%25,BPMS:%25,,,"SC_BSYD, SC_BSYD2, SC_DASEL, SC_DASEL2, SC_HXR, SC_HXR2, SC_S2_X, SC_S2_X2, SC_SFTS, SC_SFTS2, SC_STMO, SC_STMO2, SC_STXI, SC_STXI2, SC_SXR, SC_SXR2, "
QCM57,L4B,MAD,QUAD:L4B:5785,L4B,,,,308,,SYMBOLS,A,AD_ACCEL,NULL,,,QUAD,4857Q,CRYO,921.2095011,3022.340883,911.11445,2989.220636,,,,,,,,"	- NO SECTION -",,,,,,N,.23,,,,,,,,,,-11.459034448161,4.982188890505,,,,,,,,,,,,,,,,,,911.1144499,,,,,,,,,,,,,,,,,,,,,,,,,,,,,,QUAD:L4B%25,QUAD:%25,,,"SC_BSYD, SC_BSYD2, SC_DASEL, SC_DASEL2, SC_HXR, SC_HXR2, SC_S2_X, SC_S2_X2, SC_SFTS, SC_SFTS2, SC_STMO, SC_STMO2, SC_STXI, SC_STXI2, SC_SXR, SC_SXR2, "
XCM57,L4B,MAD,XCOR:L4B:5785,L4B,,,,308,,SYMBOLS,A,AD_ACCEL,NULL,,,XCOR,4857X,CRYO,921.2095011,3022.340883,911.11445,2989.220636,,,,,,,,"	- NO SECTION -",,,,,,N,0,,,,,,,,,,,,,,,,,,,,,,,,,,,,,911.1144499,,,,,,,,,,,,,,,,,,,,,,,,,,,,,,XCOR:L4B%25,XCOR:%25,,,"SC_BSYD, SC_BSYD2, SC_DASEL, SC_DASEL2, SC_HXR, SC_HXR2, SC_S2_X, SC_S2_X2, SC_SFTS, SC_SFTS2, SC_STMO, SC_STMO2, SC_STXI, SC_STXI2, SC_SXR, SC_SXR2, "
YCM57,L4B,MAD,YCOR:L4B:5785,L4B,,,,308,,SYMBOLS,A,AD_ACCEL,NULL,,,YCOR,4857Y,CRYO,921.2095011,3022.340883,911.11445,2989.220636,,,,,,,,"	- NO SECTION -",,,,,,N,0,,,,,,,,,,,,,,,,,,,,,,,,,,,,,911.1144499,,,,,,,,,,,,,,,,,,,,,,,,,,,,,,YCOR:L4B%25,YCOR:%25,,,"SC_BSYD, SC_BSYD2, SC_DASEL, SC_DASEL2, SC_HXR, SC_HXR2, SC_S2_X, SC_S2_X2, SC_SFTS, SC_SFTS2, SC_STMO, SC_STMO2, SC_STXI, SC_STXI2, SC_SXR, SC_SXR2, "
CAVL581,L4B,MAD,ACCL:L4B:5810,L4B,,,,308,,SYMBOLS,A,AD_ACCEL,NULL,,,LCAV,,CRYO,922.66886115,3027.12881,912.57381,2994.008563,,,,,,,,"	- NO SECTION -",,,,,,N,1.037743,1300,21.73913043,0,20.948472242164,1,,,,,,,,,,,,,,,,,,,,,,,,912.5738099,,,,,,,,,,,,,,,,,,,,,,,,,,,,,,ACCL:L4B%25,ACCL:%25,,,"SC_BSYD, SC_BSYD2, SC_DASEL, SC_DASEL2, SC_HXR, SC_HXR2, SC_S2_X, SC_S2_X2, SC_SFTS, SC_SFTS2, SC_STMO, SC_STMO2, SC_STXI, SC_STXI2, SC_SXR, SC_SXR2, "
CAVL582,L4B,MAD,ACCL:L4B:5820,L4B,,,,308,,SYMBOLS,A,AD_ACCEL,NULL,,,LCAV,,CRYO,924.05246115,3031.66818,913.95741,2998.547933,,,,,,,,"	- NO SECTION -",,,,,,N,1.037743,1300,21.73913043,0,20.948472242164,1,,,,,,,,,,,,,,,,,,,,,,,,913.9574099,,,,,,,,,,,,,,,,,,,,,,,,,,,,,,ACCL:L4B%25,ACCL:%25,,,"SC_BSYD, SC_BSYD2, SC_DASEL, SC_DASEL2, SC_HXR, SC_HXR2, SC_S2_X, SC_S2_X2, SC_SFTS, SC_SFTS2, SC_STMO, SC_STMO2, SC_STXI, SC_STXI2, SC_SXR, SC_SXR2, "
CAVL583,L4B,MAD,ACCL:L4B:5830,L4B,,,,308,,SYMBOLS,A,AD_ACCEL,NULL,,,LCAV,,CRYO,925.43606115,3036.20755,915.34101,3003.087303,,,,,,,,"	- NO SECTION -",,,,,,N,1.037743,1300,21.73913043,0,20.948472242164,1,,,,,,,,,,,,,,,,,,,,,,,,915.3410099,,,,,,,,,,,,,,,,,,,,,,,,,,,,,,ACCL:L4B%25,ACCL:%25,,,"SC_BSYD, SC_BSYD2, SC_DASEL, SC_DASEL2, SC_HXR, SC_HXR2, SC_S2_X, SC_S2_X2, SC_SFTS, SC_SFTS2, SC_STMO, SC_STMO2, SC_STXI, SC_STXI2, SC_SXR, SC_SXR2, "
CAVL584,L4B,MAD,ACCL:L4B:5840,L4B,,,,308,,SYMBOLS,A,AD_ACCEL,NULL,,,LCAV,,CRYO,926.81966115,3040.74692,916.72461,3007.626673,,,,,,,,"	- NO SECTION -",,,,,,N,1.037743,1300,21.73913043,0,20.948472242164,1,,,,,,,,,,,,,,,,,,,,,,,,916.7246099,,,,,,,,,,,,,,,,,,,,,,,,,,,,,,ACCL:L4B%25,ACCL:%25,,,"SC_BSYD, SC_BSYD2, SC_DASEL, SC_DASEL2, SC_HXR, SC_HXR2, SC_S2_X, SC_S2_X2, SC_SFTS, SC_SFTS2, SC_STMO, SC_STMO2, SC_STXI, SC_STXI2, SC_SXR, SC_SXR2, "
CAVL585,L4B,MAD,ACCL:L4B:5850,L4B,,,,308,,SYMBOLS,A,AD_ACCEL,NULL,,,LCAV,,CRYO,928.20326115,3045.28629,918.10821,3012.166043,,,,,,,,"	- NO SECTION -",,,,,,N,1.037744,1300,21.739130438,0,20.948452063322,1,,,,,,,,,,,,,,,,,,,,,,,,918.1082099,,,,,,,,,,,,,,,,,,,,,,,,,,,,,,ACCL:L4B%25,ACCL:%25,,,"SC_BSYD, SC_BSYD2, SC_DASEL, SC_DASEL2, SC_HXR, SC_HXR2, SC_S2_X, SC_S2_X2, SC_SFTS, SC_SFTS2, SC_STMO, SC_STMO2, SC_STXI, SC_STXI2, SC_SXR, SC_SXR2, "
CSP58,L4B,MAD,,L4B,,,,308,,SYMBOLS,A,AD_ACCEL,NULL,,,INST,,,928.3436111,3045.746756,918.24856,3012.626509,,,,,,,,"	- NO SECTION -",,,,,,N,0,,,,,,,,,,,,,,,,,,,,,,,,,,,,,918.2485599,,,,,,,,,,,,,,,,,,,,,,,,,,,,,,%25,%25,,,"SC_BSYD, SC_BSYD2, SC_DASEL, SC_DASEL2, SC_HXR, SC_HXR2, SC_S2_X, SC_S2_X2, SC_SFTS, SC_SFTS2, SC_STMO, SC_STMO2, SC_STXI, SC_STXI2, SC_SXR, SC_SXR2, "
CAVL586,L4B,MAD,ACCL:L4B:5860,L4B,,,,308,,SYMBOLS,A,AD_ACCEL,NULL,,,LCAV,,CRYO,929.58686115,3049.82566,919.49181,3016.705413,,,,,,,,"	- NO SECTION -",,,,,,N,1.037743,1300,21.73913043,0,20.948472242164,1,,,,,,,,,,,,,,,,,,,,,,,,919.4918099,,,,,,,,,,,,,,,,,,,,,,,,,,,,,,ACCL:L4B%25,ACCL:%25,,,"SC_BSYD, SC_BSYD2, SC_DASEL, SC_DASEL2, SC_HXR, SC_HXR2, SC_S2_X, SC_S2_X2, SC_SFTS, SC_SFTS2, SC_STMO, SC_STMO2, SC_STXI, SC_STXI2, SC_SXR, SC_SXR2, "
CAVL587,L4B,MAD,ACCL:L4B:5870,L4B,,,,308,,SYMBOLS,A,AD_ACCEL,NULL,,,LCAV,,CRYO,930.97046115,3054.36503,920.87541,3021.244783,,,,,,,,"	- NO SECTION -",,,,,,N,1.037743,1300,21.73913043,0,20.948472242164,1,,,,,,,,,,,,,,,,,,,,,,,,920.8754099,,,,,,,,,,,,,,,,,,,,,,,,,,,,,,ACCL:L4B%25,ACCL:%25,,,"SC_BSYD, SC_BSYD2, SC_DASEL, SC_DASEL2, SC_HXR, SC_HXR2, SC_S2_X, SC_S2_X2, SC_SFTS, SC_SFTS2, SC_STMO, SC_STMO2, SC_STXI, SC_STXI2, SC_SXR, SC_SXR2, "
CAVL588,L4B,MAD,ACCL:L4B:5880,L4B,,,,308,,SYMBOLS,A,AD_ACCEL,NULL,,,LCAV,,CRYO,932.35406115,3058.9044,922.25901,3025.784154,,,,,,,,"	- NO SECTION -",,,,,,N,1.037743,1300,21.73913043,0,20.948472242164,1,,,,,,,,,,,,,,,,,,,,,,,,922.2590099,,,,,,,,,,,,,,,,,,,,,,,,,,,,,,ACCL:L4B%25,ACCL:%25,,,"SC_BSYD, SC_BSYD2, SC_DASEL, SC_DASEL2, SC_HXR, SC_HXR2, SC_S2_X, SC_S2_X2, SC_SFTS, SC_SFTS2, SC_STMO, SC_STMO2, SC_STXI, SC_STXI2, SC_SXR, SC_SXR2, "
CMB58,L4B,MAD,BPMS:L4B:5883,L4B,,,,308,,SYMBOLS,A,AD_ACCEL,NULL,,,BPM,,CRYO,933.1654511,3061.566441,923.0704,3028.446194,,,,,,,,"	- NO SECTION -",,,,,,N,0,,,,,,,,,,,,,,,,,,,,,,,,,,,,,923.0703999,,,,,,,,,,,,,,,,,,,,,,,,,,,,,,BPMS:L4B%25,BPMS:%25,,,"SC_BSYD, SC_BSYD2, SC_DASEL, SC_DASEL2, SC_HXR, SC_HXR2, SC_S2_X, SC_S2_X2, SC_SFTS, SC_SFTS2, SC_STMO, SC_STMO2, SC_STXI, SC_STXI2, SC_SXR, SC_SXR2, "
QCM58,L4B,MAD,QUAD:L4B:5885,L4B,,,,308,,SYMBOLS,A,AD_ACCEL,NULL,,,QUAD,4858Q,CRYO,933.4298911,3062.434026,923.33484,3029.31378,,,,,,,,"	- NO SECTION -",,,,,,N,.23,,,,,,,,,,12.372932403522,-5.379535827618,,,,,,,,,,,,,,,,,,923.3348399,,,,,,,,,,,,,,,,,,,,,,,,,,,,,,QUAD:L4B%25,QUAD:%25,,,"SC_BSYD, SC_BSYD2, SC_DASEL, SC_DASEL2, SC_HXR, SC_HXR2, SC_S2_X, SC_S2_X2, SC_SFTS, SC_SFTS2, SC_STMO, SC_STMO2, SC_STXI, SC_STXI2, SC_SXR, SC_SXR2, "
XCM58,L4B,MAD,XCOR:L4B:5885,L4B,,,,308,,SYMBOLS,A,AD_ACCEL,NULL,,,XCOR,4858X,CRYO,933.4298911,3062.434026,923.33484,3029.31378,,,,,,,,"	- NO SECTION -",,,,,,N,0,,,,,,,,,,,,,,,,,,,,,,,,,,,,,923.3348399,,,,,,,,,,,,,,,,,,,,,,,,,,,,,,XCOR:L4B%25,XCOR:%25,,,"SC_BSYD, SC_BSYD2, SC_DASEL, SC_DASEL2, SC_HXR, SC_HXR2, SC_S2_X, SC_S2_X2, SC_SFTS, SC_SFTS2, SC_STMO, SC_STMO2, SC_STXI, SC_STXI2, SC_SXR, SC_SXR2, "
YCM58,L4B,MAD,YCOR:L4B:5885,L4B,,,,308,,SYMBOLS,A,AD_ACCEL,NULL,,,YCOR,4858Y,CRYO,933.4298911,3062.434026,923.33484,3029.31378,,,,,,,,"	- NO SECTION -",,,,,,N,0,,,,,,,,,,,,,,,,,,,,,,,,,,,,,923.3348399,,,,,,,,,,,,,,,,,,,,,,,,,,,,,,YCOR:L4B%25,YCOR:%25,,,"SC_BSYD, SC_BSYD2, SC_DASEL, SC_DASEL2, SC_HXR, SC_HXR2, SC_S2_X, SC_S2_X2, SC_SFTS, SC_SFTS2, SC_STMO, SC_STMO2, SC_STXI, SC_STXI2, SC_SXR, SC_SXR2, "
CAVL591,L4B,MAD,ACCL:L4B:5910,L4B,,,,308,,SYMBOLS,A,AD_ACCEL,NULL,,,LCAV,,CRYO,934.88925115,3067.221953,924.7942,3034.101706,,,,,,,,"	- NO SECTION -",,,,,,N,1.037743,1300,21.73913043,0,20.948472242164,1,,,,,,,,,,,,,,,,,,,,,,,,924.7941999,,,,,,,,,,,,,,,,,,,,,,,,,,,,,,ACCL:L4B%25,ACCL:%25,,,"SC_BSYD, SC_BSYD2, SC_DASEL, SC_DASEL2, SC_HXR, SC_HXR2, SC_S2_X, SC_S2_X2, SC_SFTS, SC_SFTS2, SC_STMO, SC_STMO2, SC_STXI, SC_STXI2, SC_SXR, SC_SXR2, "
CAVL592,L4B,MAD,ACCL:L4B:5920,L4B,,,,308,,SYMBOLS,A,AD_ACCEL,NULL,,,LCAV,,CRYO,936.27285115,3071.761323,926.1778,3038.641076,,,,,,,,"	- NO SECTION -",,,,,,N,1.037743,1300,21.73913043,0,20.948472242164,1,,,,,,,,,,,,,,,,,,,,,,,,926.1777999,,,,,,,,,,,,,,,,,,,,,,,,,,,,,,ACCL:L4B%25,ACCL:%25,,,"SC_BSYD, SC_BSYD2, SC_DASEL, SC_DASEL2, SC_HXR, SC_HXR2, SC_S2_X, SC_S2_X2, SC_SFTS, SC_SFTS2, SC_STMO, SC_STMO2, SC_STXI, SC_STXI2, SC_SXR, SC_SXR2, "
CAVL593,L4B,MAD,ACCL:L4B:5930,L4B,,,,308,,SYMBOLS,A,AD_ACCEL,NULL,,,LCAV,,CRYO,937.65645115,3076.300693,927.5614,3043.180446,,,,,,,,"	- NO SECTION -",,,,,,N,1.037743,1300,21.73913043,0,20.948472242164,1,,,,,,,,,,,,,,,,,,,,,,,,927.5613999,,,,,,,,,,,,,,,,,,,,,,,,,,,,,,ACCL:L4B%25,ACCL:%25,,,"SC_BSYD, SC_BSYD2, SC_DASEL, SC_DASEL2, SC_HXR, SC_HXR2, SC_S2_X, SC_S2_X2, SC_SFTS, SC_SFTS2, SC_STMO, SC_STMO2, SC_STXI, SC_STXI2, SC_SXR, SC_SXR2, "
CAVL594,L4B,MAD,ACCL:L4B:5940,L4B,,,,308,,SYMBOLS,A,AD_ACCEL,NULL,,,LCAV,,CRYO,939.04005115,3080.840063,928.945,3047.719816,,,,,,,,"	- NO SECTION -",,,,,,N,1.037743,1300,21.73913043,0,20.948472242164,1,,,,,,,,,,,,,,,,,,,,,,,,928.9449999,,,,,,,,,,,,,,,,,,,,,,,,,,,,,,ACCL:L4B%25,ACCL:%25,,,"SC_BSYD, SC_BSYD2, SC_DASEL, SC_DASEL2, SC_HXR, SC_HXR2, SC_S2_X, SC_S2_X2, SC_SFTS, SC_SFTS2, SC_STMO, SC_STMO2, SC_STXI, SC_STXI2, SC_SXR, SC_SXR2, "
CAVL595,L4B,MAD,ACCL:L4B:5950,L4B,,,,308,,SYMBOLS,A,AD_ACCEL,NULL,,,LCAV,,CRYO,940.42365115,3085.379433,930.3286,3052.259186,,,,,,,,"	- NO SECTION -",,,,,,N,1.037744,1300,21.739130438,0,20.948452063322,1,,,,,,,,,,,,,,,,,,,,,,,,930.3285999,,,,,,,,,,,,,,,,,,,,,,,,,,,,,,ACCL:L4B%25,ACCL:%25,,,"SC_BSYD, SC_BSYD2, SC_DASEL, SC_DASEL2, SC_HXR, SC_HXR2, SC_S2_X, SC_S2_X2, SC_SFTS, SC_SFTS2, SC_STMO, SC_STMO2, SC_STXI, SC_STXI2, SC_SXR, SC_SXR2, "
CSP59,L4B,MAD,,L4B,,,,308,,SYMBOLS,A,AD_ACCEL,NULL,,,INST,,,940.5640011,3085.839899,930.46895,3052.719652,,,,,,,,"	- NO SECTION -",,,,,,N,0,,,,,,,,,,,,,,,,,,,,,,,,,,,,,930.4689499,,,,,,,,,,,,,,,,,,,,,,,,,,,,,,%25,%25,,,"SC_BSYD, SC_BSYD2, SC_DASEL, SC_DASEL2, SC_HXR, SC_HXR2, SC_S2_X, SC_S2_X2, SC_SFTS, SC_SFTS2, SC_STMO, SC_STMO2, SC_STXI, SC_STXI2, SC_SXR, SC_SXR2, "
CAVL596,L4B,MAD,ACCL:L4B:5960,L4B,,,,308,,SYMBOLS,A,AD_ACCEL,NULL,,,LCAV,,CRYO,941.80725115,3089.918803,931.7122,3056.798556,,,,,,,,"	- NO SECTION -",,,,,,N,1.037743,1300,21.73913043,0,20.948472242164,1,,,,,,,,,,,,,,,,,,,,,,,,931.7121999,,,,,,,,,,,,,,,,,,,,,,,,,,,,,,ACCL:L4B%25,ACCL:%25,,,"SC_BSYD, SC_BSYD2, SC_DASEL, SC_DASEL2, SC_HXR, SC_HXR2, SC_S2_X, SC_S2_X2, SC_SFTS, SC_SFTS2, SC_STMO, SC_STMO2, SC_STXI, SC_STXI2, SC_SXR, SC_SXR2, "
CAVL597,L4B,MAD,ACCL:L4B:5970,L4B,,,,308,,SYMBOLS,A,AD_ACCEL,NULL,,,LCAV,,CRYO,943.19085115,3094.458173,933.0958,3061.337927,,,,,,,,"	- NO SECTION -",,,,,,N,1.037743,1300,21.73913043,0,20.948472242164,1,,,,,,,,,,,,,,,,,,,,,,,,933.0957999,,,,,,,,,,,,,,,,,,,,,,,,,,,,,,ACCL:L4B%25,ACCL:%25,,,"SC_BSYD, SC_BSYD2, SC_DASEL, SC_DASEL2, SC_HXR, SC_HXR2, SC_S2_X, SC_S2_X2, SC_SFTS, SC_SFTS2, SC_STMO, SC_STMO2, SC_STXI, SC_STXI2, SC_SXR, SC_SXR2, "
CAVL598,L4B,MAD,ACCL:L4B:5980,L4B,,,,308,,SYMBOLS,A,AD_ACCEL,NULL,,,LCAV,,CRYO,944.57445115,3098.997543,934.4794,3065.877297,,,,,,,,"	- NO SECTION -",,,,,,N,1.037743,1300,21.73913043,0,20.948472242164,1,,,,,,,,,,,,,,,,,,,,,,,,934.4793999,,,,,,,,,,,,,,,,,,,,,,,,,,,,,,ACCL:L4B%25,ACCL:%25,,,"SC_BSYD, SC_BSYD2, SC_DASEL, SC_DASEL2, SC_HXR, SC_HXR2, SC_S2_X, SC_S2_X2, SC_SFTS, SC_SFTS2, SC_STMO, SC_STMO2, SC_STXI, SC_STXI2, SC_SXR, SC_SXR2, "
CMB59,L4B,MAD,BPMS:L4B:5983,L4B,,,,308,,SYMBOLS,A,AD_ACCEL,NULL,,,BPM,,CRYO,945.3858411,3101.659584,935.29079,3068.539337,,,,,,,,"	- NO SECTION -",,,,,,N,0,,,,,,,,,,,,,,,,,,,,,,,,,,,,,935.2907899,,,,,,,,,,,,,,,,,,,,,,,,,,,,,,BPMS:L4B%25,BPMS:%25,,,"SC_BSYD, SC_BSYD2, SC_DASEL, SC_DASEL2, SC_HXR, SC_HXR2, SC_S2_X, SC_S2_X2, SC_SFTS, SC_SFTS2, SC_STMO, SC_STMO2, SC_STXI, SC_STXI2, SC_SXR, SC_SXR2, "
QCM59,L4B,MAD,QUAD:L4B:5985,L4B,,,,308,,SYMBOLS,A,AD_ACCEL,NULL,,,QUAD,4859Q,CRYO,945.6502811,3102.527169,935.55523,3069.406923,,,,,,,,"	- NO SECTION -",,,,,,N,.23,,,,,,,,,,-18.213288495674,7.918821085076,,,,,,,,,,,,,,,,,,935.5552299,,,,,,,,,,,,,,,,,,,,,,,,,,,,,,QUAD:L4B%25,QUAD:%25,,,"SC_BSYD, SC_BSYD2, SC_DASEL, SC_DASEL2, SC_HXR, SC_HXR2, SC_S2_X, SC_S2_X2, SC_SFTS, SC_SFTS2, SC_STMO, SC_STMO2, SC_STXI, SC_STXI2, SC_SXR, SC_SXR2, "
XCM59,L4B,MAD,XCOR:L4B:5985,L4B,,,,308,,SYMBOLS,A,AD_ACCEL,NULL,,,XCOR,4859X,CRYO,945.6502811,3102.527169,935.55523,3069.406923,,,,,,,,"	- NO SECTION -",,,,,,N,0,,,,,,,,,,,,,,,,,,,,,,,,,,,,,935.5552299,,,,,,,,,,,,,,,,,,,,,,,,,,,,,,XCOR:L4B%25,XCOR:%25,,,"SC_BSYD, SC_BSYD2, SC_DASEL, SC_DASEL2, SC_HXR, SC_HXR2, SC_S2_X, SC_S2_X2, SC_SFTS, SC_SFTS2, SC_STMO, SC_STMO2, SC_STXI, SC_STXI2, SC_SXR, SC_SXR2, "
YCM59,L4B,MAD,YCOR:L4B:5985,L4B,,,,308,,SYMBOLS,A,AD_ACCEL,NULL,,,YCOR,4859Y,CRYO,945.6502811,3102.527169,935.55523,3069.406923,,,,,,,,"	- NO SECTION -",,,,,,N,0,,,,,,,,,,,,,,,,,,,,,,,,,,,,,935.5552299,,,,,,,,,,,,,,,,,,,,,,,,,,,,,,YCOR:L4B%25,YCOR:%25,,,"SC_BSYD, SC_BSYD2, SC_DASEL, SC_DASEL2, SC_HXR, SC_HXR2, SC_S2_X, SC_S2_X2, SC_SFTS, SC_SFTS2, SC_STMO, SC_STMO2, SC_STXI, SC_STXI2, SC_SXR, SC_SXR2, "
ENDL4B,L4B,MAD,,,,,,308,,SYMBOLS,A,AD_ACCEL,,,,INST,,,949.4240511,3114.908304,939.329,3081.788058,,,,,,,,"	- NO SECTION -",,,,,,N,0,,,,,,,,,,,,,,,,,,,,,,,,,,,,,939.3289999,,,,,,,,,,,,,,,,,,,,,,,,,,,,,,%25,%25,,,
VVL4BD,L4B,MAD,,L4B,,,,308,,SYMBOLS,A,AD_ACCEL,NULL,,,INST,,GATE VALVE,949.4240511,3114.908304,939.329,3081.788058,,,,,,,,"	- NO SECTION -",,,,,,N,0,,,,,,,,,,,,,,,,,,,,,,,,,,,,,939.3289999,,,,,,,,,,,,,,,,,,,,,,,,,,,,,,%25,%25,,,"SC_BSYD, SC_BSYD2, SC_DASEL, SC_DASEL2, SC_HXR, SC_HXR2, SC_S2_X, SC_S2_X2, SC_SFTS, SC_SFTS2, SC_STMO, SC_STMO2, SC_STXI, SC_STXI2, SC_SXR, SC_SXR2, "
