2.601000000000000000e+03 0.000000000000000000e+00 1.299999999999869704e+00 1.299999999999869704e+00
3.750890999250097810e-04 2.043604702659963107e-02 1.097085206248738398e+00 9.959021060610021436e+01
3.856491034331623242e-04 2.099696740254352115e-02 1.146458314088226960e+00 9.793440934010681076e+01
3.964211923785019003e-04 2.158237540439596203e-02 1.195051804177067245e+00 9.647173960350893651e+01
4.075804325436146384e-04 2.219190536472279152e-02 1.242962242279957330e+00 9.520220139630660583e+01
4.189638330048894659e-04 2.282523989897224104e-02 1.290286194161595956e+00 9.412579471849987556e+01
4.307563837085538836e-04 2.348210990547482460e-02 1.337120225586679645e+00 9.324251957008864622e+01
4.427858558072777563e-04 2.416229456544346024e-02 1.383560902319906916e+00 9.255237595107301729e+01
4.552477259948127563e-04 2.486562134297338328e-02 1.429704790125974956e+00 9.205536386145293193e+01
4.679600006845025971e-04 2.559196598504220529e-02 1.475648454769582507e+00 9.175148330122841855e+01
4.811292416697818502e-04 2.634125252150984128e-02 1.521488462015425869e+00 9.164073427039942032e+01
4.945631362163917374e-04 2.711345326511861026e-02 1.567321377628203782e+00 9.172311676896599408e+01
5.084799586952037844e-04 2.790858881149315199e-02 1.613243767372614768e+00 9.199863079692815404e+01
5.226764916465822999e-04 2.872672803914062475e-02 1.659352197013364671e+00 9.246727635428595704e+01
5.373833898636458167e-04 2.956798810945001146e-02 1.705743232315132918e+00 9.312905344103923255e+01
5.523859128811827194e-04 3.043253446669318477e-02 1.752513439042626242e+00 9.398396205718808005e+01
5.679277908410618799e-04 3.132058083802418541e-02 1.799759382960543164e+00 9.503200220273247112e+01
5.837821046910967497e-04 3.223238923347939572e-02 1.847577629833581092e+00 9.627317387767246260e+01
6.002064166764293010e-04 3.316826994597753958e-02 1.896064745426437881e+00 9.770747708200796922e+01
6.169609362752959559e-04 3.412858155131969634e-02 1.945317295503810495e+00 9.933491181573900519e+01
6.343178294089207945e-04 3.511373090818933201e-02 1.995431845830398121e+00 1.011554780788656416e+02
6.520237085009373363e-04 3.612417315815220908e-02 2.046504962170898168e+00 1.031691758713878215e+02
6.703661760385059686e-04 3.716041172565644202e-02 2.098633210290007600e+00 1.053760051933055450e+02
6.890774809276016327e-04 3.822299831803253195e-02 2.151913155952424717e+00 1.077759660446188690e+02
7.084615257696964081e-04 3.931253292549329731e-02 2.206441364922847814e+00 1.103690584253277223e+02
7.282353783925144073e-04 4.042966382113392237e-02 2.262314402965972970e+00 1.131552823354321049e+02
7.487201817065207345e-04 4.157508756093192259e-02 2.319628835846499371e+00 1.161346377749320737e+02
7.696169589128129627e-04 4.274954898374717926e-02 2.378481229329124869e+00 1.193071247438275861e+02
7.912650640840527150e-04 4.395384121132191874e-02 2.438968149178546430e+00 1.226727432421186563e+02
8.133485611487980887e-04 4.518880564828069851e-02 2.501186161159461907e+00 1.262314932698052843e+02
8.362260577316631182e-04 4.645533198213046278e-02 2.565231831036570043e+00 1.299833748268874558e+02
8.595636978549699202e-04 4.775435818326047993e-02 2.631201724574568246e+00 1.339283879133652420e+02
8.837404259630694424e-04 4.908687050494234261e-02 2.699192407538153482e+00 1.380665325292385148e+02
9.084034595505689411e-04 5.045390348333004399e-02 2.769300445692024049e+00 1.423978086745073881e+02
9.339532346858931766e-04 5.185653993745988066e-02 2.841622404800877799e+00 1.469222163491717765e+02
9.600169488486418609e-04 5.329591096925087590e-02 2.916254850629429018e+00 1.516397555532328170e+02
9.870177611819564139e-04 5.477319596350337799e-02 2.993294348942342697e+00 1.565504262866883778e+02
1.014561725004614048e-03 5.628962258790107254e-02 3.072837465504332677e+00 1.616542285495394822e+02
1.043096005082651614e-03 5.784646679300967098e-02 3.154980766080097254e+00 1.669511623417861585e+02
1.072204304672150785e-03 5.944505281227722288e-02 3.239820816434332951e+00 1.724412276634284069e+02
1.102359148246775554e-03 6.108675316203417138e-02 3.327454182331739396e+00 1.781244245144661704e+02
1.133120642220007256e-03 6.277298864149324920e-02 3.417977429537012224e+00 1.840007528948995059e+02
1.164988096394420488e-03 6.450522833274957568e-02 3.511487123814850619e+00 1.900702128047283850e+02
1.197496676475673805e-03 6.628498960078058055e-02 3.608079830929951992e+00 1.963328042439528360e+02
1.231174015631114702e-03 6.811383809344612184e-02 3.707852116647014196e+00 2.027885272125728875e+02
1.265528918347050670e-03 6.999338774148831932e-02 3.810900546730735527e+00 2.094373817105884541e+02
1.301118930289004881e-03 7.192530075853167948e-02 3.917321686945812953e+00 2.162793677379995643e+02
1.337425007785604135e-03 7.391128764108303995e-02 4.027212103056943882e+00 2.233144852948062464e+02
1.375036315658284720e-03 7.595310716853162503e-02 4.140668360828827055e+00 2.305427343810085006e+02
1.413404383164099457e-03 7.805256640314896244e-02 4.257787026026160326e+00 2.379641149966062414e+02
1.453151777584439511e-03 8.021152069008900820e-02 4.378664664413640217e+00 2.455786271415996112e+02
1.493698930215322422e-03 8.243187365738795236e-02 4.503397841755965025e+00 2.533862708159885244e+02
1.535703711626471533e-03 8.471557721596439938e-02 4.632083123817833048e+00 2.613870460197729813e+02
1.578553692287841970e-03 8.706463155961929878e-02 4.764817076363941695e+00 2.695809527529530101e+02
1.622944038861434766e-03 8.948108516503595899e-02 4.901696265158988375e+00 2.779679910155285256e+02
1.668227606150547281e-03 9.196703479178003349e-02 5.042817255967672274e+00 2.865481608074996984e+02
1.715138977457243566e-03 9.452462548229946526e-02 5.188276614554689914e+00 2.953214621288663579e+02
1.762994314443481602e-03 9.715605056192525013e-02 5.338170906684772454e+00 3.042878949796306074e+02
1.812569844904003517e-03 9.986355163886884156e-02 5.492596698122552468e+00 3.134474593597884677e+02
1.863142967909178077e-03 1.026494186042259255e-01 5.651650554632759338e+00 3.228001552693418148e+02
1.915533911342881231e-03 1.055159896319738527e-01 5.815429041980092251e+00 3.323459827082908191e+02
1.968979119599554694e-03 1.084656511789723332e-01 5.984028725929245063e+00 3.420849416766352533e+02
2.024345303992508126e-03 1.115008379849635051e-01 6.157546172244921401e+00 3.520170321743753448e+02
2.080825654851088842e-03 1.146240330725717960e-01 6.336077946691815121e+00 3.621422542015109229e+02
2.139335972892429834e-03 1.178377677473039370e-01 6.519720615034623634e+00 3.724606077580421015e+02
2.199023751918514902e-03 1.211446215975491431e-01 6.708570743038048789e+00 3.829720928439688237e+02
2.260856677085574130e-03 1.245472224945788353e-01 6.902724896466784443e+00 3.936767094592911462e+02
2.323933944803592382e-03 1.280482465925468494e-01 7.102279641085528894e+00 4.045744576040089555e+02
2.389278057666524221e-03 1.316504183284893381e-01 7.307331542658980439e+00 4.156653372781223084e+02
2.455937191193632158e-03 1.353565104223249105e-01 7.517977166951838264e+00 4.269493484816313185e+02
2.524991767037090395e-03 1.391693438768543956e-01 7.734313079728798002e+00 4.384264912145358153e+02
2.595436052814598625e-03 1.430917879777610091e-01 7.956435846754557950e+00 4.500967654768358557e+02
2.668411649259413900e-03 1.471267602936103258e-01 8.184442033793818183e+00 4.619601712685314965e+02
2.742855875784217488e-03 1.512772266758502515e-01 8.418428206611272557e+00 4.740167085896226240e+02
2.819974986835869363e-03 1.555462012588111342e-01 8.658490930971622035e+00 4.862663774401094656e+02
2.898646124257693059e-03 1.599367464597055422e-01 8.904726772639559584e+00 4.987091778199916234e+02
2.980143829245030483e-03 1.644519729786284301e-01 9.157232297379790609e+00 5.113451097292694953e+02
3.063281698744159485e-03 1.690950397985571396e-01 9.416104070957006300e+00 5.241741731679429677e+02
3.149406398123935722e-03 1.738691541853513156e-01 9.681438659135906732e+00 5.371963681360118699e+02
3.237264387276735968e-03 1.787775716877530452e-01 9.953332627681190203e+00 5.504116946334763725e+02
3.328278533328386714e-03 1.838235961373877458e-01 1.023188254235761896e+01 5.638201526603394313e+02
3.421124383009376164e-03 1.890105796487599465e-01 1.051718496892976340e+01 5.774217422165951348e+02
3.517305282066349962e-03 1.943419226192597826e-01 1.080933647316238400e+01 5.912164633022463249e+02
3.615421878460022345e-03 1.998210737291586103e-01 1.110843362082017372e+01 6.052043159172931155e+02
3.717062518689882855e-03 2.054515362342326235e-01 1.141462331864621760e+01 6.196873459320058828e+02
3.820748736400064738e-03 2.112369371846077037e-01 1.172825383729710147e+01 6.349675992166552305e+02
3.928158682011386772e-03 2.171810966436050760e-01 1.204972378840779434e+01 6.510450757712410450e+02
4.037730303816911524e-03 2.232880339803633429e-01 1.237943178361326169e+01 6.679197755957633262e+02
4.151236599485685907e-03 2.295619678698386235e-01 1.271777643454847251e+01 6.855916986902220742e+02
4.267027256535067120e-03 2.360073162928045531e-01 1.306515635284839938e+01 7.040608450546176300e+02
4.386975423806677675e-03 2.426286965358522285e-01 1.342197015014800598e+01 7.233272146889493115e+02
4.509337592020086147e-03 2.494309251913901238e-01 1.378861643808225423e+01 7.433908075932176871e+02
4.636092666589302497e-03 2.564190181576445626e-01 1.416549382828612735e+01 7.642516237674225295e+02
4.765398719267827272e-03 2.635981906386589135e-01 1.455300093239458548e+01 7.859096632115638386e+02
4.899346339356352650e-03 2.709738571442941724e-01 1.495153636204259584e+01 8.083649259256417281e+02
5.035989655998555220e-03 2.785516314902288237e-01 1.536149872886512746e+01 8.316174119096561981e+02
5.177537191610587924e-03 2.863373267979592018e-01 1.578328664449714935e+01 8.556671211636070211e+02
5.321933363814377975e-03 2.943369554947983802e-01 1.621729872057363409e+01 8.805140536874943109e+02
5.471511183955534048e-03 3.025567293138775593e-01 1.666393356872954001e+01 9.061582094813182948e+02
5.624099211100528142e-03 3.110030592941450678e-01 1.712358980059983793e+01 9.325995885450787455e+02
5.782161879460206121e-03 3.196825557803670836e-01 1.759666602781950218e+01 9.598381908787754355e+02
5.943405471694931941e-03 3.286020284231288002e-01 1.808356086202361013e+01 9.878740164824151861e+02
6.110433202926116199e-03 3.377684861788271542e-01 1.858467291484690520e+01 1.016707065355985378e+03
6.280822130142984204e-03 3.471891373096826494e-01 1.910040079792446832e+01 1.046337337499491923e+03
6.457322118398215426e-03 3.568713893837310303e-01 1.963114312289127028e+01 1.076764832912935162e+03
6.637373845354704871e-03 3.668228492748257241e-01 2.017729850138227121e+01 1.107989551596314641e+03
6.823881746114642682e-03 3.770513231626376194e-01 2.073926554503244901e+01 1.140011493549630586e+03
7.014142607676652173e-03 3.875648165326550099e-01 2.131744286547677092e+01 1.172830658772883453e+03
7.211224172871266366e-03 3.983715341761835949e-01 2.191222907435019707e+01 1.206447047266072332e+03
7.412271315719524967e-03 4.094798801903468122e-01 2.252402278328769825e+01 1.240860659029197905e+03
7.620524079946818310e-03 4.208984579780851720e-01 2.315322260392424525e+01 1.276071494062259944e+03
7.832966995502992774e-03 4.326360702481575893e-01 2.380022714789481242e+01 1.312079552365258905e+03
8.053021808955109981e-03 4.447017190151389965e-01 2.446543502683434923e+01 1.348884833938193879e+03
8.277504121795599412e-03 4.571046055994230639e-01 2.514924485237784424e+01 1.386487338781065318e+03
8.510027347452915267e-03 4.698541306272205342e-01 2.585205523616025403e+01 1.424887066893873680e+03
8.747228603722652721e-03 4.829598940305595001e-01 2.657426478981654938e+01 1.464084018276618281e+03
8.992923701377429982e-03 4.964316950472856815e-01 2.731627212498170110e+01 1.504078192929299576e+03
9.243561514886432934e-03 5.102795322210622597e-01 2.807847585329067286e+01 1.544869590851917110e+03
9.503171187239367601e-03 5.245136034013697657e-01 2.886127458637843901e+01 1.586458212044471566e+03
9.768003232266680644e-03 5.391443057435063579e-01 2.966506693587995613e+01 1.628844056506961806e+03
1.004231157102346630e-02 5.541822357085878226e-01 3.049025151343020568e+01 1.672027124239389195e+03
1.032213757512110731e-02 5.696381890635472400e-01 3.133722693066415488e+01 1.716007415241752824e+03
1.061197236038158818e-02 5.855231608811349853e-01 3.220639179921676742e+01 1.760784929514053147e+03
1.090763665925141047e-02 6.018483455399193938e-01 3.309814473072300700e+01 1.806359667056289709e+03
1.121387150560614922e-02 6.186251367242857624e-01 3.401288433681784085e+01 1.852731627868462738e+03
1.152626518919637466e-02 6.358651395538613693e-01 3.495110626449620383e+01 1.900483024109002827e+03
1.184982225389611017e-02 6.535803040071180847e-01 3.591369430219130976e+01 1.950196067936307372e+03
1.217988577237573075e-02 6.717830583450168369e-01 3.690162927369674861e+01 2.001870759350386834e+03
1.252173800362300915e-02 6.904863212404114270e-01 3.791589200280593985e+01 2.055507098351241893e+03
1.287046387555125515e-02 7.097035017780515265e-01 3.895746331331223899e+01 2.111105084938872551e+03
1.323163802725511005e-02 7.294484994545843426e-01 4.002732402900903708e+01 2.168664719113276988e+03
1.360007339445828446e-02 7.497357041785535081e-01 4.112645497368973224e+01 2.228186000874457477e+03
1.398165258111109220e-02 7.705799962703991923e-01 4.225583697114771553e+01 2.289668930222413110e+03
1.437090222343727700e-02 7.919967464624583231e-01 4.341645084517635667e+01 2.353113507157143431e+03
1.477402898596697801e-02 8.140018158989649200e-01 4.460927741956906800e+01 2.418519731678649805e+03
1.518525813165054472e-02 8.366115561360485398e-01 4.583529751811920505e+01 2.485887603786930413e+03
1.561113755437039917e-02 8.598428091417373853e-01 4.709549196462017306e+01 2.555217123481986164e+03
1.604557525246948224e-02 8.837129072959543086e-01 4.839084158286537019e+01 2.626508290763817968e+03
1.649547792673521779e-02 9.082396733905205854e-01 4.972232719664816614e+01 2.699761105632424460e+03
1.695442006188637579e-02 9.334414206291523630e-01 5.109092962976195906e+01 2.774975568087805186e+03
1.742968571402132155e-02 9.593369526274639902e-01 5.249762970600012579e+01 2.852151678129961965e+03
1.791449853216960098e-02 9.859455634129663526e-01 5.394340824915607158e+01 2.931289435758893887e+03
1.841653924260951841e-02 1.013287037425066206e+00 5.542924608302316614e+01 3.012388840974600953e+03
1.892866282564096073e-02 1.041381649515067398e+00 5.695612403139480051e+01 3.095449893777082707e+03
1.945896665685917931e-02 1.070250164946170868e+00 5.852502291806435863e+01 3.180472594166340059e+03
1.999991849942844152e-02 1.099913839393480419e+00 6.013692356682560813e+01 3.267456942142391654e+03
2.056005332825110860e-02 1.130394418943977186e+00 6.179280680147121529e+01 3.356402937705199747e+03
2.113143222119424902e-02 1.161714140096558046e+00 6.349365344579491222e+01 3.447310580854782984e+03
2.172304941782302393e-02 1.193895729762010305e+00 6.524044432359008283e+01 3.540179871591140909e+03
2.232653922937525778e-02 1.226962405263018585e+00 6.703416025865013239e+01 3.635010809914275342e+03
2.295137764299519031e-02 1.260937874334162823e+00 6.887578207476842351e+01 3.731803395824183099e+03
2.358875150878891186e-02 1.295846335121921156e+00 7.076629059573835434e+01 3.830557629320866909e+03
2.424864150427388440e-02 1.331712476184667704e+00 7.270666664535332302e+01 3.931273510404325407e+03
2.492176571075148742e-02 1.368561476492672790e+00 7.469789104740672769e+01 4.033951039074559503e+03
2.561863351195482405e-02 1.406419005428104496e+00 7.674094462569190966e+01 4.138590215331569198e+03
2.632947189075690239e-02 1.445311222785027105e+00 7.883680820400228129e+01 4.245191039175353581e+03
2.706534361721682144e-02 1.485264778769401550e+00 8.098646260613125492e+01 4.353753510605912197e+03
2.781596183737525263e-02 1.526306813999084966e+00 8.319088865587218606e+01 4.464277629623246867e+03
2.859296779650798495e-02 1.568464959503832024e+00 8.545106717701847288e+01 4.576763396227356679e+03
2.938553770773659132e-02 1.611767336725294042e+00 8.776797899336351350e+01 4.691210810418241635e+03
3.020591709580975823e-02 1.656242557517017877e+00 9.014260492870064922e+01 4.807619872195900825e+03
3.104272117399002953e-02 1.701919724144448587e+00 9.257592580682333505e+01 4.925990581560336068e+03
3.190882601063302348e-02 1.748828429284927655e+00 9.506892245152491228e+01 5.046322938511547363e+03
3.279226185439737540e-02 1.796998756027691879e+00 9.762257568659879325e+01 5.168616943049532892e+03
3.370656188796488512e-02 1.846461277873876039e+00 1.002378663358383193e+02 5.292872595174292655e+03
3.463914661308484244e-02 1.897247044800123739e+00 1.029156637319267702e+02 5.418420948224701533e+03
3.560423335736229850e-02 1.949387429958306939e+00 1.056563912431065404e+02 5.544593055539634406e+03
3.658860814442928266e-02 2.002913976375255700e+00 1.084603607465098776e+02 5.671388917119089456e+03
3.760719937521610906e-02 2.057858383016364812e+00 1.113278841192691004e+02 5.798808532963067591e+03
3.864613376183455989e-02 2.114252504785593789e+00 1.142592732385163998e+02 5.926851903071566085e+03
3.972107770694223439e-02 2.172128352525484196e+00 1.172548399813847340e+02 6.055519027444617677e+03
4.081747387992270409e-02 2.231518093017104132e+00 1.203148962250050857e+02 6.184809906082165071e+03
4.195175325588013093e-02 2.292454048980123726e+00 1.234397538465103139e+02 6.314724538984233732e+03
4.310865003684720420e-02 2.354968699072770288e+00 1.266297247230327088e+02 6.445262926150824569e+03
4.430538588121604032e-02 2.419094677891834522e+00 1.298851207317045180e+02 6.576425067581938492e+03
4.552596266111864909e-02 2.484864775972674078e+00 1.332062537496580035e+02 6.708210963277574592e+03
4.678841796041841028e-02 2.552311939789213557e+00 1.365934356540254555e+02 6.840620613237733778e+03
4.807599827635744560e-02 2.621469271753941843e+00 1.400469783219390933e+02 6.973654017462416050e+03
4.940758103191772443e-02 2.692370030217916987e+00 1.435671936305311931e+02 7.107311175951621408e+03
5.076563553080318258e-02 2.765047629470759105e+00 1.471543934569340308e+02 7.241592088705348033e+03
5.216990162022575039e-02 2.839535639740658368e+00 1.508088896782798543e+02 7.376496755723599563e+03
5.360205112462894383e-02 2.915867787194368344e+00 1.545309941717008826e+02 7.512025177006370541e+03
5.508270649898179550e-02 2.994077953937209990e+00 1.583210188143294488e+02 7.648177352553666424e+03
5.659272302908611302e-02 3.074200178013070328e+00 1.621792754832978005e+02 7.784953282365484483e+03
5.815362504143946343e-02 3.156268653404402436e+00 1.661060760557381570e+02 7.922352966441826538e+03
5.974543493199012401e-02 3.240317730032224119e+00 1.701017324087828513e+02 8.060376404782690770e+03
6.139059320607454656e-02 3.326381913756121911e+00 1.741665564195640741e+02 8.199023597388077178e+03
6.306827659540320541e-02 3.414495866374247068e+00 1.783008599652140731e+02 8.338294544257987582e+03
6.480185251463423113e-02 3.504694405623316467e+00 1.825049549228651813e+02 8.478189245392417433e+03
6.656964232270824733e-02 3.597012505178634356e+00 1.867791531696506127e+02 8.618707700791403113e+03
6.839594851921100560e-02 3.691485294654011540e+00 1.911237665827006822e+02 8.759849910454880956e+03
7.025822993665813143e-02 3.788148059601881279e+00 1.955391070391486039e+02 8.901615874382880065e+03
7.218172671443977284e-02 3.887036241513226908e+00 2.000254864161267108e+02 9.044005592575405899e+03
7.414303413669580400e-02 3.988185437817595158e+00 2.045832165907670799e+02 9.187019065032449362e+03
7.616832589481789539e-02 4.091631401883104147e+00 2.092126094402022147e+02 9.330656291754019549e+03
7.823333832334847249e-02 4.197410043016430947e+00 2.139139768415642209e+02 9.474917272740109183e+03
8.036516793519794810e-02 4.305557426462821802e+00 2.186876306719853460e+02 9.619802007990723723e+03
8.253870182384329124e-02 4.416109773406089900e+00 2.235338828085979230e+02 9.765310497505859530e+03
8.478194297250182809e-02 4.529103460968614492e+00 2.284530451285341996e+02 9.911442741285516604e+03
8.706894609577234267e-02 4.644575022211341775e+00 2.334454295089264519e+02 1.005819873932970040e+04
8.942859305450903684e-02 4.762561146133780454e+00 2.385113478269069276e+02 1.020557849163840365e+04
9.183413326612713257e-02 4.883098677674009735e+00 2.436511119596078174e+02 1.035358199821163180e+04
9.431528965694029043e-02 5.006224617708670444e+00 2.488650337841614544e+02 1.050220925904937940e+04
9.684454109350539019e-02 5.131976123052974792e+00 2.541534251777001714e+02 1.065146027415165372e+04
9.945240506883684661e-02 5.260390506460695725e+00 2.595165980173561024e+02 1.080133504351844931e+04
1.021106338425150223e-01 5.391505236624175801e+00 2.649548641802614952e+02 1.095183356714976617e+04
1.048504796901367775e-01 5.525357621273522923e+00 2.704660003371383823e+02 1.108774460658382122e+04
1.076430249825720414e-01 5.661981321267794520e+00 2.760376423330676516e+02 1.119385692335882777e+04
1.105201837085222072e-01 5.801402864686179939e+00 2.816548908067194930e+02 1.127017051747478217e+04
1.134524352879202336e-01 5.943641329927213057e+00 2.873028463967646076e+02 1.131668538893168989e+04
1.164722700896852203e-01 6.088708345708758074e+00 2.929666097418734125e+02 1.133340153772955091e+04
1.195496442949709609e-01 6.236608091068011284e+00 2.986312814807164386e+02 1.132031896386835979e+04
1.227175214358894456e-01 6.387337295361508183e+00 3.042819622519639893e+02 1.127743766734812016e+04
1.259454310291602541e-01 6.540885238265121693e+00 3.099037526942868226e+02 1.120475764816883202e+04
1.292666896908762075e-01 6.697233749774085254e+00 3.154817534463562652e+02 1.110227890633046627e+04
1.326505101330273939e-01 6.856357210202880026e+00 3.210010651468407445e+02 1.097000144183307566e+04
1.361304261362389634e-01 7.018222550185408082e+00 3.264467884344117010e+02 1.080792525467663290e+04
1.396754587967371231e-01 7.182789250674882275e+00 3.318040239477397222e+02 1.061605034486114164e+04
1.433192052560929852e-01 7.350009342943847557e+00 3.370578723254952251e+02 1.039437671238660187e+04
1.470306355129956943e-01 7.519827408584189854e+00 3.421934342063486838e+02 1.014290435725301359e+04
1.508432363383364061e-01 7.692180579507120974e+00 3.471958102289705721e+02 9.861633279460374979e+03
1.547260860575827845e-01 7.866998537943193703e+00 3.520501010320313640e+02 9.550563479008687864e+03
1.587123689442067054e-01 8.044203516442300028e+00 3.567414072542017038e+02 9.209694955897950422e+03
1.627714458930556440e-01 8.223710297873653374e+00 3.612548295341518383e+02 8.839027710128166291e+03
1.669359891802804918e-01 8.405426215425819692e+00 3.655754685105523549e+02 8.438561741699333652e+03
1.711758323529462000e-01 8.589251152606685480e+00 3.696884248220737277e+02 8.008297050611447958e+03
1.755229057509659629e-01 8.775077543243485323e+00 3.735787991073864873e+02 7.548233636864516484e+03
1.799477225186472684e-01 8.962790371482775242e+00 3.772316920051609372e+02 7.058371500458533774e+03
1.844812278353894497e-01 9.152267171790459344e+00 3.806322041540676651e+02 6.538710641393503465e+03
1.890948326292254400e-01 9.343378028951768499e+00 3.837654361927771447e+02 5.989251059669424649e+03
1.938182378545280637e-01 9.535985578071272784e+00 3.866164887599599638e+02 5.409992755286297324e+03
1.986239831839232139e-01 9.729945004572877920e+00 3.891704624942864257e+02 4.800935728244118764e+03
2.035402529968846075e-01 9.925104044199818176e+00 3.914124580344269475e+02 4.162079978542891695e+03
2.085409594458827731e-01 1.012130298301467413e+01 3.933275760190522874e+02 3.493425506182614754e+03
2.136524877661127308e-01 1.031837465739939930e+01 3.949009170868330898e+02 2.794972311163133327e+03
2.188503704129440841e-01 1.051614445405514431e+01 3.961175818764389760e+02 2.066720393484754368e+03
2.241589068201104151e-01 1.071443031000253931e+01 3.969626710265409884e+02 1.308669753147323036e+03
2.295555016567380202e-01 1.091304271258150216e+01 3.974212851758097145e+02 5.208203901508454692e+02
2.350620798540147549e-01 1.111178469945127922e+01 3.974785249629152872e+02 -2.968276955046810031e+02
2.406581691837304804e-01 1.131045185859045965e+01 3.971194910265285216e+02 -1.144274503819258371e+03
2.463630380161230260e-01 1.150883232829696290e+01 3.963292840053197210e+02 -2.021520034792884189e+03
2.521585778950450885e-01 1.170670679718804230e+01 3.950930045379593594e+02 -2.928564288425557152e+03
2.580611287908873286e-01 1.190384850420029927e+01 3.933957532631179674e+02 -3.865407264717281578e+03
2.640551805572604604e-01 1.210002323858964957e+01 3.912226308194660191e+02 -4.832048963668054057e+03
2.701538867221461304e-01 1.229498933993136411e+01 3.885587378456739316e+02 -5.828489385277875044e+03
2.763445495475929659e-01 1.248849769812003530e+01 3.853891749804122355e+02 -6.854728529546743630e+03
2.826369046473307112e-01 1.268029210295475906e+01 3.817018395436198261e+02 -7.893986308864295097e+03
2.890212583076100517e-01 1.287011308957586131e+01 3.774958155803091699e+02 -8.929482635620155634e+03
2.955037269036130954e-01 1.305770178390165093e+01 3.727729838167608705e+02 -9.961217509814321602e+03
3.020777806810830968e-01 1.324280025221358770e+01 3.675352249792561565e+02 -1.098919093144679937e+04
3.087457553084375639e-01 1.342515150115625566e+01 3.617844197940755748e+02 -1.201340290051758529e+04
3.155044076250013707e-01 1.360449947773739154e+01 3.555224489875002405e+02 -1.303385341702668302e+04
3.223521766010183365e-01 1.378058906932786520e+01 3.487511932858107002e+02 -1.405054248097408890e+04
3.292891874254540996e-01 1.395316610366169030e+01 3.414725334152878986e+02 -1.506347009235980295e+04
3.363099164545561015e-01 1.412197734883602251e+01 3.336883501022128371e+02 -1.607263625118383061e+04
3.434178935061821258e-01 1.428677051331115599e+01 3.254005240728661761e+02 -1.707804095744616643e+04
3.506036226140509804e-01 1.444729424591051981e+01 3.166109360535287465e+02 -1.807968421114680677e+04
3.578740198297993280e-01 1.460329813582069391e+01 3.073214667704816065e+02 -1.907756601228575892e+04
3.652156725609327914e-01 1.475453271259139321e+01 2.975339969500053598e+02 -2.007168636086301922e+04
3.726388105343643176e-01 1.490074944613547636e+01 2.872504073183811215e+02 -2.106204525687859496e+04
3.801262210337707503e-01 1.504170074672896540e+01 2.764725786018869940e+02 -2.204864270033269349e+04
3.876913197174987058e-01 1.517713996501093732e+01 2.652023915268087535e+02 -2.303147869122488191e+04
3.953132776965296302e-01 1.530682139198369462e+01 2.534417268194249573e+02 -2.401055322955538213e+04
4.030085100546335619e-01 1.543050025901266231e+01 2.411924652060163226e+02 -2.498586631532419051e+04
4.107528185312003810e-01 1.554793273782639318e+01 2.284564874128637939e+02 -2.595741794853130705e+04
4.185653790099258531e-01 1.565887594051658915e+01 2.152356741662481454e+02 -2.692520812917673175e+04
4.264189335096825739e-01 1.576308791953808885e+01 2.015319061924503217e+02 -2.788923685726047188e+04
4.343351269471553144e-01 1.586032849749248008e+01 1.873537024866243144e+02 -2.880967451954316857e+04
4.422840049241879012e-01 1.595036839474779100e+01 1.727361351194170425e+02 -2.964669150278545567e+04
4.502893461906113948e-01 1.603299835705823284e+01 1.577209144303488131e+02 -3.040028780698736227e+04
4.583189158651920225e-01 1.610802998534774133e+01 1.423497507589397912e+02 -3.107046343214887384e+04
4.663982473871823853e-01 1.617529573571002288e+01 1.266643544447100709e+02 -3.165721837826997580e+04
4.744932816932767583e-01 1.623464891940855281e+01 1.107064358271800160e+02 -3.216055264535069728e+04
4.826309001757546069e-01 1.628596370287656114e+01 9.451770524586967781e+01 -3.258046623339102007e+04
4.907757070597414950e-01 1.632913510771703613e+01 7.813987304029932091e+01 -3.291695914239094418e+04
4.989555019602573971e-01 1.636407901070272430e+01 6.161464954998910315e+01 -3.317003137235048052e+04
5.071340572345250930e-01 1.639073214377614818e+01 4.498374511445922508e+01 -3.333968292326961819e+04
5.153396517924615505e-01 1.640905209404956722e+01 2.828887007322617819e+01 -3.342591379514836444e+04
5.235357376097327098e-01 1.641901730380500624e+01 1.157173476581757399e+01 -3.342872398798669019e+04
5.317506273206298317e-01 1.642062707049427317e+01 -5.125950468250106695e+00 -3.334811350178462453e+04
5.399479752470653926e-01 1.641390154673890578e+01 -2.176247528945665977e+01 -3.318408233654216019e+04
5.481556908637640335e-01 1.639888174033021428e+01 -3.829612935828185982e+01 -3.293663049225929717e+04
5.563381131996338880e-01 1.637562951422928137e+01 -5.468520233520558094e+01 -3.260575796893603911e+04
5.645223392785608807e-01 1.634422758656691954e+01 -7.088798388070759415e+01 -3.219146476657238964e+04
5.726738782630511615e-01 1.630477953064372798e+01 -8.686276365526769894e+01 -3.169375088516834512e+04
5.808186008361018171e-01 1.625740977493007478e+01 -1.025678313193657232e+02 -3.111261632472390193e+04
5.889236257326359025e-01 1.620226360306604363e+01 -1.179614765334814450e+02 -3.044806108523906732e+04
5.970132651607709118e-01 1.613950643069150814e+01 -1.330077743182144161e+02 -2.973479732743218483e+04
6.050566204398661885e-01 1.606931585057589018e+01 -1.476939411346430404e+02 -2.900753721202159795e+04
6.130761284984306281e-01 1.599187367774806212e+01 -1.620129788039655523e+02 -2.826628073900731761e+04
6.210432207035121444e-01 1.590736522632626304e+01 -1.759578891473799729e+02 -2.751102790838932924e+04
6.289781929968178975e-01 1.581597930951815023e+01 -1.895216739860845223e+02 -2.674177872016764377e+04
6.368550878295381468e-01 1.571790823962078854e+01 -2.026973351412774491e+02 -2.595853317434226483e+04
6.446918455469230480e-01 1.561334782802061660e+01 -2.154778744341566608e+02 -2.516129127091317423e+04
6.524653547329750669e-01 1.550249738519350551e+01 -2.278562936859205195e+02 -2.435005300988039016e+04
6.601910161853543624e-01 1.538555972070471078e+01 -2.398255947177671032e+02 -2.352481839124390535e+04
6.678487434622554231e-01 1.526274114320888486e+01 -2.513787793508945754e+02 -2.268558741500371980e+04
6.754512905089201658e-01 1.513425146045009484e+01 -2.625088494065010423e+02 -2.183236008115982986e+04
6.829816929430556627e-01 1.500030397926179759e+01 -2.732088067057847525e+02 -2.096513638971225009e+04
6.904499965404413686e-01 1.486111550556686112e+01 -2.834716530699437271e+02 -2.008391634066095867e+04
6.978424100758334747e-01 1.471690634437753964e+01 -2.932903903201761295e+02 -1.918869993400597377e+04
7.051662558262882241e-01 1.456790029979550560e+01 -3.026580202776802935e+02 -1.827948716974728814e+04
7.124109310528721206e-01 1.441432467501179637e+01 -3.115675447636551212e+02 -1.735627804788479625e+04
7.195810396436717049e-01 1.425641027230692082e+01 -3.200119655992969001e+02 -1.641907256841870912e+04
7.266691213582804343e-01 1.409439139305072786e+01 -3.279842846058048167e+02 -1.546787073134891943e+04
7.336771485616280231e-01 1.392850583770246153e+01 -3.354775036043776595e+02 -1.450267253667532168e+04
7.406006910972542379e-01 1.375899490581082318e+01 -3.424846244162120001e+02 -1.352347798439812686e+04
7.474391868922514170e-01 1.358610287803198169e+01 -3.490027927176693083e+02 -1.255515020549091969e+04
7.541911387887846319e-01 1.341007131832875565e+01 -3.550457296057589360e+02 -1.162255233092737217e+04
7.608535575809382001e-01 1.323113337616979024e+01 -3.606313000326525753e+02 -1.072568436070748612e+04
7.674277053778764124e-01 1.304951326854764559e+01 -3.657773689505224866e+02 -9.864546294831261548e+03
7.739083497918074483e-01 1.286542627997878441e+01 -3.705018013115400777e+02 -9.039138133298703906e+03
7.802993180282550290e-01 1.267907876250359323e+01 -3.748224620678774386e+02 -8.249459876109802281e+03
7.865933031394239938e-01 1.249066813568636469e+01 -3.787572161717062613e+02 -7.495511523264567586e+03
7.927965032565559289e-01 1.230038288661531709e+01 -3.823239285751984085e+02 -6.777293074762994365e+03
7.988997054937246878e-01 1.210840256990256947e+01 -3.855404642305257994e+02 -6.094804530605082618e+03
8.049112694079879615e-01 1.191489780768416296e+01 -3.884246880898600693e+02 -5.448045890790833255e+03
8.108202907849439978e-01 1.172003028962005722e+01 -3.909944651053733082e+02 -4.837017155320248094e+03
8.166370402295354269e-01 1.152395277289411268e+01 -3.932676602292370944e+02 -4.261718324193323497e+03
8.223491316987868727e-01 1.132680908221411009e+01 -3.952621384136234610e+02 -3.722149397410060828e+03
8.279685271261163493e-01 1.112873410981175049e+01 -3.969957646107040432e+02 -3.218310374970461453e+03
8.334815477008614693e-01 1.092985381544261791e+01 -3.984864037726509309e+02 -2.750201256874474893e+03
8.389016167459996121e-01 1.073028522638628068e+01 -3.997519208516357025e+02 -2.317822043122204377e+03
8.442139721830833610e-01 1.053013643744615457e+01 -4.008101807998301638e+02 -1.921172733713595107e+03
8.494332585662248691e-01 1.032950661094959877e+01 -4.016790485694063477e+02 -1.560253328648649358e+03
8.545438451588474038e-01 1.012848597674786610e+01 -4.023763891125358896e+02 -1.235063827927365310e+03
8.595613626975276977e-01 9.927155832216151055e+00 -4.029200673813908224e+02 -9.456042315497440995e+02
8.644695110679538885e-01 9.725588786023150689e+00 -4.033259981710842226e+02 -6.801735971635240503e+02
8.692846874697582882e-01 9.523851439597137869e+00 -4.036022956484942483e+02 -4.270709824165331270e+02
8.739901012522733881e-01 9.322007068591778634e+00 -4.037551238234405560e+02 -1.862963873087410036e+02
8.786027116880388288e-01 9.120115866655847725e+00 -4.037906467057427449e+02 4.215018815985321510e+01
8.831054317606725768e-01 8.918234945433216154e+00 -4.037150283052205850e+02 2.582687439892480938e+02
8.875155682059658879e-01 8.716418334562838766e+00 -4.035344326316933916e+02 4.620592801794447837e+02
8.918158960441867622e-01 8.514716981678764895e+00 -4.032550236949810483e+02 6.535217967304425883e+02
8.960239110720130684e-01 8.313178752410129491e+00 -4.028829655049029270e+02 8.326562936422419625e+02
9.001223934194670928e-01 8.111848430381165542e+00 -4.024244220712787410e+02 9.994627709148426220e+02
9.041288388832268152e-01 7.910767717211183658e+00 -4.018855574039280896e+02 1.153941228548245363e+03
9.080262013249397191e-01 7.709975232514596932e+00 -4.012725355126705153e+02 1.296091666542448820e+03
9.118318130291658274e-01 7.509506513900905844e+00 -4.005915204073256177e+02 1.425914084897453904e+03
9.155289242232672597e-01 7.309394016974693820e+00 -3.998486760977131098e+02 1.543408483613259932e+03
9.191345606065817186e-01 7.109667115335644105e+00 -3.990501665936524773e+02 1.648574862689868041e+03
9.226324067355362590e-01 6.910352100578523782e+00 -3.982021559049632629e+02 1.741413222127277095e+03
9.260390233218817047e-01 6.711472182293192645e+00 -3.973108080414651795e+02 1.821923561925487093e+03
9.293386467754447544e-01 6.513047488064600543e+00 -3.963822870129778266e+02 1.890105882084499626e+03
9.325472604058077097e-01 6.315095063472764281e+00 -3.954227568293206332e+02 1.945960182604318561e+03
9.356497495615179183e-01 6.117628872092859993e+00 -3.944383815003134828e+02 1.989486463484931846e+03
9.386614128451615802e-01 5.920659795495082811e+00 -3.934353250357758043e+02 2.020684724726346758e+03
9.415678611903112172e-01 5.724195633244745451e+00 -3.924197514455272540e+02 2.039554966328563069e+03
9.443836114072370336e-01 5.528241102902246240e+00 -3.913978247393873175e+02 2.046097188291580323e+03
9.470951022096112393e-01 5.332797840023057567e+00 -3.903757089271756513e+02 2.040311390615398068e+03
9.497159613105596865e-01 5.137864398157801382e+00 -3.893595680187119683e+02 2.022197573300017439e+03
9.522335369599139732e-01 4.943436248852128401e+00 -3.883555660238157543e+02 1.991755736345437526e+03
9.546604757980885481e-01 4.749505781646798930e+00 -3.873698669523065519e+02 1.948985879751659695e+03
9.569851020378725703e-01 4.556062304077662439e+00 -3.864086348140041309e+02 1.893888003518682808e+03
9.592190148201713562e-01 4.363092041675665556e+00 -3.854780336187279204e+02 1.826462107646506865e+03
9.613515858572829753e-01 4.170578137966836962e+00 -3.845842273762977470e+02 1.746708192135133231e+03
9.633932901442984198e-01 3.978500654472297615e+00 -3.837333800965328123e+02 1.654626256984560541e+03
9.653345877710544087e-01 3.786836570708265182e+00 -3.829316557892532273e+02 1.550216302194789705e+03
9.671847784892899647e-01 3.595559784186037167e+00 -3.821852184642781936e+02 1.433478327765820040e+03
9.689354720834253420e-01 3.404641110412007343e+00 -3.815002321314273672e+02 1.304412333697651320e+03
9.705947164155420692e-01 3.214048282887660868e+00 -3.808828608005204615e+02 1.163018319990284681e+03
9.721553425011956184e-01 3.023745953109569395e+00 -3.803392684813770757e+02 1.009296286643719100e+03
9.736240849957656929e-01 2.833695690569395076e+00 -3.798756191838167524e+02 8.432462336579546900e+02
9.749950165849575745e-01 2.643855982753893663e+00 -3.794980769176590911e+02 6.648681610329920204e+02
9.762735280589274200e-01 2.454182235144907409e+00 -3.792128056927237481e+02 4.741620687688304656e+02
9.774549950905742079e-01 2.264626771219371726e+00 -3.790259695188301521e+02 2.711279568654707077e+02
9.785433930682788661e-01 2.075138832449288540e+00 -3.789437324057981868e+02 5.576582532288755800e+01
9.795354364204102993e-01 1.885664578301813554e+00 -3.789722583634471107e+02 -1.719243258588709580e+02
9.804336544750515969e-01 1.696147184963180177e+00 -3.791169216092125680e+02 -4.072037423744719717e+02
9.812361361843175978e-01 1.506527931303307088e+00 -3.793799371909929619e+02 -6.453336699185588259e+02
9.819439188282104158e-01 1.316747284840308119e+00 -3.797627303643025130e+02 -8.863141084911322878e+02
9.825565016508669425e-01 1.126745000464539403e+00 -3.802667263846553851e+02 -1.130145058092192357e+03
9.830733890061779112e-01 9.364601204385798461e-01 -3.808933505075660264e+02 -1.376826518721765751e+03
9.834955313083322270e-01 7.458309743973154937e-01 -3.816440279885484870e+02 -1.626358490379798013e+03
9.838208539973263278e-01 5.547951793478089755e-01 -3.825201840831171012e+02 -1.878740973066317338e+03
9.840517995354304270e-01 3.632896396693901520e-01 -3.835232440467860329e+02 -2.133973966781321906e+03
9.841846735707172611e-01 1.712505471136296087e-01 -3.846546331350695596e+02 -2.392057471524813081e+03
9.842234310525526109e-01 -2.138661919565848502e-02 -3.859157766034820725e+02 -2.652991487296791092e+03
9.841627322883175211e-01 -2.146870927624172920e-01 -3.873080997075375080e+02 -2.916776014097255029e+03
9.840080907022570322e-01 -4.087168197183463358e-01 -3.888330277027503712e+02 -3.183411051926204436e+03
9.837524548342609920e-01 -6.035424588229033604e-01 -3.904919858446347689e+02 -3.452896600783641588e+03
9.834029425712380590e-01 -7.992313814633025260e-01 -3.922863993887050356e+02 -3.725232660669563757e+03
9.829507651368190047e-01 -9.958516716545151581e-01 -3.942176935904753350e+02 -4.000419231583972305e+03
9.824046653195892542e-01 -1.193472126039270220e+00 -3.962872937054600015e+02 -4.278456313526868144e+03
9.817540659293840788e-01 -1.392162253888053369e+00 -3.984966249891730854e+02 -4.559343906498249453e+03
9.810094010832646205e-01 -1.591992277099106401e+00 -4.008471126971291483e+02 -4.843082010498116688e+03
9.801582489699797174e-01 -1.793033130198430580e+00 -4.033401820848421266e+02 -5.129670625526470758e+03
9.792127554740804873e-01 -1.995356460339782423e+00 -4.059772584078264117e+02 -5.419109751583310754e+03
9.781586388339675864e-01 -2.199034627304699008e+00 -4.087597669215965652e+02 -5.711399388668668507e+03
9.770097822504520968e-01 -2.404140703502406495e+00 -4.116891328816661257e+02 -6.006539536782481264e+03
9.757499929140490691e-01 -2.610748473969955796e+00 -4.147667815435497687e+02 -6.304530195924779946e+03
9.743949526588728816e-01 -2.818932436372131534e+00 -4.179941381627616579e+02 -6.605371366095565463e+03
9.729264860910026291e-01 -3.028767801001479132e+00 -4.213726279948160709e+02 -6.909063047294837816e+03
9.713621298851461416e-01 -3.240330490778295047e+00 -4.249036762952271715e+02 -7.215605239522596094e+03
9.696816902946703287e-01 -3.453697141250661851e+00 -4.285887083195097489e+02 -7.524997942778875768e+03
9.679045894933990812e-01 -3.668945100594344755e+00 -4.324291493231770573e+02 -7.837241157063605897e+03
9.660085591746959688e-01 -3.886152429612939940e+00 -4.364264245617438860e+02 -8.152334882376821952e+03
9.640149478895310153e-01 -4.105397901737776856e+00 -4.405819592907244555e+02 -8.470279118718526661e+03
9.618993923322494144e-01 -4.326761003027938202e+00 -4.448971787656329298e+02 -8.791073866088716386e+03
9.596852031992434418e-01 -4.550321932170268369e+00 -4.493735082419835862e+02 -9.114719124487392037e+03
9.573458506492878994e-01 -4.776161600479364999e+00 -4.540123729752906456e+02 -9.441214893914553613e+03
9.549066637314879147e-01 -5.004361631897587870e+00 -4.588151982210684992e+02 -9.770561174370201115e+03
9.523389154105261767e-01 -5.235004362995047344e+00 -4.637834092348312538e+02 -1.010275796585433636e+04
9.496699735272348120e-01 -5.468172842969616809e+00 -4.689184312720931871e+02 -1.043780526836695753e+04
9.468688831936824535e-01 -5.703950833646924679e+00 -4.742216895883685197e+02 -1.077570308190806463e+04
9.439650919204579660e-01 -5.942422809480354395e+00 -4.796946094391714155e+02 -1.111645140647765766e+04
9.409253658694788358e-01 -6.183673957551050648e+00 -4.853386160800163793e+02 -1.146005024207573661e+04
9.377812628796131644e-01 -6.427790177567910490e+00 -4.911551347664172908e+02 -1.180649958870230330e+04
9.344972548333659867e-01 -6.674858081867590442e+00 -4.971455907538886549e+02 -1.215579944635735410e+04
9.311070354466526311e-01 -6.924964904108859010e+00 -5.033106788527499020e+02 -1.250356714387181091e+04
9.275727414445363861e-01 -7.178197494910439680e+00 -5.096481720925408467e+02 -1.284542001007658655e+04
9.239302381882563697e-01 -7.434641317488916989e+00 -5.161551130576075366e+02 -1.318135804497172285e+04
9.201393068064183112e-01 -7.694380356352955808e+00 -5.228285443322936317e+02 -1.351138124855714159e+04
9.162379945250931357e-01 -7.957497117303479861e+00 -5.296655085009448385e+02 -1.383548962083287915e+04
9.121837166569218835e-01 -8.224072627433564264e+00 -5.366630481479068067e+02 -1.415368316179894464e+04
9.080167074025599083e-01 -8.494186435128439072e+00 -5.438182058575240490e+02 -1.446596187145532713e+04
9.036920366976991525e-01 -8.767916610065556782e+00 -5.511280242141430108e+02 -1.477232574980206482e+04
8.992521052785652502e-01 -9.045339743214441341e+00 -5.585895458021070681e+02 -1.507277479683909041e+04
8.946496428136534451e-01 -9.326530946836884439e+00 -5.661998132057619841e+02 -1.536730901256643665e+04
8.899292216845131609e-01 -9.611563854486814051e+00 -5.739558690094535223e+02 -1.565592839698410535e+04
8.850412568412130421e-01 -9.900510621010337076e+00 -5.818547557975261952e+02 -1.593863295009209287e+04
8.800324463228421656e-01 -1.019344192254573045e+01 -5.898935161543254253e+02 -1.621542267189040285e+04
8.748509567878399729e-01 -1.049042695652344293e+01 -5.980691926641965210e+02 -1.648629756237903712e+04
8.695455506157919734e-01 -1.079153344166609685e+01 -6.063788279114844499e+02 -1.675125762155799021e+04
8.640622279295674391e-01 -1.109682761798848638e+01 -6.148194644805344069e+02 -1.701030284942726576e+04
8.584517490224491398e-01 -1.140637424679758105e+01 -6.233881449556915868e+02 -1.726343324598686013e+04
8.526580292377962111e-01 -1.172023661069252043e+01 -6.320819119213010708e+02 -1.751064881123678060e+04
8.467337399167761403e-01 -1.203847651356461235e+01 -6.408978079617080539e+02 -1.775194954517701626e+04
8.406208444768333843e-01 -1.236115428059734533e+01 -6.498328756612578445e+02 -1.798733544780757438e+04
8.343737873436705144e-01 -1.268832875826638151e+01 -6.588841576042955239e+02 -1.821680651912845860e+04
8.279327537404431725e-01 -1.302005678365376973e+01 -6.680444508889704593e+02 -1.841488984196524325e+04
8.213538129945319177e-01 -1.335638734690444096e+01 -6.772895706686488211e+02 -1.855611249914350265e+04
8.145755611956903008e-01 -1.369735575368270375e+01 -6.865910866105019750e+02 -1.864047449066324771e+04
8.076555035120897008e-01 -1.404298309448646798e+01 -6.959205683817014005e+02 -1.866797581652447479e+04
8.005308768389985952e-01 -1.439327624464712052e+01 -7.052495856494155078e+02 -1.863861647672717299e+04
7.932604280147377285e-01 -1.474822786432975441e+01 -7.145497080808167993e+02 -1.855239647127135322e+04
7.857802902277764012e-01 -1.510781639853300007e+01 -7.237925053430752769e+02 -1.840931580015701911e+04
7.781501811696388549e-01 -1.547200607708908393e+01 -7.329495471033618514e+02 -1.820937446338415975e+04
7.703054828949997823e-01 -1.584074691466385509e+01 -7.419924030288485710e+02 -1.795257246095275332e+04
7.623065671438575830e-01 -1.621397471075662367e+01 -7.508926427867040729e+02 -1.763890979286285074e+04
7.540884327393591047e-01 -1.659161104970040412e+01 -7.596218360440999504e+02 -1.726838645911443382e+04
7.457117784457396592e-01 -1.697356330066175545e+01 -7.681515524682066598e+02 -1.684100245970749165e+04
7.371116184154072881e-01 -1.735972461764083619e+01 -7.764533617261956806e+02 -1.635675779464203333e+04
7.283486003150604349e-01 -1.774997393947137780e+01 -7.844988334852373555e+02 -1.581565246391805522e+04
7.193582288334624542e-01 -1.814417598982068824e+01 -7.922595374125021408e+02 -1.521768646753555731e+04
7.102006662107097634e-01 -1.854218127718969455e+01 -7.997070431751614024e+02 -1.456285980549454689e+04
7.008124237570456661e-01 -1.894382609491286118e+01 -8.068129204403853691e+02 -1.385117247779500940e+04
6.912527030788703231e-01 -1.934893252115827877e+01 -8.135487388753450659e+02 -1.308262448443695757e+04
6.814595995100748427e-01 -1.975730841892759670e+01 -8.198860681472111764e+02 -1.225721582542038777e+04
6.714908430479928914e-01 -2.016874743605607634e+01 -8.257964779231542707e+02 -1.137494650074529454e+04
6.612867057815928762e-01 -2.058302851640299380e+01 -8.312476273939953444e+02 -1.041235365231082505e+04
6.509028942457423250e-01 -2.099991052294670268e+01 -8.361915338451540265e+02 -9.345974422016108292e+03
6.402825368817296470e-01 -2.141912686087962214e+01 -8.405763040857003716e+02 -8.175808809861150621e+03
6.294787138110189417e-01 -2.184038498879871781e+01 -8.443500449247042070e+02 -6.901856815845951132e+03
6.184380945342146108e-01 -2.226336641870548760e+01 -8.474608631712354736e+02 -5.524118439970508007e+03
6.072105246986869709e-01 -2.268772671600600788e+01 -8.498568656343643397e+02 -4.042593682234652988e+03
5.957469302298746827e-01 -2.311309549951075226e+01 -8.514861591231601778e+02 -2.457282542638712130e+03
5.840932835818416491e-01 -2.353907644143485811e+01 -8.522968504466927016e+02 -7.681850211825288852e+02
5.722055131289016661e-01 -2.396524726739798083e+01 -8.522370464140324202e+02 1.024698882133897541e+03
5.601250589735836671e-01 -2.439115975642427614e+01 -8.512548538342488200e+02 2.921369167310565444e+03
5.478136030728709693e-01 -2.481633974094246042e+01 -8.492983795164121830e+02 4.921825834347476302e+03
5.353074093487921736e-01 -2.524028710678581788e+01 -8.463157302695915405e+02 7.026068883244868630e+03
5.225746287065177187e-01 -2.566247579319202288e+01 -8.422550129028576293e+02 9.234098314002278130e+03
5.096457249866480632e-01 -2.608235379280344191e+01 -8.370643342252802768e+02 1.154591412661993127e+04
4.964960405617154793e-01 -2.649934315166691334e+01 -8.306918010459289690e+02 1.396151632109782076e+04
4.831496142680143380e-01 -2.691283996923382560e+01 -8.230855201738738742e+02 1.648090489743596117e+04
4.695896488121977241e-01 -2.732221439836009580e+01 -8.141935984181848198e+02 1.910407985563433976e+04
4.558332138374849296e-01 -2.772681064530615558e+01 -8.039641425879315193e+02 2.183104119569296381e+04
4.418719574514488047e-01 -2.812594696973702213e+01 -7.923452594921842547e+02 2.466178891761182604e+04
4.277154951886073531e-01 -2.851891568472218452e+01 -7.792850559400125121e+02 2.759632302139093372e+04
4.133644289779467296e-01 -2.890498500366675927e+01 -7.647464141888228824e+02 3.054599081701096657e+04
3.988205186186420947e-01 -2.928341935655288353e+01 -7.487513182893679868e+02 3.342213961445259338e+04
3.840937158670049700e-01 -2.965349970618118647e+01 -7.313365277407369831e+02 3.622476941371583962e+04
3.691776309760300689e-01 -3.001452539510186313e+01 -7.125388020420192561e+02 3.895388021480068710e+04
3.540918291926453132e-01 -3.036581414561462111e+01 -6.923949006923036222e+02 4.160947201770712127e+04
3.388215980030142571e-01 -3.070670205976876943e+01 -6.709415831906796939e+02 4.419154482243518578e+04
3.233962316251149383e-01 -3.103654361936309414e+01 -6.482156090362364012e+02 4.670009862898482970e+04
3.077926610539054586e-01 -3.135471168594601110e+01 -6.242537377280605142e+02 4.913513343735635135e+04
2.920498548040491582e-01 -3.166059750081534929e+01 -5.990927287652460791e+02 5.149664924754920503e+04
2.761365069475354428e-01 -3.195361068501859592e+01 -5.727693416468799796e+02 5.378464605956366722e+04
2.601010242250919591e-01 -3.223317923935275786e+01 -5.453203358720513734e+02 5.599912387339972338e+04
2.439041438002420570e-01 -3.249874954436436525e+01 -5.167824709398495315e+02 5.814008268905738078e+04
2.276032885741221812e-01 -3.274978636034950341e+01 -4.871925063493633843e+02 6.020752250653665396e+04
2.111516828393863177e-01 -3.298577282735383420e+01 -4.565872015996790196e+02 6.220144332583773939e+04
1.946151509542089486e-01 -3.320621046517246810e+01 -4.250033161898921890e+02 6.412184514696020051e+04
1.779400159778932455e-01 -3.341061917335017739e+01 -3.924776096190888666e+02 6.596872796990428469e+04
1.611997004723696447e-01 -3.359853723118119717e+01 -3.590468413863582668e+02 6.774209179466994829e+04
1.443343957924979881e-01 -3.376952129770936040e+01 -3.247477709907894905e+02 6.944193662125724950e+04
1.274241431641799371e-01 -3.392314641172799838e+01 -2.896171579314717519e+02 7.106826244966613012e+04
1.104039204605723606e-01 -3.405900599178001897e+01 -2.536917617074942939e+02 7.262106927989660471e+04
9.335924707452164517e-02 -3.417671321677533314e+01 -2.170193867576480500e+02 7.403408747373730876e+04
7.622093234211402279e-02 -3.427591621278292422e+01 -1.796920172795319672e+02 7.524104739297686319e+04
5.907869945056708899e-02 -3.435631323982300955e+01 -1.418126824104463708e+02 7.624194903761526803e+04
4.186033940445484103e-02 -3.441765407248441733e+01 -1.034844112876919411e+02 7.703679240765250870e+04
2.465839842772061391e-02 -3.445973999992463632e+01 -6.481023304856920220e+01 7.762557750308859977e+04
7.398877935899049116e-03 -3.448242382586980170e+01 -2.589317683037872442e+01 7.800830432392351213e+04
-9.824307097342123082e-03 -3.448560986861470923e+01 1.316372822957888467e+01 7.818497287015728944e+04
-2.708567129049471722e-02 -3.446925396102280814e+01 5.225745299400308852e+01 7.815558314178990258e+04
-4.429141790959169322e-02 -3.443336345052618697e+01 9.128496832559331153e+01 7.792013513882138068e+04
-6.151529112446154496e-02 -3.437799719912558771e+01 1.301432450870490243e+02 7.747862886125166551e+04
-7.866509616002059779e-02 -3.430326558339037746e+01 1.687292541410738238e+02 7.683106430908072798e+04
-9.581254151131972374e-02 -3.420933049445864071e+01 2.069399663503586737e+02 7.597744148230869905e+04
-1.128684757725805787e-01 -3.409640533803705154e+01 2.446723525776073132e+02 7.491776038093550596e+04
-1.299013589129375257e-01 -3.396475503440095878e+01 2.818233836855191612e+02 7.365202100496114872e+04
-1.468264441343039572e-01 -3.381469601839433636e+01 3.182900305367935516e+02 7.218022335438565642e+04
-1.637078174566447275e-01 -3.364659623942984723e+01 3.539692639941299035e+02 7.050236742920899997e+04
-1.804663855133699646e-01 -3.346087516148878649e+01 3.887580549202278348e+02 6.861845322943117935e+04
-1.971608440452634614e-01 -3.325800376312108853e+01 4.225533741777866226e+02 6.652848075505219458e+04
-2.137188604008594950e-01 -3.303850453744532700e+01 4.552521926295094659e+02 6.423245000607181282e+04
-2.301928586092469864e-01 -3.280295149214879302e+01 4.867514811380883089e+02 6.173036098249049974e+04
-2.465182115275440788e-01 -3.255197014948736012e+01 5.169482105662264075e+02 5.902221368430804432e+04
-2.627403382234885787e-01 -3.228623508947587339e+01 5.457590062543536078e+02 5.622593497790733818e+04
-2.788030825038870786e-01 -3.200644292498118659e+01 5.731791114538216334e+02 5.345945172967128019e+04
-2.947442861827114235e-01 -3.171328527681536968e+01 5.992234238937130613e+02 5.072276393959987763e+04
-3.105168419296006066e-01 -3.140744631692594879e+01 6.239068413031100135e+02 4.801587160769314505e+04
-3.261506091012920661e-01 -3.108960276839588488e+01 6.472442614110948398e+02 4.533877473395106790e+04
-3.416079134837350928e-01 -3.076042390544364835e+01 6.692505819467503443e+02 4.269147331837365346e+04
-3.569103897741074394e-01 -3.042057155342309471e+01 6.899407006391580808e+02 4.007396736096089444e+04
-3.720299966660390312e-01 -3.007070008882359247e+01 7.093295152174007399e+02 3.748625686171279813e+04
-3.869800629520634416e-01 -2.971145643926990942e+01 7.274319234105628311e+02 3.492834182062908076e+04
-4.017422006725059336e-01 -2.934348008352240811e+01 7.442628229477222703e+02 3.240022223771030258e+04
-4.163214970981529706e-01 -2.896740305147676153e+01 7.598371115579636808e+02 2.990189811295618347e+04
-4.307090765868228921e-01 -2.858384992416416637e+01 7.741696869703691846e+02 2.743336944636672342e+04
-4.449019857008754131e-01 -2.819343783375126833e+01 7.872754469140214724e+02 2.499463623794191881e+04
-4.589005693486856163e-01 -2.779677646354017284e+01 7.991692891180025526e+02 2.258569848768178053e+04
-4.726941542767190141e-01 -2.739446804796844859e+01 8.098661113113947749e+02 2.020655619558630133e+04
-4.862918910319065646e-01 -2.698710737260912040e+01 8.193808112232806025e+02 1.785720936165547755e+04
-4.996758040116973110e-01 -2.657528177417065862e+01 8.277282865827422711e+02 1.553765798588930920e+04
-5.128633271847498065e-01 -2.615957114049702525e+01 8.349234351188624714e+02 1.324790206828780720e+04
-5.258296848882851870e-01 -2.574054791056760649e+01 8.409811545607228709e+02 1.098794160885096062e+04
-5.385999864519991354e-01 -2.531877707449720916e+01 8.459163426374066148e+02 8.757776607578525727e+03
-5.511432258904229720e-01 -2.489481548271928091e+01 8.497494236138373935e+02 6.590566279523830417e+03
-5.634915128958252195e-01 -2.446920424699879604e+01 8.525229278983083532e+02 4.519469839739448616e+03
-5.756082207536642459e-01 -2.404246114144570257e+01 8.542849124349547765e+02 2.544487288225378052e+03
-5.875317492630164340e-01 -2.361507991169787957e+01 8.550834341679116051e+02 6.656186249816236113e+02
-5.992204845897264320e-01 -2.318753027492114427e+01 8.549665500413143491e+02 -1.117136149991815500e+03
-6.107183961644063741e-01 -2.276025791980923074e+01 8.539823169992984049e+02 -2.803777036694944854e+03
-6.219795166427463107e-01 -2.233368450658382187e+01 8.521787919859982594e+02 -4.394304035127756833e+03
-6.330526339531004076e-01 -2.190820766699452093e+01 8.496040319455495364e+02 -5.888717145290254848e+03
-6.438880915089848500e-01 -2.148420100431886581e+01 8.463060938220870639e+02 -7.287016367182440263e+03
-6.545387599319624217e-01 -2.106201409336233965e+01 8.423330345597461246e+02 -8.589201700804309439e+03
-6.649519218930816100e-01 -2.064197248045829269e+01 8.377329111026615465e+02 -9.795273146155994255e+03
-6.751838204513488373e-01 -2.022437768346815901e+01 8.325537803949692943e+02 -1.090523070323722641e+04
-6.851792958155423774e-01 -1.980950719178115804e+01 8.268436993808037414e+02 -1.191907437204814232e+04
-6.949972532263483105e-01 -1.939761446631449715e+01 8.206507250043006252e+02 -1.283680415258874564e+04
-7.045806831617045241e-01 -1.898892893951331473e+01 8.140229142095948873e+02 -1.365842004485903453e+04
-7.139905194345164130e-01 -1.858365601535067313e+01 8.070083239408215832e+02 -1.438392204885901083e+04
-7.231684444257746591e-01 -1.818197706932757285e+01 7.996550111421158817e+02 -1.501331016458867452e+04
-7.321768022404062659e-01 -1.778404944847294544e+01 7.920110327576130658e+02 -1.554658439204802016e+04
-7.409564781378242815e-01 -1.739000647134365352e+01 7.841244457314478495e+02 -1.598374473123705320e+04
-7.495706746615781180e-01 -1.699995742802450138e+01 7.760433070077558568e+02 -1.632479118215577000e+04
-7.579599347175823842e-01 -1.661398824011525477e+01 7.678103936343794658e+02 -1.660140312256239486e+04
-7.661878185321457924e-01 -1.623216872058800675e+01 7.594473630739869350e+02 -1.684525993021515751e+04
-7.741949405477347446e-01 -1.585455983364474619e+01 7.509705928929573702e+02 -1.705636160511400158e+04
-7.820447485760764206e-01 -1.548121435470416962e+01 7.423964606576671486e+02 -1.723470814725897071e+04
-7.896783322667318972e-01 -1.511217687040180735e+01 7.337413439344927610e+02 -1.738029955665005036e+04
-7.971586029072894597e-01 -1.474748377859001103e+01 7.250216202898112670e+02 -1.749313583328724781e+04
-8.044274472688874855e-01 -1.438716328833793412e+01 7.162536672899998393e+02 -1.757321697717056304e+04
-8.115468875419703521e-01 -1.403123541993154966e+01 7.074538625014350828e+02 -1.762054298829998879e+04
-8.184599039849687063e-01 -1.367971200487364136e+01 6.986385834904940566e+02 -1.763511386667553961e+04
-8.252273026669454392e-01 -1.333259668588379476e+01 6.898242078235535928e+02 -1.761692961229719731e+04
-8.317934230408166041e-01 -1.298988491689843094e+01 6.810271130669912054e+02 -1.756599022516498007e+04
-8.382175791275636723e-01 -1.265156396307075681e+01 6.722636767871829306e+02 -1.748229570527887336e+04
-8.444456790744893082e-01 -1.231761290077080062e+01 6.635502765505065099e+02 -1.736584605263888443e+04
-8.505353098058233696e-01 -1.198800261758537111e+01 6.549032899233374110e+02 -1.721664126724499511e+04
-8.564341372241424111e-01 -1.166269581231818364e+01 6.463390944720547395e+02 -1.703468134909723085e+04
-8.621978269862843325e-01 -1.134164699498967543e+01 6.378740677630344180e+02 -1.681996629819558802e+04
-8.677759560427100727e-01 -1.102480248683711572e+01 6.295245873626532784e+02 -1.657249611454005935e+04
-8.732221052707471731e-01 -1.071210042031458798e+01 6.213070308372884938e+02 -1.629227079813064665e+04
-8.784878750833228223e-01 -1.040347073909299525e+01 6.132377757533167824e+02 -1.597929034896735175e+04
-8.836246389441645421e-01 -1.009883519806004237e+01 6.053331996771150898e+02 -1.563355476705016918e+04
-8.885861229237403958e-01 -9.798107692504808952e+00 5.976070466986477641e+02 -1.527086491085652233e+04
-8.934213857673503068e-01 -9.501197879147790459e+00 5.900625270022268296e+02 -1.490702163886381459e+04
-8.980863660688153116e-01 -9.208014797170987364e+00 5.827002172957520543e+02 -1.454202495107204413e+04
-9.026277056599346649e-01 -8.918467197402458524e+00 5.755206942871229785e+02 -1.417587484748121824e+04
-9.070036169749268185e-01 -8.632463542316271443e+00 5.685245346842381196e+02 -1.380857132809129143e+04
-9.112582789443058884e-01 -8.349912006032646161e+00 5.617123151949988369e+02 -1.344011439290234557e+04
-9.153522187207181471e-01 -8.070720474317743864e+00 5.550846125273038751e+02 -1.307050404191434427e+04
-9.193270961261020835e-01 -7.794796544583828535e+00 5.486420033890525474e+02 -1.269974027512728208e+04
-9.231457836900536229e-01 -7.522047525889195008e+00 5.423850644881443941e+02 -1.232782309254116080e+04
-9.268474016869208132e-01 -7.252380438938203611e+00 5.363143725324791831e+02 -1.195475249415598046e+04
-9.303971782427565840e-01 -6.985702016081252630e+00 5.304305042299562274e+02 -1.158052847997174104e+04
-9.338316838648116347e-01 -6.721918701314796962e+00 5.247340362884751812e+02 -1.120515104998844436e+04
-9.371185022755956773e-01 -6.460936650281342786e+00 5.192255454159355850e+02 -1.082862020420608678e+04
-9.402916439957540451e-01 -6.202661730269444895e+00 5.139056083202368654e+02 -1.045093594262467195e+04
-9.433210534540072967e-01 -5.946999520213707591e+00 5.087748017092785631e+02 -1.007209826524419987e+04
-9.462381914039031949e-01 -5.693855310694755367e+00 5.038337022909597067e+02 -9.692107172064623228e+03
-9.490153476511118402e-01 -5.443134103939351043e+00 4.990828867731808032e+02 -9.310962663086032990e+03
-9.516814382918371562e-01 -5.194740613820223452e+00 4.945229318638412224e+02 -8.928664738308381857e+03
-9.542110933989448318e-01 -4.948579265856174914e+00 4.901544142708399932e+02 -8.545213397731673467e+03
-9.566306844112947294e-01 -4.704554197212064359e+00 4.859779107020769970e+02 -8.160608641355906002e+03
-9.589171765591949503e-01 -4.462569256698796671e+00 4.819939978654514903e+02 -7.774850469181077642e+03
-9.610944221729299519e-01 -4.222528004773326238e+00 4.782032524688632407e+02 -7.387938881207191116e+03
-9.631416960914814807e-01 -3.984333713538661836e+00 4.746062512202116750e+02 -6.999873877434247333e+03
-9.650803468658194495e-01 -3.747889366743860862e+00 4.712035708273962769e+02 -6.610655457862244475e+03
-9.668919333948305939e-01 -3.513097659784028881e+00 4.679957879983166436e+02 -6.220283622491182541e+03
-9.685953362184467341e-01 -3.279860999700322743e+00 4.649834794408723724e+02 -5.828758371321061531e+03
-9.701743829661986229e-01 -3.048081505179925266e+00 4.621672218629624922e+02 -5.436079704351837790e+03
-9.716454810572258127e-01 -2.817661006556145598e+00 4.595475919724871687e+02 -5.042247621583599539e+03
-9.729947166321957219e-01 -2.588501045808266898e+00 4.571251664773459424e+02 -4.647262123016302212e+03
-9.742360648674852630e-01 -2.360502876561645369e+00 4.549005220854378990e+02 -4.251123208649945809e+03
-9.753578346466226234e-01 -2.133567464087689824e+00 4.528742355046629200e+02 -3.853830878484530331e+03
-9.763715893422372227e-01 -1.907595485303859695e+00 4.510468834429203184e+02 -3.455385132520056686e+03
-9.772678452514566017e-01 -1.682487328773664359e+00 4.494190426081098053e+02 -3.055785970756524421e+03
-9.780557590529161960e-01 -1.458143094706661369e+00 4.479912897081307506e+02 -2.655033393193933534e+03
-9.787280595670969641e-01 -1.234462594958460668e+00 4.467642014508826378e+02 -2.253127399832282208e+03
-9.792915069981475984e-01 -1.011345353030722816e+00 4.457383545442652348e+02 -1.850067990671573853e+03
-9.797410171411338187e-01 -7.886906040711562094e-01 4.449143256961776842e+02 -1.445855165711805284e+03
-9.800809792744863413e-01 -5.663972948734975477e-01 4.442926916145199243e+02 -1.040488924952934667e+03
-9.803084859483484070e-01 -3.443640838776059754e-01 4.438740290071913819e+02 -6.339692683950485161e+02
-9.804255452959252937e-01 -1.224893411693168954e-01 4.436589145820914837e+02 -2.262961960381040285e+02
-9.804314419516982904e-01 9.932885151945830549e-02 4.436479250471197133e+02 1.825302921178995916e+02
-9.803258080134009678e-01 3.211926766319969095e-01 4.438414436800809995e+02 5.913496155033959667e+02
-9.801100997608386267e-01 5.432043148203832272e-01 4.442390800383997203e+02 9.990011935488194013e+02
-9.797815885855337692e-01 7.654656789791290938e-01 4.448402502494062674e+02 1.405485026254169952e+03
-9.793438973028619765e-01 9.880783900664100727e-01 4.456443704404304071e+02 1.810801113619447733e+03
-9.787919314883815058e-01 1.211143777104068509e+00 4.466508567388021902e+02 2.214949455644653881e+03
-9.781314958222987466e-01 1.434762877177609752e+00 4.478591252718514966e+02 2.617930052329787031e+03
-9.773551147349461843e-01 1.659036435436204826e+00 4.492685921669083768e+02 3.019742903674845820e+03
-9.764707798811154138e-01 1.884064905092716291e+00 4.508786735513028248e+02 3.420388009679877541e+03
-9.754686294361598620e-01 2.109948447423593887e+00 4.526887855523646067e+02 3.819865370344791700e+03
-9.743588573587165236e-01 2.336786931769030407e+00 4.546983442974238869e+02 4.218174985669633315e+03
-9.731291951301451748e-01 2.564679935532856447e+00 4.569067659138104318e+02 4.615316855654402389e+03
-9.717920543421897372e-01 2.793726744182567501e+00 4.593134665288544625e+02 5.011290980299099829e+03
-9.703327393432013004e-01 3.024026351249324840e+00 4.619178622698857453e+02 5.406097359603722907e+03
-9.687658997970451935e-01 3.255677458327955076e+00 4.647193692642342171e+02 5.799735993568273443e+03
-9.670744026995564679e-01 3.488778475076947938e+00 4.677174036392299854e+02 6.192206882192750527e+03
-9.652751357867226378e-01 3.723427519218462489e+00 4.709113815222029302e+02 6.583510025477157797e+03
-9.633485287018621612e-01 3.959722416538318246e+00 4.743007190404830453e+02 6.973645423421490705e+03
-9.613137225823453758e-01 4.197760700885999618e+00 4.778848323214003244e+02 7.362613076025749251e+03
-9.591486688409451844e-01 4.437639614174686109e+00 4.816631374922850455e+02 7.750412983289978911e+03
-9.568748028944445982e-01 4.679456106381140401e+00 4.856350506804664633e+02 8.137045145214092372e+03
-9.544675723763016428e-01 4.923306835545870008e+00 4.897999880132749126e+02 8.522509561798135110e+03
-9.519507120924657340e-01 5.169288167773022025e+00 4.941573656180403873e+02 8.906806233042105305e+03
-9.492971710068344171e-01 5.417496177230405330e+00 4.987065996220927104e+02 9.289935158946002048e+03
-9.465329986437845955e-01 5.668026646149495917e+00 5.034471061527619327e+02 9.671896339509825339e+03
-9.436286095293769938e-01 5.920975064825434231e+00 5.083783013373781046e+02 1.005268977473357700e+04
-9.406123832356768633e-01 6.176436631617031381e+00 5.134996013032711062e+02 1.043231546461725520e+04
-9.374521998509086629e-01 6.434506252946751381e+00 5.188104221777709881e+02 1.081077340916085996e+04
-9.341787843240870748e-01 6.695278543300735130e+00 5.243101800882075167e+02 1.118806360836439308e+04
-9.307574669763388764e-01 6.958847825228777317e+00 5.299982911619106289e+02 1.156418606222785093e+04
-9.272213232433820229e-01 7.225308129344380603e+00 5.358741715262113985e+02 1.193914077075128080e+04
-9.235331285694918790e-01 7.494753194324613510e+00 5.419372373084379433e+02 1.231292773393459356e+04
-9.197283190965972466e-01 7.767276466910303157e+00 5.481869046359213371e+02 1.268554695177783651e+04
-9.157671205018755867e-01 8.042971101905907361e+00 5.546225896359911758e+02 1.305699842428100601e+04
-9.116873040846977805e-01 8.321929962179554607e+00 5.612437084359775099e+02 1.342728215144410206e+04
-9.074465866331735686e-01 8.604245618663030726e+00 5.680496771632103901e+02 1.379639813326712465e+04
-9.030850592748547179e-01 8.890010350351797541e+00 5.750399119450197531e+02 1.416434636975007925e+04
-8.985579350185365355e-01 9.179316144304971559e+00 5.822138289087355361e+02 1.453112686089295676e+04
-8.939076094906910352e-01 9.472254695645338174e+00 5.895708441816876757e+02 1.489673960669575899e+04
-8.890868430183357374e-01 9.768917407559355226e+00 5.971103738912063363e+02 1.526118460715849506e+04
-8.841402744098184607e-01 1.006939539129713168e+01 6.048318341646213412e+02 1.562446186228115403e+04
-8.790182930664388605e-01 1.037377913871237212e+01 6.127320214486611576e+02 1.597085328845633921e+04
-8.737677196613752306e-01 1.068215492020158308e+01 6.207972534676509895e+02 1.628464080207668121e+04
-8.683366390970076454e-01 1.099460118264309827e+01 6.290112282653110469e+02 1.656582440314210908e+04
-8.627739772650400152e-01 1.131118822193722551e+01 6.373576438853654054e+02 1.681440409165266465e+04
-8.570256372030211622e-01 1.163197818300608155e+01 6.458201983715362076e+02 1.703037986760834247e+04
-8.511425427163530344e-01 1.195702505979366137e+01 6.543825897675459373e+02 1.721375173100913889e+04
-8.450685427215955947e-01 1.228637469526581327e+01 6.630285161171175332e+02 1.736451968185506485e+04
-8.388564414135134539e-01 1.262006478141025312e+01 6.717416754639733654e+02 1.748268372014610941e+04
-8.324481868802895423e-01 1.295812485923654833e+01 6.805057658518359176e+02 1.756824384588227986e+04
-8.258983001939320667e-01 1.330057631877613566e+01 6.893044853244279011e+02 1.762120005906357255e+04
-8.191470636629171187e-01 1.364743239908230876e+01 6.981215319254716860e+02 1.764155235968999114e+04
-8.122505057365952963e-01 1.399869818823022705e+01 7.069406036986899835e+02 1.762930074776153197e+04
-8.051474626631447418e-01 1.435437062331694413e+01 7.157453986878065280e+02 1.758444522327819141e+04
-7.978952812083712764e-01 1.471443849046126395e+01 7.245196149365415295e+02 1.750698578623997673e+04
-7.904316172673477858e-01 1.507888242480396457e+01 7.332469504886187224e+02 1.739692243664688431e+04
-7.828148651053892237e-01 1.544767491050764718e+01 7.419111033877608179e+02 1.725425517449891777e+04
-7.749818426179611031e-01 1.582078028075677345e+01 7.504957716776899588e+02 1.707898399979607348e+04
-7.669916747651579492e-01 1.619815471775767435e+01 7.589846534021290836e+02 1.687110891253835143e+04
-7.587807144548581739e-01 1.657974625273852709e+01 7.673614466048005625e+02 1.663062991272575528e+04
-7.504084903176989618e-01 1.696549476594938355e+01 7.756098493294271066e+02 1.635754700035827773e+04
-7.418113041640216343e-01 1.735533198666214716e+01 7.837135596197313134e+02 1.605186017543592970e+04
-7.330486897342171071e-01 1.774918077498649538e+01 7.916505300466313884e+02 1.567909660113372775e+04
-7.240573678384305545e-01 1.814694722184474429e+01 7.993757312898292184e+02 1.520478344062669021e+04
-7.148964583270026596e-01 1.854851274894681268e+01 8.068383885562230944e+02 1.462892069391475707e+04
-7.055036119852522436e-01 1.895373339060593665e+01 8.139877270527090332e+02 1.395150836099805201e+04
-6.959370697858838772e-01 1.936243979373892898e+01 8.207729719861854392e+02 1.317254644187651320e+04
-6.861359796720507553e-01 1.977443721786601216e+01 8.271433485635500347e+02 1.229203493655014427e+04
-6.761571876536965897e-01 2.018950553511085033e+01 8.330480819917000872e+02 1.130997384501894703e+04
-6.659419366729931733e-01 2.060739923020056708e+01 8.384363974775334327e+02 1.022636316728291422e+04
-6.555451310334765580e-01 2.102784740046572765e+01 8.432575202279477935e+02 9.041202903342056743e+03
-6.449107831638256627e-01 2.145055375584033541e+01 8.474606754498404371e+02 7.754493053196365508e+03
-6.340912527102324781e-01 2.187519661886187095e+01 8.509950883501091994e+02 6.366233616845845063e+03
-6.230340062948794833e-01 2.230142892467122806e+01 8.538099841356513480e+02 4.876424594290491768e+03
-6.117882559556773181e-01 2.272887822101278843e+01 8.558545880133650599e+02 3.285065985530310172e+03
-6.003056276543222713e-01 2.315714666823439316e+01 8.570781251901473752e+02 1.592157790565102232e+03
-5.886315573207393514e-01 2.358581103928721134e+01 8.574298208728959025e+02 -2.022999906047512013e+02
-5.767225609509178952e-01 2.401442271972600295e+01 8.568589002685084779e+02 -2.098307357979439530e+03
-5.646196596475837604e-01 2.444250770770892345e+01 8.553145885838825961e+02 -4.095864311558954796e+03
-5.522850054650605411e-01 2.486956661399757706e+01 8.527461110259159796e+02 -6.194970851343302456e+03
-5.397545404108934353e-01 2.529507466195700971e+01 8.491026928015060093e+02 -8.395626977332480237e+03
-5.269967832925197548e-01 2.571848168755572317e+01 8.443335591175501804e+02 -1.069783268952648723e+04
-5.140419736323526001e-01 2.613921306728228799e+01 8.383953585137744540e+02 -1.305704799095613998e+04
-5.008657108235350375e-01 2.655667992522793952e+01 8.312744328612176332e+02 -1.542873288465225050e+04
-4.874919325292383365e-01 2.697028934016926272e+01 8.229645473637463056e+02 -1.781288737061481879e+04
-4.739039579584998774e-01 2.737944527348475177e+01 8.134594672252271721e+02 -2.020951144884384121e+04
-4.601188792374555914e-01 2.778354856915490600e+01 8.027529576495255696e+02 -2.261860511933959424e+04
-4.461283368090474544e-01 2.818199695376202030e+01 7.908387838405111552e+02 -2.504016838210153583e+04
-4.319420851930942384e-01 2.857418503649043018e+01 7.777107110020491518e+02 -2.747420123712993882e+04
-4.175605914210843150e-01 2.895950430912638396e+01 7.633625043380064881e+02 -2.992070368442479230e+04
-4.029858723128041942e-01 2.933734314605807114e+01 7.477879290522498650e+02 -3.237967572398610719e+04
-3.882276210710280395e-01 2.970708680427557624e+01 7.309807503486460973e+02 -3.485111735581388348e+04
-3.732798158510171049e-01 3.006811742337096760e+01 7.129347334310621136e+02 -3.733502857990811026e+04
-3.581616458218267462e-01 3.041981402553821212e+01 6.936436435033645012e+02 -3.983140939626879845e+04
-3.428588726547642240e-01 3.076155251557321080e+01 6.731012457694199611e+02 -4.234025980489594804e+04
-3.274003030973042794e-01 3.109270568087383069e+01 6.513013054330955356e+02 -4.486157980578955176e+04
-3.117634399258443767e-01 3.141264319143981965e+01 6.282375876982576983e+02 -4.739536939894960960e+04
-2.959866640333721488e-01 3.172073159987294133e+01 6.039038577687705356e+02 -4.994162858437641989e+04
-2.800393255842522078e-01 3.201633434137676204e+01 5.782938808485064328e+02 -5.250035736206939328e+04
-2.639691583646497364e-01 3.229881173375689940e+01 5.514014221413292489e+02 -5.507155573202882806e+04
-2.477376276779906239e-01 3.256752097742086249e+01 5.232202468511059124e+02 -5.765522369425472425e+04
-2.314014109123460894e-01 3.282181615537808739e+01 4.937441201817029537e+02 -6.025136124874706729e+04
-2.149145167075635077e-01 3.306104823323995845e+01 4.629668073369876424e+02 -6.285996839550588629e+04
-1.983419712782890643e-01 3.328456744680698165e+01 4.309011742183899401e+02 -6.536644094915001187e+04
-1.816309193322212245e-01 3.349174956552793248e+01 3.976364895175941570e+02 -6.765617472429829650e+04
-1.648539525853383869e-01 3.368202215595903937e+01 3.632811226238483755e+02 -6.972916972095072560e+04
-1.479521019250338021e-01 3.385486696935112150e+01 3.279434429264004507e+02 -7.158542593910734286e+04
-1.310045670007742302e-01 3.400981994164965272e+01 2.917318198144981238e+02 -7.322494337876810459e+04
-1.139471611304469501e-01 3.414647119349474025e+01 2.547546226773855267e+02 -7.464772203993318544e+04
-9.686457541582318975e-02 3.426446503022103229e+01 2.171202209043185007e+02 -7.585376192260225071e+04
-7.968842959992636366e-02 3.436349994185791701e+01 1.789369838845409788e+02 -7.684306302677547501e+04
-6.250765179229798851e-02 3.444332860312931643e+01 1.403132810073007590e+02 -7.761562535245287290e+04
-4.525080140227379782e-02 3.450375787345383571e+01 1.013574816618458954e+02 -7.817144889963444439e+04
-2.800968133792605674e-02 3.454464879694465651e+01 6.217795523742427832e+01 -7.851053366832016036e+04
-1.071100092006736261e-02 3.456591660240962227e+01 2.288307112328372384e+01 -7.863287965851003537e+04
6.551996605856323479e-03 3.456753070335118849e+01 -1.641880129132779942e+01 -7.853848687020406942e+04
2.385319408838899868e-02 3.454951469796643693e+01 -5.561929261716243644e+01 -7.822735530340229161e+04
4.109938042243550110e-02 3.451194636914704716e+01 -9.461003346497216171e+01 -7.769948495810464374e+04
5.836375650881065608e-02 3.445495768447935347e+01 -1.332826544455092233e+02 -7.695487583431118401e+04
7.555461534951923852e-02 3.437873479624430217e+01 -1.715287861695256026e+02 -7.599352793202188332e+04
9.274321976689416103e-02 3.428351804141746584e+01 -2.092400592477775945e+02 -7.481544125123659614e+04
1.098407980098572156e-01 3.416960194166904330e+01 -2.463081042910088456e+02 -7.342061579195558443e+04
1.269154707598968701e-01 3.403733520336385254e+01 -2.826245519099757644e+02 -7.180905155417873175e+04
1.438827599919713651e-01 3.388711904771511740e+01 -3.180943914852206262e+02 -7.006090115664804762e+04
1.608065161663997100e-01 3.371938884247600754e+01 -3.526760474764474225e+02 -6.825631721810552699e+04
1.776078038079816346e-01 3.353459573363113577e+01 -3.863413031131500475e+02 -6.639529973855115531e+04
1.943451883587812845e-01 3.333320497555040873e+01 -4.190619416248226230e+02 -6.447784871798493987e+04
2.109463862209686735e-01 3.311569593098894870e+01 -4.508097462409592708e+02 -6.250396415640688065e+04
2.274637917870612203e-01 3.288256207108716467e+01 -4.815565001910539991e+02 -6.047364605381697766e+04
2.438327232398123656e-01 3.263431097537069547e+01 -5.112739867046008726e+02 -5.838689441021523817e+04
2.600986640298566521e-01 3.237146433175046667e+01 -5.399339890110942406e+02 -5.624370922560165491e+04
2.762053092701678425e-01 3.209455793652255551e+01 -5.675082903400306122e+02 -5.404409049997597322e+04
2.921906510014767866e-01 3.180414169436846805e+01 -5.939686739208985955e+02 -5.178803823333869514e+04
3.080073483776780141e-01 3.150077961835482299e+01 -6.192869229831951543e+02 -4.947555242568958056e+04
3.236854835407705355e-01 3.118504982993352925e+01 -6.434348207564141831e+02 -4.710663307702862221e+04
3.391870802902600124e-01 3.085754455894173987e+01 -6.663841504700499172e+02 -4.468128018735582009e+04
3.545340564036790210e-01 3.051887014360189809e+01 -6.881066953535963648e+02 -4.219949375667116692e+04
3.696980123809230356e-01 3.016964703052165575e+01 -7.085742386365477614e+02 -3.966127378497467726e+04
3.846926065936394634e-01 2.981050977469394070e+01 -7.277585635483981150e+02 -3.706662027226633654e+04
3.994990520103894327e-01 2.944210703949693553e+01 -7.456314533186413200e+02 -3.441553321854616661e+04
4.141227986944722717e-01 2.906510159669405979e+01 -7.621646911767716119e+02 -3.170801262381413108e+04
4.285545453612228384e-01 2.868017032643401976e+01 -7.773300603522833399e+02 -2.894405848807027724e+04
4.427917207825778356e-01 2.828800421725068759e+01 -7.910993440746716487e+02 -2.612367081131425221e+04
4.568342324719952829e-01 2.788930836606333230e+01 -8.034443255734278182e+02 -2.324684959354669991e+04
4.706717970501483883e-01 2.748480021973205467e+01 -8.143508556325336940e+02 -2.039800016168595175e+04
4.843131251141742921e-01 2.707519023217050602e+01 -8.238610552539156515e+02 -1.766152784265065930e+04
4.977406304247540270e-01 2.666116252145845067e+01 -8.320311129939866532e+02 -1.503743263644082435e+04
5.109713161983091556e-01 2.624337311139743534e+01 -8.389172174091590932e+02 -1.252571454305644329e+04
5.239807818279825780e-01 2.582244993151079981e+01 -8.445755570558459340e+02 -1.012637356249752520e+04
5.367937345058536591e-01 2.539899281704368406e+01 -8.490623204904594559e+02 -7.839409694764060987e+03
5.493795075340993650e-01 2.497357350896303885e+01 -8.524336962694133035e+02 -5.664822939856056109e+03
5.617698427027217889e-01 2.454673565395757606e+01 -8.547458729491194163e+02 -3.602613297773509203e+03
5.739284352116623689e-01 2.411899480443782195e+01 -8.560550390859906429e+02 -1.652780768516415492e+03
5.858933425064994927e-01 2.369083841853603545e+01 -8.564173832364397185e+02 1.846746479154157328e+02
5.976232420090389352e-01 2.326272586010643195e+01 -8.558890939568796057e+02 1.909752951521580144e+03
6.091617863451633808e-01 2.283508839872485652e+01 -8.545263598037226984e+02 3.522454142302289256e+03
6.204632789875088594e-01 2.240832920968899700e+01 -8.523853693333819592e+02 5.022778220257539942e+03
6.315762370474833354e-01 2.198282337401835917e+01 -8.495223111022698959e+02 6.410725185387333113e+03
6.424512185482589288e-01 2.155891787845422058e+01 -8.459933736667995845e+02 7.686295037691670586e+03
6.531408846114959976e-01 2.113693161545964472e+01 -8.418547455833834192e+02 8.849487777170550544e+03
6.635926865301153832e-01 2.071715538321952010e+01 -8.371626154084342488e+02 9.900303403823972985e+03
6.738626936314978666e-01 2.029985188564048926e+01 -8.319731716983649221e+02 1.083874191765193791e+04
6.838958789780180680e-01 1.988525573235102684e+01 -8.263426030095878332e+02 1.166480331865444532e+04
6.937510251762726288e-01 1.947357343870137214e+01 -8.203270978985157171e+02 1.237848760683149339e+04
7.033712146797664877e-01 1.906498417192181094e+01 -8.139768756553769435e+02 1.301561037928821497e+04
7.128172995453458949e-01 1.865964795886380401e+01 -8.073182785056643525e+02 1.361198723312951552e+04
7.220310081417845582e-01 1.825771389374077813e+01 -8.003716794086847131e+02 1.416761816835546415e+04
7.310746539154875379e-01 1.785932088428653230e+01 -7.931574513237462725e+02 1.468250318496607724e+04
7.398891272356213911e-01 1.746459765175522705e+01 -7.856959672101563683e+02 1.515664228296134024e+04
7.485376408652429925e-01 1.707366273092135600e+01 -7.780076000272224519e+02 1.559003546234125497e+04
7.569607121614985168e-01 1.668662447007976724e+01 -7.701127227342527704e+02 1.598268272310583234e+04
7.652219371189723507e-01 1.630358103104564549e+01 -7.620317082905542065e+02 1.633458406525505598e+04
7.732618841923479813e-01 1.592462038915452816e+01 -7.537849296554353486e+02 1.664573948878894225e+04
7.811440676201504285e-01 1.554982033326231061e+01 -7.453927597882030796e+02 1.691614899370747662e+04
7.888094901861277819e-01 1.517924846574521069e+01 -7.368755716481656464e+02 1.714581258001066453e+04
7.963211807022037014e-01 1.481296220249976692e+01 -7.282537381946293635e+02 1.733473024769852782e+04
8.036208981956739494e-01 1.445100877294298414e+01 -7.195476323869038424e+02 1.748290199677102646e+04
8.107708079300862680e-01 1.409342522001209197e+01 -7.107776271842960796e+02 1.759032782722817501e+04
8.177137522005218928e-01 1.374023840016469755e+01 -7.019640955461135263e+02 1.765700773906997711e+04
8.245107005881618933e-01 1.339146498337876245e+01 -6.931274104316639750e+02 1.768294173229643638e+04
8.311058188142960157e-01 1.304711145315260268e+01 -6.842879448002548770e+02 1.766812980690755285e+04
8.375586150705472965e-01 1.270717410650485846e+01 -6.754660716111941383e+02 1.761257196290331922e+04
8.438148084433305662e-01 1.237163905397454222e+01 -6.666821638237894376e+02 1.751626820028374277e+04
8.499322004665318397e-01 1.204048221962098353e+01 -6.579565943973483400e+02 1.737921851904881987e+04
8.558582475428255787e-01 1.171366957023804112e+01 -6.493079025779221638e+02 1.721242519873647325e+04
8.616488503777199881e-01 1.139115963670979426e+01 -6.407472927585369007e+02 1.702689051888462564e+04
8.672533559827595440e-01 1.107290603536623941e+01 -6.322841356189616135e+02 1.682261447949325520e+04
8.727255905034493333e-01 1.075885769719760532e+01 -6.239278018389678664e+02 1.659959708056241288e+04
8.780169244137997486e-01 1.044895886785411498e+01 -6.156876620983243811e+02 1.635783832209206048e+04
8.831789917749776064e-01 1.014314910764615973e+01 -6.075730870768009027e+02 1.609733820408221436e+04
8.881652631697655176e-01 9.841363291544233505e+00 -5.995934474541671761e+02 1.581809672653286725e+04
8.930250681604099405e-01 9.543531609178948827e+00 -5.917581139101930603e+02 1.552011388944401915e+04
8.977140949628001909e-01 9.249579564841033275e+00 -5.840764571246480727e+02 1.520338969281567370e+04
9.022792562256817250e-01 8.959427977481331240e+00 -5.765578477773022996e+02 1.486792413664782543e+04
9.066785037858343665e-01 8.672992980710800381e+00 -5.692116565479251449e+02 1.451371722094047800e+04
9.109563027199796270e-01 8.390186022800511623e+00 -5.620472541162864673e+02 1.414076894569363139e+04
9.150728991443098925e-01 8.110913866681658035e+00 -5.550740111621563528e+02 1.374907931090728562e+04
9.190702645757398148e-01 7.835078589945507765e+00 -5.483012983653034098e+02 1.333864831658139155e+04
9.229109802879039703e-01 7.562577584843540812e+00 -5.417384864054988611e+02 1.290947596271604198e+04
9.266344680306189963e-01 7.293303558287264288e+00 -5.353949459625119971e+02 1.246156224931119323e+04
9.302056697837305377e-01 7.027144531848324327e+00 -5.292800477161123354e+02 1.199490717636684531e+04
9.336614677494650127e-01 6.763983841758485660e+00 -5.234031623460697347e+02 1.150951074388300003e+04
9.369691441748636551e-01 6.503700138909624506e+00 -5.177736605321539400e+02 1.100537295185965013e+04
9.401630314950553124e-01 6.246167388853739233e+00 -5.124009129541344691e+02 1.048249380029680287e+04
9.432127828827993055e-01 5.991255210684855115e+00 -5.072915792364189542e+02 9.957139621368773078e+03
9.461501554573583661e-01 5.738832604740164989e+00 -5.024414747819652689e+02 9.445576747249882828e+03
9.489471579879484864e-01 5.488771680301136158e+00 -4.978437039383687193e+02 8.947805177940132126e+03
9.516330080462422902e-01 5.240947994475441796e+00 -4.934913710532244977e+02 8.463824913439519150e+03
9.541820444491444508e-01 4.995240552196959172e+00 -4.893775804741285924e+02 7.993635953748044813e+03
9.566209605499984558e-01 4.751531806225734123e+00 -4.854954365486754568e+02 7.537238298865659090e+03
9.589264201036433732e-01 4.509707657148103621e+00 -4.818380436244617044e+02 7.094631948792464755e+03
9.611225820255859809e-01 4.269657453376519918e+00 -4.783985060490822434e+02 6.665816903528408147e+03
9.631884298988470094e-01 4.031273991149667779e+00 -4.751699281701324935e+02 6.250793163073491996e+03
9.651456290791260439e-01 3.794453514532434291e+00 -4.721454143352078745e+02 5.849560727427713573e+03
9.669754369898412305e-01 3.559095715415908412e+00 -4.693180688919039198e+02 5.462119596591073787e+03
9.686970458659003302e-01 3.325103733517380089e+00 -4.666809961878159356e+02 5.088469770563573547e+03
9.702939818613657286e-01 3.092384156380342031e+00 -4.642273005705393984e+02 4.728611249345211036e+03
9.717829896391211308e-01 2.860847019374491040e+00 -4.619500863876697281e+02 4.382544032935988071e+03
9.731498283155970430e-01 2.630405805695722687e+00 -4.598424579868023443e+02 4.050268121335903288e+03
9.744088052011610213e-01 2.400977446366139301e+00 -4.578975197155327237e+02 3.731783514544957143e+03
9.755479225941193766e-01 2.172482320234016662e+00 -4.561083759214561724e+02 3.427090212563117348e+03
9.765790606718307565e-01 1.944844253973909920e+00 -4.544681309521682806e+02 3.136188215390450750e+03
9.774924342559544455e-01 1.717990522086500604e+00 -4.529698891552644682e+02 2.859077523026922336e+03
9.782975270493626807e-01 1.491851846898698541e+00 -4.516067548783401548e+02 2.595758135472533468e+03
9.789867459580532394e-01 1.266362398563614544e+00 -4.503718324689907604e+02 2.346230052727283692e+03
9.795671935396729202e-01 1.041459495301745530e+00 -4.492606243453477077e+02 2.096104851575226803e+03
9.800334585650507524e-01 8.170803060539862939e-01 -4.482782252076862051e+02 1.830994108800417052e+03
9.803902624466075411e-01 5.931585531346431628e-01 -4.474321278268178617e+02 1.550897824402855576e+03
9.806343911492648724e-01 3.696242124726168976e-01 -4.467298249735540026e+02 1.255815998382542602e+03
9.807681798304643817e-01 1.464035136114023861e-01 -4.461788094187058391e+02 9.457486307394769938e+02
9.807905861004510006e-01 -7.658106029091105160e-02 -4.457865739330850943e+02 6.206957214736600008e+02
9.807015895202099154e-01 -2.994107724616649202e-01 -4.455606112875027520e+02 2.806572705850519469e+02
9.805023142355556720e-01 -5.221706325135313520e-01 -4.455084142527704216e+02 -7.436672192627136724e+01
9.801903791012627210e-01 -7.449493964446631811e-01 -4.456374755996994850e+02 -4.443762560603462930e+02
9.797690747987156668e-01 -9.678395666385936069e-01 -4.459552880991011534e+02 -8.293713318171736546e+02
9.792336543667248261e-01 -1.190937391864262507e+00 -4.464693445217870931e+02 -1.229351949196752912e+03
9.785895852417517693e-01 -1.414342867276014104e+00 -4.471871376385682879e+02 -1.644318108199084008e+03
9.778297444271352168e-01 -1.638159734413599411e+00 -4.481161602202564040e+02 -2.074269808824167740e+03
9.769617914436755646e-01 -1.862495481202174563e+00 -4.492639050376626528e+02 -2.519207051072003196e+03
9.759762119299780769e-01 -2.087461341952300931e+00 -4.506378648615985298e+02 -2.979129834942590605e+03
9.748828574911818645e-01 -2.313172297359947116e+00 -4.522455324628753601e+02 -3.454038160435929967e+03
9.736698172914055593e-01 -2.539747074506485625e+00 -4.540944006123045824e+02 -3.943932027552021282e+03
9.723491605688953099e-01 -2.767308146858721063e+00 -4.561919620806976923e+02 -4.448811436290922757e+03
9.709065544645146817e-01 -2.995981734268787555e+00 -4.585457096388657305e+02 -4.968676386652520705e+03
9.693562960691242125e-01 -3.225897802974300177e+00 -4.611631360576200791e+02 -5.503526878636867878e+03
9.676816253905786702e-01 -3.457189783466179112e+00 -4.640494770511583624e+02 -6.039820572560151959e+03
9.658990724821066021e-01 -3.689991467035829142e+00 -4.672009401072221522e+02 -6.564015128738551539e+03
9.639894246697856550e-01 -3.924433902322291168e+00 -4.706114756569386941e+02 -7.076110547172067527e+03
9.619714858472417918e-01 -4.160645113180178711e+00 -4.742750341314359162e+02 -7.576106827860699923e+03
9.598235651100069932e-01 -4.398750098679661491e+00 -4.781855659618411210e+02 -8.064003970804445999e+03
9.575667453018587016e-01 -4.638870833106473412e+00 -4.823370215792820090e+02 -8.539801976003309392e+03
9.551768470682755474e-01 -4.881126265961916566e+00 -4.867233514148859967e+02 -9.003500843457290102e+03
9.526772526422012666e-01 -5.125632321962855009e+00 -4.913385058997808414e+02 -9.455100573166386312e+03
9.500412737800464358e-01 -5.372501901041740524e+00 -4.961764354650944142e+02 -9.894601165130647132e+03
9.472946023234284363e-01 -5.621844878346512253e+00 -5.012310905419533356e+02 -1.032200261934997434e+04
9.444080258104288195e-01 -5.873768104240750354e+00 -5.064964215614857039e+02 -1.073730493582441704e+04
9.414095763498606662e-01 -6.128375404303575635e+00 -5.119663789548191630e+02 -1.114050811455397707e+04
9.382674917127076242e-01 -6.385767579329669097e+00 -5.176349131530811292e+02 -1.153161215553865259e+04
9.350121493847327603e-01 -6.646042405329275482e+00 -5.234959745873991324e+02 -1.191061705877844543e+04
9.316092424795756610e-01 -6.909294633528208607e+00 -5.295435136889008163e+02 -1.227752282427335012e+04
9.280914938599488240e-01 -7.175615990367836261e+00 -5.357714808887136542e+02 -1.263232945202337214e+04
9.244220570919016167e-01 -7.445095177505102413e+00 -5.421738266179653465e+02 -1.297503694202851329e+04
9.206359901955886160e-01 -7.717817871812503228e+00 -5.487445013077832527e+02 -1.330564529428876813e+04
9.166939122992227018e-01 -7.993866725378107496e+00 -5.554774553892950735e+02 -1.362415450880413846e+04
9.126332267999081038e-01 -8.273321365505573510e+00 -5.623666392936291913e+02 -1.393056458557466067e+04
9.084120183880209920e-01 -8.556258394714030047e+00 -5.694060034519114879e+02 -1.422487552460026200e+04
9.040700205083541663e-01 -8.842751390738266437e+00 -5.765894982952703458e+02 -1.450708732588098064e+04
8.995628242914768258e-01 -9.132870906528605559e+00 -5.839110742548333519e+02 -1.477719998941681479e+04
8.949324574615942218e-01 -9.426684470250924264e+00 -5.913646817617280931e+02 -1.503521351520776625e+04
8.901320533577445904e-01 -9.724256585286676469e+00 -5.989442712470820425e+02 -1.528112790325383321e+04
8.852059033250235798e-01 -1.002564873023287184e+01 -6.066437931420226732e+02 -1.551494315355501567e+04
8.801047391182289514e-01 -1.033091935890208646e+01 -6.144571978776779133e+02 -1.573665926611131363e+04
8.748750543863023088e-01 -1.064012390032245747e+01 -6.223784358851748948e+02 -1.594627624092273072e+04
8.694652712753678792e-01 -1.095331475873768490e+01 -6.304014575956412045e+02 -1.614379407798926150e+04
8.639239886528926604e-01 -1.127054131360704226e+01 -6.385202134402047704e+02 -1.632921277731090777e+04
8.581974365806623872e-01 -1.159184991960539612e+01 -6.467286538499938615e+02 -1.650253233888768955e+04
8.523362373886106402e-01 -1.191728390662305870e+01 -6.550207292561341319e+02 -1.666375276271957046e+04
8.462845312492582872e-01 -1.224688357976603648e+01 -6.633903900897541916e+02 -1.681287404880656322e+04
8.400948311014092562e-01 -1.258068621935584197e+01 -6.718315867819812865e+02 -1.694989619714867149e+04
8.337093865087142897e-01 -1.291872608092956476e+01 -6.803382697639433445e+02 -1.707481920774589889e+04
8.271824426164823274e-01 -1.326103439523985550e+01 -6.889043894667679524e+02 -1.718764308059824180e+04
8.204545270013667846e-01 -1.360763936825492237e+01 -6.975238963215823560e+02 -1.728836781570570020e+04
8.135814432835556387e-01 -1.395856618115854531e+01 -7.061907407595142558e+02 -1.737699341306827409e+04
8.065022423208820790e-01 -1.431383699035006885e+01 -7.148988732116912388e+02 -1.745351987268596713e+04
7.992740613792506110e-01 -1.467347092744438619e+01 -7.236422441092407780e+02 -1.751794719455877203e+04
7.918347556341281956e-01 -1.503748341183595372e+01 -7.324093043950811079e+02 -1.753727844942903175e+04
7.842425302899429518e-01 -1.540587858890244988e+01 -7.411665070592911206e+02 -1.747851670803906381e+04
7.764343565347713305e-01 -1.577864176820857622e+01 -7.498748056037424021e+02 -1.734166197038886457e+04
7.684692315848653532e-01 -1.615573873606983568e+01 -7.584951535303023320e+02 -1.712671423647844495e+04
7.602836003236702611e-01 -1.653711575555279722e+01 -7.669885043408421552e+02 -1.683367350630781584e+04
7.519369045160100296e-01 -1.692269956647490758e+01 -7.753158115372317525e+02 -1.646253977987696271e+04
7.433654919600094502e-01 -1.731239738540456230e+01 -7.834380286213406634e+02 -1.601331305718589283e+04
7.346288657375373843e-01 -1.770609690566109151e+01 -7.913161090950391099e+02 -1.548599333823460074e+04
7.256637313294773683e-01 -1.810366629731475285e+01 -7.989110064601967451e+02 -1.488058062302309008e+04
7.165292290251853435e-01 -1.850495420718674922e+01 -8.061836742186839047e+02 -1.419707491155136086e+04
7.071629329636747174e-01 -1.890978975884921454e+01 -8.130950658723697870e+02 -1.343547620381941124e+04
6.976231760932161130e-01 -1.931798255262521025e+01 -8.196061349231250688e+02 -1.259578449982724305e+04
6.878489377350911482e-01 -1.972932266558873948e+01 -8.256778348728190622e+02 -1.167799979957485448e+04
6.778972325211153338e-01 -2.014358065156478972e+01 -8.312711192233225574e+02 -1.068212210306212910e+04
6.677090734545439998e-01 -2.056050754112913381e+01 -8.363469414765040710e+02 -9.608151410289296109e+03
6.573395998875835033e-01 -2.097983484160862844e+01 -8.408662551342341658e+02 -8.456087721256237273e+03
6.467324972246757397e-01 -2.140127453708100447e+01 -8.447900136983826087e+02 -7.225931035962962596e+03
6.359404521362498341e-01 -2.182451908837496291e+01 -8.480791706708195079e+02 -5.917681354409469350e+03
6.249105071349305707e-01 -2.224924143307008961e+01 -8.506946795534145167e+02 -4.531338676595751167e+03
6.136922983681862842e-01 -2.267509498549695124e+01 -8.525974938480379706e+02 -3.066903002521816688e+03
6.022369306028356739e-01 -2.310171363673702061e+01 -8.537485670565595228e+02 -1.524374332187665004e+03
5.905903456344199220e-01 -2.352871175462271225e+01 -8.541088526808488268e+02 9.624733440670924267e+01
5.787084513982378997e-01 -2.395568418373738240e+01 -8.536393042227761043e+02 1.794961997261303395e+03
5.666328566186913385e-01 -2.438220624541531123e+01 -8.523008751842110087e+02 3.571769656376113289e+03
5.543250082040929172e-01 -2.480783373774178102e+01 -8.500545190670234206e+02 5.426670311751357985e+03
5.418215277592300927e-01 -2.523210293555283457e+01 -8.468611893730834481e+02 7.359663963386619798e+03
5.290901420797164967e-01 -2.565453059043562334e+01 -8.426818396042609720e+02 9.370750611282101090e+03
5.161618571510203646e-01 -2.607461393072816236e+01 -8.374774232624256456e+02 1.145993025543779731e+04
5.030113704947564157e-01 -2.649183066151942967e+01 -8.312088938494476906e+02 1.362720289585371938e+04
4.896634823005208692e-01 -2.690563896464930949e+01 -8.238372048671966468e+02 1.587256853252985820e+04
4.761005301936649392e-01 -2.731547749870863484e+01 -8.153233098175428495e+02 1.819602716546621741e+04
4.623405383193996965e-01 -2.772076539903917691e+01 -8.056281622023558384e+02 2.059757879466279337e+04
4.483740878687247911e-01 -2.812090227773362727e+01 -7.947127155235056080e+02 2.307722342011958972e+04
4.342119364061106657e-01 -2.851526822363562630e+01 -7.825379232828621525e+02 2.563496104183660282e+04
4.198534232404035893e-01 -2.890322380233974187e+01 -7.690647389822951254e+02 2.827079165981383994e+04
4.053016269982094300e-01 -2.928411005619154039e+01 -7.542541161236729295e+02 3.098471527405160305e+04
3.905650574633448557e-01 -2.965724850428735238e+01 -7.380670082088687423e+02 3.377673188454929186e+04
3.756388026295753857e-01 -3.002194114247459922e+01 -7.204643687397506255e+02 3.664684149130719015e+04
3.605408263470182839e-01 -3.037747044335161206e+01 -7.014071512181889148e+02 3.959504409432531975e+04
3.452580333388843847e-01 -3.072309935626761401e+01 -6.808563091460529222e+02 4.262133969360365882e+04
3.298179810178679672e-01 -3.105807130732280186e+01 -6.587727960252129833e+02 4.572572828914222191e+04
3.141993305415308746e-01 -3.138161266002792971e+01 -6.351372506346664295e+02 4.879009821817717602e+04
2.984392093802774037e-01 -3.169295978256037571e+01 -6.100090528619192582e+02 5.169633781794470997e+04
2.825081235247598466e-01 -3.199138611502017682e+01 -5.834672678716053724e+02 5.444444708844479464e+04
2.664525707117226805e-01 -3.227620463008975804e+01 -5.555909608283582202e+02 5.703442602967745916e+04
2.502351470330861916e-01 -3.254676783303376908e+01 -5.264591968968121591e+02 5.946627464164270350e+04
2.339113352165058390e-01 -3.280246776169926193e+01 -4.961510412415966016e+02 6.173999292434074596e+04
2.174362297244909203e-01 -3.304273598651549548e+01 -4.647455590273524990e+02 6.385558087777111359e+04
2.008737234283163031e-01 -3.326704361049415581e+01 -4.323218154187104005e+02 6.581303850193403196e+04
1.841719834973963854e-01 -3.347490126922920695e+01 -3.989588755803036406e+02 6.761236579682954471e+04
1.674025521042990239e-01 -3.366585913089689797e+01 -3.647358046767662358e+02 6.925356276245761546e+04
1.505073972652465619e-01 -3.383950689625584829e+01 -3.297316678727316912e+02 7.073662939881822967e+04
1.335647748581968164e-01 -3.399547379864694818e+01 -2.940255303328337959e+02 7.206156570591144555e+04
1.165113321128414120e-01 -3.413342860399345113e+01 -2.576964572217061686e+02 7.322837168373721943e+04
9.943093950450689056e-02 -3.425307961080086727e+01 -2.208235137039823996e+02 7.423704733229558042e+04
8.225593214173503032e-02 -3.435417465015707705e+01 -1.834857649442965624e+02 7.508759265158648486e+04
6.507455751487416229e-02 -3.443650108573226021e+01 -1.457622761072820765e+02 7.578000764160997642e+04
4.781595713640184042e-02 -3.449988581377889574e+01 -1.077321123575686386e+02 7.631429230236606963e+04
3.057140643451559947e-02 -3.454419526313180455e+01 -6.947433885979822321e+01 7.669044663385467720e+04
1.326805268701789289e-02 -3.456933539520811394e+01 -3.106802077860022138e+01 7.690847063607584278e+04
-4.001225405803737582e-03 -3.457525170400727177e+01 7.407776721391303276e+00 7.696836430902959546e+04
-2.131002368273756178e-02 -3.456192921611103941e+01 4.587398847554300119e+01 7.687012765271590615e+04
-3.856532791238881375e-02 -3.452939249068347749e+01 8.425154931922091350e+01 7.661376066713480395e+04
-5.584020551347636252e-02 -3.447770561947100276e+01 1.224613940877914189e+02 7.619926335228624521e+04
-7.304297825591833659e-02 -3.440697222680232414e+01 1.604244576166207992e+02 7.562663570817027357e+04
-9.024492781703877253e-02 -3.431733546958846404e+01 1.980616747410754499e+02 7.489587773478685995e+04
-1.073571475482617416e-01 -3.420897803732277254e+01 2.352939802965215392e+02 7.400698943213603343e+04
-1.244479231761203009e-01 -3.408212215208091322e+01 2.720423091183254769e+02 7.295997080021776492e+04
-1.414324849086362745e-01 -3.393702956852084895e+01 3.082275960418574527e+02 7.175482183903193800e+04
-1.583749882584247204e-01 -3.377400157388289159e+01 3.437707759024756342e+02 7.039154254857877095e+04
-1.751960603553683327e-01 -3.359337898798965938e+01 3.785927835355504953e+02 6.887013292885820556e+04
-1.919546979047439539e-01 -3.339554216324607694e+01 4.126145537764483038e+02 6.719059297987019818e+04
-2.085780501260604269e-01 -3.318091098463938948e+01 4.457570214605353272e+02 6.535292270161475608e+04
-2.251190545786538044e-01 -3.294994486973916281e+01 4.779411214231780036e+02 6.335712209409188654e+04
-2.415123498480351849e-01 -3.270314276869728332e+01 5.090877884997423735e+02 6.120319115730159683e+04
-2.578040586150271429e-01 -3.244104316424792955e+01 5.391179575255949885e+02 5.889112989124386513e+04
-2.739371018649175427e-01 -3.216422407170763620e+01 5.679525633361018890e+02 5.642093829591870599e+04
-2.899501880259063857e-01 -3.187330303897521944e+01 5.955125407666295132e+02 5.379261637132612668e+04
-3.057951285437489619e-01 -3.156893714653183380e+01 6.217188246525441855e+02 5.100616411746610538e+04
-3.215027822430070459e-01 -3.125182300744091890e+01 6.464923498292148452e+02 4.806158153433831467e+04
-3.370342715626330476e-01 -3.092269676734830597e+01 6.697540511320021324e+02 4.495886862194341666e+04
-3.524123313297767845e-01 -3.058233161923030963e+01 6.914447454103154769e+02 4.181731746452195512e+04
-3.676076269594059642e-01 -3.023151046562454169e+01 7.115847775697217230e+02 3.875622014631477214e+04
-3.826346573776522320e-01 -2.987099858086055093e+01 7.302143745298282056e+02 3.577557666732188227e+04
-3.974736861608386684e-01 -2.950154112580808174e+01 7.473737632102420321e+02 3.287538702754328551e+04
-4.121310100584530955e-01 -2.912386314787707420e+01 7.631031705305703099e+02 3.005565122697896368e+04
-4.265963819704201021e-01 -2.873866958101767111e+01 7.774428234104200328e+02 2.731636926562894223e+04
-4.408680676463328507e-01 -2.834664524572022160e+01 7.904329487693986493e+02 2.465754114349321026e+04
-4.549450487122784770e-01 -2.794845484901524202e+01 8.021137735271130396e+02 2.207916686057176776e+04
-4.688178547507441674e-01 -2.754474298447347280e+01 8.125255246031703109e+02 1.958124641686460382e+04
-4.824943057287968129e-01 -2.713613413220583936e+01 8.217084289171779119e+02 1.716377981237173663e+04
-4.959575905567541465e-01 -2.672323265886341659e+01 8.297027133887435184e+02 1.482676704709289697e+04
-5.092238698526520002e-01 -2.630662281763761001e+01 8.365486049374724189e+02 1.257020812102861419e+04
-5.222694742153882741e-01 -2.588686874825990003e+01 8.422863304829730851e+02 1.039410303417862087e+04
-5.351183178032675736e-01 -2.546451447700200177e+01 8.469561169448523970e+02 8.298451786542915215e+03
-5.477404160705863223e-01 -2.504008391667581179e+01 8.505981912427174620e+02 6.283254378121496302e+03
-5.601667852223205513e-01 -2.461408086663344363e+01 8.532527802961753878e+02 4.348510808914367772e+03
-5.723617285191026083e-01 -2.418698901276719582e+01 8.549601110248336227e+02 2.494221078921527806e+03
-5.843626646872980279e-01 -2.375927192750957317e+01 8.557604103482991604e+02 7.203851881429764035e+02
-5.961288025630975262e-01 -2.333137306983325843e+01 8.556939051861789949e+02 -9.729968634212863208e+02
-6.077032378092300791e-01 -2.290371578525114771e+01 8.548008224580802334e+02 -2.585925075771262073e+03
-6.190407337761654194e-01 -2.247670330581633635e+01 8.531213890836104383e+02 -4.118399448906949146e+03
-6.301893170389555321e-01 -2.205071873704028107e+01 8.506959366365114192e+02 -5.569792058015949806e+03
-6.410999595108226590e-01 -2.162612491399359271e+01 8.475652153070681152e+02 -6.939474978285386896e+03
-6.518248777648552039e-01 -2.120326425740629261e+01 8.437700799397000537e+02 -8.227448209715434132e+03
-6.623118909962404377e-01 -2.078245876058624120e+01 8.393513853788268761e+02 -9.433711752306084236e+03
-6.726166955203387587e-01 -2.036400998941907403e+01 8.343499864688682237e+02 -1.055826560605733903e+04
-6.826845607652395342e-01 -1.994819908236824091e+01 8.288067380542438514e+02 -1.160110977096919851e+04
-6.925739678620712603e-01 -1.953528675047496321e+01 8.227624949793736278e+02 -1.256224424704166631e+04
-7.022282292032552276e-01 -1.912551327735826234e+01 8.162581120886768531e+02 -1.344166903427473517e+04
-7.117079771262283527e-01 -1.871909851921494194e+01 8.093344442265735097e+02 -1.423938413266840871e+04
-7.209550932923758371e-01 -1.831624190481961278e+01 8.020323462374832388e+02 -1.495538954222269240e+04
-7.300317429652450896e-01 -1.791712243552464301e+01 7.943926729658256818e+02 -1.558968526293757895e+04
-7.388789187090765154e-01 -1.752189868526022920e+01 7.864562792560205935e+02 -1.614227129481306838e+04
-7.475597310918534744e-01 -1.713070880053433243e+01 7.782640199524877289e+02 -1.661314763784916795e+04
-7.560147587877659170e-01 -1.674367050043271377e+01 7.698567498996465019e+02 -1.700231429204586675e+04
-7.643075518036156479e-01 -1.636088107661892010e+01 7.612753239419168949e+02 -1.730977125740317570e+04
-7.723786837038392195e-01 -1.598241739333428768e+01 7.525605969237185491e+02 -1.753551853392108751e+04
-7.802916789464693359e-01 -1.560833588739787103e+01 7.437534236894690594e+02 -1.767955612159962402e+04
-7.879875045469781902e-01 -1.523867256820675387e+01 7.348946590835920460e+02 -1.774188402043872702e+04
-7.955292250855652281e-01 -1.487344301773556765e+01 7.260251579505055588e+02 -1.772250223043844017e+04
-8.028585484919893434e-01 -1.451264239053679894e+01 7.171857751346290115e+02 -1.762141075159875254e+04
-8.100377166761038028e-01 -1.415624618569400894e+01 7.084111898542412291e+02 -1.747566334076411658e+04
-8.170094595184080877e-01 -1.380421873830776569e+01 6.997113788230584532e+02 -1.732231375477898109e+04
-8.238348845634335671e-01 -1.345652171098156202e+01 6.910901431286557681e+02 -1.716136199364333879e+04
-8.304580093496127802e-01 -1.311311486577512575e+01 6.825512838586087128e+02 -1.699280805735720060e+04
-8.369385055806864981e-01 -1.277395606420437524e+01 6.740986021004921440e+02 -1.681665194592055559e+04
-8.432219237211981966e-01 -1.243900126724145849e+01 6.657358989418817146e+02 -1.663289365933341105e+04
-8.493662492561667721e-01 -1.210820453531472118e+01 6.574669754703525086e+02 -1.644153319759575970e+04
-8.553187495273797403e-01 -1.178151802830873329e+01 6.492956327734796105e+02 -1.624257056070760700e+04
-8.611355347402471772e-01 -1.145889200556427667e+01 6.412256719388383317e+02 -1.603600574866895477e+04
-8.667657372966579565e-01 -1.114027482587833084e+01 6.332608940540039839e+02 -1.582183876147979754e+04
-8.722634235005410908e-01 -1.082561294750410852e+01 6.254051002065518787e+02 -1.560006959914013714e+04
-8.775797236674833801e-01 -1.051485092815102185e+01 6.176620914840574414e+02 -1.537069826164997721e+04
-8.827665273463364271e-01 -1.020793142498469663e+01 6.100356689740954153e+02 -1.513372474900931593e+04
-8.877770598517049638e-01 -9.904795194626974109e+00 6.025296337642414528e+02 -1.488914906121815147e+04
-8.926609164530282525e-01 -9.605381093155910932e+00 5.951477869420708657e+02 -1.463697119827648567e+04
-8.973735145492495180e-01 -9.309626076105761427e+00 5.878939295951583972e+02 -1.437719116018431305e+04
-9.019620631548286305e-01 -9.017465198467009557e+00 5.807718628110798136e+02 -1.410980894694164454e+04
-9.063842330700918604e-01 -8.728831614686345830e+00 5.737853876774099717e+02 -1.383482455854846739e+04
-9.106847857374755772e-01 -8.443656578666665524e+00 5.669383052817246380e+02 -1.355223799500479072e+04
-9.148236862367185029e-01 -8.161869443767026056e+00 5.602344167115970777e+02 -1.326204925631054721e+04
-9.188431973406961939e-01 -7.883397662802877015e+00 5.536775230546056719e+02 -1.296425834246586419e+04
-9.227056192865896733e-01 -7.608166788045696016e+00 5.472714253983243680e+02 -1.265886525347067800e+04
-9.264506804094378989e-01 -7.336100471223232056e+00 5.410199248303282502e+02 -1.234586998932499046e+04
-9.300430263233714356e-01 -7.067120463519451334e+00 5.349268224381925165e+02 -1.202527255002880156e+04
-9.335198458158391333e-01 -6.801146615574526599e+00 5.289959193094924785e+02 -1.169707293558210949e+04
-9.368481400974284501e-01 -6.538096877484848690e+00 5.232310165318034478e+02 -1.136127114598491426e+04
-9.400625430787368231e-01 -6.277887298803018545e+00 5.176359151927006224e+02 -1.101786718123721948e+04
-9.431324013473010304e-01 -6.020432028537845426e+00 5.122144163797590863e+02 -1.066686104133901790e+04
-9.460898041563748917e-01 -5.765643315154357573e+00 5.069703211805544356e+02 -1.030825272629031497e+04
-9.489064536899520785e-01 -5.513431506573794216e+00 5.019074306826616976e+02 -9.942042236091112500e+03
-9.516118843244349979e-01 -5.263705050173603794e+00 4.970295459736561270e+02 -9.568229570741405041e+03
-9.541801334012596225e-01 -5.016370492787450175e+00 4.923404681411132060e+02 -9.186814730241198049e+03
-9.566382110784990012e-01 -4.771332480705205548e+00 4.878439982726077346e+02 -8.797797714590486066e+03
-9.589624694160163720e-01 -4.528493759672960195e+00 4.835439374557153656e+02 -8.401178523789274550e+03
-9.611774096828167302e-01 -4.287755174893010945e+00 4.794440867780111262e+02 -7.996957157837557133e+03
-9.632616884376835609e-01 -4.049015671023873608e+00 4.755482473270703849e+02 -7.585133616735338364e+03
-9.652373082800610460e-01 -3.812172292180271427e+00 4.718602201904684534e+02 -7.165707900482620971e+03
-9.670852047188841505e-01 -3.577120181933137744e+00 4.683838064557803023e+02 -6.738680009079396768e+03
-9.688249072328047884e-01 -3.343752583309626214e+00 4.651228072105814704e+02 -6.304049942525671213e+03
-9.704396251711557841e-01 -3.111960838793097484e+00 4.620810235424470989e+02 -5.861817700821444305e+03
-9.719464251113041353e-01 -2.881634390323123629e+00 4.592622565389523857e+02 -5.411983283966715135e+03
-9.733307646942119806e-01 -2.652660885024853865e+00 4.566694614523809150e+02 -4.959621703709226495e+03
-9.746072782544840107e-01 -2.424927338232735430e+00 4.543022101938523747e+02 -4.509807971797022219e+03
-9.757636461759428004e-01 -2.198321296513740197e+00 4.521592288391934744e+02 -4.062542088230001355e+03
-9.768120807699380848e-01 -1.972730943396975301e+00 4.502392434642318335e+02 -3.617824053008166175e+03
-9.777424851631529856e-01 -1.748045099373636502e+00 4.485409801447949008e+02 -3.175653866131514405e+03
-9.785646700826972078e-01 -1.524153221897004418e+00 4.470631649567097838e+02 -2.736031527600046502e+03
-9.792707307395920324e-01 -1.300945405382446518e+00 4.458045239758042726e+02 -2.298957037413763373e+03
-9.798680967157217259e-01 -1.078312381207414683e+00 4.447637832779054747e+02 -1.864430395572662519e+03
-9.803510450869388215e-01 -8.561455177114506432e-01 4.439396689388409527e+02 -1.432451602076748713e+03
-9.807246242899020361e-01 -6.343368201961792074e-01 4.433309070344380984e+02 -1.003020656926016500e+03
-9.809852932652951552e-01 -4.127789309253133698e-01 4.429362236405241902e+02 -5.761375601204687200e+02
-9.811357397435656047e-01 -1.913651291246511732e-01 4.427543448329267335e+02 -1.518023116601056017e+02
-9.811745943107216261e-01 3.001066901792216052e-02 4.427839966874731772e+02 2.699850884550742762e+02
-9.811021635519847628e-01 2.514539103524350838e-01 4.430239052799909132e+02 6.892246402250696065e+02
-9.809192599181942862e-01 4.730694047668307922e-01 4.434727966863073334e+02 1.105916343649880901e+03
-9.806238343981149574e-01 6.949613251869645181e-01 4.441293969822498298e+02 1.520060198729507874e+03
-9.802188608684019311e-01 9.172332075766069792e-01 4.449924322436457942e+02 1.931656205463950755e+03
-9.796999142823487050e-01 1.139987950937441319e+00 4.460606285463226754e+02 2.340704363853209998e+03
-9.790721606009487044e-01 1.363327817309064827e+00 4.473327119661079223e+02 2.747204673897285375e+03
-9.783287936322699885e-01 1.587354431768989382e+00 4.488074085788288130e+02 3.151157135596175522e+03
-9.774771612021369016e-01 1.812168782432638459e+00 4.504834444603128532e+02 3.552561748949882713e+03
-9.765080810831455738e-01 2.037871220453350674e+00 4.523595456863874347e+02 3.951418513958405129e+03
-9.754310931854592859e-01 2.264561460022430417e+00 4.544344383328804611e+02 4.347727430621832355e+03
-9.742346085876799622e-01 2.492338578368939128e+00 4.567068484756183580e+02 4.741488498939985220e+03
-9.729303848330778104e-01 2.721301015760009712e+00 4.591755021904290288e+02 5.132701718912955585e+03
-9.715044211965071508e-01 2.951546575500635594e+00 4.618391255531399793e+02 5.521367090540742538e+03
-9.699706877445913866e-01 3.183172423933720463e+00 4.646964446395783170e+02 5.907484613823344262e+03
-9.683127668386836140e-01 3.416275090440087592e+00 4.677461855255718319e+02 6.291054288760762574e+03
-9.665468666175289769e-01 3.650950467438470071e+00 4.709870742869475180e+02 6.672076115352994748e+03
-9.646541167607028955e-01 3.887293810385518356e+00 4.744178369995332218e+02 7.050550093600045329e+03
-9.626529839180875125e-01 4.125399737775792275e+00 4.780371997391559944e+02 7.426476223501910681e+03
-9.605221246484662023e-01 4.365362231141766358e+00 4.818438885816433981e+02 7.799854505058592622e+03
-9.582822947713796058e-01 4.607274635053829392e+00 4.858366296028227111e+02 8.170684938270088423e+03
-9.559096623955581906e-01 4.851229657120287975e+00 4.900141488785217234e+02 8.538967523136403543e+03
-9.534272622906937444e-01 5.097319367987355854e+00 4.943751724845673721e+02 8.904702259657533432e+03
-9.508087741154634953e-01 5.345635201339162812e+00 4.989184264967873332e+02 9.267889147833477182e+03
-9.480795371384793668e-01 5.596267953897755554e+00 5.036426369910089988e+02 9.628528187664240249e+03
-9.452107068000894508e-01 5.849307785423087935e+00 5.085465300430597040e+02 9.986619379149817178e+03
-9.422299626361013702e-01 6.104844218713035175e+00 5.136288317287669543e+02 1.034216272229021160e+04
-9.391059052100116933e-01 6.362966139603378757e+00 5.188882681239579142e+02 1.069515821708541807e+04
-9.358685594345780290e-01 6.623761796967820636e+00 5.243235653044602032e+02 1.104560586353544204e+04
-9.324839914354601245e-01 6.887318800819529407e+00 5.299334341585578159e+02 1.139341453637911218e+04
-9.289845715023651307e-01 7.153724101428269755e+00 5.357165248243601354e+02 1.173849311035524261e+04
-9.253338006645940306e-01 7.423063968437540794e+00 5.416714722524337731e+02 1.208084158546384424e+04
-9.215664150278183309e-01 7.695423988966179962e+00 5.477969113933462495e+02 1.242045996170498984e+04
-9.176433658542415550e-01 7.970889067608121437e+00 5.540914771976608790e+02 1.275734823907852115e+04
-9.136017346264846406e-01 8.249543426432774496e+00 5.605538046159454098e+02 1.309150641758452548e+04
-9.093999483884218638e-01 8.531470604984761508e+00 5.671825285987659981e+02 1.342293449722299374e+04
-9.050774135606087789e-01 8.816753460283996091e+00 5.739762840966890280e+02 1.375163247799392957e+04
-9.005900482978519417e-01 9.105474166825667126e+00 5.809337060602805423e+02 1.407760035989733296e+04
-8.959795737391341719e-01 9.397714216580249413e+00 5.880534294401068109e+02 1.440083814293320211e+04
-8.911994400282234885e-01 9.693554418993505450e+00 5.953340891867342179e+02 1.472134582710154064e+04
-8.862936268152393771e-01 9.993074900986480102e+00 6.027743202507288061e+02 1.503912341240234491e+04
-8.812131877694632243e-01 1.029635510695549350e+01 6.103727575826569591e+02 1.535417089883561493e+04
-8.760043150643679333e-01 1.060347379877215346e+01 6.181280361330848336e+02 1.566648828640135798e+04
-8.706157323215463206e-01 1.091450905578335195e+01 6.260387908525785861e+02 1.597607557509956314e+04
-8.650957522622578777e-01 1.122953827481126865e+01 6.341036566917047139e+02 1.628293276493023586e+04
-8.593908962042495769e-01 1.154863817015335492e+01 6.423212686010291463e+02 1.658705985589337797e+04
-8.535515003312476034e-01 1.187188477358235517e+01 6.506902615311182672e+02 1.688845684798898583e+04
-8.475219960717338408e-01 1.219935343434629083e+01 6.592092704325383465e+02 1.718712374121706307e+04
-8.413546306573194133e-01 1.253111881916846748e+01 6.678769302558554273e+02 1.748306053557760242e+04
-8.349918938100796550e-01 1.286725430576703033e+01 6.766870241080337109e+02 1.774715616945592410e+04
-8.284878109559139503e-01 1.320782531156999440e+01 6.856139277216267374e+02 1.795029958123732285e+04
-8.217831242811310943e-01 1.355288262243030672e+01 6.946271649855860915e+02 1.809249077092181324e+04
-8.149334330157712580e-01 1.390246178614539296e+01 7.036962597888636992e+02 1.817372973850938797e+04
-8.078779821883081969e-01 1.425658311245713961e+01 7.127907360204106908e+02 1.819401648400004342e+04
-8.006737302232669329e-01 1.461525167305193129e+01 7.218801175691791059e+02 1.815335100739378686e+04
-7.932586855887250321e-01 1.497845730156068278e+01 7.309339283241216663e+02 1.805173330869058555e+04
-7.856909104160075819e-01 1.534617459355856717e+01 7.399216921741866599e+02 1.788916338789048314e+04
-7.779075036370333152e-01 1.571836290656546709e+01 7.488129330083273771e+02 1.766564124499346872e+04
-7.699673398339654806e-01 1.609496636004565318e+01 7.575771747154952891e+02 1.738116687999953501e+04
-7.618069558658157048e-01 1.647591383540788001e+01 7.661839411846422081e+02 1.703574029290869294e+04
-7.534857219608563916e-01 1.686111897600536480e+01 7.746027563047193780e+02 1.662936148372093157e+04
-7.449400063562270358e-01 1.725048018713582820e+01 7.828031439646784975e+02 1.616203045243625274e+04
-7.362293070240426562e-01 1.764388063604143042e+01 7.907546280534711514e+02 1.563374719905466191e+04
-7.272902834574038744e-01 1.804118825190883513e+01 7.984267324600485836e+02 1.504451172357615542e+04
-7.181821321529571200e-01 1.844225572586918105e+01 8.057889810733627201e+02 1.439432402600073328e+04
-7.088423199448878886e-01 1.884692051099806420e+01 8.128108977823648047e+02 1.368318410632839732e+04
-6.993292921960484465e-01 1.925500482231556632e+01 8.194620064760068772e+02 1.291109196455914753e+04
-6.895818544960944374e-01 1.966631563678624417e+01 8.257118310432399539e+02 1.207804760069298027e+04
-6.796572003182210775e-01 2.008064469331913671e+01 8.315298953730157336e+02 1.118405101472989918e+04
-6.694960820682448466e-01 2.049776811193722992e+01 8.368826767101465975e+02 1.021082234183537912e+04
-6.591539048055644612e-01 2.091744220464179094e+01 8.417244657228889082e+02 9.140081717174900405e+03
-6.485740115811239326e-01 2.133939928627665239e+01 8.460065064353595972e+02 7.971829140748462123e+03
-6.378094263090968719e-01 2.176334729369769860e+01 8.496800428716753686e+02 6.706064612556064276e+03
-6.268067725023040992e-01 2.218896978577289048e+01 8.526963190559538361e+02 5.342788132597706863e+03
-6.156160848690029885e-01 2.261592594338224060e+01 8.550065790123115903e+02 3.881999700873388065e+03
-6.041879776396565926e-01 2.304385056941780974e+01 8.565620667648657900e+02 2.323699317383111975e+03
-5.925688780364078978e-01 2.347235408878372809e+01 8.573140263377334804e+02 6.678869821268763189e+02
-5.807141012631266141e-01 2.390102254839628060e+01 8.572137017550314795e+02 -1.085437304895719535e+03
-5.686658232268749780e-01 2.432941761718351970e+01 8.562123370408769460e+02 -2.936273543683897515e+03
-5.563848163484771403e-01 2.475707658608584083e+01 8.542611762193869254e+02 -4.884621734238033241e+03
-5.439083511714410957e-01 2.518351236805561300e+01 8.513114633146785764e+02 -6.930481876558131262e+03
-5.312033880283244525e-01 2.560821349805723557e+01 8.473144423508684895e+02 -9.073853970644187939e+03
-5.183016687091289709e-01 2.603064413306721647e+01 8.422213573520742784e+02 -1.131473801649620145e+04
-5.051770404724531538e-01 2.645024405207407625e+01 8.359834523424126473e+02 -1.365313401411417726e+04
-4.918551047172740609e-01 2.686642865607841557e+01 8.285519713460006415e+02 -1.608904196349811355e+04
-4.783172747144977532e-01 2.727858896809288325e+01 8.198781583869553060e+02 -1.862246186464800849e+04
-4.645824504211200634e-01 2.768609163314219401e+01 8.099132574893936862e+02 -2.125339371756386390e+04
-4.506402156042180196e-01 2.808827891826312140e+01 7.986085126774328273e+02 -2.398183752224567797e+04
-4.365022639351401890e-01 2.848446871250448709e+01 7.859151679751895472e+02 -2.680779327869344706e+04
-4.221668790476179600e-01 2.887395452692719644e+01 7.717844674067813457e+02 -2.973126098690718572e+04
-4.076381262616972090e-01 2.925600732383369973e+01 7.561822888324243195e+02 -3.266443763028964167e+04
-3.929234121653700784e-01 2.962989563829264839e+01 7.391330454567333845e+02 -3.551952019224357355e+04
-3.780188477250934764e-01 2.999490569966357256e+01 7.206757843204226219e+02 -3.829650867276897770e+04
-3.629412654915149528e-01 3.035034326082634237e+01 7.008495524642067949e+02 -4.099540307186588325e+04
-3.476786130885758941e-01 3.069553359818116434e+01 6.796933969287994159e+02 -4.361620338953423925e+04
-3.322573038551165925e-01 3.102982151164864888e+01 6.572463647549153620e+02 -4.615890962577409664e+04
-3.166570469591833414e-01 3.135257132466972507e+01 6.335475029832686005e+02 -4.862352178058543359e+04
-3.009138319290308727e-01 3.166316688420567260e+01 6.086358586545733260e+02 -5.101003985396824282e+04
-2.849991994804362272e-01 3.196101156073817506e+01 5.825504788095440745e+02 -5.331846384592253889e+04
-2.689585359787134977e-01 3.224552824826928799e+01 5.553304104888886741e+02 -5.554879375644878746e+04
-2.527554395384842278e-01 3.251615936432125409e+01 5.270147007333335978e+02 -5.770102958554602810e+04
-2.364443295476582052e-01 3.277236684993685856e+01 4.976423965835869581e+02 -5.977517133321473375e+04
-2.199812498609827749e-01 3.301363216967919811e+01 4.672525450803634044e+02 -6.177121899945493351e+04
-2.034291025684897558e-01 3.323945631163171299e+01 4.358841932643770178e+02 -6.368917258426660555e+04
-1.867369275855260691e-01 3.344935978739818694e+01 4.035763881763418794e+02 -6.552903208764974988e+04
-1.699753693009339317e-01 3.364288263210279695e+01 3.703681768569725818e+02 -6.729079750960439560e+04
-1.530871785452029565e-01 3.381958440439001379e+01 3.362986063469830356e+02 -6.897446885013050633e+04
-1.361498232722700430e-01 3.397904418642475122e+01 3.014067236870876627e+02 -7.058004610922810389e+04
-1.191006246883401509e-01 3.412086058389220256e+01 2.657315759180007717e+02 -7.210752928689717373e+04
-1.020227946214875697e-01 3.424465172599796858e+01 2.293122100804365289e+02 -7.355691838313771586e+04
-8.484921696780174660e-02 3.435005663272414722e+01 1.921986112643773197e+02 -7.486258510234161804e+04
-6.766762619835925419e-02 3.443675025464708739e+01 1.544845167568773832e+02 -7.595890114890070981e+04
-5.040757480312796357e-02 3.450445851275516418e+01 1.162746018942590638e+02 -7.684586652281500574e+04
-3.315998149839940318e-02 3.455295966570487565e+01 7.767354201284491921e+01 -7.752348122408452036e+04
-1.585225911587597597e-02 3.458208430982091386e+01 3.878601244895727262e+01 -7.799174525270921004e+04
1.422907130088488974e-03 3.459171537909614358e+01 -2.833114610815695156e-01 -7.825065860868913296e+04
1.873899842562867790e-02 3.458178814519153121e+01 -3.942975438094912732e+01 -7.830022129202423093e+04
3.600302699765450809e-02 3.455229021743627271e+01 -7.854864097432303538e+01 -7.814043330271454761e+04
5.328809814859878508e-02 3.450326154282768698e+01 -1.175352959048809254e+02 -7.777129464076006843e+04
7.050239287466511517e-02 3.443479440603125852e+01 -1.562850438363004173e+02 -7.719280530616077885e+04
8.771738099430892444e-02 3.434703342938064452e+01 -1.946932094322590956e+02 -7.640496529891670798e+04
1.048438548944611304e-01 3.424017557287763225e+01 -2.326551173564429575e+02 -7.540777461902757932e+04
1.219504309027193978e-01 3.411447013419222429e+01 -2.700660922725127193e+02 -7.420123326649385854e+04
1.389518854809767001e-01 3.397021874866255331e+01 -3.068214588441545629e+02 -7.278534124131537101e+04
1.559128391294350990e-01 3.380777538929489623e+01 -3.428165417350459165e+02 -7.116009854349204397e+04
1.727533252245970485e-01 3.362754636676371689e+01 -3.779466656088645777e+02 -6.932550517302393564e+04
1.895329270714644077e-01 3.342999032941163762e+01 -4.121071551292880599e+02 -6.728156112991103146e+04
2.061780759691507758e-01 3.321561826324942501e+01 -4.451933349599940470e+02 -6.502826641415331687e+04
2.227424008266682132e-01 3.298499349195603259e+01 -4.771005297646601093e+02 -6.256562102575082827e+04
2.391597165372309208e-01 3.273873167687854391e+01 -5.077240642069638739e+02 -5.989362496470352198e+04
2.554769245081258133e-01 3.247749836337712281e+01 -5.369788921914938555e+02 -5.713005367647730600e+04
2.716360377214077637e-01 3.220198199061869815e+01 -5.648584845864827457e+02 -5.439268260653803009e+04
2.876766107804898942e-01 3.191286690137076576e+01 -5.913759415010737257e+02 -5.168151175488569424e+04
3.035494842779239977e-01 3.161083088834624277e+01 -6.165443630444107157e+02 -4.899654112152031303e+04
3.192864112451698766e-01 3.129654519420343917e+01 -6.403768493256363854e+02 -4.633777070644187188e+04
3.348474998350699505e-01 3.097067451154616791e+01 -6.628865004538952235e+02 -4.370520050965039263e+04
3.502564097401941190e-01 3.063387698292358863e+01 -6.840864165383298996e+02 -4.109883053114583163e+04
3.654827701174593324e-01 3.028680420083035685e+01 -7.039896976880843340e+02 -3.851866077092823980e+04
3.805420154889000983e-01 2.993010120770651028e+01 -7.226094440123018785e+02 -3.596469122899758804e+04
3.954133716398624543e-01 2.956440649593753278e+01 -7.399587556201257712e+02 -3.343692190535388363e+04
4.101040642730574004e-01 2.919035200785433659e+01 -7.560507326206997050e+02 -3.093535279999711565e+04
4.246028228047429298e-01 2.880856313573326588e+01 -7.708984751231672590e+02 -2.845998391292730594e+04
4.389088220096958315e-01 2.841965872179608610e+01 -7.845150832366717850e+02 -2.601081524414443993e+04
4.530200517108096681e-01 2.802425105820998397e+01 -7.969136570703567486e+02 -2.358784679364851763e+04
4.669279142365039825e-01 2.762294588708749643e+01 -8.081072967333676615e+02 -2.119107856143900790e+04
4.806392842494105477e-01 2.721634240048687303e+01 -8.181091023348436693e+02 -1.882051054751698757e+04
4.941381758850703076e-01 2.680503324041148261e+01 -8.269321739839305110e+02 -1.647614275188190732e+04
5.074398611753500044e-01 2.638960449881024317e+01 -8.345896117897717659e+02 -1.415797517453377986e+04
5.205214376931784903e-01 2.597063571757749045e+01 -8.410945158615106720e+02 -1.186600781547259430e+04
5.334060035691936541e-01 2.554869988855298502e+01 -8.464599863082908087e+02 -9.600240674698357907e+03
5.460642737829743965e-01 2.512436273119356400e+01 -8.507049018661300579e+02 -7.395345513458422829e+03
5.585265185154557610e-01 2.469817474696118254e+01 -8.538712557785453328e+02 -5.285994093000160319e+03
5.707576797464830598e-01 2.427066327371095511e+01 -8.560068199159268261e+02 -3.272186413323562192e+03
5.827944914954256150e-01 2.384233176336278959e+01 -8.571593661486654128e+02 -1.353922474428632540e+03
5.945967451103962853e-01 2.341365978190142627e+01 -8.573766663471523088e+02 4.687977236846295455e+02
6.062069281934334697e-01 2.298510300937637751e+01 -8.567064923817778208e+02 2.195974181016224065e+03
6.175803099606232971e-01 2.255709323990198456e+01 -8.551966161229331647e+02 3.827606897566152384e+03
6.287643957921403848e-01 2.213003838165738557e+01 -8.528948094410091016e+02 5.363695873334412681e+03
6.397105766010102723e-01 2.170432245688651918e+01 -8.498488442063962793e+02 6.804241108321003594e+03
6.504706448507641126e-01 2.128030560189813158e+01 -8.461064922894856863e+02 8.149242602525928305e+03
6.609927569803336622e-01 2.085832406706577302e+01 -8.417155255606681976e+02 9.398700355949185905e+03
6.713322618418273713e-01 2.043869021682780840e+01 -8.367237158903345744e+02 1.055261436859077730e+04
6.814346945705275216e-01 2.002169252968739244e+01 -8.311788351488754643e+02 1.161098464045069886e+04
6.913582757001233148e-01 1.960759559821248033e+01 -8.251286552066820832e+02 1.257381117152895604e+04
7.010465117936769408e-01 1.919664012903585615e+01 -8.186209479341449651e+02 1.344109396182554156e+04
7.105598307984773987e-01 1.878904294285508314e+01 -8.117034852016548712e+02 1.421283301134046087e+04
7.198402676685204948e-01 1.838499697443246106e+01 -8.044240388796011985e+02 1.488902832007385405e+04
7.289498394844965423e-01 1.798467127259534593e+01 -7.968303808383781188e+02 1.546967988802541913e+04
7.378296256764593775e-01 1.758821100023563488e+01 -7.889702829483744608e+02 1.595478771519531620e+04
7.465426754953468080e-01 1.719573743431012147e+01 -7.808915170799815542e+02 1.634435180158354524e+04
7.550295727251035149e-01 1.680734796584040680e+01 -7.726418551035898190e+02 1.663837214719011172e+04
7.633538724822844790e-01 1.642311677790409163e+01 -7.642636449599586967e+02 1.686939232980440647e+04
7.714561074532968465e-01 1.604310230353803490e+01 -7.557775388713209850e+02 1.706995592721582216e+04
7.793998583034639216e-01 1.566735468364158201e+01 -7.471987651302785025e+02 1.724006293942436969e+04
7.871260000726914008e-01 1.529591644496780312e+01 -7.385425520294324997e+02 1.737971336643004906e+04
7.946977097557600400e-01 1.492882250012343270e+01 -7.298241278613839995e+02 1.748890720823284937e+04
8.020565573190786557e-01 1.456610014756893001e+01 -7.210587209187351618e+02 1.756764446483278152e+04
8.092649379651118968e-01 1.420776907161844527e+01 -7.122615594940873507e+02 1.761592513622984188e+04
8.162654129524867797e-01 1.385384134243982146e+01 -7.034478718800411343e+02 1.763374922242403045e+04
8.231192686671144898e-01 1.350432141605461211e+01 -6.946328863691989000e+02 1.762111672341534359e+04
8.297703335865403984e-01 1.315920613433806707e+01 -6.858318312541616706e+02 1.757802763920378857e+04
8.362784889144072586e-01 1.281848472501912539e+01 -6.770599348275308103e+02 1.750448196978936176e+04
8.425890653958492127e-01 1.248213880168044199e+01 -6.683324253819080241e+02 1.740047971517205588e+04
8.487602886743090824e-01 1.215014236375835566e+01 -6.596645312098944487e+02 1.726602087535188184e+04
8.547391808233969490e-01 1.182246179654291929e+01 -6.510714806040917892e+02 1.710110545032883965e+04
8.605821126459614057e-01 1.149905587117786787e+01 -6.425685018571014098e+02 1.690573344010291839e+04
8.662379559464525869e-01 1.117987574466065226e+01 -6.341708232615245606e+02 1.667990484467413262e+04
8.717610580652535024e-01 1.086486495984240896e+01 -6.258936731099628332e+02 1.642361966404246778e+04
8.771022733912503533e-01 1.055395944542791931e+01 -6.177522796950158863e+02 1.613687789820786384e+04
8.823137827292563129e-01 1.024708751597585632e+01 -6.097618713092888356e+02 1.581967954717045177e+04
8.873485252476687180e-01 9.944169871898395741e+00 -6.019376762453811125e+02 1.547202461093016609e+04
8.922564028011484849e-01 9.645119904149767720e+00 -5.942924852895291679e+02 1.510853812767759700e+04
8.969925364229247577e-01 9.349847045797460510e+00 -5.868293392025087769e+02 1.474384513560332925e+04
9.016044417126792831e-01 9.058260123593450786e+00 -5.795488412387308017e+02 1.437794563470736830e+04
9.060494982147772047e-01 8.770267662662517338e+00 -5.724515946526066728e+02 1.401083962498971414e+04
9.103727790666308328e-01 8.485777886502228640e+00 -5.655382026985463426e+02 1.364252710645035950e+04
9.145339376530030595e-01 8.204698716982953499e+00 -5.588092686309613555e+02 1.327300807908931529e+04
9.185755791002673254e-01 7.926937774347847743e+00 -5.522653957042622324e+02 1.290228254290656696e+04
9.224596664018606118e-01 7.652402377212870199e+00 -5.459071871728598353e+02 1.253035049790213088e+04
9.262262804658270010e-01 7.380999542566764937e+00 -5.397352462911651401e+02 1.215721194407599432e+04
9.298397398820604787e-01 7.112635985771077252e+00 -5.337501763135887813e+02 1.178286688142816456e+04
9.333375706817538253e-01 6.847218120560147447e+00 -5.279525804945418486e+02 1.140731530995863613e+04
9.366864470512580310e-01 6.584652059041102845e+00 -5.223430620884348627e+02 1.103055722966741268e+04
9.399213503644218148e-01 6.324843611693876433e+00 -5.169222243496792544e+02 1.065259264055449603e+04
9.430112950747917555e-01 6.067698287371187327e+00 -5.116906705326852034e+02 1.027342154261988071e+04
9.459887230086267973e-01 5.813121293298553205e+00 -5.066490038918640835e+02 9.893043935863574006e+03
9.488249939964226165e-01 5.561017535074281426e+00 -5.017978276816263588e+02 9.511459820285566821e+03
9.515499949875870778e-01 5.311291616669482352e+00 -4.971377451563831187e+02 9.128669195885864610e+03
9.541374362993193525e-01 5.063847840428053360e+00 -4.926693595705451116e+02 8.744672062664469195e+03
9.566146704431903736e-01 4.818590207066688613e+00 -4.883932741785232565e+02 8.359468420621376936e+03
9.589577224548264667e-01 4.575422415674825771e+00 -4.843100922347274491e+02 7.973058269756501431e+03
9.611914308469771129e-01 4.334247863714854709e+00 -4.804204169935703135e+02 7.585441610070017305e+03
9.632941302639425052e-01 4.094969647021800441e+00 -4.767248517094618592e+02 7.196618441561838154e+03
9.652881656586647097e-01 3.857490559803535390e+00 -4.732239996368128345e+02 6.806588764231962159e+03
9.671541506255956211e-01 3.621713094640726993e+00 -4.699184640300342153e+02 6.415352578080390231e+03
9.689119467773777972e-01 3.387539442486838137e+00 -4.668088481435368067e+02 6.022909883107123278e+03
9.705444415488606591e-01 3.154871492668125832e+00 -4.638957552317314139e+02 5.629260679312159482e+03
9.720690489806631529e-01 2.923610832883641208e+00 -4.611797885490288422e+02 5.234404966695499752e+03
9.734708894700030424e-01 2.693658749205229075e+00 -4.586615513498400674e+02 4.838342745257146817e+03
9.747649448147367446e-01 2.464916226077531025e+00 -4.563416468885758945e+02 4.441074014997097038e+03
9.759385683744498108e-01 2.237283946317981886e+00 -4.542206784196471858e+02 4.042598775915350416e+03
9.770043148139899714e-01 2.010662291116809275e+00 -4.522992491974645191e+02 3.642917028011908315e+03
9.779517602358036577e-01 1.784951340037040035e+00 -4.505779624764392111e+02 3.242028771286771189e+03
9.787910577204983475e-01 1.560050871014492246e+00 -4.490574215109817260e+02 2.839934005739937220e+03
9.795139754548586319e-01 1.335860360357777665e+00 -4.477382295555032101e+02 2.436632731371408681e+03
9.801282751547591987e-01 1.112278982748306611e+00 -4.466209898644142413e+02 2.032124948181184436e+03
9.806279222010770846e-01 8.892056112402793033e-01 -4.457063056921259090e+02 1.626410656169263802e+03
9.810182971644613170e-01 6.665388172606943051e-01 -4.449947802930487910e+02 1.219489855335647917e+03
9.812955421808660095e-01 4.441768706093425223e-01 -4.444870169215939768e+02 8.113625456803360976e+02
9.814626720049763886e-01 2.220177394588106479e-01 -4.441836188321721011e+02 4.020287272033288559e+02
9.815179953083160713e-01 -4.090964552130842152e-05 -4.440851892791941964e+02 -8.511600095374781461e+00
9.814621661393597707e-01 -2.221016860406855309e-01 -4.441921255587378141e+02 -4.190226862155633398e+02
9.812956750344623558e-01 -4.442671917534211090e-01 -4.445040011335467511e+02 -8.282687811570244776e+02
9.810167897871189258e-01 -6.666397383075119976e-01 -4.450201835080317210e+02 -1.236249884919849137e+03
9.806281776887623147e-01 -8.893213209788005669e-01 -4.457400401866033803e+02 -1.642965997503856897e+03
9.801257509364300624e-01 -1.112413618795482950e+00 -4.466629386736723291e+02 -2.048417118909139390e+03
9.795143484668790146e-01 -1.336017994537908926e+00 -4.477882464736492238e+02 -2.452603249135693659e+03
9.787875064416748927e-01 -1.560235494738635209e+00 -4.491153310909446077e+02 -2.855524388183521296e+03
9.779522456624055726e-01 -1.785166849682425783e+00 -4.506435600299693078e+02 -3.257180536052623211e+03
9.769997160356576060e-01 -2.010912473406245127e+00 -4.523723007951337536e+02 -3.657571692742998039e+03
9.759391406668644908e-01 -2.237572463699267988e+00 -4.543009208908487722e+02 -4.056697858254647144e+03
9.747592729881267015e-01 -2.465246602102871165e+00 -4.564287878215249066e+02 -4.454559032587569163e+03
9.734715332989696268e-01 -2.694034353910637059e+00 -4.587552690915726998e+02 -4.851155215741763641e+03
9.720622683374995354e-01 -2.924034868168356560e+00 -4.612797322054028655e+02 -5.246486407717233305e+03
9.705451313656103807e-01 -3.155346977674021947e+00 -4.640015446674262876e+02 -5.640552608513976338e+03
9.689040266591384398e-01 -3.388069198977832208e+00 -4.669200739820531680e+02 -6.033353818131990920e+03
9.671548506618528052e-01 -3.622299732382192605e+00 -4.700346876536944478e+02 -6.424890036571280689e+03
9.652790600775663643e-01 -3.858136461941712003e+00 -4.733447531867606699e+02 -6.815161263831842007e+03
9.632948098611849863e-01 -4.095676955463208202e+00 -4.768496380856624342e+02 -7.204167499913679421e+03
9.611810938152364203e-01 -4.335018464505696834e+00 -4.805487098548103404e+02 -7.591908744816787475e+03
9.589583305155170434e-01 -4.576257924380408681e+00 -4.844413359986152727e+02 -7.978384998541171626e+03
9.566030355340089386e-01 -4.819491954150769253e+00 -4.885268840214875468e+02 -8.363596261086828235e+03
9.541379319454285080e-01 -5.064816856632421427e+00 -4.928047214278379897e+02 -8.747542532453757303e+03
9.515370111034284761e-01 -5.312328618393201474e+00 -4.972742157220772583e+02 -9.130223812641961558e+03
9.488253108011521775e-01 -5.562122909753160371e+00 -5.019347344086158387e+02 -9.511640101651437362e+03
9.459743135031848382e-01 -5.814295084784602885e+00 -5.067856449918655812e+02 -9.891791399482272027e+03
9.430113768308509004e-01 -6.068940181311877957e+00 -5.118263149762349258e+02 -1.027067770613429457e+04
9.399054385913913068e-01 -6.326152920911702893e+00 -5.170561118661355522e+02 -1.064829902160758866e+04
9.366862120025877259e-01 -6.586027708912947531e+00 -5.224744031659782877e+02 -1.102465534590216157e+04
9.333200799948293547e-01 -6.848658634396682210e+00 -5.280805563801734479e+02 -1.139974667901800422e+04
9.298391011628476255e-01 -7.114139470196191972e+00 -5.338739390131320306e+02 -1.177357302095512205e+04
9.262071137796880071e-01 -7.382563672896950813e+00 -5.398539185692642377e+02 -1.214613437171350961e+04
9.224585269267848719e-01 -7.654024382836658091e+00 -5.460198625529809533e+02 -1.251743073129317600e+04
9.185546342198397385e-01 -7.928614424105205671e+00 -5.523711384686929478e+02 -1.288746209969411211e+04
9.145321901172366319e-01 -8.206426304544692130e+00 -5.589071138208105367e+02 -1.325622847691632160e+04
9.103499486870869628e-01 -8.487552215749422757e+00 -5.656271561137446042e+02 -1.362372986295980809e+04
9.060470148744776964e-01 -8.772084033065912223e+00 -5.725306328519056933e+02 -1.398996625782456431e+04
9.015796185291912179e-01 -9.060113315592873917e+00 -5.796169115397045744e+02 -1.435493766151059572e+04
8.969891793147419801e-01 -9.351731306181225278e+00 -5.868853596815515630e+02 -1.471864407401790049e+04
8.922294539601202112e-01 -9.647028931434102006e+00 -5.943353447818576569e+02 -1.508108549534647682e+04
8.873441410789917327e-01 -9.946096801706829638e+00 -6.019662343450332855e+02 -1.544226192549632833e+04
8.822845804868449937e-01 -1.024902521110694842e+01 -6.097773958754891055e+02 -1.580217336446745139e+04
8.770966833206996771e-01 -1.055590379512111809e+01 -6.177654578929730178e+02 -1.614438590428298994e+04
8.717294644581091712e-01 -1.086681776451120918e+01 -6.259160929785816734e+02 -1.645246563696608064e+04
8.662309658033873205e-01 -1.118184413921038711e+01 -6.342122347287485127e+02 -1.672641256251671803e+04
8.605479692717195039e-01 -1.150105140595005082e+01 -6.426368167399076583e+02 -1.696622668093490938e+04
8.547305759981613793e-01 -1.182449951825979895e+01 -6.511727726084928918e+02 -1.717190799222065107e+04
8.487234422403584500e-01 -1.215223989646752401e+01 -6.598030359309398136e+02 -1.734345649637397582e+04
8.425786108397733676e-01 -1.248431542769911928e+01 -6.685105403036781127e+02 -1.748087219339481453e+04
8.362387759086293837e-01 -1.282076046587891582e+01 -6.772782193231439578e+02 -1.758415508328319993e+04
8.297577635924314743e-01 -1.316160083172938400e+01 -6.860890065857705622e+02 -1.765330516603913566e+04
8.230765051383760467e-01 -1.350685381277120989e+01 -6.949258356879922758e+02 -1.768832244166262535e+04
8.162504362643839828e-01 -1.385652816332330417e+01 -7.037716402262426527e+02 -1.768920691015366538e+04
8.092189450720332911e-01 -1.421062410450278612e+01 -7.126093537969553608e+02 -1.765595857151225573e+04
8.020388571322523141e-01 -1.456913332422499607e+01 -7.214219099965641817e+02 -1.758857742573840005e+04
7.946482984374542147e-01 -1.493203897720348827e+01 -7.301922424215028968e+02 -1.748706347283209107e+04
7.871052340336432973e-01 -1.529931568495004512e+01 -7.389032846682055151e+02 -1.735141671279333605e+04
7.793468241697829590e-01 -1.567092953577464698e+01 -7.475379703331055907e+02 -1.718163714562213136e+04
7.714318974402530893e-01 -1.604683808478550944e+01 -7.560792330126370189e+02 -1.697772477131848063e+04
7.632970111430800175e-01 -1.642699035388904960e+01 -7.645100063032336948e+02 -1.673967958988237660e+04
7.550015201772753981e-01 -1.681132683178990561e+01 -7.728132238013287179e+02 -1.646750160131382290e+04
7.464817723409635786e-01 -1.719977947399094376e+01 -7.809718191033567791e+02 -1.616119080561282135e+04
7.377972962647818544e-01 -1.759227170279324071e+01 -7.889687258057512054e+02 -1.582074720277937377e+04
7.288846747955252114e-01 -1.798871768616704614e+01 -7.967811084726793069e+02 -1.541155659921465303e+04
7.198031912956531775e-01 -1.838901440533243914e+01 -8.043630555392425094e+02 -1.489900480131983568e+04
7.104901695262475503e-01 -1.879303372233994196e+01 -8.116628864082757673e+02 -1.428309180909492716e+04
7.010042030330180252e-01 -1.920062165894150752e+01 -8.186289204826141486e+02 -1.356381762253992383e+04
6.912838879057183750e-01 -1.961159839659048743e+01 -8.252094771650923803e+02 -1.274118224165482206e+04
6.813866322271993070e-01 -2.002575827644167106e+01 -8.313528758585457581e+02 -1.181518566643963095e+04
6.712529073668234147e-01 -2.044286979935125004e+01 -8.370074359658092362e+02 -1.078582789689434321e+04
6.609383943106900139e-01 -2.086267562587692126e+01 -8.421214768897184513e+02 -9.653108933018695097e+03
6.503860835367369919e-01 -2.128489257627754583e+01 -8.466433180331063113e+02 -8.417028774813197742e+03
6.396493464223899084e-01 -2.170921163051365355e+01 -8.505212787988087939e+02 -7.077587422277601945e+03
6.286743721514049810e-01 -2.213529792824711606e+01 -8.537036785896614219e+02 -5.634784875411915891e+03
6.175116246513506768e-01 -2.256279076884121793e+01 -8.561388368084985814e+02 -4.088621134216131395e+03
6.061111969578121261e-01 -2.299130361136066014e+01 -8.577750728581554540e+02 -2.439096198690254369e+03
5.945200119390418037e-01 -2.342042407457155662e+01 -8.585607061414668806e+02 -6.862100688342816284e+02
5.826927920674793704e-01 -2.384971393694144126e+01 -8.584440560612679292e+02 1.170037255351782733e+03
5.706722855426025198e-01 -2.427870913663927865e+01 -8.573734420203934405e+02 3.129645773867945991e+03
5.584185902977457649e-01 -2.470691977153544272e+01 -8.552971834216787101e+02 5.192615486714199506e+03
5.459696207053842398e-01 -2.513383009920170608e+01 -8.521635996679583513e+02 7.358946393890550098e+03
5.332915808545275471e-01 -2.555889853691127911e+01 -8.479210101620673186e+02 9.628638495396993676e+03
5.204169227909420936e-01 -2.598155766163878511e+01 -8.425177343068406799e+02 1.200169179123353388e+04
5.073186792784858401e-01 -2.640121523670612191e+01 -8.359103046719260419e+02 1.442882728052337552e+04
4.940232176682161080e-01 -2.681726550488681937e+01 -8.280881064942227567e+02 1.686076596238974525e+04
4.805110672436484487e-01 -2.722910048151040741e+01 -8.190487381774421465e+02 1.929750783683262853e+04
4.668019557418785492e-01 -2.763611098110827413e+01 -8.087897981252962154e+02 2.173905290385202898e+04
4.528845231584743281e-01 -2.803768661741366941e+01 -7.973088847414965130e+02 2.418540116344795752e+04
4.387713405094952890e-01 -2.843321580336169419e+01 -7.846035964297547025e+02 2.663655261562039595e+04
4.244597001364544542e-01 -2.882208575108930404e+01 -7.706715315937827881e+02 2.909250726036936248e+04
4.099545820053104861e-01 -2.920368247193530209e+01 -7.555102886372925468e+02 3.155326509769483891e+04
3.952623681984381299e-01 -2.957739077644037806e+01 -7.391174659639955280e+02 3.401882612759684707e+04
3.803801098769756250e-01 -2.994259427434711540e+01 -7.214906619775993022e+02 3.648919035007591447e+04
3.653235941359628813e-01 -3.029867537459974969e+01 -7.026274750818237180e+02 3.896435776513096062e+04
3.500817200354807146e-01 -3.064501528534459140e+01 -6.825255036803768007e+02 4.144432837276251666e+04
3.346798534148604509e-01 -3.098099401392971686e+01 -6.611823461769695314e+02 4.392910217297058989e+04
3.190986492575586531e-01 -3.130599036690510673e+01 -6.385956009753147100e+02 4.641867916575519484e+04
3.033730664545083444e-01 -3.161938195002254304e+01 -6.147628664791235451e+02 4.891305935111630970e+04
2.874755659881283454e-01 -3.192054516823569443e+01 -5.896817410921078135e+02 5.141224272905394901e+04
2.714505424205391204e-01 -3.220885522570006998e+01 -5.633498232179791785e+02 5.391622929956810549e+04
2.552624696781466973e-01 -3.248368612577304759e+01 -5.357647112604496442e+02 5.642501906265878642e+04
2.389648351297856410e-01 -3.274441067101385272e+01 -5.069240036232304760e+02 5.893861201832598454e+04
2.225144950810419575e-01 -3.299040046318355479e+01 -4.768252987100337918e+02 6.145700816656969255e+04
2.059734982930790936e-01 -3.322102590324512050e+01 -4.454661949245714823e+02 6.398020750738993229e+04
1.892916169089496614e-01 -3.343565849277065638e+01 -4.128627019291912461e+02 6.639774248896892823e+04
1.725387416288246545e-01 -3.363369614942209296e+01 -3.791044744207864028e+02 6.859914555948883935e+04
1.556582548487513429e-01 -3.381458852243181923e+01 -3.442995783548864210e+02 7.058441671894975298e+04
1.387269904022321032e-01 -3.397783929400995362e+01 -3.085560796870209401e+02 7.235355596735162544e+04
1.216827845586452017e-01 -3.412300617934439373e+01 -2.719820443727192014e+02 7.390656330469444219e+04
1.046083499231281050e-01 -3.424970092660081633e+01 -2.346855383675110716e+02 7.524343873097823234e+04
8.743695720012559236e-02 -3.435758931692265605e+01 -1.967746276269258203e+02 7.636418224620298133e+04
7.025599033161020190e-02 -3.444639116443107696e+01 -1.583573781064930017e+02 7.726879385036868916e+04
5.299524590048421135e-02 -3.451588031622507913e+01 -1.195418557617421271e+02 7.795727354347538494e+04
3.574545340885951217e-02 -3.456588465238135655e+01 -8.043612654820276475e+01 7.842962132552302501e+04
1.843412078095493442e-02 -3.459628608595439658e+01 -4.114825642139552286e+01 7.868583719651165302e+04
1.153908949574697232e-03 -3.460702056297645157e+01 -1.786311336867573374e+00 7.872592115644115256e+04
-1.616871995902345593e-02 -3.459807806245756012e+01 3.754164274986045768e+01 7.854987320531164005e+04
-3.344063461832891271e-02 -3.456950259638549028e+01 7.672753988325897012e+01 7.815769334312307183e+04
-5.073514941167649867e-02 -3.452139220972578215e+01 1.156633141077984135e+02 7.754938156987547700e+04
-6.796013660395110179e-02 -3.445389898042177634e+01 1.542408994679493901e+02 7.672493788556885556e+04
-8.518742338978209372e-02 -3.436722901939450736e+01 1.923522300081823175e+02 7.568436229020316387e+04
-1.023273333872957436e-01 -3.426164247054285283e+01 2.298892397729676986e+02 7.442765478377846011e+04
-1.194489806141003224e-01 -3.413745351074339851e+01 2.667438628067760646e+02 7.295481536629471520e+04
-1.364665263177430587e-01 -3.399503034985052352e+01 3.028080331540778616e+02 7.126584403775192914e+04
-1.534452159213037514e-01 -3.383479355586352710e+01 3.379870835219912237e+02 6.944113277403541724e+04
-1.703043337113920863e-01 -3.365719763176551282e+01 3.722399412682241859e+02 6.756107355103040754e+04
-1.871042023743707261e-01 -3.346271259236223017e+01 4.055389324131327271e+02 6.562566636873697280e+04
-2.037703865951252802e-01 -3.325182228944925100e+01 4.378563829770725420e+02 6.363491122715507663e+04
-2.203573527712996971e-01 -3.302502441181197668e+01 4.691646189803993821e+02 6.158880812628471176e+04
-2.367979515855844208e-01 -3.278283048522562382e+01 4.994359664434692263e+02 5.948735706612592185e+04
-2.531400011350807278e-01 -3.252576587245521011e+01 5.286427513866373147e+02 5.733055804667865596e+04
-2.693244730340387250e-01 -3.225436977325563248e+01 5.567572998302599672e+02 5.511841106794293592e+04
-2.853918978488290126e-01 -3.196919522437154626e+01 5.837519377946929353e+02 5.285091612991877628e+04
-3.012920206408092327e-01 -3.167080909953746826e+01 6.095989913002915728e+02 5.052807323260614794e+04
-3.170576092385246070e-01 -3.135979210947773055e+01 6.342707863674120290e+02 4.814988237600506545e+04
-3.326476425392494440e-01 -3.103673880190648049e+01 6.577396490164099987e+02 4.571634356011553609e+04
-3.480868159826289165e-01 -3.070225756152760965e+01 6.799779052676458377e+02 4.322745678493697778e+04
-3.633436172066030201e-01 -3.035697061003507713e+01 7.009578811414659185e+02 4.068322205047053285e+04
-3.784345159693063287e-01 -3.000151400611239794e+01 7.206519026582304832e+02 3.808363935671561194e+04
-3.933376057346643084e-01 -2.963653764543303737e+01 7.390322958382957950e+02 3.542870870367225143e+04
-4.080611305793011567e-01 -2.926270526066024757e+01 7.560713867020174348e+02 3.271843009134041858e+04
-4.225927141687731980e-01 -2.888069442144709598e+01 7.717415012697510974e+02 2.995280351972014614e+04
-4.369325164383715543e-01 -2.849119653443651856e+01 7.860149655618528186e+02 2.713182898881141591e+04
-4.510774643822190733e-01 -2.809491684326120975e+01 7.988641055986782931e+02 2.425550649861423153e+04
-4.650198984795156365e-01 -2.769257271061989201e+01 8.102749907913984089e+02 2.140629639402093744e+04
-4.787656872823887189e-01 -2.728487472111485346e+01 8.202886641144461919e+02 1.866665901992387444e+04
-4.922997258479175353e-01 -2.687250778408960983e+01 8.289599119330696340e+02 1.603659437632304616e+04
-5.056363475462137824e-01 -2.645612941570507104e+01 8.363435206125169543e+02 1.351610246321845443e+04
-5.187534629120204022e-01 -2.603636973893949857e+01 8.424942765180358037e+02 1.110518328061009925e+04
-5.316733065275994763e-01 -2.561383148358857298e+01 8.474669660148751973e+02 8.803836828497980605e+03
-5.443673399075459329e-01 -2.518908998626529439e+01 8.513163754682822173e+02 6.612063106882090324e+03
-5.568650463307245335e-01 -2.476269319040008199e+01 8.540972912435057651e+02 4.529862115762438407e+03
-5.691320320449619885e-01 -2.433516164624070655e+01 8.558644997057937189e+02 2.557233855139024399e+03
-5.812043412528776765e-01 -2.390698851085232945e+01 8.566727872203939569e+02 6.941783250118417072e+02
-5.930423375949991360e-01 -2.347863954811748144e+01 8.565769401525548119e+02 -1.059304474619105804e+03
-6.046879159419354943e-01 -2.305055312873606610e+01 8.556317448675242758e+02 -2.703214543753816542e+03
-6.160968309363743511e-01 -2.262314023022537768e+01 8.538919877305507953e+02 -4.237551882392294829e+03
-6.273160872026274371e-01 -2.219678443692005843e+01 8.514124551068819073e+02 -5.662316490534536570e+03
-6.382974844340167930e-01 -2.177184193997216255e+01 8.482479333617660586e+02 -6.977508368180542675e+03
-6.490923960942698301e-01 -2.134864153735099279e+01 8.444532088604504452e+02 -8.183127515330569622e+03
-6.596493005368017082e-01 -2.092748463384353386e+01 8.400830679681849915e+02 -9.279173931984083538e+03
-6.700232144797299005e-01 -2.050864524105385200e+01 8.351922970502168937e+02 -1.026564761814136182e+04
-6.801599336557755393e-01 -2.009236997740348585e+01 8.298356824717941436e+02 -1.114254857380240537e+04
-6.901174231109428181e-01 -1.967887806813135043e+01 8.240680105981649604e+02 -1.190987679896721238e+04
-6.998393580301663919e-01 -1.926836203856649377e+01 8.179385216124939006e+02 -1.260090938613690560e+04
-7.093860079583699241e-01 -1.886099534012848267e+01 8.114742709696117799e+02 -1.324892342781261505e+04
-7.186995100446236240e-01 -1.845693997632772110e+01 8.046967679422651827e+02 -1.385391892399433527e+04
-7.278417842842974661e-01 -1.805634719603825644e+01 7.976275218032012617e+02 -1.441589587468206810e+04
-7.367539458757208504e-01 -1.765935749349776884e+01 7.902880418251671699e+02 -1.493485427987581352e+04
-7.454990134113099742e-01 -1.726610060830754634e+01 7.826998372809094917e+02 -1.541079413957556790e+04
-7.540175655652553433e-01 -1.687669552543252038e+01 7.748844174431756073e+02 -1.584371545378133669e+04
-7.623731676736194007e-01 -1.649125047520124099e+01 7.668632915847123286e+02 -1.623361822249311444e+04
-7.705063064350261559e-01 -1.610986293330589447e+01 7.586579689782666946e+02 -1.658050244571091025e+04
-7.784806238318432436e-01 -1.573261962080226795e+01 7.502899588965855173e+02 -1.688436812343471320e+04
-7.862368978186559110e-01 -1.535959650410980082e+01 7.417807706124159495e+02 -1.714521525566452692e+04
-7.938384229145801774e-01 -1.499085879501155638e+01 7.331519133985051440e+02 -1.736304384240035506e+04
-8.012266260129211615e-01 -1.462646095065421115e+01 7.244248965275997989e+02 -1.753785388364219398e+04
-8.084640556087546726e-01 -1.426644667354808149e+01 7.156212292724472945e+02 -1.766964537939004731e+04
-8.154930992290818637e-01 -1.391084891156709169e+01 7.067624209057942153e+02 -1.775841832964390778e+04
-8.223752425402079957e-01 -1.355968985794882009e+01 6.978699807003877140e+02 -1.780417273440378267e+04
-8.290540943002695506e-01 -1.321298095129445116e+01 6.889654179289747162e+02 -1.780690859366966833e+04
-8.355897758713332069e-01 -1.287072287556872219e+01 6.800702418643003284e+02 -1.776662590744155750e+04
-8.419273676206017187e-01 -1.253290556010023238e+01 6.712059617791154551e+02 -1.768332467571945745e+04
-8.481253660084642210e-01 -1.219950817958097389e+01 6.623940869461650891e+02 -1.755700489850337181e+04
-8.541305171818305286e-01 -1.187049915406664446e+01 6.536561266381962696e+02 -1.738766657579329694e+04
-8.599994831995104727e-01 -1.154583642110542385e+01 6.450114130970895303e+02 -1.718837189278965525e+04
-8.656808497197472363e-01 -1.122547042915541660e+01 6.364705704412574505e+02 -1.697218303469287275e+04
-8.712292655583914192e-01 -1.090934713100209841e+01 6.280420457582472409e+02 -1.673910000150294218e+04
-8.765952836288616323e-01 -1.059740825588717428e+01 6.197342861356052026e+02 -1.648912279321987080e+04
-8.818314015407000550e-01 -1.028959130950857492e+01 6.115557386608779780e+02 -1.622225140984365134e+04
-8.868902518770821475e-01 -9.985829574020453236e+00 6.035148504216122092e+02 -1.593848585137429291e+04
-8.918220635169058497e-01 -9.686052108033196717e+00 5.956200685053543111e+02 -1.563782611781179003e+04
-8.965816304691629490e-01 -9.390183746613406157e+00 5.878798399996509261e+02 -1.532027220915614271e+04
-9.012168260162946032e-01 -9.098145101283927616e+00 5.803026119920488100e+02 -1.498582412540735095e+04
-9.056846720199069889e-01 -8.809852560023813339e+00 5.728968315700941503e+02 -1.463448186656541475e+04
-9.100306146294323550e-01 -8.525218287268360839e+00 5.656709458213338166e+02 -1.426624543263033775e+04
-9.142139597663818673e-01 -8.244150223909086250e+00 5.586334018333142239e+02 -1.388111482360211448e+04
-9.182776600203811368e-01 -7.966552087293727880e+00 5.517926466935821281e+02 -1.347909003948075042e+04
-9.221833462508759460e-01 -7.692323371226257755e+00 5.451571274896838304e+02 -1.306017108026624010e+04
-9.259714621584237415e-01 -7.421359345966872745e+00 5.387352913091660866e+02 -1.262435794595858533e+04
-9.296059686501587649e-01 -7.153551058231998105e+00 5.325355852395756528e+02 -1.217165063655778977e+04
-9.331247647692946234e-01 -6.888785331194276829e+00 5.265664563684584891e+02 -1.170204915206384430e+04
-9.364941670194227852e-01 -6.626944764482592731e+00 5.208363517833618062e+02 -1.121555349247676168e+04
-9.397495246766588428e-01 -6.367907734181989632e+00 5.153537185718307683e+02 -1.071216365779642001e+04
-9.428595098410510467e-01 -6.111548392833908494e+00 5.101270038214140641e+02 -1.019187964802304305e+04
-9.458569220216174189e-01 -5.857736996491008874e+00 5.051620381784168217e+02 -9.670400110600705375e+03
-9.487127735856024646e-01 -5.606343502324088846e+00 5.004541865241820346e+02 -9.163423692973598008e+03
-9.514573193846800336e-01 -5.357241166228738471e+00 4.959961972988118077e+02 -8.670950395141710032e+03
-9.540639171630438398e-01 -5.110306869880503200e+00 4.917808189424086436e+02 -8.192980217105048723e+03
-9.565602822247779580e-01 -4.865421120734872318e+00 4.878007998950751016e+02 -7.729513158863613171e+03
-9.589220972520107189e-01 -4.622468052027286056e+00 4.840488885969133435e+02 -7.280549220417401557e+03
-9.611745635500043017e-01 -4.381335422773133814e+00 4.805178334880259854e+02 -6.846088401766417519e+03
-9.632956631900532196e-01 -4.141914617767749718e+00 4.772003830085151321e+02 -6.426130702910655600e+03
-9.653081090273666343e-01 -3.904100647586423278e+00 4.740892855984834569e+02 -6.020676123850120348e+03
-9.671921569736369184e-01 -3.667792148584388734e+00 4.711772896980331780e+02 -5.629724664584809034e+03
-9.689680467632805216e-01 -3.432891382896828603e+00 4.684571437472667412e+02 -5.253276325114724386e+03
-9.706183132581414075e-01 -3.199304238438875458e+00 4.659215961862864219e+02 -4.891331105439862768e+03
-9.721607281815981549e-01 -2.966940228905611932e+00 4.635633954551948932e+02 -4.543889005560227815e+03
-9.735800695773700886e-01 -2.735712493772066267e+00 4.613752899940940893e+02 -4.210950025475815892e+03
-9.748916718163190831e-01 -2.505537798293219875e+00 4.593500282430869674e+02 -3.892514165186630635e+03
-9.760825612337937773e-01 -2.276336533503997561e+00 4.574803586422754620e+02 -3.588581424692670225e+03
-9.771656348481401189e-01 -2.048032716219277738e+00 4.557590296317621323e+02 -3.299151803993934209e+03
-9.781301366278136733e-01 -1.820553989033885545e+00 4.541787896516493674e+02 -3.024225303090423949e+03
-9.789865620069199137e-01 -1.593831620322594844e+00 4.527323871420395562e+02 -2.763801921982138538e+03
-9.797263521480068516e-01 -1.367800504240128667e+00 4.514125705430349740e+02 -2.517881660669077519e+03
-9.803576213399542993e-01 -1.142398849704436392e+00 4.502145764281136735e+02 -2.271535718896581329e+03
-9.808739926101414097e-01 -9.175647592135032227e-01 4.491435939042573864e+02 -2.009835296410153433e+03
-9.812811991022224456e-01 -6.932328076616582901e-01 4.482073002118227123e+02 -1.732780393209742215e+03
-9.815750559279150522e-01 -4.693337313231004115e-01 4.474133725911668762e+02 -1.440371009295347221e+03
-9.817589048661405915e-01 -2.457944278518511549e-01 4.467694882826465346e+02 -1.132607144666967542e+03
-9.818307531129552013e-01 -2.253795628175420465e-02 4.462833245266190261e+02 -8.094887993246043152e+02
-9.817915715215623784e-01 2.005164629735269322e-01 4.459625585634411209e+02 -4.710159732682568006e+02
-9.816415338235879862e-01 4.234534481205059486e-01 4.458148676334698166e+02 -1.171886664979253254e+02
-9.813792501660247858e-01 6.463614559858743558e-01 4.458479289770621108e+02 2.519931209863897550e+02
-9.810070608160689209e-01 8.693327820165053232e-01 4.460694198345750578e+02 6.365293891846889665e+02
-9.805212203242560376e-01 1.092463560279447465e+00 4.464870174463657690e+02 1.036420138096972551e+03
-9.799262354933517827e-01 1.315853763461928061e+00 4.471083990527910146e+02 1.451665367723239569e+03
-9.792159848384205389e-01 1.539607202871353886e+00 4.479412418942078489e+02 1.882265078063491046e+03
-9.783971723563203993e-01 1.763831528435311435e+00 4.489932232109732695e+02 2.328219269117726526e+03
-9.774612749778749388e-01 1.988638228701561816e+00 4.502720202434443308e+02 2.789527940885945554e+03
-9.764172041135418256e-01 2.214142630838049630e+00 4.517853102319779168e+02 3.266191093368148813e+03
-9.752540351099047156e-01 2.440463900632894312e+00 4.535407704169310819e+02 3.758208726564335393e+03
-9.739828816812667878e-01 2.667725042494393684e+00 4.555460780386607667e+02 4.265580840474506658e+03
-9.725904175899715565e-01 2.896052899451026619e+00 4.578089103375241393e+02 4.788307435098662609e+03
-9.710899792931829699e-01 3.125578153151448824e+00 4.603369445538779132e+02 5.326388510436800971e+03
-9.694657980909745509e-01 3.356435036833385510e+00 4.631355616792069441e+02 5.866046573254778195e+03
-9.677334638418934043e-01 3.588758177981434372e+00 4.662009577095063833e+02 6.393504130318443458e+03
-9.658747551642351548e-01 3.822679440984856125e+00 4.695270323918990130e+02 6.908761181627800397e+03
-9.639075204276840170e-01 4.058327640106536016e+00 4.731076854735085249e+02 7.411817727182957242e+03
-9.618110651297433478e-01 4.295828539482755559e+00 4.769368167014562232e+02 7.902673766983691166e+03
-9.596055217000024617e-01 4.535304853123516722e+00 4.810083258228655723e+02 8.381329301030114948e+03
-9.572677071859115872e-01 4.776876244912331870e+00 4.853161125848596384e+02 8.847784329322230406e+03
-9.548200482964722680e-01 5.020659328606273064e+00 4.898540767345611471e+02 9.302038851860033901e+03
-9.522368531900670119e-01 5.266767667835976496e+00 4.946161180190929372e+02 9.744092868643527254e+03
-9.495428632941247393e-01 5.515311776105638941e+00 4.995961361855779046e+02 1.017394637967271410e+04
-9.467098625486984886e-01 5.766399116793013313e+00 5.047880309811388315e+02 1.059159938494758899e+04
-9.437649173191520191e-01 6.020134103149420213e+00 5.101857021528985570e+02 1.099705188446815191e+04
-9.406772822174557236e-01 6.276618098299742599e+00 5.157830494479801473e+02 1.139030387823440833e+04
-9.374763689859227922e-01 6.535949415242417793e+00 5.215739726135060437e+02 1.177135536624635279e+04
-9.341288722499184738e-01 6.798223316849450804e+00 5.275523713965994830e+02 1.214020634850398892e+04
-9.306665542384592316e-01 7.063532015866408997e+00 5.337121455443830200e+02 1.249685682500731491e+04
-9.270535598098127439e-01 7.331964674912411439e+00 5.400471948039796644e+02 1.284130679575632894e+04
-9.233240170089597187e-01 7.603607406480151099e+00 5.465514189225123118e+02 1.317355626075103464e+04
-9.194395004880555611e-01 7.878543272935872643e+00 5.532187176471035173e+02 1.349360521999143020e+04
-9.154365041080452237e-01 8.156852286519390205e+00 5.600429907248765176e+02 1.380145367347751926e+04
-9.112740578637401612e-01 8.438611409344074943e+00 5.670181379029537538e+02 1.409710162120929454e+04
-9.069910009930346462e-01 8.723894553396851492e+00 5.741380589284584630e+02 1.438054906318675785e+04
-9.025438392724111081e-01 9.012772580538227274e+00 5.813966535485131999e+02 1.465179599940991648e+04
-8.979737368776989914e-01 9.305313302502247197e+00 5.887878215102408603e+02 1.491084242987876132e+04
-8.932347162450808842e-01 9.601581480896534515e+00 5.963054625607646813e+02 1.515768835459329966e+04
-8.883702205005372665e-01 9.901638827202331683e+00 6.039434764472086954e+02 1.539233377355357698e+04
-8.833318500569961040e-01 1.020554400277424811e+01 6.116957629166923880e+02 1.561477868675948957e+04
-8.781652810028059974e-01 1.051335261884065098e+01 6.195562217163407013e+02 1.582502309421109567e+04
-8.728197632641911952e-01 1.082511723650340230e+01 6.275187525932760764e+02 1.602306699590838798e+04
-8.673431190260559864e-01 1.114088736673792823e+01 6.355772552946216365e+02 1.620891039185137561e+04
-8.616823550327489256e-01 1.146070947039321375e+01 6.437256295675000501e+02 1.638255328204004945e+04
-8.558873629194239108e-01 1.178462695819179906e+01 6.519577751590342132e+02 1.654399566647441679e+04
-8.499030033338741408e-01 1.211268019072980273e+01 6.602675918163467941e+02 1.669323754515446853e+04
-8.437811300566755435e-01 1.244490647847688791e+01 6.686489792865609161e+02 1.683027891808021377e+04
-8.374646313706921585e-01 1.278134008177629610e+01 6.770958373167995887e+02 1.695511978525165250e+04
-8.310071494702956363e-01 1.312201221084480451e+01 6.856020656541849121e+02 1.706776014666877381e+04
-8.243497944440616454e-01 1.346695102577278291e+01 6.941615640458406915e+02 1.716820000233159226e+04
-8.175478384977928892e-01 1.381618163652413500e+01 7.027682322388890270e+02 1.725643935224009692e+04
-8.105408128061710737e-01 1.416972610293634816e+01 7.114159699804531556e+02 1.733247819639429508e+04
-8.033854254157892782e-01 1.452760343472045079e+01 7.200986770176557457e+02 1.739631653479417946e+04
-7.960198994043811149e-01 1.488982959146104790e+01 7.288102530976195794e+02 1.744795436743975370e+04
-7.885021129521377903e-01 1.525641677604792967e+01 7.375389454204579351e+02 1.745347641227082931e+04
-7.807692927348208745e-01 1.562736566242391589e+01 7.462503909982428922e+02 1.737896738722720693e+04
-7.728802213590271197e-01 1.600265762333275532e+01 7.549045742960371399e+02 1.722442729230888290e+04
-7.647714561227826335e-01 1.638225402375071482e+01 7.634614797789039358e+02 1.698985612751586814e+04
-7.565023723641137732e-01 1.676609622088660245e+01 7.718810919119055143e+02 1.667525389284815901e+04
-7.480092667836081288e-01 1.715410556418173726e+01 7.801233951601044510e+02 1.628062058830574460e+04
-7.393517242191938177e-01 1.754618339531008075e+01 7.881483739885654813e+02 1.580595621388853033e+04
-7.304662304323451538e-01 1.794221104817786028e+01 7.959160128623474293e+02 1.525126076959671082e+04
-7.214121760903495773e-01 1.834204984892406998e+01 8.033862962465144619e+02 1.461653425543018966e+04
-7.121267265519241052e-01 1.874554111592019012e+01 8.105192086061300643e+02 1.390177667138898323e+04
-7.026686337651431025e-01 1.915250615977019777e+01 8.172747344062563570e+02 1.310698801747307698e+04
-6.929762792101049618e-01 1.956274628331062004e+01 8.236128581119559158e+02 1.223216829368247272e+04
-6.831072906890697238e-01 1.997604278161050217e+01 8.294935641882916570e+02 1.127731750001717046e+04
-6.730018585349460958e-01 2.039215694197143947e+01 8.348768371003261564e+02 1.024243563647717383e+04
-6.627159345507795951e-01 2.081083004392753111e+01 8.397226613131219892e+02 9.127522703062484652e+03
-6.521921668610102252e-01 2.123178335924542992e+01 8.439910212917416175e+02 7.932578699773090193e+03
-6.414842640868080315e-01 2.165471815192432459e+01 8.476419015012482987e+02 6.657603626609005914e+03
-6.305380015218788881e-01 2.207931567819591478e+01 8.506352864067042674e+02 5.302597483570226359e+03
-6.194042416545804119e-01 2.250523718652443961e+01 8.529311604731722127e+02 3.867560270656744251e+03
-6.080325869841420872e-01 2.293212391760666691e+01 8.544895081657147102e+02 2.352491987868572323e+03
-5.964704304761572207e-01 2.335959710437191461e+01 8.552703139493946765e+02 7.573926352057000031e+02
-5.846719376399117651e-01 2.378725797198200453e+01 8.552335622892745732e+02 -9.177377873318656611e+02
-5.726803931990220864e-01 2.421468773783130857e+01 8.543392376504172034e+02 -2.672899279744130126e+03
-5.604552461481029368e-01 2.464144761154671315e+01 8.525473244978849152e+02 -4.508091842031087253e+03
-5.480350240300730924e-01 2.506707879498766545e+01 8.498178072967408525e+02 -6.423315474192745569e+03
-5.353852257879316845e-01 2.549110248224610586e+01 8.461106705120472498e+02 -8.418570176229097342e+03
-5.225389626256723430e-01 2.591301985964653198e+01 8.413858986088667962e+02 -1.049385594814014621e+04
-5.094684911355661372e-01 2.633231210574597725e+01 8.356034760522624083e+02 -1.264917278992589308e+04
-4.962009093634494050e-01 2.674844039133407492e+01 8.287233873072949564e+02 -1.488452070158683637e+04
-4.827159070603045943e-01 2.716084587943271700e+01 8.207056168390299717e+02 -1.719989968312199198e+04
-4.690339886457900453e-01 2.756894972529663335e+01 8.115101491125288931e+02 -1.959530973453184561e+04
-4.551429060402802373e-01 2.797215307641296889e+01 8.010969685928547506e+02 -2.207075085581638996e+04
-4.410560483314025504e-01 2.836983707250138309e+01 7.894260597450693240e+02 -2.462622304697563595e+04
-4.267697804403727813e-01 2.876136284551411038e+01 7.764574070342358709e+02 -2.726172630800957268e+04
-4.122899285083629350e-01 2.914607151963587484e+01 7.621509949254170806e+02 -2.997726063891821468e+04
-3.976219226706328436e-01 2.952328421128394709e+01 7.464668078836750738e+02 -3.277282603970154742e+04
-3.827636761037703228e-01 2.989230202910815493e+01 7.293648303740732217e+02 -3.564842251035957452e+04
-3.677300137361932397e-01 3.025240607399081583e+01 7.108050468616738726e+02 -3.860405005089230690e+04
-3.525106966434319311e-01 3.060285743904680089e+01 6.907474418115394883e+02 -4.163970866129972273e+04
-3.371301376957521745e-01 3.094289720962349222e+01 6.691519996887328716e+02 -4.475539834158183658e+04
-3.215698354969470096e-01 3.127174891455135963e+01 6.459983149624079033e+02 -4.783345906719119375e+04
-3.058638240725290447e-01 3.158864548989950194e+01 6.213444221180836848e+02 -5.075623081358034688e+04
-2.899853732789283156e-01 3.189285624273131248e+01 5.952679656453699408e+02 -5.352371358074926684e+04
-2.739780003335545167e-01 3.218368930235501324e+01 5.678465900338769643e+02 -5.613590736869799002e+04
-2.578069343844110461e-01 3.246049162032360158e+01 5.391579397732147072e+02 -5.859281217742648005e+04
-2.415248523933951064e-01 3.272264897043490350e+01 5.092796593529935194e+02 -6.089442800693477329e+04
-2.250892958840642888e-01 3.296958594873155590e+01 4.782893932628234666e+02 -6.304075485722283338e+04
-2.085615890545069739e-01 3.320076597350095682e+01 4.462647859923145006e+02 -6.503179272829069669e+04
-1.918921008670081696e-01 3.341569128527536492e+01 4.132834820310767441e+02 -6.686754162013834866e+04
-1.751501047634917707e-01 3.361390294683180002e+01 3.794231258687202626e+02 -6.854800153276576020e+04
-1.582794716324588680e-01 3.379498084319212126e+01 3.447613619948550649e+02 -7.007317246617296769e+04
-1.413565442600810684e-01 3.395854368162299863e+01 3.093758348990835430e+02 -7.144305442036026216e+04
-1.243195252850771149e-01 3.410424899163582779e+01 2.733441890710316216e+02 -7.265764739532700332e+04
-1.072507767834804671e-01 3.423179312498689342e+01 2.367440690003013231e+02 -7.371695139107354044e+04
-9.008380042060325221e-02 3.434091125567725555e+01 1.996531191765028836e+02 -7.462096640759985894e+04
-7.290578239094973323e-02 3.443137737995279224e+01 1.621489840892465111e+02 -7.536969244490595884e+04
-5.564660716518585182e-02 3.450300431630417108e+01 1.243093082281419868e+02 -7.596312950299184013e+04
-3.839696822165993700e-02 3.455564370546688480e+01 8.621173608279970324e+01 -7.640127758185751736e+04
-2.108430951047440827e-02 3.458918601042120144e+01 4.793391214282958401e+01 -7.668413668150296144e+04
-3.801424245737375623e-03 3.460356051639220709e+01 9.553480897841886588e+00 -7.681170680192823056e+04
1.352544324443525139e-02 3.459873533084980579e+01 -2.885191316255346905e+01 -7.678398794313323742e+04
3.080286115957613091e-02 3.457471738350868407e+01 -6.720462554874630712e+01 -7.660098010511805478e+04
4.810451371677357951e-02 3.453155242632836774e+01 -1.054270117711263737e+02 -7.626268328788265353e+04
6.533780793783786067e-02 3.446932503351314381e+01 -1.434414273400837772e+02 -7.576909749142704823e+04
8.257508786898536124e-02 3.438815860151213855e+01 -1.811702277660083666e+02 -7.512022271575120976e+04
9.972605435156103870e-02 3.428821534901926782e+01 -2.185357685592899486e+02 -7.431605896085516724e+04
1.168604764735979157e-01 3.416969631697324417e+01 -2.554604052303186847e+02 -7.335660622673892067e+04
1.338917469756862322e-01 3.403284136855761233e+01 -2.918664932894840831e+02 -7.224186451340242638e+04
1.508858920512717583e-01 3.387792918920070662e+01 -3.276763882471764759e+02 -7.097183382084572804e+04
1.677612966703122821e-01 3.370527728657565802e+01 -3.628124456137853713e+02 -6.954651414906882565e+04
1.845791741492409654e-01 3.351524199060041553e+01 -3.971970208997009308e+02 -6.796590549807170464e+04
2.012640779526856383e-01 3.330821845343772480e+01 -4.307524696153129184e+02 -6.623000786785437958e+04
2.178714565729518715e-01 3.308464064949513528e+01 -4.634011472710112116e+02 -6.433882125841682137e+04
2.343330595408071593e-01 3.284498137542495755e+01 -4.950654093771927933e+02 -6.229234566975856433e+04
2.506977565406648956e-01 3.258975225012446231e+01 -5.256676114442333301e+02 -6.009058110188056889e+04
2.669053495641525720e-01 3.231950371473556771e+01 -5.551301089825300323e+02 -5.773352755478233303e+04
2.829974733954159216e-01 3.203482503264505254e+01 -5.833752575024726639e+02 -5.522118502846388583e+04
2.989226549305299407e-01 3.173634428948448516e+01 -6.103254125144511590e+02 -5.255355352292523457e+04
3.147147968743371216e-01 3.142472839313026256e+01 -6.359029295288554522e+02 -4.973063303816636471e+04
3.303316374759127094e-01 3.110068307370356422e+01 -6.600301640560753640e+02 -4.675242357418727624e+04
3.457990147158300775e-01 3.076495288357038760e+01 -6.826294716065008288e+02 -4.361892513098796917e+04
3.610841745618791343e-01 3.041831869096251850e+01 -7.036432587226553323e+02 -4.045044390137047594e+04
3.762047206265412558e-01 3.006157010980835054e+01 -7.230941360755974756e+02 -3.736728607813684357e+04
3.911375210548040382e-01 2.969547792956366550e+01 -7.410247653685187288e+02 -3.436945166128705023e+04
4.058919277178942298e-01 2.932079160883271030e+01 -7.574778083046112442e+02 -3.145694065082111047e+04
4.204543747307064039e-01 2.893823927536809038e+01 -7.724959265870671743e+02 -2.862975304673902428e+04
4.348260874121784858e-01 2.854852772607080880e+01 -7.861217819190778755e+02 -2.588788884904078077e+04
4.490028558362347266e-01 2.815234242699030531e+01 -7.983980360038357276e+02 -2.323134805772638720e+04
4.629780281255048702e-01 2.775034751332440308e+01 -8.093673505445323144e+02 -2.066013067279585084e+04
4.767564038716419761e-01 2.734318578941934064e+01 -8.190723872443599021e+02 -1.817423669424914988e+04
4.903238162825050428e-01 2.693147872876975057e+01 -8.275558078065101881e+02 -1.577366612208630431e+04
5.036936084579383133e-01 2.651582647401866666e+01 -8.348602739341749839e+02 -1.345841895630731051e+04
5.168445560139862671e-01 2.609680783695754513e+01 -8.410284473305465553e+02 -1.122849519691216301e+04
5.297979758211464052e-01 2.567498029852623276e+01 -8.461029896988167138e+02 -9.083894843900865453e+03
5.425261219168122651e-01 2.525088000881298100e+01 -8.501265627421771569e+02 -7.024617897273414201e+03
5.550576600192570487e-01 2.482502178705433593e+01 -8.531418281638203780e+02 -5.050664357029385428e+03
5.673588759735493925e-01 2.439789912163557517e+01 -8.551914476669373926e+02 -3.162034223169651341e+03
5.794651190558051113e-01 2.396998417009005067e+01 -8.563180829547203530e+02 -1.358727495693769015e+03
5.913373354184739972e-01 2.354172775909963988e+01 -8.565643957303616389e+02 3.592558253982668930e+02
6.030168067617208694e-01 2.311355938449461078e+01 -8.559730476970528343e+02 1.991915740106452631e+03
6.144597987036034548e-01 2.268588721125363605e+01 -8.545867005579858642e+02 3.539252248430790132e+03
6.257127844540485428e-01 2.225909807350381087e+01 -8.524480160163531082e+02 5.001265350371279055e+03
6.367279929256891569e-01 2.183355754308383467e+01 -8.495991072696029960e+02 6.381246080385863024e+03
6.475563683629416145e-01 2.140961068373941245e+01 -8.460798934922127046e+02 7.682485472932480661e+03
6.581467212532117195e-01 2.098758280531869147e+01 -8.419297453529160293e+02 8.904983528011140152e+03
6.685537361806264123e-01 2.056777953233545020e+01 -8.371880335204471066e+02 1.004874024562183695e+04
6.787234541460845927e-01 2.015048680396907699e+01 -8.318941286635398455e+02 1.111375562576457014e+04
6.887135949274126867e-01 1.973597087406461981e+01 -8.260874014509286098e+02 1.210002966843934337e+04
6.984680125509244997e-01 1.932447831113273651e+01 -8.198072225513466265e+02 1.300756237364615481e+04
7.080467977201648777e-01 1.891623599834973390e+01 -8.130929626335282592e+02 1.383635374138499901e+04
7.173921897792774338e-01 1.851145113355755356e+01 -8.059839923662077581e+02 1.458640377165588689e+04
7.265660269675734417e-01 1.811031122926374692e+01 -7.985196824181188049e+02 1.525771246445881116e+04
7.355094500321504025e-01 1.771298411264152151e+01 -7.907394034579953086e+02 1.585027981979377364e+04
7.442854622361634309e-01 1.731961792552972668e+01 -7.826825261545715193e+02 1.636410583766077434e+04
7.528346013757736266e-01 1.693034112443280037e+01 -7.743884211765810051e+02 1.679919051805981144e+04
7.612204889943340325e-01 1.654526248052086501e+01 -7.658964591927581296e+02 1.715553386099089039e+04
7.693835147051480972e-01 1.616447107962964225e+01 -7.572460108718368019e+02 1.743313586645400210e+04
7.773874329051654319e-01 1.578803632226042097e+01 -7.484764468825486574e+02 1.763199653444919022e+04
7.851728784758671420e-01 1.541600792358036109e+01 -7.396271378936320389e+02 1.775211586497636017e+04
7.928032992289806291e-01 1.504841591342201568e+01 -7.307374545738189227e+02 1.779349385803557016e+04
8.002199381066775752e-01 1.468527063628365070e+01 -7.218467675918432178e+02 1.775613051362682017e+04
8.074855531039355494e-01 1.432656275132915802e+01 -7.129944476164387197e+02 1.764002583175010295e+04
8.145423069185927512e-01 1.397226397723984981e+01 -7.042139065021144688e+02 1.748093269775580120e+04
8.214519151558713483e-01 1.362233528558400764e+01 -6.955147208464794630e+02 1.731460399699427944e+04
8.281577464154834534e-01 1.327673509418643860e+01 -6.869005084329168085e+02 1.714103972946553040e+04
8.347201826569348171e-01 1.293542001198025737e+01 -6.783748870448104071e+02 1.696023989516956499e+04
8.410840232109745296e-01 1.259834483900689328e+01 -6.699414744655435925e+02 1.677220449410637229e+04
8.473080711232137130e-01 1.226546256641608323e+01 -6.616038884785003802e+02 1.657693352627596323e+04
8.533387608455863527e-01 1.193672437646586637e+01 -6.533657468670641038e+02 1.637442699167833416e+04
8.592330865708933674e-01 1.161207964252259295e+01 -6.452306674146182104e+02 1.616468489031348145e+04
8.649392916038791679e-01 1.129147592906092612e+01 -6.372022679045468294e+02 1.594770722218141236e+04
8.705123875529078292e-01 1.097485899166382239e+01 -6.292841661202331807e+02 1.572349398728211963e+04
8.759025747583920607e-01 1.066217277702257071e+01 -6.214799798450611661e+02 1.549204518561560872e+04
8.811627136223872947e-01 1.035335942293674272e+01 -6.137933268624138918e+02 1.525336081718187233e+04
8.862450841550632008e-01 1.004835925831424071e+01 -6.062278249556753735e+02 1.500744088198092140e+04
8.912002831375843703e-01 9.747110803171253224e+00 -5.987870919082291721e+02 1.475428538001274501e+04
8.959827366766761614e-01 9.449550768632297704e+00 -5.914747455034588484e+02 1.449389431127735224e+04
9.006407115058148172e-01 9.155614056930179601e+00 -5.842944035247477359e+02 1.422626767577473038e+04
9.051308462550785583e-01 8.865233761406038582e+00 -5.772496837554801914e+02 1.395140547350489578e+04
9.094989856346888946e-01 8.578341166509293458e+00 -5.703442039790390936e+02 1.366930770446783754e+04
9.137040421151214620e-01 8.294865747797633304e+00 -5.635815819788068666e+02 1.337997436866349381e+04
9.177893872858057245e-01 8.014735171937223512e+00 -5.569654355381701407e+02 1.308340546609199555e+04
9.217162483356445835e-01 7.737875296702361183e+00 -5.504993824405108853e+02 1.277960099675327365e+04
9.255254777454923198e-01 7.464210170975710490e+00 -5.441870404692126613e+02 1.246856096064732992e+04
9.291806429714477567e-01 7.193662034748249390e+00 -5.380320274076594842e+02 1.215028535777416801e+04
9.327200569467744007e-01 6.926151319119256300e+00 -5.320379610392344603e+02 1.182477418813378426e+04
9.361096427240284124e-01 6.661596646296321644e+00 -5.262084591473214914e+02 1.149202745172617870e+04
9.393851532498680434e-01 6.399914829595343413e+00 -5.205471395153041385e+02 1.115204514855135494e+04
9.425148722830603010e-01 6.141020873440529826e+00 -5.150576199265660762e+02 1.080482727860930936e+04
9.455319978934121350e-01 5.884827973364390452e+00 -5.097435181644905242e+02 1.045037384190004013e+04
9.484071694361472238e-01 5.631247516007753973e+00 -5.046084520124614414e+02 1.008868483842355454e+04
9.511710249944675954e-01 5.380189079119745976e+00 -4.996560392538625592e+02 9.719760268179845298e+03
9.537965493005464701e-01 5.131560431557810276e+00 -4.948898976720773248e+02 9.343600131168917869e+03
9.563118562192567396e-01 4.885267533287691144e+00 -4.903136450504891855e+02 8.960204427390764977e+03
9.586922452011991114e-01 4.641214535383444861e+00 -4.859308991724820430e+02 8.569573156845397534e+03
9.609633110026706282e-01 4.399303780027434385e+00 -4.817452778214392879e+02 8.171706319532805537e+03
9.631026626829459758e-01 4.159435800510334680e+00 -4.777603987807447083e+02 7.766603915452995352e+03
9.651333912190078745e-01 3.921509321231120726e+00 -4.739798798337816947e+02 7.354265944605961522e+03
9.670353999495432396e-01 3.685421257697085284e+00 -4.704073387639341490e+02 6.934692406991706775e+03
9.688292965112353938e-01 3.451066716523821576e+00 -4.670463933545852342e+02 6.507883302610232931e+03
9.704972631929228433e-01 3.218338995435237493e+00 -4.639006613891190796e+02 6.073838631461539080e+03
9.720574294007430227e-01 2.987129583263542720e+00 -4.609737606509189050e+02 5.632558393545622494e+03
9.734942410444246130e-01 2.757328159949209656e+00 -4.582693089233679302e+02 5.184042588862385855e+03
9.748233850678352796e-01 2.528822697688942522e+00 -4.557901148076643949e+02 4.733146310532151801e+03
9.760315352333179817e-01 2.301500573560880003e+00 -4.535357501762575794e+02 4.284724651674941924e+03
9.771319615712389384e-01 2.075249682150307695e+00 -4.515049777194110447e+02 3.838777612290755314e+03
9.781135605868018779e-01 1.849958536697381195e+00 -4.496965601273884090e+02 3.395305192379596065e+03
9.789871802871179529e-01 1.625516269097120992e+00 -4.481092600904530059e+02 2.954307391941460992e+03
9.797439297007444203e-01 1.401812629899418905e+00 -4.467418402988684534e+02 2.515784210976353279e+03
9.803922603603054675e-01 1.178737988309032536e+00 -4.455930634428980852e+02 2.079735649484269288e+03
9.809254784884504641e-01 9.561833321855903733e-01 -4.446616922128055194e+02 1.646161707465209929e+03
9.813496544725783810e-01 7.340402680435867966e-01 -4.439464892988542601e+02 1.215062384919178157e+03
9.816602712904159977e-01 5.122010210523844087e-01 -4.434462173913075844e+02 7.864376818461699941e+02
9.818610232938904669e-01 2.905584350362162005e-01 -4.431596391804292807e+02 3.602875982461877129e+02
9.819495804353131074e-01 6.900597247418226166e-02 -4.430855173564825691e+02 -6.338786588076945350e+01
9.819272610311393645e-01 -1.525622854997502886e-01 -4.432226146097311812e+02 -4.845887105347013062e+02
9.817939117887583000e-01 -3.742516390967437490e-01 -4.435696936304384508e+02 -9.033149357156079304e+02
9.815484800989069392e-01 -5.961667698730939158e-01 -4.441255171088678821e+02 -1.319566541423488843e+03
9.811929945338051517e-01 -8.184117407302269331e-01 -4.448888477352829227e+02 -1.733343527658345465e+03
9.807240213389651906e-01 -1.041089995914702637e+00 -4.458584481999472473e+02 -2.144645894420176319e+03
9.801457760611912429e-01 -1.264304361018211420e+00 -4.470330811931240760e+02 -2.553473641708981177e+03
9.794524438007699008e-01 -1.488157042977573230e+00 -4.484115094050770836e+02 -2.959826769524760493e+03
9.786504321888443991e-01 -1.712749630074744900e+00 -4.499924955260696606e+02 -3.363705277867515179e+03
9.777315349609682071e-01 -1.938183091936810598e+00 -4.517748022463653683e+02 -3.765109166737244777e+03
9.767043569423764504e-01 -2.164557779536038673e+00 -4.537571922562281657e+02 -4.164038436134036601e+03
9.755583005038896971e-01 -2.391973425189676927e+00 -4.559384282459205338e+02 -4.560493086057715118e+03
9.743041676648357408e-01 -2.620529142560257707e+00 -4.583172729057065453e+02 -4.954473116508367639e+03
9.729289541020409438e-01 -2.850323426655392733e+00 -4.608924889258495341e+02 -5.345978527485995073e+03
9.714456845776938687e-01 -3.081454153827825948e+00 -4.636628389966130044e+02 -5.735009318990596512e+03
9.698389276356118582e-01 -3.314018581775435734e+00 -4.666270858082606878e+02 -6.121565491022174683e+03
9.681239512198589470e-01 -3.548113349541227368e+00 -4.697839920510556908e+02 -6.505647043580725040e+03
9.662828558632142739e-01 -3.783834477513341010e+00 -4.731323204152618018e+02 -6.887253976666252129e+03
9.643331935696468626e-01 -4.021277367425049043e+00 -4.766708335911423546e+02 -7.266386290278753222e+03
9.622545866413900750e-01 -4.260536802354755181e+00 -4.803982942689609104e+02 -7.643043984418228320e+03
9.600668609228105721e-01 -4.501706946725991365e+00 -4.843134651389809733e+02 -8.017227059084679240e+03
9.577471553758423184e-01 -4.744881346307426639e+00 -4.884151088914659340e+02 -8.388935514278104165e+03
9.553175850145108061e-01 -4.990152928212857830e+00 -4.927019882166792399e+02 -8.758169349998503094e+03
9.527527850214355665e-01 -5.237614000901215761e+00 -4.971728658048845091e+02 -9.124928566245876937e+03
9.500771953485769306e-01 -5.487356254176564363e+00 -5.018265043463453026e+02 -9.489213163020227512e+03
9.472629065212102573e-01 -5.739470759188092686e+00 -5.066616665313249541e+02 -9.851023140321551182e+03
9.443367038682456416e-01 -5.994047968430129103e+00 -5.116771150500868544e+02 -1.021035849814984795e+04
9.412681281478606499e-01 -6.251177715742132435e+00 -5.168716125928948486e+02 -1.056721923650512326e+04
9.380863202854223815e-01 -6.510949216308685727e+00 -5.222439218500120433e+02 -1.092160535538736985e+04
9.347582559427496385e-01 -6.773451055730458137e+00 -5.277927180792489708e+02 -1.127299226007684229e+04
9.313154469709274963e-01 -7.038771069804561797e+00 -5.335163268086023436e+02 -1.162085535585379330e+04
9.277222988256627056e-01 -7.306996224304945109e+00 -5.394129861336159593e+02 -1.196519464271821744e+04
9.240126840642506334e-01 -7.578212604053320867e+00 -5.454809341498338426e+02 -1.230601012067012016e+04
9.201484532655463955e-01 -7.852505412919238204e+00 -5.517184089528007007e+02 -1.264330178970957058e+04
9.161658448028099366e-01 -8.129958973819835677e+00 -5.581236486380579436e+02 -1.297706964983642320e+04
9.120241543780455151e-01 -8.410656728720207198e+00 -5.646948913011502782e+02 -1.330731370105075257e+04
9.077619657414621734e-01 -8.694681238633153342e+00 -5.714303750376217295e+02 -1.363403394335255689e+04
9.033360503767348115e-01 -8.982114183619252401e+00 -5.783283379430159812e+02 -1.395723037674183797e+04
8.987873323012687266e-01 -9.273036362786850617e+00 -5.853870181128766035e+02 -1.427690300121859582e+04
8.940700792194242741e-01 -9.567527694292067508e+00 -5.926046536427475075e+02 -1.459305181678282861e+04
8.892275094280193137e-01 -9.865667215338794094e+00 -5.999794826281724909e+02 -1.490567682343453998e+04
8.842114532788980519e-01 -1.016753308217868934e+01 -6.075097431646950099e+02 -1.521477802117372266e+04
8.790673722507538201e-01 -1.047320257011119260e+01 -6.151936733478589758e+02 -1.552035541000038575e+04
8.737447308794664691e-01 -1.078275207348350939e+01 -6.230295112732082998e+02 -1.582240898991452377e+04
8.682911673988067403e-01 -1.109625710569062207e+01 -6.310154950362864383e+02 -1.612093876091614038e+04
8.626538673945027824e-01 -1.141379229917527560e+01 -6.391498627326373025e+02 -1.641594472300523194e+04
8.568825589895899819e-01 -1.173543140542799179e+01 -6.474308524578044626e+02 -1.670742687618179480e+04
8.509222765634877339e-01 -1.206124729498706749e+01 -6.558567023073318296e+02 -1.699538522044583806e+04
8.448247103846531214e-01 -1.239131195743856750e+01 -6.644256503767628601e+02 -1.727981975579735445e+04
8.385329071383151867e-01 -1.272569650141633169e+01 -6.731359347616419200e+02 -1.756073048223635124e+04
8.321003710554956134e-01 -1.306447054164404875e+01 -6.819808898941533926e+02 -1.780869541961055074e+04
8.254683399686125744e-01 -1.340769545639813920e+01 -6.909342355530476425e+02 -1.799429258776767892e+04
8.186919787786411939e-01 -1.375541764497064712e+01 -6.999647878537161887e+02 -1.811752198670773942e+04
8.117109106358292303e-01 -1.410766791471130865e+01 -7.090413629115505501e+02 -1.817838361643073949e+04
8.045817720502186354e-01 -1.446446148102754670e+01 -7.181327768419420181e+02 -1.817687747693666097e+04
7.972428371970796679e-01 -1.482579796738457567e+01 -7.272078457602842718e+02 -1.811300356822550020e+04
7.897519484883277485e-01 -1.519166140530505693e+01 -7.362353857819648510e+02 -1.798676189029727902e+04
7.820463479289854192e-01 -1.556202023436958015e+01 -7.451842130223766389e+02 -1.779815244315198652e+04
7.741848181256495431e-01 -1.593682730221636845e+01 -7.540231435969118365e+02 -1.754717522678962632e+04
7.661038908275776826e-01 -1.631601986454133169e+01 -7.627209936209616217e+02 -1.723383024121019844e+04
7.578629771410723137e-01 -1.669951958509806644e+01 -7.712465792099173996e+02 -1.685811748641370650e+04
7.493983022301689001e-01 -1.708723253569787914e+01 -7.795687164791705754e+02 -1.642003696240013960e+04
7.407695326888548149e-01 -1.747904919620976472e+01 -7.876562215441128956e+02 -1.591958866916950865e+04
7.319130367542693305e-01 -1.787484445456042437e+01 -7.954779105201355378e+02 -1.535677260672181001e+04
7.228883277277887709e-01 -1.827447760673422295e+01 -8.030025995226299074e+02 -1.473158877505704186e+04
7.136323972365041790e-01 -1.867779235677327421e+01 -8.101991046669882053e+02 -1.404403717417520784e+04
7.042041760698697361e-01 -1.908461681677733068e+01 -8.170362420686009273e+02 -1.329411780407630431e+04
6.945418208788205483e-01 -1.949476350690388671e+01 -8.234828278428599333e+02 -1.248183066476033309e+04
6.847031791850258786e-01 -1.990802935536810736e+01 -8.295076781051569697e+02 -1.160717575622729419e+04
6.746281602849412140e-01 -2.032419569844286045e+01 -8.350796089708831005e+02 -1.067015307847718759e+04
6.643729970180652922e-01 -2.074302789186807772e+01 -8.401643278303943134e+02 -9.652110281294935703e+03
6.538799798260792606e-01 -2.116427103635383133e+01 -8.447151071739025383e+02 -8.534395014465466375e+03
6.432031699031582894e-01 -2.158764570308341391e+01 -8.486821107665844011e+02 -7.317007277988772330e+03
6.322879133236976035e-01 -2.201284754512271036e+01 -8.520155023736159592e+02 -5.999947071864861755e+03
6.211854864661046083e-01 -2.243954729742019083e+01 -8.546654457601739523e+02 -4.583214396093730102e+03
6.098450012932531417e-01 -2.286739077680691423e+01 -8.565821046914348926e+02 -3.066809250675379644e+03
5.983143157583236116e-01 -2.329599888199651048e+01 -8.577156429325743829e+02 -1.450731635609806290e+03
5.865470384074483734e-01 -2.372496759358532614e+01 -8.580162242487697313e+02 2.650184491033774066e+02
5.745869802688751138e-01 -2.415386797405198749e+01 -8.574340124051968814e+02 2.080441003463409743e+03
5.623929720570207680e-01 -2.458224616775799376e+01 -8.559191711670321183e+02 3.995536027470663157e+03
5.500041238267259214e-01 -2.500962340094735481e+01 -8.534218642994520678e+02 6.010303521125138104e+03
5.373852498139934930e-01 -2.543549598174664794e+01 -8.498922555676331285e+02 8.124743484426830946e+03
5.245700999420304100e-01 -2.585933530016505344e+01 -8.452805087367514716e+02 1.033885591737574578e+04
5.115301873339436201e-01 -2.628058782809432614e+01 -8.395367875719840640e+02 1.265264081997188259e+04
4.982932988303687138e-01 -2.669867511930882387e+01 -8.326112558385063949e+02 1.506609819221523139e+04
4.848383311485133795e-01 -2.711299380946548254e+01 -8.244540773014957722e+02 1.757922803410580673e+04
4.711865148040372264e-01 -2.752291561610383752e+01 -8.150154157261281398e+02 2.019203034564360132e+04
4.573247698494118385e-01 -2.792778733864598451e+01 -8.042454348775797826e+02 2.290450512682861881e+04
4.432672416158126572e-01 -2.832693085839666125e+01 -7.920942985210274401e+02 2.571665237766084829e+04
4.290094335199812203e-01 -2.871964313854312678e+01 -7.785121704216472835e+02 2.862847209814030430e+04
4.145579473637015511e-01 -2.910519803725930998e+01 -7.634637191769236324e+02 3.155293529441996361e+04
3.999173364484980842e-01 -2.948286625185019716e+01 -7.469716327135720348e+02 3.440301297265281755e+04
3.850862931883983764e-01 -2.985193526289620536e+01 -7.290731037906158463e+02 3.717870513283886248e+04
3.700787687439370810e-01 -3.021171114735730256e+01 -7.098053251670784221e+02 3.988001177497810568e+04
3.548852921866260668e-01 -3.056151857857294374e+01 -6.892054896019830039e+02 4.250693289907053259e+04
3.395294189700597820e-01 -3.090070082626212056e+01 -6.673107898543537431e+02 4.505946850511616503e+04
3.239933906562196264e-01 -3.122861975652330457e+01 -6.441584186832130854e+02 4.753761859311497392e+04
3.083104206441734663e-01 -3.154465583183451116e+01 -6.197855688475850684e+02 4.994138316306698835e+04
2.924544772936827353e-01 -3.184820811105324978e+01 -5.942294331064928201e+02 5.227076221497218648e+04
2.764683118700769215e-01 -3.213869424941660213e+01 -5.675272042189536705e+02 5.452575574883106310e+04
2.603177912186215859e-01 -3.241555049854097348e+01 -5.397160749440031395e+02 5.670636376464264322e+04
2.440549024844639314e-01 -3.267823170642247277e+01 -5.108332380406583866e+02 5.881258626240739977e+04
2.276377441543153135e-01 -3.292621131743668172e+01 -4.809158862679432787e+02 6.084442324212535459e+04
2.111270461619083882e-01 -3.315898137233865128e+01 -4.500012123848808301e+02 6.280187470379650040e+04
1.944736363254107592e-01 -3.337605250826294423e+01 -4.181264091504946805e+02 6.468494064742083719e+04
1.777463082808735106e-01 -3.357695395872370625e+01 -3.853286693238081853e+02 6.649362107299838681e+04
1.608892798690742254e-01 -3.376123355361450251e+01 -3.516451856638448135e+02 6.822791598052911286e+04
1.439785428361051167e-01 -3.392845771920847397e+01 -3.171131509296278068e+02 6.988782537001304445e+04
1.269525185181434312e-01 -3.407821147815823792e+01 -2.817697578801805776e+02 7.147334924145013792e+04
1.098933661340005530e-01 -3.421009844949591638e+01 -2.456521992745266800e+02 7.298448759484043694e+04
9.273466450626963176e-02 -3.432374221235347278e+01 -2.088085776338627397e+02 7.435578185714331630e+04
7.556355384167150191e-02 -3.441880130688557671e+01 -1.713306345280795426e+02 7.552177345531817991e+04
5.830984860724644503e-02 -3.449498423519268897e+01 -1.333210212892409174e+02 7.648246238936499867e+04
4.106436062323850361e-02 -3.455205082504129166e+01 -9.488238924941094865e+01 7.723784865928378713e+04
2.375431054351331492e-02 -3.458981222986393078e+01 -5.611738974065362129e+01 7.778793226507453073e+04
6.472780502982591368e-03 -3.460813092875913810e+01 -1.712867409503297367e+01 7.813271320673725859e+04
-1.085436589287639558e-02 -3.460692072649149509e+01 2.198110635538703761e+01 7.827219148427194159e+04
-2.813323656209250692e-02 -3.458614675349162582e+01 6.110930027854236357e+01 7.820636709767859429e+04
-4.543805154585660311e-02 -3.454582546585618985e+01 1.001532563423690476e+02 7.793524004695723124e+04
-6.267559202334541113e-02 -3.448602464534783962e+01 1.390103232148029804e+02 7.745881033210780879e+04
-7.991888357972420920e-02 -3.440686339939530569e+01 1.775778495637802621e+02 7.677707795313035604e+04
-9.707684735902047390e-02 -3.430851216109332569e+01 2.157531840572369219e+02 7.589004291002488753e+04
-1.142200664330320359e-01 -3.419119268920265853e+01 2.534336753631170325e+02 7.479770520279111224e+04
-1.312610137866827009e-01 -3.405517806815015547e+01 2.905166721493401951e+02 7.350006483142953948e+04
-1.482666486544442219e-01 -3.390079270802863931e+01 3.268995230838505677e+02 7.199712179593990732e+04
-1.651543131055438207e-01 -3.372841234459698256e+01 3.624795768345841793e+02 7.028887609632225940e+04
-1.819862562034901265e-01 -3.353846403928006481e+01 3.971541820694770308e+02 6.837532773257656663e+04
-1.986858832512539141e-01 -3.333142617916886508e+01 4.308206874564652367e+02 6.625647670470284356e+04
-2.153097627991525098e-01 -3.310782847702031262e+01 4.633764416634845702e+02 6.393232301270109019e+04
-2.317884108834095402e-01 -3.286825197125742903e+01 4.947187933584712027e+02 6.140286665657130652e+04
-2.481718836732480504e-01 -3.261332902596924299e+01 5.247450912093612487e+02 5.866810763631349982e+04
-2.643986873267566984e-01 -3.234374085744950378e+01 5.533724715746932361e+02 5.584677209554479487e+04
-2.805116865457972786e-01 -3.206019032612204711e+01 5.805972215754175068e+02 5.305758617788232368e+04
-2.964580715148762979e-01 -3.176337472846631371e+01 6.064354160230874413e+02 5.030054988332608627e+04
-3.122730004053210218e-01 -3.145398332355594206e+01 6.309031297292558520e+02 4.757566321187610447e+04
-3.279128573814754088e-01 -3.113269733305877551e+01 6.540164375054758921e+02 4.488292616353234916e+04
-3.434047364013729231e-01 -3.080018994123693687e+01 6.757914141633009422e+02 4.222233873829484219e+04
-3.587145375236781564e-01 -3.045712629494670054e+01 6.962441345142839282e+02 3.959390093616359081e+04
-3.738610988773672372e-01 -3.010416350363860971e+01 7.153906733699777760e+02 3.699761275713855866e+04
-3.888199723348736980e-01 -2.974195063935743022e+01 7.332471055419360937e+02 3.443347420121977484e+04
-4.036017049388155309e-01 -2.937112873674212210e+01 7.498295058417116934e+02 3.190148526840723207e+04
-4.181914630741936922e-01 -2.899233079302589999e+01 7.651539490808575010e+02 2.940164595870093035e+04
-4.325916115350217361e-01 -2.860618176803619050e+01 7.792365100709270109e+02 2.693395627210086968e+04
-4.467967365372514932e-01 -2.821329858419464642e+01 7.920932636234730353e+02 2.449841620860705007e+04
-4.608012597627657025e-01 -2.781429012651705079e+01 8.037402845500514559e+02 2.209502576821894399e+04
-4.746088505256984003e-01 -2.740975724261366508e+01 8.141936476622098553e+02 1.972378495093761012e+04
-4.882063399688066907e-01 -2.700029274268873891e+01 8.234694277715046837e+02 1.738469375676252457e+04
-5.016060267582779231e-01 -2.658648139954079781e+01 8.315836996894882986e+02 1.507775218569367462e+04
-5.147875940024144725e-01 -2.616889994856263257e+01 8.385525382277141944e+02 1.280296023773106572e+04
-5.277714219538596208e-01 -2.574811708774121044e+01 8.443920181977356378e+02 1.056031791287470151e+04
-5.405305689252404289e-01 -2.532469347765776391e+01 8.491182144111055550e+02 8.349825211124576526e+03
-5.530928626352220601e-01 -2.489918108179078260e+01 8.527524792548854293e+02 6.203147585531056393e+03
-5.654253094041455929e-01 -2.447211590984972318e+01 8.553372754181705204e+02 4.151950489144506719e+03
-5.775625073743327897e-01 -2.404401076110869084e+01 8.569203431655639633e+02 2.196233921964920228e+03
-5.894660311979385003e-01 -2.361535456470947025e+01 8.575494227616695753e+02 3.359978839923059013e+02
-6.011765289656686440e-01 -2.318661237966156108e+01 8.572722544710907187e+02 -1.428757624773340467e+03
-6.126507772709509636e-01 -2.275822539484216023e+01 8.561365785584310970e+02 -3.098032604332017399e+03
-6.239347383483424547e-01 -2.233061092899613342e+01 8.541901352882936180e+02 -4.671827054683727511e+03
-6.349810447810179115e-01 -2.190416243073610048e+01 8.514806649252822126e+02 -6.150140975828468072e+03
-6.458402218135906869e-01 -2.147924947854232514e+01 8.480559077340002432e+02 -7.532974367766239993e+03
-6.564614120674570064e-01 -2.105621778076280037e+01 8.439636039790512996e+02 -8.820327230497043274e+03
-6.668989731025068979e-01 -2.063538917561320929e+01 8.392514939250386306e+02 -1.001219956402087882e+04
-6.770991809683095664e-01 -2.021706163117693222e+01 8.339673178365659396e+02 -1.110859136833774392e+04
-6.871195152842672904e-01 -1.980150924540504676e+01 8.281588159782365892e+02 -1.210950264344764037e+04
-6.969039986985661184e-01 -1.938898224611633125e+01 8.218737286146541692e+02 -1.301493338935057182e+04
-7.065125635123862269e-01 -1.897970699099725778e+01 8.151597960104219283e+02 -1.382488360604652917e+04
-7.158875308259305958e-01 -1.857388596760191746e+01 8.080647584301420920e+02 -1.453935329353567249e+04
-7.250906724517118818e-01 -1.817169779335235802e+01 8.006363561384208651e+02 -1.515834245181767255e+04
-7.340631393563352702e-01 -1.777329721553805797e+01 7.929223293998604731e+02 -1.568185108089270761e+04
-7.428679296932023668e-01 -1.737881511131628898e+01 7.849704184790643922e+02 -1.610987918076077403e+04
-7.514455301609369586e-01 -1.698835848771201285e+01 7.768283636406359847e+02 -1.644242675142186999e+04
-7.598596389491978353e-01 -1.660201113809549156e+01 7.685386533285020505e+02 -1.671100471693693180e+04
-7.680505230371994507e-01 -1.621984086343568521e+01 7.601227687038817749e+02 -1.694712400136689030e+04
-7.760820696754875403e-01 -1.584190669355368186e+01 7.515969391073177803e+02 -1.715078460471174913e+04
-7.838947451236714103e-01 -1.546825954360034316e+01 7.429773938793528032e+02 -1.732198652697150101e+04
-7.915521811446113443e-01 -1.509894221405622261e+01 7.342803623605291250e+02 -1.746072976814615322e+04
-7.989954111805774861e-01 -1.473398939073161706e+01 7.255220738913893683e+02 -1.756701432823570212e+04
-8.062874180557102477e-01 -1.437342764476654366e+01 7.167187578124761558e+02 -1.764084020724015136e+04
-8.133701140899164406e-01 -1.401727543263075759e+01 7.078866434643319963e+02 -1.768220740515949728e+04
-8.203054857053643234e-01 -1.366554309612373963e+01 6.990419601874996260e+02 -1.769111592199373990e+04
-8.270366102458053259e-01 -1.331823286237469084e+01 6.902009373225210993e+02 -1.766756575774287921e+04
-8.336241762559669644e-01 -1.297533884384256098e+01 6.813798042099393797e+02 -1.761155691240691158e+04
-8.400126764813760083e-01 -1.263684703831600586e+01 6.725947901902970898e+02 -1.752308938598585519e+04
-8.462612307723736960e-01 -1.230273532891342114e+01 6.638621246041362838e+02 -1.740216317847968457e+04
-8.523159414469032580e-01 -1.197297348408293693e+01 6.551980367920000390e+02 -1.724877828988841793e+04
-8.582341603805241359e-01 -1.164752315760239831e+01 6.466187560944306369e+02 -1.706293472021204434e+04
-8.639637783049760600e-01 -1.132633788857939550e+01 6.381405118519708140e+02 -1.684463246945057108e+04
-8.695601696211356924e-01 -1.100936310145122299e+01 6.297795334051627378e+02 -1.659387153760399087e+04
-8.749731667671490909e-01 -1.069653610598486537e+01 6.215520500945476670e+02 -1.631065192467224551e+04
-8.802560235961068846e-01 -1.038778609727721935e+01 6.134742912606714071e+02 -1.599497363065546051e+04
-8.853606215573897043e-01 -1.008303415575471362e+01 6.055624862440747620e+02 -1.564683665555356674e+04
-8.903379764319661049e-01 -9.782193573705916023e+00 5.978302521265575251e+02 -1.528191455182445679e+04
-8.951421106560188967e-01 -9.485173447137235314e+00 5.902807569549469235e+02 -1.491588087192599778e+04
-8.998216997433201580e-01 -9.191882267628701086e+00 5.829145565173279238e+02 -1.454873561585820062e+04
-9.043329888729134680e-01 -8.902228248866295601e+00 5.757322066017852649e+02 -1.418047878362105985e+04
-9.087222264255623294e-01 -8.616119326641957343e+00 5.687342629964033449e+02 -1.381111037521457729e+04
-9.129479365304615790e-01 -8.333463158853581021e+00 5.619212814892671304e+02 -1.344063039063874930e+04
-9.170538893378290535e-01 -8.054167125505026448e+00 5.552938178684609056e+02 -1.306903882989358135e+04
-9.210009288050403642e-01 -7.778138328706109661e+00 5.488524279220697508e+02 -1.269633569297906797e+04
-9.248303059737379428e-01 -7.505283592672601145e+00 5.425976674381781777e+02 -1.232252097989521644e+04
-9.285052050684935443e-01 -7.235509463726227608e+00 5.365300922048708117e+02 -1.194759469064201767e+04
-9.320643426931126685e-01 -6.968722210294676422e+00 5.306502580102322781e+02 -1.157155682521947710e+04
-9.354732382296097049e-01 -6.704827822911595625e+00 5.249587206423475436e+02 -1.119440738362759657e+04
-9.387680687341994901e-01 -6.443732014216581483e+00 5.194560358893007788e+02 -1.081614636586637062e+04
-9.419167142951068161e-01 -6.185340218955196256e+00 5.141427595391772911e+02 -1.043677377193580469e+04
-9.449527868721883106e-01 -5.929557593978960206e+00 5.090194473800611377e+02 -1.005628960183589334e+04
-9.478465272598793900e-01 -5.676289018245344487e+00 5.040866552000372280e+02 -9.674693855566642014e+03
-9.506289874314314270e-01 -5.425439092817782694e+00 4.993449387871904150e+02 -9.291986533128045266e+03
-9.532727586679830001e-01 -5.176912140865664647e+00 4.947948539296052104e+02 -8.908167634520108550e+03
-9.558063533951954849e-01 -4.930612207664341717e+00 4.904369564153662964e+02 -8.523237159742828226e+03
-9.582046878321420769e-01 -4.686443060595114396e+00 4.862718020325581847e+02 -8.137195108796204295e+03
-9.604937604056622558e-01 -4.444308189145197652e+00 4.822999465692649324e+02 -7.750041481680151264e+03
-9.626507969435027512e-01 -4.204110804907915444e+00 4.785219458135728701e+02 -7.361776278394841938e+03
-9.646992767639279709e-01 -3.965753841582395189e+00 4.749383555535657706e+02 -6.972399498940190824e+03
-9.666187353033584007e-01 -3.729139954973772042e+00 4.715497315773283162e+02 -6.581911143316196103e+03
-9.684301583202510333e-01 -3.494171522993142265e+00 4.683566296729450755e+02 -6.190311211522859594e+03
-9.701153653109316766e-01 -3.260750645657556568e+00 4.653596056285010718e+02 -5.797599703560180387e+03
-9.716928689130652774e-01 -3.028779145090022773e+00 4.625592152320805326e+02 -5.403776619428157574e+03
-9.731467420243604671e-01 -2.798158565519508034e+00 4.599560142717683675e+02 -5.008841959126793881e+03
-9.744930548202124232e-01 -2.568790173280939282e+00 4.575505585356492020e+02 -4.612795722656085672e+03
-9.757181284899586471e-01 -2.340574956815197005e+00 4.553434038118076046e+02 -4.215637910016035676e+03
-9.768355907467245469e-01 -2.113413626669121914e+00 4.533351058883285418e+02 -3.817368521206643436e+03
-9.778339906324623465e-01 -1.887206615495510276e+00 4.515262205532962980e+02 -3.417987556227907135e+03
-9.787245389467956747e-01 -1.661854078053119466e+00 4.499173035947957828e+02 -3.017495015079828590e+03
-9.794980023647837930e-01 -1.437255891206661085e+00 4.485089108009117354e+02 -2.615890897762408258e+03
-9.801631901018102999e-01 -1.213311653926807177e+00 4.473015979597287242e+02 -2.213175204275645683e+03
-9.807130609172727276e-01 -9.899206872901842313e-01 4.462959208593312610e+02 -1.809347934619539274e+03
-9.811540428813290138e-01 -7.669820344793794042e-01 4.454924352878041987e+02 -1.404409088794089939e+03
-9.814812868377155164e-01 -5.443944607829367399e-01 4.448916970332321057e+02 -9.983586667992991579e+02
-9.816988243821033189e-01 -3.220564535953561180e-01 4.444942618836998349e+02 -5.911966686351653379e+02
-9.818040086620749562e-01 -9.986622241709827708e-02 4.443006856272920118e+02 -1.829230943016883941e+02
-9.817984850183223422e-01 1.222783011454214031e-01 4.443115240520930342e+02 2.264620562011302241e+02
-9.816817884632583757e-01 3.444794392951249229e-01 4.445271402685625048e+02 6.358027171213224165e+02
-9.814531934118576606e-01 5.668395031125885719e-01 4.449471266766586837e+02 1.043942822707007963e+03
-9.811144116316103947e-01 7.894605276241107861e-01 4.455708829987137847e+02 1.450882372958007181e+03
-9.806623466117726506e-01 1.012444247717302348e+00 4.463978089570607040e+02 1.856621367874407497e+03
-9.801008919846662115e-01 1.235892098140893181e+00 4.474273042740323376e+02 2.261159807456213002e+03
-9.794245649845676471e-01 1.459905213504778310e+00 4.486587686719609565e+02 2.664497691703420969e+03
-9.786394615476445846e-01 1.684584428280019086e+00 4.500916018731795134e+02 3.066635020616031397e+03
-9.777376973239335634e-01 1.910030276798845739e+00 4.517252036000209046e+02 3.467571794194046106e+03
-9.767275705534479435e-01 2.136342993254650491e+00 4.535589735748174576e+02 3.867308012437462821e+03
-9.755987953019841230e-01 2.363622511701994888e+00 4.555923115199021254e+02 4.265843675346283817e+03
-9.743618874426622778e-01 2.591968466056605358e+00 4.578246171576074630e+02 4.663178782920507729e+03
-9.730041390180236283e-01 2.821480190095377427e+00 4.602552902102664234e+02 5.059313335160135466e+03
-9.715382988635565820e-01 3.052256717456368840e+00 4.628837304002113910e+02 5.454247332065165210e+03
-9.699492165595323678e-01 3.284396781638807106e+00 4.657093374497751483e+02 5.847980773635598780e+03
-9.682518943428226610e-01 3.517998816003084617e+00 4.687315110812905345e+02 6.240513659871435266e+03
-9.664287291119209033e-01 3.753160953770759978e+00 4.719496510170901615e+02 6.631845990772674668e+03
-9.644969816148353248e-01 3.989981028024558896e+00 4.753631569795066980e+02 7.021977766339317895e+03
-9.624365705195141452e-01 4.228556571708373291e+00 4.789714286908729264e+02 7.410908986571364039e+03
-9.602670457436239815e-01 4.468984817627259964e+00 4.827738658735215722e+02 7.798639651468812190e+03
-9.579658375050597030e-01 4.711362698447443265e+00 4.867698682497850768e+02 8.185169761031665075e+03
-9.555547900009009332e-01 4.955786846696314640e+00 4.909588355419963932e+02 8.570499315259921786e+03
-9.530088194502202015e-01 5.202353594762432643e+00 4.953401674724883037e+02 8.954628314153582323e+03
-9.503520949880321922e-01 5.451158974895518483e+00 4.999132637635933065e+02 9.337556757712643957e+03
-9.475569932858193267e-01 5.702298719206462252e+00 5.046775241376442409e+02 9.719284645937110326e+03
-9.446500390750530718e-01 5.955868259667320253e+00 5.096323483169736051e+02 1.009981197882697597e+04
-9.416010388211033533e-01 6.211962728111316778e+00 5.147771360239144087e+02 1.047913875638224818e+04
-9.384388830714059937e-01 6.470676956232836119e+00 5.201112869807990364e+02 1.085726497860292329e+04
-9.351308131949722657e-01 6.732105475587436771e+00 5.256342009099603274e+02 1.123419064548900133e+04
-9.317080906649557459e-01 6.996342517591839005e+00 5.313452775337309504e+02 1.160991575704048410e+04
-9.281353815345018132e-01 7.263482013523931968e+00 5.372439165744436878e+02 1.198444031325736614e+04
-9.244463182024822423e-01 7.533617594522769245e+00 5.433295177544313219e+02 1.235776431413965656e+04
-9.206029965159298056e-01 7.806842591588571523e+00 5.496014807960261805e+02 1.272988775968734444e+04
-9.166414249091878741e-01 8.083250035582725701e+00 5.560592054215615008e+02 1.310081064990044069e+04
-9.125211392426841872e-01 8.362932657227784006e+00 5.627020913533693829e+02 1.347053298477893622e+04
-9.082805086569729625e-01 8.645982887107594550e+00 5.695295383137862473e+02 1.383905476432300202e+04
-9.038765243551376560e-01 8.932492855666788856e+00 5.765409460251381688e+02 1.420637598853230338e+04
-8.993499008546824713e-01 9.222554393211547463e+00 5.837357142097612268e+02 1.457249665740700948e+04
-8.946551153598690798e-01 9.516259029909088341e+00 5.911132425899878626e+02 1.493741677094712031e+04
-8.898352073261360795e-01 9.813697995787791228e+00 5.986729308881508587e+02 1.530113632915263224e+04
-8.848421910564605586e-01 1.011496222073721718e+01 6.064141788265829973e+02 1.566365533202354891e+04
-8.797213542979102074e-01 1.042014233450807481e+01 6.143363861276169473e+02 1.602497377955986849e+04
-8.744223302082370086e-01 1.072932829509142927e+01 6.224359795469904384e+02 1.636725387219230106e+04
-8.689926139481080059e-01 1.104260530088961367e+01 6.306974939740618993e+02 1.667265781035155305e+04
-8.633795341763552678e-01 1.136004970288716720e+01 6.391024913315945923e+02 1.694118559403763356e+04
-8.576326861624176123e-01 1.168172863303001030e+01 6.476325335423521210e+02 1.717283722325052804e+04
-8.516972320295569387e-01 1.200770000422544648e+01 6.562691825290977476e+02 1.736761269799024740e+04
-8.456247547414030841e-01 1.233801251034216051e+01 6.649940002145948483e+02 1.752551201825679163e+04
-8.393583878489975225e-01 1.267270562621022023e+01 6.737885485216071402e+02 1.764653518405015711e+04
-8.329515793760714493e-01 1.301180960762107119e+01 6.826343893728976582e+02 1.773068219537034383e+04
-8.263456029233187117e-01 1.335534549132754911e+01 6.915130846912300058e+02 1.777795305221735543e+04
-8.195955978429462219e-01 1.370332509504386032e+01 7.004061963993674453e+02 1.778834775459118464e+04
-8.126412026144628209e-01 1.405575101744560129e+01 7.092952864200736940e+02 1.776186630249183872e+04
-8.055390435284027761e-01 1.441261663816974270e+01 7.181619166761119004e+02 1.769850869591931405e+04
-7.982273743210217543e-01 1.477390611781464713e+01 7.269876490902454407e+02 1.759827493487361062e+04
-7.907640833920184242e-01 1.513959439794005313e+01 7.357540455852379182e+02 1.746116501935473207e+04
-7.830863361001100253e-01 1.550964720106707695e+01 7.444426680838528227e+02 1.728717894936267112e+04
-7.752529865884448812e-01 1.588402103067822146e+01 7.530350785088531893e+02 1.707631672489743505e+04
-7.672004644112067062e-01 1.626266317121737259e+01 7.615128387830027350e+02 1.682857834595902023e+04
-7.589882981990330180e-01 1.664551168808979753e+01 7.698575108290649496e+02 1.654396381254743028e+04
-7.505525393843336390e-01 1.703249542766212699e+01 7.780506565698027543e+02 1.622247312466265612e+04
-7.419530334024754259e-01 1.742353401726241557e+01 7.860738379279802075e+02 1.586410628230471048e+04
-7.331259083321735037e-01 1.781853786518006189e+01 7.939086168263603440e+02 1.546886328547358607e+04
-7.241309278527355842e-01 1.821740749655053193e+01 8.015312422651376210e+02 1.500486659875429905e+04
-7.149047770060307228e-01 1.862002624808683038e+01 8.088967115542291140e+02 1.444023868673185825e+04
-7.055066829472277368e-01 1.902625296281095046e+01 8.159547090809837755e+02 1.377497954940626914e+04
-6.958744293152415716e-01 1.943592132593855837e+01 8.226549192327499895e+02 1.300908918677752990e+04
-6.860662315340079198e-01 1.984883986487899676e+01 8.289470263968759127e+02 1.214256759884564053e+04
-6.760215441319029628e-01 2.026479194923529548e+01 8.347807149607104975e+02 1.117541478561060285e+04
-6.657970393872436610e-01 2.068353579080412530e+01 8.401056693116015595e+02 1.010763074707241503e+04
-6.553344916565873035e-01 2.110480444357586904e+01 8.448715738368978236e+02 8.939215483231078906e+03
-6.446884475607107534e-01 2.152830580373455760e+01 8.490281129239479014e+02 7.670168994086591738e+03
-6.338036604425795195e-01 2.195372260965790545e+01 8.525249709600996084e+02 6.300491279638953529e+03
-6.227319789730161315e-01 2.238071244191731068e+01 8.553118323327022381e+02 4.830182339888167917e+03
-6.114218252981442614e-01 2.280890772327781590e+01 8.573383814291036060e+02 3.259242174834230809e+03
-5.999217114196184752e-01 2.323791571869817574e+01 8.585543026366522099e+02 1.587670784477145844e+03
-5.881844743107618179e-01 2.366731853533078933e+01 8.589092803426966611e+02 -1.845318311830920663e+02
-5.762546454750941960e-01 2.409667312252174654e+01 8.583529989345852300e+02 -2.057365672146477209e+03
-5.640902074079177098e-01 2.452551127181081014e+01 8.568351427996665279e+02 -4.030830738413011659e+03
-5.517310570661432267e-01 2.495333961693141234e+01 8.543053963252887115e+02 -6.104927029982695785e+03
-5.391410838203537503e-01 2.537963963381084653e+01 8.507134438987988005e+02 -8.279654546856521847e+03
-5.263548960323779502e-01 2.580386764056951066e+01 8.460089699075481349e+02 -1.055501328903255126e+04
-5.133430002038434914e-01 2.622545479752206177e+01 8.401416587388836206e+02 -1.293100325651172898e+04
-5.001341131505597781e-01 2.664380807222961067e+01 8.330689152040403087e+02 -1.536130190597497494e+04
-4.867060503658509618e-01 2.705832085508277984e+01 8.247790258097994638e+02 -1.779958669410321454e+04
-4.730810234380876667e-01 2.746838357488453042e+01 8.152679974868283352e+02 -2.024585762089643686e+04
-4.592448211202717068e-01 2.787338466390317748e+01 8.045318371657943999e+02 -2.270011468635464553e+04
-4.452126091613928804e-01 2.827271055787234388e+01 7.925665517773653619e+02 -2.516235789047784419e+04
-4.309787157348412001e-01 2.866574569599099931e+01 7.793681482522084707e+02 -2.763258723326602922e+04
-4.165507957626386482e-01 2.905187252092344607e+01 7.649326335209914305e+02 -3.011080271471920423e+04
-4.019321930676084120e-01 2.943047147879934045e+01 7.492560145143817181e+02 -3.259700433483736560e+04
-3.871226726010801311e-01 2.980092101921362868e+01 7.323342981630469239e+02 -3.509119209362052061e+04
-3.721349591826997871e-01 3.016259759522662520e+01 7.141634913976542975e+02 -3.759336599106865469e+04
-3.569606585090845940e-01 3.051487566336397350e+01 6.947396011488715430e+02 -4.010352602718178241e+04
-3.416220996929401066e-01 3.085712768361663905e+01 6.740586343473662509e+02 -4.262167220195988921e+04
-3.261025896798948054e-01 3.118872411944092704e+01 6.521165979238055570e+02 -4.514780451540298964e+04
-3.104341349451921750e-01 3.150903343775846821e+01 6.289094988088572791e+02 -4.768192296751106915e+04
-2.945917375517675407e-01 3.181742210895625433e+01 6.044333439331887803e+02 -5.022402755828414956e+04
-2.786169832301307325e-01 3.211325460688659206e+01 5.786841402274679922e+02 -5.277411828772221634e+04
-2.624767229641105093e-01 3.239589340886710289e+01 5.516578946223617095e+02 -5.533219515582526947e+04
-2.462218417249804892e-01 3.266469899568077295e+01 5.233506140485378637e+02 -5.789825816259330168e+04
-2.298113475356110269e-01 3.291902985157590678e+01 4.937583054366638748e+02 -6.047230730802632752e+04
-2.133049596204524279e-01 3.315824246426614508e+01 4.628769757174073334e+02 -6.305434259212433972e+04
-1.966543202924124489e-01 3.338169366184116171e+01 4.307213271069316534e+02 -6.553219230191143288e+04
-1.799273228489397247e-01 3.358876631878418806e+01 3.973808429633842820e+02 -6.779368472441173799e+04
-1.630688861890199626e-01 3.377889506198960134e+01 3.629637019304086039e+02 -6.983881985962518957e+04
-1.461542340627638159e-01 3.395156860767360030e+01 3.275780826516478896e+02 -7.166759770755184582e+04
-1.291223595877878105e-01 3.410632976137419092e+01 2.913321637707456944e+02 -7.328001826819167763e+04
-1.120548037027053467e-01 3.424277541795122204e+01 2.543341239313453741e+02 -7.467608154154469958e+04
-9.488556985064226790e-02 3.436055656158635685e+01 2.166921417770903986e+02 -7.585578752761091164e+04
-7.770134960194430285e-02 3.445937826578308716e+01 1.785143959516240670e+02 -7.681913622639029927e+04
-6.043222057596744912e-02 3.453899969336670495e+01 1.399090650985896787e+02 -7.756612763788286247e+04
-4.316872709734937558e-02 3.459923409648434500e+01 1.009843278616308169e+02 -7.809676176208863035e+04
-2.583818317515588700e-02 3.463994881660494940e+01 6.184836288439083773e+01 -7.841103859900755924e+04
-8.533592867262105447e-03 3.466106528451928881e+01 2.260934881051305467e+01 -7.850895814863967826e+04
8.819258859964179686e-03 3.466255902033995540e+01 -1.662453571635910876e+01 -7.839052041098500194e+04
2.612636868521371961e-02 3.464445963350136992e+01 -5.574511205258213664e+01 -7.805572538604348665e+04
4.346220370626890234e-02 3.460685082275976043e+01 -9.464420155451280436e+01 -7.750457307381516148e+04
6.073324587512961281e-02 3.454987037619319779e+01 -1.332136255785076742e+02 -7.673706347430002643e+04
7.801293522908397948e-02 3.447371017120152459e+01 -1.713452054809232266e+02 -7.575319658749806695e+04
9.520970860970352778e-02 3.437861617450649021e+01 -2.089307626181162050e+02 -7.455297241340929759e+04
1.123947270019298450e-01 3.426488844215158025e+01 -2.458621183464431397e+02 -7.313639095203370380e+04
1.294798021885575912e-01 3.413288111950215864e+01 -2.820310940222607314e+02 -7.150345220337131468e+04
1.465326215439612667e-01 3.398300074470319743e+01 -3.173430833393710486e+02 -6.973559019209576945e+04
1.634697054889725498e-01 3.381568758671527064e+01 -3.517577693413740008e+02 -6.791423894287997973e+04
1.803541640805990387e-01 3.363139698335081107e+01 -3.852484074092690776e+02 -6.603939845572553168e+04
1.971084399442139812e-01 3.343059764473154871e+01 -4.177882529241023235e+02 -6.411106873063163221e+04
2.137900760601657013e-01 3.321377165328875947e+01 -4.493505612669037532e+02 -6.212924976759828132e+04
2.303285082627451186e-01 3.298141446376319408e+01 -4.799085878187037792e+02 -6.009394156662549358e+04
2.467748575938469302e-01 3.273403490320509235e+01 -5.094355879605327004e+02 -5.800514412771326170e+04
2.630664585450357973e-01 3.247215517097420445e+01 -5.379048170734208725e+02 -5.586285745086159295e+04
2.792473035408156168e-01 3.219631083873972699e+01 -5.652895305383982532e+02 -5.366708153607046552e+04
2.952633533589520964e-01 3.190705085048035272e+01 -5.915629837364955392e+02 -5.141781638333990122e+04
3.111509240409614518e-01 3.160493752248426702e+01 -6.166984320487426885e+02 -4.911506199266988551e+04
3.268651407078753679e-01 3.129054654334914432e+01 -6.406691308561699998e+02 -4.675881836406043294e+04
3.424342664293745231e-01 3.096446697398213033e+01 -6.634483355398079993e+02 -4.434908549751152168e+04
3.578229360891067024e-01 3.062730124759986694e+01 -6.850093014806867586e+02 -4.188586339302317356e+04
3.730511431313599524e-01 3.027966516972847444e+01 -7.053252840598365765e+02 -3.936915205059537402e+04
3.880931972474431224e-01 2.992218791820356216e+01 -7.243695386582879792e+02 -3.679895147022813762e+04
4.029607619611580427e-01 2.955551204317021075e+01 -7.421153206570708107e+02 -3.417526165192144981e+04
4.176378095080652275e-01 2.918029346708300764e+01 -7.585358854372157111e+02 -3.149808259567531786e+04
4.321277618902193418e-01 2.879720148470601160e+01 -7.736044883797526381e+02 -2.876741430148974177e+04
4.464240821997085273e-01 2.840691876311276687e+01 -7.872943848657123453e+02 -2.598325676936471427e+04
4.605221670594219496e-01 2.801014134168631742e+01 -7.995788302761246769e+02 -2.314560999930024991e+04
4.744246597449500169e-01 2.760757696829613295e+01 -8.104443905762331042e+02 -2.033433749657334192e+04
4.881192631230317214e-01 2.719992679724487417e+01 -8.199308740681315157e+02 -1.762930276646099810e+04
5.016173683675966277e-01 2.678786708721507281e+01 -8.280913996381277684e+02 -1.503050580896321662e+04
5.148994107426920763e-01 2.637204753744610741e+01 -8.349790861725290370e+02 -1.253794662408000113e+04
5.279849943293742909e-01 2.595309128773418905e+01 -8.406470525576422688e+02 -1.015162521181134798e+04
5.408477926546156889e-01 2.553159491843238271e+01 -8.451484176797748660e+02 -7.871541572157261726e+03
5.535150151568835053e-01 2.510812845045061437e+01 -8.485363004252343444e+02 -5.697695705117738726e+03
5.659541382538599841e-01 2.468323534525563190e+01 -8.508638196803276514e+02 -3.630087610692777162e+03
5.781992951002792314e-01 2.425743250487105840e+01 -8.521840943313624166e+02 -1.668717288882384764e+03
5.902123822627797223e-01 2.383121027187732821e+01 -8.525502432646457009e+02 1.864152603134467086e+02
6.020337463565987868e-01 2.340503242941174378e+01 -8.520153853664847929e+02 1.935310036894712766e+03
6.136203325970367439e-01 2.297933620116845788e+01 -8.506326395231868673e+02 3.577967040861413352e+03
6.250179754748071970e-01 2.255453225139845586e+01 -8.484551246210596673e+02 5.114386272213551820e+03
6.361793075730857172e-01 2.213100468490958050e+01 -8.455359595464096856e+02 6.544567730951123849e+03
6.471549052340224151e-01 2.170911104706651074e+01 -8.419282631855448926e+02 7.868511417074133533e+03
6.578937526766487354e-01 2.128918232379077935e+01 -8.376851544247722359e+02 9.086217330582578143e+03
6.684504373997712801e-01 2.087152294156075882e+01 -8.328597521503988901e+02 1.019768547147645586e+04
6.787709033189684993e-01 2.045641076741168618e+01 -8.275051752487325984e+02 1.120291583975577305e+04
6.889130592729538760e-01 2.004409710893562035e+01 -8.216745426060803084e+02 1.210190843542052426e+04
6.988204118247897112e-01 1.963480671428147772e+01 -8.154209731087493083e+02 1.289466325847071130e+04
7.085535064461000454e-01 1.922873836833910488e+01 -8.087928161704012382e+02 1.360979714477934431e+04
7.180539948593527289e-01 1.882607145076415378e+01 -8.018193433141161677e+02 1.427592693021943160e+04
7.273844204498700616e-01 1.842697249400299242e+01 -7.945250565903282904e+02 1.489305261479097680e+04
7.364851166236644486e-01 1.803159577947675984e+01 -7.869344580494716865e+02 1.546117419849397811e+04
7.454200319483262893e-01 1.764008333758138036e+01 -7.790720497419806634e+02 1.598029168132843370e+04
7.541286771595221428e-01 1.725256494768739302e+01 -7.709623337182860041e+02 1.645040506329454729e+04
7.626758694829715024e-01 1.686915813814063725e+01 -7.626298120288291784e+02 1.687151434439189325e+04
7.710007364228134152e-01 1.648996818626120131e+01 -7.540989867240407420e+02 1.724361952462069166e+04
7.791684631070341371e-01 1.611508811834416122e+01 -7.453943598543551161e+02 1.756672060398095346e+04
7.871182332470632037e-01 1.574459870965933561e+01 -7.365404334702063807e+02 1.784081758247266771e+04
7.949151297758128010e-01 1.537856848445137281e+01 -7.275617096220291842e+02 1.806591046009583806e+04
8.024987502947625861e-01 1.501705371593965488e+01 -7.184826903602573793e+02 1.824199923685046087e+04
8.099337025297302928e-01 1.466009842631838644e+01 -7.093278777353256146e+02 1.836908391273654706e+04
8.171603198867286588e-01 1.430773438675653253e+01 -7.001217737976676290e+02 1.844716448775408207e+04
8.242423669822146470e-01 1.395998111739784164e+01 -6.908888805977181846e+02 1.847624096190307682e+04
8.311211991729413606e-01 1.361684588736086354e+01 -6.816537001859113616e+02 1.845631333518352403e+04
8.378594518197977070e-01 1.327832371473891016e+01 -6.724407346126814673e+02 1.838738160759543098e+04
8.443997372789475708e-01 1.294439736660009110e+01 -6.632744859284626955e+02 1.826944577913879402e+04
8.508032857290113160e-01 1.261503735898727996e+01 -6.541794561836894673e+02 1.810250584981360953e+04
8.570141913547268953e-01 1.229020195691815687e+01 -6.451801474287958627e+02 1.788656181961988113e+04
8.630920594330374618e-01 1.196983763090926445e+01 -6.362974095214614181e+02 1.764352684508702441e+04
8.689826294893727709e-01 1.165388407874106313e+01 -6.275374835483457900e+02 1.739531408274444038e+04
8.747437030576189487e-01 1.134227924722296699e+01 -6.189029584033537503e+02 1.714192353259213633e+04
8.803228029672482968e-01 1.103495978871743866e+01 -6.103964229803904118e+02 1.688335519463010860e+04
8.857757788262322629e-01 1.073186106113998939e+01 -6.020204661733605462e+02 1.661960906885836084e+04
8.910520645119281991e-01 1.043291712795917014e+01 -5.937776768761686981e+02 1.635068515527688578e+04
8.962054248527965283e-01 1.013806075819659291e+01 -5.856706439827204349e+02 1.607658345388569251e+04
9.011872865301389091e-01 9.847223426426905846e+00 -5.777019563869198464e+02 1.579730396468477375e+04
9.060492478368458169e-01 9.560335312777811012e+00 -5.698742029826722728e+02 1.551284668767413677e+04
9.107447997947146767e-01 9.277325302930055528e+00 -5.621899726638823722e+02 1.522321162285377613e+04
9.153233026245141124e-01 8.998120988117429775e+00 -5.546518543244551438e+02 1.492839877022369365e+04
9.197403525665672763e-01 8.722648665126786938e+00 -5.472624368582952457e+02 1.462840812978388567e+04
9.240430206719838502e-01 8.450833336298000376e+00 -5.400243091593077907e+02 1.432323970153435948e+04
9.281890543873957400e-01 8.182598709524022240e+00 -5.329400601213974369e+02 1.401289348547510781e+04
9.322231998259781216e-01 7.917867198250831962e+00 -5.260122786384691835e+02 1.369736948160613792e+04
9.361053658601791172e-01 7.656559921477462893e+00 -5.192435536044278024e+02 1.337666768992744437e+04
9.398779634457316012e-01 7.398596703755995208e+00 -5.126364739131780652e+02 1.305078811043902533e+04
9.435030679906535322e-01 7.143896075191559447e+00 -5.061936284586251418e+02 1.271973074314088626e+04
9.470207552932361494e-01 6.892375271442327644e+00 -4.999176061346735764e+02 1.238349558803302352e+04
9.503952468580519897e-01 6.643950233719523091e+00 -4.938109958352284252e+02 1.204208264511544076e+04
9.536643139844724892e-01 6.398535691817236248e+00 -4.878757222156449416e+02 1.169947734568542000e+04
9.567943089443647908e-01 6.156046077440429087e+00 -4.821110529770802486e+02 1.135966512104025242e+04
9.598206934284260194e-01 5.916396437532938535e+00 -4.765155915821417807e+02 1.102264597117992707e+04
9.627119402563100170e-01 5.679502517307300380e+00 -4.710879414934372562e+02 1.068841989610445125e+04
9.655012372783164931e-01 5.445280760244745721e+00 -4.658267061735742800e+02 1.035698689581382678e+04
9.681591472033637125e-01 5.213648308095202744e+00 -4.607304890851605705e+02 1.002834697030805182e+04
9.707166044803680061e-01 4.984523000877292276e+00 -4.557978936908032210e+02 9.702500119587122754e+03
9.731462361587439602e-01 4.757823376878338451e+00 -4.510275234531102342e+02 9.379446343651045026e+03
9.754767641640545994e-01 4.533468672654354492e+00 -4.464179818346892148e+02 9.059185642499818641e+03
9.776828390081806486e-01 4.311378823029955676e+00 -4.419678722981454371e+02 8.741718016133296260e+03
9.797910160811154068e-01 4.091474461098743021e+00 -4.376757983060905985e+02 8.427043464551765283e+03
9.817779182596686471e-01 3.873676918222729082e+00 -4.335403633211304282e+02 8.115161987755084738e+03
9.836679854958007008e-01 3.657908224032709654e+00 -4.295601708058721897e+02 7.806073585743250078e+03
9.854397823727282235e-01 3.444091106428185167e+00 -4.257338242229239427e+02 7.499778258516267670e+03
9.871156640629012990e-01 3.232148991577346919e+00 -4.220599270348926666e+02 7.196276006074132965e+03
9.886760959779140601e-01 3.022006003917085959e+00 -4.185370827043864779e+02 6.895566828416848693e+03
9.901414098277497855e-01 2.813586966152985092e+00 -4.151638946940125834e+02 6.597650725544411216e+03
9.914939105353356430e-01 2.606817399259328205e+00 -4.119389664663785879e+02 6.302527697456825081e+03
9.927519523359722431e-01 2.401623522479094053e+00 -4.088609014840922100e+02 6.010197744154085740e+03
9.938996541151512432e-01 2.197932253323955365e+00 -4.059283032097610544e+02 5.720660865636195012e+03
9.949534335115194361e-01 1.995671207574283734e+00 -4.031397751059924985e+02 5.433917061903153808e+03
9.958991824951038963e-01 1.794768699279145618e+00 -4.004939206353943177e+02 5.149966332954962127e+03
9.967514127664202084e-01 1.595153740756303895e+00 -3.979893432605740600e+02 4.868808678791619059e+03
9.974977536117540788e-01 1.396756042592218083e+00 -3.956246464441391026e+02 4.590444099413124604e+03
9.981508721105345483e-01 1.199506013642042790e+00 -3.933984336486971642e+02 4.314872594819479673e+03
9.987000939872766603e-01 1.003334761029630595e+00 -3.913093083368559633e+02 4.042094165010682900e+03
9.991562672490914565e-01 8.081740901475286121e-01 -3.893558739712228203e+02 3.772108809986734741e+03
9.995103782904469769e-01 6.139565046569812612e-01 -3.875367340144055106e+02 3.504916529747636105e+03
9.997715122534269749e-01 4.206152064879287722e-01 -3.858504919290114117e+02 3.240517324293386082e+03
9.999322651049160626e-01 2.280840958390072670e-01 -3.842957511776483557e+02 2.978911193623986037e+03
1.000000000000000000e+00 3.629777117754970361e-02 -3.828711152229236632e+02 2.720098137739434151e+03
9.999689020389650462e-01 -1.548084707604154564e-01 -3.815751875274450526e+02 2.464078156639730878e+03
9.998446481581747536e-01 -3.452986349701624436e-01 -3.804065715538200720e+02 2.210851250324877583e+03
9.996229563840264287e-01 -5.352360281782704288e-01 -3.793638707646561556e+02 1.960417418794871310e+03
9.993078736414525709e-01 -7.246832588426215249e-01 -3.784456886225612493e+02 1.712776662049715696e+03
9.988966304439462762e-01 -9.137022371524023967e-01 -3.776506285901426168e+02 1.467928980089408469e+03
9.983916590342700736e-01 -1.102354175028103178e+00 -3.769772941300079196e+02 1.225874372913950310e+03
9.977916666447372851e-01 -1.290699586121517584e+00 -3.764242887047646491e+02 9.866128405233407648e+02
9.970975168237236064e-01 -1.478798285815743130e+00 -3.759902157770205235e+02 7.501443829175798328e+02
9.963093730833474382e-01 -1.666709391225181136e+00 -3.756736788093830341e+02 5.164690000966685375e+02
9.954265558263662994e-01 -1.854491321195536724e+00 -3.754732812644597857e+02 2.855866920606055714e+02
9.944506388569207544e-01 -2.042201711006250253e+00 -3.753869442243022263e+02 6.159174214561638649e+01
9.933794607491944761e-01 -2.229896474097230463e+00 -3.754098592487380301e+02 -1.514215663120758677e+02
9.922159698310739628e-01 -2.417628863795590277e+00 -3.755365355170380326e+02 -3.534532333124702177e+02
9.909565432871839663e-01 -2.605449388018082679e+00 -3.757614822084740922e+02 -5.445032588555678785e+02
9.896054733106348644e-01 -2.793405809271092277e+00 -3.760792085023173854e+02 -7.245716429413683954e+02
9.881577319037829765e-01 -2.981543144650638411e+00 -3.764842235778391455e+02 -8.936583855698705747e+02
9.866189091371794229e-01 -3.169903665842381812e+00 -3.769710366143110036e+02 -1.051763486741075894e+03
9.849826178186952275e-01 -3.358526899121610843e+00 -3.775341567910039089e+02 -1.198886946454984354e+03
9.832557050182927361e-01 -3.547449625353258362e+00 -3.781680932871895493e+02 -1.335028764711593794e+03
9.814304550078803979e-01 -3.736705879991886192e+00 -3.788673552821391013e+02 -1.460188941510907398e+03
9.795149514178159711e-01 -3.926326953081694437e+00 -3.796264519551240824e+02 -1.574367476852922664e+03
9.775002010815826425e-01 -4.116341389256519712e+00 -3.804398924854156689e+02 -1.677564370737640957e+03
9.753954730923972694e-01 -4.306774987739832916e+00 -3.813021860522853217e+02 -1.769779623165062048e+03
9.731905428331005803e-01 -4.497650802344823617e+00 -3.822078418350047855e+02 -1.851013234135219363e+03
9.708958188719851723e-01 -4.688989141474066535e+00 -3.831513690128445546e+02 -1.921265203648040597e+03
9.684999064582938688e-01 -4.880807568120024698e+00 -3.841272767650764308e+02 -1.980535531703564402e+03
9.660143025378578052e-01 -5.073120899864711042e+00 -3.851300742709717042e+02 -2.028824218301791007e+03
9.634265086531200728e-01 -5.265941208879776347e+00 -3.861542707098017218e+02 -2.066131263442719955e+03
9.607490385908987740e-01 -5.459277821926504792e+00 -3.871943752608379441e+02 -2.092456667126351476e+03
9.579683770526500330e-01 -5.653137320355816620e+00 -3.882448971033516614e+02 -2.107800429352686479e+03
9.550979831296270151e-01 -5.847523540108271689e+00 -3.893003454166142774e+02 -2.112162550121723143e+03
9.521233859993433191e-01 -6.042437571714058819e+00 -3.903552293798969686e+02 -2.105543029433462834e+03
9.490589491794576560e-01 -6.237877760293008222e+00 -3.914040581724712524e+02 -2.087941867287905097e+03
9.458893229698466243e-01 -6.433839705554580846e+00 -3.924413409736084759e+02 -2.059359063685049932e+03
9.426296782292541421e-01 -6.630316261797878141e+00 -3.934615869625798155e+02 -2.019794618624896657e+03
9.392638936847477193e-01 -6.827297537911635850e+00 -3.944593053186569023e+02 -1.969248532107446863e+03
9.358078759996039109e-01 -7.024770897374220446e+00 -3.954290052211108559e+02 -1.907720804132699413e+03
9.322448140841407271e-01 -7.222720958253643353e+00 -3.963651958492131371e+02 -1.835211434700654763e+03
9.285912533208481312e-01 -7.421129593207543174e+00 -3.972623863822350927e+02 -1.751720423811312003e+03
9.248298256568899811e-01 -7.619975929483199906e+00 -3.981150859994480129e+02 -1.657247771464672724e+03
9.209776078891408480e-01 -7.819236348917523394e+00 -3.989178038801232447e+02 -1.551793477660735562e+03
9.170167925259469222e-01 -8.018884487937068428e+00 -3.996650492035323623e+02 -1.435357542399501881e+03
9.129648753639864056e-01 -8.218891237558015206e+00 -4.003513311489464286e+02 -1.307939965680969635e+03
9.088037474361363444e-01 -8.419224743386182652e+00 -4.009711588956369042e+02 -1.169540747505140644e+03
9.045511957950365112e-01 -8.619850405617031086e+00 -4.015190416228752497e+02 -1.020159887872014224e+03
9.001889735102140966e-01 -8.820730879035650673e+00 -4.019894885099326984e+02 -8.597973867815904896e+02
8.957350004879048866e-01 -9.021826073016770309e+00 -4.023770087360805974e+02 -6.884532442338688725e+02
8.911710706756656997e-01 -9.223093151524748734e+00 -4.026761114805902935e+02 -5.061274602288503957e+02
8.865150886504711281e-01 -9.424486533113586972e+00 -4.028813059227331905e+02 -3.128200347665344339e+02
8.817490527500262409e-01 -9.625957890926919447e+00 -4.029871012417804650e+02 -1.085309678469207881e+02
8.768907142586946923e-01 -9.827455894513965617e+00 -4.029859411445679598e+02 1.191325751450064843e+02
8.719224547457090635e-01 -1.002892336980491450e+01 -4.028620074481876259e+02 3.825634288242635535e+02
8.668616831419349023e-01 -1.023029445908635360e+01 -4.025974164972957396e+02 6.817615931908502489e+02
8.616913890772953666e-01 -1.043149436281719034e+01 -4.021742846365489754e+02 1.016727068244767793e+03
8.564284551780249055e-01 -1.063243933962865917e+01 -4.015747282106033254e+02 1.387459853986015105e+03
8.510566835248853934e-01 -1.083303670632432691e+01 -4.007808635641151795e+02 1.793959950414591958e+03
8.455922464883460776e-01 -1.103318483788008209e+01 -3.997748070417409849e+02 2.236227357530499376e+03
8.400199834291709466e-01 -1.123277316744415444e+01 -3.985386749881371315e+02 2.714262075333736902e+03
8.343551469621627303e-01 -1.143168218633708300e+01 -3.970545837479597822e+02 3.228064103824304311e+03
8.285838589962648548e-01 -1.162978344405174624e+01 -3.953046496658652131e+02 3.777633443002201147e+03
8.227202326712041991e-01 -1.182693954825335858e+01 -3.932709890865099851e+02 4.362970092867429230e+03
8.167519177122811724e-01 -1.202300416477944545e+01 -3.909357183545503744e+02 4.984074053419985830e+03
8.106916731744916449e-01 -1.221782201763987530e+01 -3.882809538146426576e+02 5.640945324659874132e+03
8.045289218676707765e-01 -1.241122888901683119e+01 -3.852888118114432245e+02 6.333583906587090496e+03
7.982748592621815575e-01 -1.260305161926483919e+01 -3.819414086896084086e+02 7.061989799201638561e+03
7.919209214108180461e-01 -1.279310810691073463e+01 -3.782208607937944862e+02 7.826163002503516509e+03
7.854765204799004641e-01 -1.298120730865370120e+01 -3.741092844686579042e+02 8.626103516492725248e+03
7.789353459236063593e-01 -1.316714923936532067e+01 -3.695887960588527221e+02 9.461811341169639491e+03
7.723048222140654895e-01 -1.335072497208926201e+01 -3.646415119090394796e+02 1.033328647653352346e+04
7.655811221457549109e-01 -1.353171663804176283e+01 -3.592495483638724636e+02 1.124052892258473548e+04
7.587694832162193981e-01 -1.370989742661131494e+01 -3.533950217680081209e+02 1.218353867932328103e+04
7.518687761698911176e-01 -1.388503203279536002e+01 -3.470636279591622042e+02 1.314083878839180579e+04
7.448818777981043304e-01 -1.405688157900326196e+01 -3.402553807472889389e+02 1.409095229143295546e+04
7.378105407463793064e-01 -1.422520853685927555e+01 -3.329738734354020266e+02 1.503387918844673732e+04
7.306551124779681050e-01 -1.438977717463913031e+01 -3.252226993265151691e+02 1.596961947943315317e+04
7.234204012711044074e-01 -1.455035355727008728e+01 -3.170054517236419542e+02 1.689817316439219576e+04
7.161040924073612812e-01 -1.470670554633090710e+01 -3.083257239297959700e+02 1.781954024332386689e+04
7.087141826512834974e-01 -1.485860280005186063e+01 -2.991871092479912591e+02 1.873372071622817020e+04
7.012455877979368868e-01 -1.500581677331470765e+01 -2.895932009812411252e+02 1.964071458310509843e+04
6.937095799639894089e-01 -1.514812071765274659e+01 -2.795475924325594974e+02 2.054052184395466247e+04
6.860982543604633443e-01 -1.528528968125075060e+01 -2.690538769049600205e+02 2.143314249877685143e+04
6.784261942244259602e-01 -1.541710050894502615e+01 -2.581156477014562824e+02 2.231857654757167256e+04
6.706826435243332662e-01 -1.554333184222336328e+01 -2.467364981250619849e+02 2.319682399033911861e+04
6.628854915078985499e-01 -1.566376411922507828e+01 -2.349200214787909147e+02 2.406788482707920048e+04
6.550211717790409560e-01 -1.577817957474098520e+01 -2.226698110656566314e+02 2.493175905779190725e+04
6.471108080595675549e-01 -1.588636224021340304e+01 -2.099894601886729504e+02 2.578844668247724985e+04
6.391380900156593547e-01 -1.598809794373616100e+01 -1.968825621508535164e+02 2.663794770113521736e+04
6.311272532091284360e-01 -1.608317431005459852e+01 -1.833527102552118890e+02 2.748026211376581705e+04
6.230593813317673035e-01 -1.617138076056555818e+01 -1.694034978047619404e+02 2.831538992036904529e+04
6.149616327245061020e-01 -1.625250851331738033e+01 -1.550385181025172301e+02 2.914333112094490207e+04
6.068126537266208542e-01 -1.632635058300992270e+01 -1.402613644514914597e+02 2.996408571549338740e+04
5.986423006289968152e-01 -1.639270257933344865e+01 -1.250820168658264606e+02 3.073933343724576480e+04
5.904270123573109874e-01 -1.645137148869640598e+01 -1.095360022041765689e+02 3.143075401943327597e+04
5.821990110184123157e-01 -1.650218445595324823e+01 -9.366523403632412226e+01 3.203834746205593547e+04
5.739328449291077883e-01 -1.654498958274331244e+01 -7.751162593205160078e+01 3.256211376511372873e+04
5.656627290001909891e-01 -1.657965592749085459e+01 -6.111709146114142044e+01 3.300205292860668123e+04
5.573616479638354715e-01 -1.660607350540497507e+01 -4.452354419337606117e+01 3.335816495253475296e+04
5.490653905349753838e-01 -1.662415328847970741e+01 -2.777289769853783241e+01 3.363044983689797664e+04
5.407457662024324208e-01 -1.663382720549396510e+01 -1.090706554640923542e+01 3.381890758169634501e+04
5.324396776074482585e-01 -1.663504814201153081e+01 6.032038693227330661e+00 3.392353818692985078e+04
5.241181575562815498e-01 -1.662778994038111335e+01 2.300250145058940276e+01 3.394434165259850852e+04
5.158187320801257414e-01 -1.661204739973628719e+01 3.996240915589459775e+01 3.388131797870229639e+04
5.075121049171011922e-01 -1.658783627599552801e+01 5.686984823936050049e+01 3.373446716524122894e+04
4.992358874312879946e-01 -1.655519328186220207e+01 7.368290513120464880e+01 3.350378921221529890e+04
4.909609233680579665e-01 -1.651417608682456617e+01 9.035966626164463378e+01 3.318928411962451355e+04
4.827243718782885940e-01 -1.646486331715576767e+01 1.068582180608980394e+02 3.279095188746887288e+04
4.744976750595103487e-01 -1.640735455591384095e+01 1.231366469591824000e+02 3.230879251574837326e+04
4.663170058801359708e-01 -1.634177034294172515e+01 1.391530393867153634e+02 3.174280600446301469e+04
4.581548677335399722e-01 -1.626825217486723218e+01 1.548654817737144924e+02 3.109299235361279716e+04
4.500459185461622713e-01 -1.618696250510307877e+01 1.702320605503972786e+02 3.035935156319772068e+04
4.419641675557936522e-01 -1.609808474384687216e+01 1.852108621469813841e+02 2.954188363321778888e+04
4.339422589349395953e-01 -1.600182325808109951e+01 1.997599729936843289e+02 2.864058856367300177e+04
4.259561226778079690e-01 -1.589840257820087466e+01 2.138438264985561545e+02 2.769354822152049019e+04
4.180359277922104932e-01 -1.578805867091960202e+01 2.274522439809331900e+02 2.673884447371866918e+04
4.101599067273735133e-01 -1.567103021217418224e+01 2.405813937379968763e+02 2.577647732026711310e+04
4.023553333046608338e-01 -1.554755779375298985e+01 2.532274440669225442e+02 2.480644676116583287e+04
3.946030817159630333e-01 -1.541788392329578627e+01 2.653865632648850692e+02 2.382875279641481393e+04
3.869271683146585095e-01 -1.528225302429376420e+01 2.770549196290597820e+02 2.284339542601407084e+04
3.793113951815094143e-01 -1.514091143608952272e+01 2.882286814566216435e+02 2.185037464996358904e+04
3.717762217703417527e-01 -1.499410741387707979e+01 2.989040170447459559e+02 2.084969046826337581e+04
3.643086085006813635e-01 -1.484209112870185621e+01 3.090770946906077370e+02 1.984134288091343478e+04
3.569252203232543552e-01 -1.468511466746068450e+01 3.187440826913822320e+02 1.882533188791376233e+04
3.496163533048040062e-01 -1.452343203290182672e+01 3.279011493442445726e+02 1.780165748926435845e+04
3.423947087601091899e-01 -1.435729914362493354e+01 3.365444629463696629e+02 1.677031968496521949e+04
3.352540318396622920e-01 -1.418697383408108870e+01 3.446701917949329754e+02 1.573131847501635275e+04
3.282029636479500967e-01 -1.401271585457277347e+01 3.522745041871094145e+02 1.468465385941775094e+04
3.212387515606529576e-01 -1.383478687125388440e+01 3.593535684200741116e+02 1.363032583816942133e+04
3.143659422366155143e-01 -1.365345046612974578e+01 3.659035527910023120e+02 1.256833441127136211e+04
3.075852873206076366e-01 -1.346897213705706697e+01 3.719206255970690904e+02 1.149867957872356601e+04
3.008972686624032944e-01 -1.328161929774399752e+01 3.774009551354496921e+02 1.042136134052604211e+04
2.943060859685708852e-01 -1.309166127775008093e+01 3.823407097033190780e+02 9.336379696678783148e+03
2.878082467224545304e-01 -1.289936932248627244e+01 3.867360575978524366e+02 8.243734647181792752e+03
2.814112975192979427e-01 -1.270501619631217416e+01 3.905863423385197848e+02 7.162477525803852586e+03
2.751079089283897106e-01 -1.250887181660533543e+01 3.939036083339701690e+02 6.111659666313738853e+03
2.689088318715205927e-01 -1.231119888783062599e+01 3.967030752151474644e+02 5.091281068711447915e+03
2.628030839550570819e-01 -1.211225250463745340e+01 3.989999626129957733e+02 4.101341732996983410e+03
2.568044426079081899e-01 -1.191228015185973987e+01 4.008094901584586296e+02 3.141841659170342609e+03
2.508984932148781710e-01 -1.171152170451594365e+01 4.021468774824803063e+02 2.212780847231532334e+03
2.451018317450183448e-01 -1.151020942780905187e+01 4.030273442160046216e+02 1.314159297180543263e+03
2.393968607175517849e-01 -1.130856797712657880e+01 4.034661099899753935e+02 4.459770090173807375e+02
2.338027677686077277e-01 -1.110681439804055870e+01 4.034783944353365541e+02 -3.917660172579562072e+02
2.282990428577986175e-01 -1.090515812630756365e+01 4.030794171830321488e+02 -1.199069781645467174e+03
2.229072200201540066e-01 -1.070380098786868928e+01 4.022843978640058253e+02 -1.975934284145151878e+03
2.176041643348092525e-01 -1.050293719884956367e+01 4.011085561092017429e+02 -2.722359524757011513e+03
2.124134992150830958e-01 -1.030275336556033849e+01 3.995671115495637764e+02 -3.438345503481045853e+03
2.073097617363237333e-01 -1.010342848449569253e+01 3.976752838160357442e+02 -4.123892220317253305e+03
2.023184046036755335e-01 -9.905133942334837016e+00 3.954482925395616348e+02 -4.778999675265637961e+03
1.974119337653899575e-01 -9.708033515941506764e+00 3.929013573510852666e+02 -5.403667868326194366e+03
1.926173741978255138e-01 -9.512283372363970813e+00 3.900496978815506850e+02 -5.997896799498926157e+03
1.879054924890734002e-01 -9.318032068835019999e+00 3.869085337619016514e+02 -6.561686468783832424e+03
1.833046314209720862e-01 -9.125420552771975835e+00 3.834930846230822112e+02 -7.095036876180913168e+03
1.787841084554625537e-01 -8.934582161776685183e+00 3.798185700960361260e+02 -7.597948021690166570e+03
1.743733368677840290e-01 -8.745642623635525581e+00 3.759002098117074979e+02 -8.070419905311595357e+03
1.700404578545751666e-01 -8.558720056319407021e+00 3.717532234010400884e+02 -8.512452527045199531e+03
1.658157237126332284e-01 -8.373924967983759515e+00 3.673928304949778294e+02 -8.924045886890977272e+03
1.616663609926839440e-01 -8.191360256968543752e+00 3.628342507244647095e+02 -9.305199984848930399e+03
1.576232407826979875e-01 -8.011121211798172936e+00 3.580927037204424437e+02 -9.655914820919204431e+03
1.536529177007892877e-01 -7.833295511181821880e+00 3.531834091138591702e+02 -9.976190395101491958e+03
1.497866767249783904e-01 -7.657963224012955372e+00 3.481215865356566610e+02 -1.026602670739595487e+04
1.459906289467577944e-01 -7.485196809369648818e+00 3.429224556167790183e+02 -1.052542375780259135e+04
1.422962826403849079e-01 -7.315061116514502082e+00 3.376012359881698899e+02 -1.075438154632140140e+04
1.386695153816079884e-01 -7.147613384894649258e+00 3.321731472807734349e+02 -1.095290007295238684e+04
1.351418844983199585e-01 -6.982903244141740906e+00 3.266534091255334147e+02 -1.112097933769554584e+04
1.316792226004365463e-01 -6.820972714071966259e+00 3.210572411533937611e+02 -1.125861934055088204e+04
1.283129827768751396e-01 -6.661856204686042560e+00 3.153998629952984061e+02 -1.136582008151838818e+04
1.250091218045663588e-01 -6.505580516169206184e+00 3.096964942821912814e+02 -1.144258156059806970e+04
1.217988495481513861e-01 -6.352164838891228626e+00 3.039623546450162053e+02 -1.148890377778992661e+04
1.186483976893101117e-01 -6.201620753406409392e+00 2.982126637147171664e+02 -1.150478673309395890e+04
1.155886102343185451e-01 -6.053952230453574224e+00 2.924626411222380966e+02 -1.149023042651016476e+04
1.125861271341774272e-01 -5.909155630956076877e+00 2.867275064985229847e+02 -1.144523485803854419e+04
1.096713202539206372e-01 -5.767219706021799119e+00 2.810224794745155350e+02 -1.136980002767910082e+04
1.068113522723526942e-01 -5.628125596943150732e+00 2.753627796811597364e+02 -1.126392593543182920e+04
1.040360309376987397e-01 -5.491846835197068621e+00 2.697636267493995206e+02 -1.112761258129672933e+04
1.013131412967642336e-01 -5.358349665364362302e+00 2.642376569554792241e+02 -1.097636009347229628e+04
9.867184931270925330e-02 -5.227596597242406773e+00 2.587871731568436076e+02 -1.082566860015700695e+04
9.608064415639956668e-02 -5.099549957957875357e+00 2.534118948562384048e+02 -1.067553810135086496e+04
9.356798715595958382e-02 -4.974172214886065646e+00 2.481115415564090085e+02 -1.052596859705387214e+04
9.110313956603956209e-02 -4.851425975650905720e+00 2.428858327601008966e+02 -1.037696008726602668e+04
8.871380596024054654e-02 -4.731273988124947927e+00 2.377344879700592628e+02 -1.022851257198732674e+04
8.637007588428796678e-02 -4.613679140429370662e+00 2.326572266890297840e+02 -1.008062605121777597e+04
8.409885474630382496e-02 -4.498604460933984583e+00 2.276537684197577960e+02 -9.933300524957372545e+03
8.187110483794599047e-02 -4.386013118257220178e+00 2.227238326649886631e+02 -9.786535993206116473e+03
7.971289969943357034e-02 -4.275868421266144637e+00 2.178671389274678347e+02 -9.640332455964007750e+03
7.759610860370670660e-02 -4.168133819076445867e+00 2.130834067099408458e+02 -9.494689913231048195e+03
7.554595074016545730e-02 -4.062772901052437824e+00 2.083723555151530320e+02 -9.349608365007234170e+03
7.353522484594847419e-02 -3.959749396807066724e+00 2.037337048458497861e+02 -9.205087811292567494e+03
7.158828196330165039e-02 -3.859027176201904830e+00 1.991671742047766145e+02 -9.061128252087048168e+03
6.967886460087262257e-02 -3.760570249347150007e+00 1.946724830946789098e+02 -8.917729687390679828e+03
6.783044696717187294e-02 -3.664342766601627055e+00 1.902493510183020078e+02 -8.774892117203453381e+03
6.601772453991254508e-02 -3.570309018572790816e+00 1.858974974783915286e+02 -8.632615541525377921e+03
6.426329264996830104e-02 -3.478433436116721289e+00 1.816166419776927796e+02 -8.490899960356447991e+03
6.254280076606859307e-02 -3.388680590338125853e+00 1.774065040189511535e+02 -8.349745373696667230e+03
6.087796738535165147e-02 -3.301015192590339264e+00 1.732668031049121851e+02 -8.209151781546033817e+03
5.924539187976030075e-02 -3.215402094475324546e+00 1.691972587383211817e+02 -8.069119183904545935e+03
5.766592562122942189e-02 -3.131806287843671210e+00 1.651975904219236497e+02 -7.929647580772207220e+03
5.611710766540774914e-02 -3.050192904794595705e+00 1.612675176584650103e+02 -7.790736972149014946e+03
5.461893298950959430e-02 -2.970527217675942744e+00 1.574067599506906276e+02 -7.652387358034970930e+03
5.314986806948073655e-02 -2.892774639084184418e+00 1.536150368013460081e+02 -7.514598738430075173e+03
5.172906630610064893e-02 -2.816900721864418866e+00 1.498920677131765729e+02 -7.377371113334325855e+03
5.033590432464465220e-02 -2.742871159110370716e+00 1.462375721889276576e+02 -7.240704482747723887e+03
4.898871188469285792e-02 -2.670651784164395970e+00 1.426512697313447688e+02 -7.104598846670270177e+03
4.766775588390821661e-02 -2.600208570617442483e+00 1.391328798431717360e+02 -6.969054205101902880e+03
4.639056262419863352e-02 -2.531507632309181410e+00 1.356821220271571633e+02 -6.834070558042742960e+03
4.513826755916146294e-02 -2.464515223327816251e+00 1.322987157860448804e+02 -6.699647905492731297e+03
4.392761463631515012e-02 -2.399197738010210745e+00 1.289823806225803366e+02 -6.565786247451867894e+03
4.274058446251950000e-02 -2.335521710941852014e+00 1.257328360395088964e+02 -6.432485583920150930e+03
4.159316121601489696e-02 -2.273453816956858109e+00 1.225498015395760092e+02 -6.299745914897582225e+03
4.046814572132551024e-02 -2.212960871137975349e+00 1.194329966255271529e+02 -6.167567240384161778e+03
3.938078635215853940e-02 -2.154009828816572991e+00 1.163821408001076776e+02 -6.035949560379885952e+03
3.831467798876354164e-02 -2.096567785572651221e+00 1.133969535660630612e+02 -5.904892874884759294e+03
3.728435782932737474e-02 -2.040601977234835829e+00 1.104771544261387248e+02 -5.774397183898780895e+03
3.627418798361806834e-02 -1.986079779880380203e+00 1.076224628830800754e+02 -5.644462487421949845e+03
3.529801946099773297e-02 -1.932968709835165111e+00 1.048325984396325197e+02 -5.515088785454264325e+03
3.434095431466811094e-02 -1.881236438466514338e+00 1.021071622560280616e+02 -5.386986133076670740e+03
3.341618270954491154e-02 -1.830850954904145400e+00 9.944528212244462395e+01 -5.260864585370110944e+03
3.250951920288619457e-02 -1.781780728761132693e+00 9.684596748654668374e+01 -5.136724142334584030e+03
3.163351825514951893e-02 -1.733994724926718023e+00 9.430822779599876071e+01 -5.014564803970091816e+03
3.077467953936940254e-02 -1.687462403566308389e+00 9.183107249846530351e+01 -4.894386570276631574e+03
2.994494690043592380e-02 -1.642153720121482641e+00 8.941351104161083185e+01 -4.776189441254206940e+03
2.913147799436792071e-02 -1.598039125309983710e+00 8.705455287309979440e+01 -4.659973416902815188e+03
2.834563083279343157e-02 -1.555089565125723938e+00 8.475320744059668243e+01 -4.545738497222457227e+03
2.757519417741113171e-02 -1.513276480838784410e+00 8.250848419176600146e+01 -4.433484682213133965e+03
2.683096463120973607e-02 -1.472571808995411180e+00 8.031939257427221435e+01 -4.323211971874842675e+03
2.610133533755587196e-02 -1.432947981418020822e+00 7.818494203577978396e+01 -4.214920366207585175e+03
2.539656586432411517e-02 -1.394377925205195323e+00 7.610414202395323002e+01 -4.108609865211361466e+03
2.470562757461008258e-02 -1.356835062731687414e+00 7.407600198645704381e+01 -4.004280468886172002e+03
2.403826650604121845e-02 -1.320293311648414347e+00 7.209953137095567399e+01 -3.901932177232014965e+03
2.338400689706379362e-02 -1.284727084882463011e+00 7.017373962511361185e+01 -3.801564990248893537e+03
2.275210409565716491e-02 -1.250111290637087702e+00 6.829763619659534868e+01 -3.703178907936804080e+03
2.213261048441032483e-02 -1.216421332391711019e+00 6.647023053306538998e+01 -3.606773930295749324e+03
2.153431289798562326e-02 -1.183633108901921194e+00 6.469053208218817019e+01 -3.512350057325728358e+03
2.094776784727236246e-02 -1.151723014199476758e+00 6.295755029162820193e+01 -3.419907289026740273e+03
2.038131531897159968e-02 -1.120667937592302987e+00 6.127029460904996228e+01 -3.329445625398786888e+03
1.982599265179605177e-02 -1.090445263664492792e+00 5.962777448211794251e+01 -3.240965066441866384e+03
1.928971373008550594e-02 -1.061032872276306493e+00 5.802899935849661261e+01 -3.154465612155979670e+03
1.876397428855737168e-02 -1.032409138564173157e+00 5.647297868585047098e+01 -3.069947262541126747e+03
1.825628224161972291e-02 -1.004552932940689036e+00 5.495872191184398048e+01 -2.987410017597307615e+03
1.775857000354141846e-02 -9.774436210946177983e-01 5.348523848414165371e+01 -2.906853877324521818e+03
1.727795888476539587e-02 -9.510610639908916308e-01 5.205153785040793935e+01 -2.828278841722769357e+03
1.680679713131682032e-02 -9.253856178706100222e-01 5.065662945830734998e+01 -2.751684910792051141e+03
1.635183799807943955e-02 -9.003981342510402053e-01 4.929952275550435559e+01 -2.677072084532366262e+03
1.590582543040515787e-02 -8.760799599256174908e-01 4.797922718966344746e+01 -2.604440362943715627e+03
1.547516286943921571e-02 -8.524129369639443787e-01 4.669475220844909558e+01 -2.533789746026098328e+03
1.505297033840606244e-02 -8.293794027117916690e-01 4.544510725952578412e+01 -2.465120233779514820e+03
1.464531863348487485e-02 -8.069621897910976838e-01 4.422930179055800437e+01 -2.398431826203964647e+03
1.424568556285436653e-02 -7.851446260999591642e-01 4.304634524920972893e+01 -2.333724523299420071e+03
1.385982557784199223e-02 -7.639105348126687955e-01 4.189524708314647228e+01 -2.270998325065938388e+03
1.348155664293044717e-02 -7.432442343796589190e-01 4.077501674003219989e+01 -2.210253231503490497e+03
1.311633250044177794e-02 -7.231305385275388353e-01 3.968466366753138885e+01 -2.151489242612075941e+03
1.275829425568284804e-02 -7.035547562590858117e-01 3.862319731330852335e+01 -2.094706358391695630e+03
1.241261022013386180e-02 -6.845026918532443050e-01 3.758962712502808046e+01 -2.039904578842347973e+03
1.207372839090907653e-02 -6.659606448651274047e-01 3.658296255035455147e+01 -1.987083903964034789e+03
1.174654595595722543e-02 -6.479154101260151677e-01 3.560221303695242767e+01 -1.936244333756754713e+03
1.142580221945115743e-02 -6.303542777433559507e-01 3.464638803248617194e+01 -1.887385868220508655e+03
1.111613704214313783e-02 -6.132650210790013823e-01 3.371459315873848794e+01 -1.839931462646126874e+03
1.081256647246656155e-02 -5.966357645097923879e-01 3.280631873396481524e+01 -1.793304072324439176e+03
1.051948592055654448e-02 -5.804548511881488793e-01 3.192115125053879154e+01 -1.747503697255445104e+03
1.023217407618680699e-02 -5.647108310203035053e-01 3.105867720083409722e+01 -1.702530337439145796e+03
9.954794519966973440e-03 -5.493924606663024290e-01 3.021848307722438065e+01 -1.658383992875541253e+03
9.682874939968697664e-03 -5.344887035400043285e-01 2.940015537208329022e+01 -1.615064663564630109e+03
9.420359197392388570e-03 -5.199887298090819510e-01 2.860328057778448141e+01 -1.572572349506413730e+03
9.163011204223371273e-03 -5.058819163950203368e-01 2.782744518670159906e+01 -1.530907050700891205e+03
8.914566190418374281e-03 -4.921578469731182626e-01 2.707223569120830220e+01 -1.490068767148063216e+03
8.671012181760133497e-03 -4.788063119724877414e-01 2.633723858367824988e+01 -1.450057498847929310e+03
8.435886762932144622e-03 -4.658173085760535792e-01 2.562204035648509048e+01 -1.410873245800489940e+03
8.205390321081033195e-03 -4.531810407205537627e-01 2.492622750200246884e+01 -1.372516008005744652e+03
7.982873015124479499e-03 -4.408879190965398487e-01 2.424938651260404754e+01 -1.334985785463693674e+03
7.764736658700067094e-03 -4.289285611483761307e-01 2.359110388066347497e+01 -1.298282578174337004e+03
7.554153642394163121e-03 -4.172937910742404166e-01 2.295096609855440306e+01 -1.262406386137674644e+03
7.347716782437760212e-03 -4.059746398261233624e-01 2.232855965865048375e+01 -1.227357209353705912e+03
7.148429949740104684e-03 -3.949623451098291382e-01 2.172347105332538320e+01 -1.193135047822432171e+03
6.953067050203418087e-03 -3.842483513849749843e-01 2.113528677495273911e+01 -1.159739901543852284e+03
6.764472223836194911e-03 -3.738243098649911000e-01 2.056359331590621409e+01 -1.127171770517966706e+03
6.579590910972460405e-03 -3.636820785171211434e-01 2.000797716855945296e+01 -1.095430654744775666e+03
6.401115900716035367e-03 -3.538137220624216206e-01 1.946802482528610412e+01 -1.064516554224278480e+03
6.226155276861299222e-03 -3.442115119757627184e-01 1.894332277845984080e+01 -1.034429468956475830e+03
6.057258499920714460e-03 -3.348679264858270277e-01 1.843345752045429720e+01 -1.005169398941367035e+03
5.891687457275114094e-03 -3.257756505751112641e-01 1.793801554364313233e+01 -9.767363441789528906e+02
5.731855894378611212e-03 -3.169275759799245473e-01 1.745658334040000170e+01 -9.491303046692328280e+02
5.575171735372867060e-03 -3.083168011903895112e-01 1.698874740309855014e+01 -9.223512804122071884e+02
5.423919857723609288e-03 -2.999366314504419706e-01 1.653409422411244734e+01 -8.963992714078756308e+02
5.275646455507695953e-03 -2.917805787578308663e-01 1.609221029581533102e+01 -8.712742776562386098e+02
5.132514589662582997e-03 -2.838423618641180424e-01 1.566268211058085491e+01 -8.469762991572955571e+02
4.992201294618439818e-03 -2.761159062746789683e-01 1.524509616078267804e+01 -8.235053359110468136e+02
4.856754273513128398e-03 -2.685953442487020171e-01 1.483903893879444880e+01 -8.008613879174923795e+02
4.723974523401648119e-03 -2.612750147991889094e-01 1.444409693698982622e+01 -7.790444551766321410e+02
4.595800393582867398e-03 -2.541494636929542694e-01 1.405985664774245336e+01 -7.580545376884662119e+02
4.470150323690890055e-03 -2.472134434506261524e-01 1.368590456342599282e+01 -7.378916354529944783e+02
4.348859134304812989e-03 -2.404619133466456837e-01 1.332182717641409297e+01 -7.185557484702169404e+02
4.229956473738326339e-03 -2.338900394092671420e-01 1.296721097908040399e+01 -7.000468767401337118e+02
4.115179106396972888e-03 -2.274931944205551837e-01 1.262164246379843213e+01 -6.823650202627370618e+02
4.002662007947516490e-03 -2.212669579163963063e-01 1.228470812294214021e+01 -6.655101790380427929e+02
3.894049067912198556e-03 -2.152071161864813065e-01 1.195599444888501672e+01 -6.494823530660428332e+02
3.787575004350061166e-03 -2.093096622743170765e-01 1.163508793400071717e+01 -6.342815423467368419e+02
3.684795793470889078e-03 -2.035707894793888639e-01 1.132162705334436303e+01 -6.195958507913326230e+02
3.584040566252890206e-03 -1.979868198809725255e-01 1.101545821269693803e+01 -6.051133823110375261e+02
3.486782071237539207e-03 -1.925541328619479464e-01 1.071647980052087590e+01 -5.908341369058510963e+02
3.391438829434321664e-03 -1.872691586109638540e-01 1.042459020527863345e+01 -5.767581145757739023e+02
3.299404791872859091e-03 -1.821283781224377618e-01 1.013968781543264974e+01 -5.628853153208054891e+02
3.209183107303463858e-03 -1.771283231965558591e-01 9.861671019445370945e+00 -5.492157391409460843e+02
3.122093124351696738e-03 -1.722655764392732880e-01 9.590438205779244996e+00 -5.357493860361955740e+02
3.036718122925437073e-03 -1.675367712623137550e-01 9.325887762896716282e+00 -5.224862560065539583e+02
2.954306809305305356e-03 -1.629385918831699198e-01 9.067918079260229192e+00 -5.094263490520214077e+02
2.873518338131911612e-03 -1.584677733251031451e-01 8.816427543332233441e+00 -4.965696651725979223e+02
2.795534529009908922e-03 -1.541211014171435245e-01 8.571314543575171641e+00 -4.839162043682832746e+02
2.719086359277952773e-03 -1.498954127940899939e-01 8.332477468451484626e+00 -4.714659666390775783e+02
2.645292354021579889e-03 -1.457875948965102753e-01 8.099814706423625665e+00 -4.592189519849808335e+02
2.572951460523200708e-03 -1.417945859707409051e-01 7.873224645954035594e+00 -4.471751604059930969e+02
2.503122281786678179e-03 -1.379133750688870119e-01 7.652605675505162353e+00 -4.353345919021143118e+02
2.434668127552063605e-03 -1.341410020488227328e-01 7.437856183539451216e+00 -4.236972464733444781e+02
2.368590862118104615e-03 -1.304745575741907693e-01 7.228874558519345683e+00 -4.122631241196835958e+02
2.303814723928004297e-03 -1.269111831144028313e-01 7.025559188907295471e+00 -4.010322248411316650e+02
2.241287889098355496e-03 -1.234480709446391516e-01 6.827808463165739639e+00 -3.900045486376887425e+02
2.179992234094127717e-03 -1.200824641458490133e-01 6.635520769757129678e+00 -3.791800955093547145e+02
2.120825144080108748e-03 -1.168116566047501942e-01 6.448594497143909088e+00 -3.685588654561296948e+02
2.062823052361552681e-03 -1.136329930138295086e-01 6.266928033788524033e+00 -3.581408584780136266e+02
2.006835240881888870e-03 -1.105438688713423212e-01 6.090419768153416236e+00 -3.479260745750065098e+02
1.951949812775814015e-03 -1.075417304813129499e-01 5.918968088701036301e+00 -3.379145137471082876e+02
1.898970506752005634e-03 -1.046240749535344294e-01 5.752471383893828616e+00 -3.281061759943191873e+02
1.847034331397848835e-03 -1.017884502035684841e-01 5.590828042194234904e+00 -3.185010613166388111e+02
1.796901919539784431e-03 -9.903245495274579091e-02 5.433936452064705769e+00 -3.090991697140675001e+02
1.747756553694730305e-03 -9.635373872816563323e-02 5.281695001967684711e+00 -2.999005011866051973e+02
1.700318095964332542e-03 -9.375000186269619173e-02 5.134002080365616116e+00 -2.909050557342519028e+02
1.653813619454741479e-03 -9.121899549497437809e-02 4.990756075720947038e+00 -2.821128333570075029e+02
1.608924376968625444e-03 -8.875852156940583493e-02 4.851855376496121863e+00 -2.735238340548719975e+02
1.564918912373186545e-03 -8.636643283616507460e-02 4.717198371153586756e+00 -2.651380578278455573e+02
1.522441928402856791e-03 -8.404063285119529880e-02 4.586683448155786991e+00 -2.569555046759279548e+02
1.480801201613768554e-03 -8.177907597620856506e-02 4.460208995965167844e+00 -2.489761745991193322e+02
1.440606862146801091e-03 -7.957976737868568962e-02 4.337673403044177256e+00 -2.412000675974197179e+02
1.401203824247997934e-03 -7.744076303187621968e-02 4.218975057855256949e+00 -2.336271836708291119e+02
1.363169474756511243e-03 -7.536016971479848892e-02 4.104012348860855752e+00 -2.262575228193474004e+02
1.325883877914106135e-03 -7.333614501223964521e-02 3.992683664523416276e+00 -2.190910850429746404e+02
1.289893450342741686e-03 -7.136689731475560905e-02 3.884887393305386905e+00 -2.121278703417108602e+02
1.254611515671034830e-03 -6.945068581867104573e-02 3.780521923669210693e+00 -2.053678787155560315e+02
1.220555175863951777e-03 -6.758582052607861601e-02 3.679485644077290285e+00 -1.988111101645072551e+02
1.187169225523164668e-03 -6.577066224484219570e-02 3.581676942992161550e+00 -1.924575646885704430e+02
1.154943035980294987e-03 -6.400362258859199072e-02 3.486994208876223578e+00 -1.863072422877426106e+02
1.123351186591348356e-03 -6.228316397672774285e-02 3.395335830191921644e+00 -1.803601429620237013e+02
1.092856789663667260e-03 -6.060779963441806362e-02 3.306600195401700581e+00 -1.746162667114137435e+02
1.062962625283943308e-03 -5.897609359260031631e-02 3.220685692968008329e+00 -1.690756135359127654e+02
1.034106946807755376e-03 -5.738666068798059516e-02 3.137490711353288830e+00 -1.637381834355207388e+02
1.005819217455630136e-03 -5.583816656303380865e-02 3.056913639019988249e+00 -1.586039764102376637e+02
9.785141857161139180e-04 -5.432932766600363089e-02 2.978852864430550529e+00 -1.536729924600635400e+02
9.517465569930253291e-04 -5.285891125090252940e-02 2.903206776047423165e+00 -1.489452315849983961e+02
9.259088267975351932e-04 -5.142573537751174428e-02 2.829873762333050990e+00 -1.444206937850422037e+02
9.005795988515297645e-04 -5.002866891138126743e-02 2.758752211749879280e+00 -1.400993790601949911e+02
8.761302960419096574e-04 -4.866663152382989105e-02 2.689740512760353308e+00 -1.359812874104567015e+02
8.521621480799572088e-04 -4.733859369194519384e-02 2.622737053826918796e+00 -1.320664188358273634e+02
8.290266447033783166e-04 -4.604357669858349933e-02 2.557640223412022351e+00 -1.283547733363070051e+02
8.063464101622087703e-04 -4.478065263236995219e-02 2.494348409978108361e+00 -1.248463509118955841e+02
7.844540843127450125e-04 -4.354894438769842807e-02 2.432760001987622100e+00 -1.215411515625931571e+02
7.629925362491931512e-04 -4.234762566473161682e-02 2.372773387903009734e+00 -1.184391752883996531e+02
7.422765523484123893e-04 -4.117592096940095314e-02 2.314286956186716981e+00 -1.155404220893151290e+02
7.219681735005016414e-04 -4.003310561340669982e-02 2.257199095301189562e+00 -1.128448919653395706e+02
7.023652983463319482e-04 -3.891850571421782284e-02 2.201408193708872307e+00 -1.103525849164729635e+02
6.831480920723863488e-04 -3.783149819507213019e-02 2.146812639872210493e+00 -1.080635009427153221e+02
6.645984751197074342e-04 -3.677151078497616077e-02 2.093310822253650283e+00 -1.059776400440666038e+02
6.464137865569728530e-04 -3.573802201870527467e-02 2.040801129315637397e+00 -1.040950022205268652e+02
6.288608015152505120e-04 -3.473056123680359070e-02 1.989181949520616666e+00 -1.024155874720960924e+02
6.116531080799928518e-04 -3.374870858558397246e-02 1.938351671331034032e+00 -1.009393957987742851e+02
5.950431689621461014e-04 -3.279209501712811864e-02 1.888208683209335437e+00 -9.966642720056142934e+01
5.787599372765470443e-04 -3.186040228928646578e-02 1.838651373617965934e+00 -9.859668167745753919e+01
5.630423348868295649e-04 -3.095336296567822304e-02 1.789578131019370355e+00 -9.773015922946258627e+01
5.476338623766224302e-04 -3.007076041569141725e-02 1.740887343875995974e+00 -9.706685985657661320e+01
5.327606110180117555e-04 -2.921242881448281314e-02 1.692477400650286734e+00 -9.660678355879959156e+01
5.181798419613475523e-04 -2.837825314297795845e-02 1.644246689804688577e+00 -9.634993033613152136e+01
5.041055327856131798e-04 -2.756816918787120818e-02 1.596093599801647445e+00 -9.629630018857240259e+01
4.903079622496915417e-04 -2.678216354162566218e-02 1.547916519103608834e+00 -9.644589311612227789e+01
4.769896252940452577e-04 -2.602027360247318941e-02 1.499613836173017578e+00 -9.679870911878106199e+01
4.639331274473900216e-04 -2.528258757441449039e-02 1.451083939472320061e+00 -9.735474819654884016e+01
4.513301013357668215e-04 -2.456924446721897581e-02 1.402225217463961338e+00 -9.811401034942556976e+01
4.389748144787671068e-04 -2.388043409642488443e-02 1.352936058610387127e+00 -9.907649557741126500e+01
4.270486207218836911e-04 -2.321639708333920679e-02 1.303114851374042926e+00 -1.002422038805058975e+02
4.153568236307550411e-04 -2.257742485503770949e-02 1.252659984217374234e+00 -1.016111352587095098e+02
4.040710496127499309e-04 -2.196385964436494559e-02 1.201469845602826325e+00 -1.031832897120220593e+02
1.000000000000000000e+00 0.000000000000000000e+00 1.299999999999869704e+00 1.299999999999869704e+00
0.000000000000000000e+00 0.000000000000000000e+00 0.000000000000000000e+00 0.000000000000000000e+00
